author_id,affil_id
403,101448
5517,903
7159,1448
12159,2434
12159,6065
15267,2819
16644,322819
18089,141577
18089,208789
18089,247364
19270,25409
19270,58729
19270,64219
19270,105317
19270,107607
19270,129876
19270,153463
19270,157296
19270,159969
19270,196265
19270,234552
19270,241786
20689,187713
20689,331467
22760,150386
23665,280562
27333,38947
30258,4648
32133,4876
37497,987
37497,43635
37497,53104
37497,124939
37497,173341
37497,284818
40041,5809
40041,5813
41899,49750
41899,149890
43522,6233
45637,6481
46105,120949
46105,320763
49390,160873
49465,6955
58277,126255
63628,35677
63628,35681
63628,64310
63628,133667
63628,179896
63628,251357
63628,324990
64195,8818
64195,37126
64195,54147
64195,93295
64195,139833
66658,56548
68185,20636
68185,26977
68185,37276
68185,113276
68185,149187
68185,153580
68185,184669
68185,224102
68185,233139
68185,302290
68237,56978
69622,9441
71852,106313
71852,122508
71852,140943
71852,147602
71852,235727
71852,247262
76673,10317
76774,246228
80202,6077
80793,91788
80793,120290
80793,154834
80793,369398
81670,10885
85158,11298
85233,11306
86310,11449
87174,1728
87174,6664
87174,23519
87174,36493
87174,52539
87174,64215
87174,64403
87174,145488
87174,190422
87174,193136
87174,199337
87174,201957
87174,211368
87174,216118
87174,252188
87174,252702
87174,278471
87174,310759
87174,314261
87174,320222
87174,378280
87174,389133
88603,68090
88603,139166
88603,142223
88603,145220
88603,174125
88603,175859
88603,177775
88603,270449
88603,285397
88603,308803
91344,71385
91344,79565
91344,80968
91344,146507
98965,12902
99864,50352
99864,51183
99864,62192
99864,70204
99864,122053
99864,126438
99864,164101
99864,251574
99864,255279
99864,260445
99864,322934
99864,350338
101134,9093
101134,13145
101134,13150
101134,184885
104847,13559
105323,987
105582,13658
108029,987
108029,7723
108029,105169
108029,105173
108029,201878
108029,258004
108029,271682
108029,284773
108029,285092
108029,286835
108029,298092
108029,329285
108212,26983
108212,82779
108212,209072
108212,209076
108212,338681
109743,92331
110796,14208
112380,78496
113721,14573
118978,987
118978,10562
118978,34887
118978,47002
118978,86493
118978,110785
118978,119987
118978,127194
118978,136296
118978,198580
118978,200697
118978,219400
118978,263853
118978,276681
118978,302816
118978,305979
118978,316109
118978,319438
118978,349503
118978,374422
118978,389924
119373,987
119373,15383
119373,23416
119373,31946
119373,66570
119373,78020
119373,98274
119373,123658
119373,124116
119373,132227
119373,143635
119373,143639
119373,185825
119373,215052
119373,231785
119373,240782
119373,242137
119373,247699
119373,262065
119373,265936
119373,287124
119373,308959
119373,321893
119373,326990
119373,347637
121843,360649
123162,15867
124324,16000
124863,16045
124863,164516
124863,203802
124863,227784
132256,364322
133289,95722
135958,17389
138526,17718
140451,17948
143627,18305
145060,309588
146624,18676
151004,19215
156707,19958
156776,13978
165486,180503
165486,345110
168940,21480
176197,22358
178145,14160
178145,22540
178690,248325
179063,22684
180658,22856
182857,682
184023,113219
184023,198083
184614,23375
185188,23457
191826,93023
191826,338171
191988,24380
192952,24515
195381,24838
195381,189631
195848,131891
200243,25454
201367,795
201367,25594
203316,11941
203316,37893
203316,95637
203316,101834
203316,319785
203316,356605
203849,25906
207173,26370
207173,154615
207644,4997
207644,26446
210710,6708
210710,26887
210710,26888
210710,26889
216437,98685
218249,27894
223170,55225
223170,117319
223170,157893
223170,168846
224679,18851
224725,28868
226629,29172
232523,30139
235017,9799
237686,30926
239551,31247
239551,31251
241164,144517
242329,52370
242329,66426
242329,73481
242329,116234
242329,120301
242329,259013
242589,7022
243861,122730
245250,756
245568,19259
246049,4997
247163,32370
247681,32473
250039,32925
252514,22973
255716,33958
257233,26580
259506,12863
259808,34705
261851,61918
261851,73982
261851,162068
261851,183762
262801,16503
262801,35407
263951,23294
263951,35591
264038,35618
265179,89589
267054,22536
267516,36454
268736,16142
268736,118267
270044,1877
270593,37061
270857,10307
270857,13497
270857,23103
270857,135644
270857,298374
270857,311261
271057,22803
271058,21895
271058,37160
271058,136099
271058,201557
271058,215181
271058,244497
271058,273134
271058,278722
271058,351118
271058,351291
271058,354238
271058,360659
271058,382235
277384,38547
279741,38791
281309,17179
281612,39258
281991,259195
287028,40587
287028,281180
288139,40874
288838,41095
288838,243565
289104,41127
290843,6875
290843,8243
290843,10553
290843,17928
290843,28897
290843,41576
290843,42674
290843,43439
290843,47112
290843,62327
290843,110143
290843,119979
290843,130268
290843,139683
290843,164890
290843,194356
290843,204394
290843,206681
290843,206685
290843,219184
290843,247478
290843,258247
290843,274718
290843,279199
290843,280676
290843,297900
290843,303363
290843,310479
290843,314704
290843,316809
290843,320393
290843,330365
290843,335483
290843,337176
290843,339804
290843,348944
290843,392809
291433,41676
293390,42256
293390,312924
295158,42814
295657,42962
296743,20468
296743,28423
296743,43247
296930,43306
297296,38922
297839,43529
298714,43801
298869,43836
299348,43973
299348,47123
299348,47138
299349,43974
299728,44095
302010,44778
302013,44780
302782,15424
302782,44993
303835,45303
303889,45328
303889,270330
303889,277844
305342,45842
305342,245855
307813,1581
307813,12111
307813,21595
309702,34374
309702,47361
309702,47365
310635,47716
312110,35489
312110,48190
312179,48215
312506,39030
312506,48331
312506,355720
313865,4027
313865,4892
313865,10493
313865,36344
313865,379696
313904,48823
314257,48968
315973,49597
315973,165829
315973,193034
315973,316354
316144,49660
316452,49773
316828,1225
316828,27462
316863,49906
318365,223761
318365,250242
318365,355519
320003,51022
320068,9224
320068,51051
320068,204035
320068,386962
320192,51081
321299,51482
322487,51930
324040,52487
324099,35113
324099,52506
324576,52689
324589,52699
324589,83850
324589,88287
324589,115201
324589,120077
326714,44561
326714,72247
326714,81279
326714,81282
326714,130100
326714,140962
326714,170115
326714,211743
326714,303916
326714,319478
326714,346180
326714,360111
326714,367214
327342,53772
327867,53951
328058,54025
328448,30299
328448,54142
330131,54711
330644,45504
330644,54912
330806,7041
331137,55104
331714,30863
331714,55336
331714,66487
331714,83870
331714,172200
331714,181814
331714,193562
331714,198075
331714,237495
331714,327741
331714,346826
331714,369530
332152,38635
333300,55930
333993,55816
333993,56173
334468,56361
334501,56375
334501,293234
334889,56517
334984,23428
334984,56558
335821,56885
335949,15747
336591,987
336591,23622
336591,23655
336591,23703
336591,25619
336780,57207
336809,57218
337650,57551
339057,2848
339922,58350
340857,58714
341251,76112
341973,59169
342455,59368
342884,59535
343750,13008
343750,59823
343750,122575
345953,90001
346023,60735
346140,60779
346235,60805
347144,61133
349011,61834
349719,62124
349817,35090
350077,62274
350302,62368
350672,346
350672,25151
350760,62546
350769,987
350769,5913
350769,41243
350769,69986
350769,78098
350769,98116
350769,100985
350769,118240
350769,130330
350769,137250
350769,160538
350769,243053
350769,245221
350769,259101
350769,287032
350769,287890
350769,292624
351641,11501
351641,12134
351641,26777
351869,62972
351869,374337
352372,63178
352440,63198
352449,63202
352452,63204
352960,63431
353105,27605
353105,63501
354070,63912
355804,64581
356217,26777
357890,65338
359240,65836
360118,66112
360122,66112
360766,66244
360766,66248
362085,66726
362112,66739
362592,28289
362592,28732
362592,66924
362592,84386
362592,87309
362592,87808
362592,88036
362592,92317
362592,101624
362592,109832
362592,109976
362592,118784
362592,123305
362592,143309
362592,144055
362592,146061
362592,155995
362592,178046
362592,190112
362592,201856
362592,217430
362592,236810
362592,241488
362592,266365
362592,280999
362592,286786
362592,309509
362592,317160
362592,339213
362592,346976
362592,368308
362592,398751
364266,67516
364285,67525
364285,94070
364644,67360
364644,67681
364644,119624
365701,68086
365745,68098
366325,68311
366432,68357
367133,68538
367933,68838
367933,262652
369252,69335
370028,69643
372264,1086
372264,48038
372264,70512
372818,271017
373059,59629
373059,70818
373499,55937
373499,139219
373499,214268
373499,229595
373818,71131
374013,35789
374013,71210
374013,359307
374074,6031
374722,71455
375188,71608
375262,71631
375517,34135
375517,71723
375517,75710
375517,160121
375517,373937
375665,71792
377199,53436
377199,72389
377472,72516
377766,72638
377804,65247
377804,72646
378688,25518
378862,10780
378862,73062
378865,73062
379532,73315
379613,73343
379700,73371
380246,60903
380246,73571
380246,101044
380246,124563
380246,167211
380246,174626
380246,355627
380246,377489
380522,73682
380604,73700
380604,73705
380660,73725
381017,162074
381817,74210
382318,74399
382347,74413
383244,74756
383275,74769
384460,75244
385122,4480
385122,28431
385122,75481
385372,75578
386191,75927
386265,32387
386265,75954
387171,987
387171,264246
387908,75928
387908,76557
387908,91287
387908,117232
388085,76611
388585,76789
389888,77300
389888,96900
389934,5872
389934,45730
389934,77311
390083,77374
390206,77428
390854,917
390854,77660
391110,77757
391598,18127
391598,54452
391598,77934
394353,78878
394373,78890
394672,79001
394959,79115
395087,79172
395384,53367
395384,55040
395384,79276
395384,116961
395384,340418
395467,79307
395467,343563
395937,79495
397463,80085
397786,80209
398077,69715
398077,72104
398077,80311
399079,80676
399646,80900
400004,81020
400501,63711
400501,76970
400923,81389
401977,51009
401977,81803
402257,558
402257,6569
402257,29283
402257,71555
402257,76603
402257,81909
402979,30846
402979,82152
403856,82507
405003,27222
405003,82896
406553,83470
406852,14933
406852,83571
407115,44070
407812,83929
407847,83944
408647,9567
408887,84296
409805,84663
409805,166790
411069,85149
411700,85397
411700,164129
412968,28082
413329,73038
413329,86019
413527,48134
413527,83492
413618,86105
414539,86453
415288,86723
415562,86824
416660,87250
418053,87794
418592,43301
418592,87950
419098,17310
419171,88158
419456,88271
420076,88536
420204,88593
420727,88801
422451,89433
424092,1545
424092,79916
424092,90080
424827,90363
425003,90425
425088,90463
425399,6265
425577,50694
425994,90816
426778,91108
427698,91316
427698,91462
430143,92377
430654,29042
430654,41251
430654,65583
430654,84297
430654,97657
430654,115684
430654,122792
430654,124403
430654,135858
430654,164645
430654,186827
430654,210748
430654,223003
430654,266219
430654,279355
430654,305283
430654,307941
430654,313199
430654,337341
430654,344378
430654,352482
430654,366184
433558,93674
433604,83091
433604,93682
433646,93696
433655,93694
433906,6340
433906,59439
433906,59440
434841,987
434841,94132
434841,174452
434841,187113
434841,241012
435100,94208
435364,94317
435635,94397
436710,94812
437037,94926
437406,95073
437440,8916
437440,95081
437679,95164
437679,95169
438308,95403
438854,59764
438854,60291
438854,95595
438965,95636
439795,66769
439795,95939
439795,165666
439795,169982
440148,96068
440187,35277
440325,36990
440325,96125
440470,34439
440470,54406
440470,67579
440470,85708
440470,96175
440470,104910
440470,151812
440470,190836
440470,196608
440470,196611
440470,203905
440470,258799
440470,361954
442224,96813
442224,251287
443113,37514
443113,86348
443113,97135
443113,97138
444523,97649
444905,97772
444929,11664
445011,97810
445420,97970
446019,71675
446019,98194
446019,194903
446019,206381
446019,239694
446019,242656
446019,245565
446019,259249
446019,291841
446019,373944
446019,384213
447265,98661
447373,98710
447931,98884
448932,60584
448932,71655
448932,99240
449791,99619
450857,81862
450857,100016
450954,22211
450954,31532
450954,90097
450954,100055
451006,100077
451388,100233
451920,7354
451920,29226
451920,61742
451920,116449
451920,197052
451920,199378
451920,321130
452236,100472
453422,45949
453422,100845
454553,101276
455549,101612
457019,69477
457019,102140
457089,84336
457089,102173
457962,102499
458329,102643
458952,102881
459815,103164
462480,104136
463956,104670
464331,104777
465079,105056
465251,84285
465251,105150
466631,105651
466719,37282
466907,105749
468404,106250
468687,77443
468687,106373
469198,69127
469533,106676
471244,107330
471749,107531
474094,108384
474986,67573
474986,108731
475741,108982
475741,133670
475741,140731
475741,244717
475741,252621
475741,323067
476138,109120
476387,16262
476387,109209
476387,222616
476387,365241
476596,39545
477437,4448
477437,89672
477437,109541
477574,51691
477574,86243
477574,109583
478052,109783
478466,42381
478466,65067
478466,66722
478466,109916
478466,132902
478466,147802
478466,160660
478466,185995
478466,188982
478466,230872
478466,258415
478466,290985
478466,293492
478466,303832
478466,310950
478466,327334
478466,330872
478466,340537
478503,109931
479826,110407
479836,39623
480725,13297
480725,46945
480725,84099
480725,110729
481160,91698
482748,111441
482834,111478
482934,987
482934,1118
482934,4443
482934,5039
482934,7269
482934,10249
482934,14956
482934,15002
482934,20141
482934,20595
482934,26634
482934,27569
482934,28205
482934,28480
482934,30751
482934,32684
482934,36006
482934,37798
482934,40069
482934,40126
482934,40812
482934,43476
482934,44984
482934,45703
482934,47520
482934,48470
482934,49947
482934,54428
482934,56408
482934,57349
482934,59187
482934,61667
482934,66359
482934,66767
482934,68319
482934,69118
482934,69840
482934,69942
482934,69972
482934,71593
482934,71799
482934,78652
482934,79404
482934,81138
482934,84694
482934,85540
482934,91142
482934,91581
482934,91868
482934,94400
482934,95325
482934,96194
482934,97712
482934,98029
482934,98077
482934,98434
482934,98834
482934,100767
482934,101517
482934,102898
482934,104091
482934,106261
482934,107990
482934,111079
482934,111512
482934,112305
482934,114113
482934,114382
482934,114829
482934,117538
482934,118519
482934,119057
482934,119862
482934,121005
482934,121426
482934,122523
482934,122585
482934,122589
482934,123720
482934,125114
482934,127861
482934,129743
482934,129749
482934,130220
482934,130714
482934,130791
482934,130818
482934,130837
482934,130919
482934,131371
482934,131420
482934,131608
482934,133837
482934,134181
482934,134374
482934,134935
482934,136903
482934,138300
482934,142620
482934,144677
482934,144778
482934,145865
482934,147557
482934,148411
482934,148879
482934,149240
482934,153533
482934,154324
482934,155430
482934,156165
482934,157089
482934,159014
482934,159087
482934,163315
482934,163318
482934,164718
482934,164774
482934,165300
482934,165628
482934,168601
482934,168645
482934,169557
482934,173360
482934,175373
482934,176319
482934,182321
482934,183798
482934,184723
482934,186793
482934,187393
482934,187442
482934,189175
482934,190994
482934,195444
482934,197019
482934,199142
482934,199252
482934,200587
482934,202461
482934,205860
482934,206203
482934,210263
482934,210447
482934,212112
482934,215297
482934,215805
482934,217261
482934,217787
482934,218243
482934,220349
482934,220669
482934,220891
482934,220935
482934,221067
482934,221068
482934,221197
482934,221740
482934,222073
482934,223668
482934,224634
482934,226010
482934,226096
482934,226098
482934,226157
482934,227470
482934,227760
482934,228647
482934,232549
482934,233353
482934,233377
482934,234937
482934,235910
482934,237104
482934,238861
482934,240971
482934,241157
482934,242172
482934,243615
482934,244230
482934,244869
482934,246460
482934,248811
482934,248881
482934,249116
482934,251998
482934,252112
482934,253609
482934,254710
482934,257399
482934,259662
482934,260206
482934,260336
482934,262119
482934,264560
482934,266417
482934,267952
482934,267976
482934,268709
482934,270080
482934,270353
482934,275332
482934,275639
482934,276321
482934,276798
482934,277039
482934,277440
482934,277934
482934,279294
482934,280124
482934,283115
482934,283128
482934,283129
482934,283243
482934,285122
482934,285991
482934,290651
482934,294215
482934,294697
482934,295804
482934,296064
482934,296961
482934,299819
482934,303672
482934,303784
482934,303790
482934,304200
482934,306211
482934,306595
482934,308667
482934,308749
482934,309502
482934,310046
482934,310526
482934,310562
482934,311341
482934,314003
482934,314455
482934,316763
482934,317246
482934,317534
482934,321304
482934,322093
482934,327056
482934,328529
482934,331158
482934,332024
482934,334777
482934,335966
482934,337420
482934,338149
482934,340628
482934,340788
482934,341483
482934,343108
482934,343774
482934,345080
482934,345367
482934,345854
482934,347922
482934,348786
482934,349265
482934,350014
482934,352803
482934,353757
482934,354528
482934,355149
482934,355243
482934,357109
482934,357978
482934,358060
482934,359262
482934,359608
482934,363737
482934,366752
482934,368241
482934,368860
482934,370414
482934,370453
482934,372540
482934,373210
482934,374344
482934,376033
482934,379035
482934,381579
482934,383386
482934,384098
482934,385292
482934,385803
482934,389016
482934,390605
482934,393455
482934,393590
482934,396497
482934,400558
482934,400929
482934,401796
483267,111655
483413,104312
483413,111711
484348,16098
484348,24758
484984,14412
484984,29776
484984,35802
484984,102445
486782,103441
486782,112960
486926,60128
486926,69094
486926,113008
487812,113333
487929,60211
487929,113380
487929,241623
487929,283585
487929,315345
487929,337722
488056,113412
488584,110641
488584,113607
488584,201779
488584,378685
489079,113794
489165,113825
489925,93347
490897,1667
490897,19088
490897,106824
490897,114431
490897,284414
491219,43743
491219,78818
491219,98155
491219,253867
491727,8860
491727,114717
491727,211211
491727,323388
491727,331962
491727,331964
491727,332899
491727,332901
491727,347656
491727,364209
491727,367439
491727,399344
492047,114803
492892,115085
492944,46854
492944,87226
492944,115109
493020,115133
493530,2490
493755,115402
493982,74436
493982,115488
493982,128005
494046,88690
494046,113577
494046,115517
494046,178986
494046,310369
494152,115546
497510,58960
497510,81420
497546,116745
498125,116916
498257,116972
498257,219679
499566,117429
501221,117992
501684,31615
501684,118190
502908,118598
504617,45821
504617,64106
504940,53190
504940,73638
504940,119293
505513,119508
505711,30085
506405,118376
506405,119828
506422,98658
506422,119833
507389,120164
507668,120266
507847,120321
508275,51038
508275,51040
508275,58682
511048,32521
511048,73371
511048,107743
511048,121404
511048,129411
511048,130682
511048,171072
511048,181313
511048,186327
511048,291331
511048,368798
511368,121517
512175,121711
512179,48944
512179,121712
512179,308430
512299,23964
512299,86256
512299,121761
512299,356752
512418,121804
513911,122328
513923,122333
514037,122367
514109,122389
515054,122713
515230,121469
515230,122780
515511,122878
515700,60853
515700,122943
515983,123038
516918,123376
516925,37006
517783,95244
517783,123686
517783,192070
517783,351000
517783,357942
518629,123968
518711,123998
519172,124177
520128,70472
520128,124513
520346,120376
520346,124600
521172,81903
521172,124892
522277,125227
523226,125517
524107,26158
524107,259675
524400,125957
524481,125983
525129,22872
525129,83554
525129,126130
527084,104314
527084,126847
528360,127287
529003,18084
529003,127523
529042,127536
529049,51428
529049,127540
529455,93965
529455,127694
530270,14285
530270,127887
530639,20156
530973,128147
531100,128199
531328,111280
531328,128274
531328,199628
531440,128313
531818,128418
531823,128417
533732,129079
533732,356951
534013,29737
534013,129153
534787,37628
534787,129416
535010,129476
535046,129489
537248,130258
537791,47036
537791,213464
537791,246694
537791,250913
537791,273785
537791,364582
538504,130666
539092,130875
541273,131652
541944,58579
541944,131888
541944,131890
542081,131946
542278,18209
542278,46914
542278,92458
542278,132023
542591,132149
542890,132258
543637,132478
546828,133562
549542,134458
550037,134620
550422,134771
551624,135195
552490,45406
552490,75835
552490,135492
552639,83176
552639,83180
552639,135542
553206,135724
553248,135738
554578,136223
555251,38918
557548,60724
557548,105153
557548,112774
557548,114856
557548,117980
557548,121606
557548,164934
557548,168164
557548,169090
557548,190488
557548,235222
557548,242387
557548,247981
557548,253672
557548,273102
557548,283526
557548,299689
557548,314603
557548,338171
557548,354458
557548,366361
558005,56063
558005,137372
558488,137483
558488,137485
558576,137510
559813,102266
560200,138028
560676,138179
561920,138615
562911,138935
563217,139036
563479,139145
563585,139182
564372,139437
564576,139501
565038,139637
565038,181787
566154,140000
567069,140320
567083,140324
567133,140333
567576,140493
568257,52404
568257,140724
568415,140781
568419,118918
569072,33140
569072,84614
569475,70492
571539,141793
571617,141814
571642,141826
572838,8163
572838,113682
573116,6557
573116,106046
573116,106048
573116,106053
573116,121071
573116,142286
573116,151691
573116,270829
573116,305277
573116,400031
573420,142397
573986,142610
574062,142633
574550,142787
574621,142805
575009,142964
575117,12275
575117,26055
575117,67089
575117,71294
575117,143002
576012,143312
576786,143570
577048,143661
577419,143780
577559,32684
578097,144008
578333,144081
578505,27482
578505,144139
580052,110572
580160,144682
580759,144880
583181,145691
583387,145784
583523,145828
583626,145863
584768,146228
584870,146264
584884,116433
586175,146728
586175,363692
586580,146885
587052,147049
587362,15747
587362,83132
587362,147159
588015,147412
588348,147535
588509,65555
588612,147631
588879,2543
588879,116004
588879,147714
590311,4089
590311,11835
590311,23650
590311,23688
590311,53106
590311,53124
590311,75415
590311,86192
590311,99983
590311,148209
590311,170484
590311,209868
590311,210631
590311,230060
590311,297221
590311,310198
590311,313387
590311,320021
590311,332006
590491,148277
592023,148787
592039,40837
592039,334576
593013,149126
593236,149202
593670,987
593670,149352
593670,196475
593670,234458
593670,249536
593670,284300
593670,314319
593670,317861
593723,120769
593723,149369
593723,188410
594033,149477
594605,6140
594605,74710
595805,150111
596678,150412
597285,150632
598668,151102
599914,151594
600934,151916
601041,54635
601085,151981
601089,151984
601215,98217
601215,121205
601250,152037
601434,12820
601434,152095
601434,162233
601434,253302
601434,311433
601434,327031
601434,327033
601434,339558
601434,360700
601617,152161
602774,152546
602781,108846
602781,152548
603128,97830
603134,97830
603134,165274
603134,232862
603134,283313
603245,987
604120,152960
604442,8744
604442,55289
604442,87346
604442,141810
604442,153095
604570,153140
605202,153400
605988,75466
605988,153651
605988,153655
606119,153695
606651,129059
606651,153854
607062,129854
608228,154442
608253,154454
609036,154733
609163,130905
609335,154831
611918,155724
612047,123686
612047,155768
612539,155951
612560,155963
612624,104709
613729,156366
613812,156400
614109,18684
614109,53519
614109,60199
614109,69275
614109,111199
614109,144147
614109,156506
614109,231552
614109,231559
614409,987
614409,26587
614409,72726
614409,72735
614409,124331
614409,137874
614409,156606
614409,171833
614409,225613
614409,247033
614409,255675
614409,264154
614409,309454
614409,350840
614409,373712
614409,393764
615533,114013
615533,157047
615819,157149
616944,129257
616944,133865
616944,157519
616944,367716
617765,157800
617910,157852
618098,157923
618278,126644
618278,157987
618386,51573
618386,72028
618948,158228
618956,158230
619084,21464
619084,127247
619084,158265
619459,1175
619459,95302
619459,158400
620374,158723
622516,159477
622858,126101
622858,159605
623247,23457
623247,159721
624091,160021
625178,160448
627327,987
627327,6016
627327,31974
627327,48189
627327,51731
627327,65648
627327,73993
627327,74004
627327,74020
627327,75926
627327,99510
627327,107764
627327,114382
627327,161168
627327,245098
628686,116509
628940,107021
628940,161700
631610,162552
631658,26682
632551,162890
632551,294049
632770,162960
632792,4624
632792,162971
633384,163175
634112,163428
634721,987
634721,68768
634721,140720
634721,331587
634721,331590
634721,343238
634731,154752
634731,163635
635229,163788
635244,163800
636121,164129
636130,128503
636130,164130
636134,95930
636134,164137
636493,115197
636493,160615
636493,164247
636808,164354
636994,164423
637201,62193
637201,164496
637707,164656
638202,164828
638708,164995
638861,203804
638861,284300
638861,320716
639587,165260
641032,102738
641032,165791
642321,166214
643504,162286
643504,166637
643504,351582
643504,360986
644199,166915
644609,167036
645030,167197
645030,210787
645404,26500
645404,167326
645541,167377
645962,34787
645962,137841
646621,130579
646621,132629
646621,146001
646621,167748
646723,167787
646723,167790
648235,121205
649462,987
649462,13254
649462,37341
649462,43058
649462,73897
649462,110822
649462,130947
649462,136281
649462,152644
649462,153667
649462,168700
649462,223750
649462,243453
649462,265643
649462,265828
649462,271091
649462,280879
649462,288028
649462,324813
649462,328963
649462,331378
649586,40718
649586,113260
649593,9133
649593,14609
649776,82188
650293,168979
650396,47740
650396,169023
650677,169127
651401,987
651401,121649
651401,123738
651401,165019
651401,169335
651401,298158
651686,169438
652133,169601
652498,987
652498,91810
652498,169725
652733,169797
652887,169847
653364,30880
653364,36313
653364,73111
653364,77943
653364,146528
653364,157726
653364,327726
653364,344015
653903,170172
654300,170320
654737,146542
654737,170492
654737,170498
654737,170502
654737,217090
654908,30564
655440,56127
655440,92087
655440,170761
655440,190072
656943,171304
656943,296406
657331,171426
657494,171488
658908,28269
660321,172408
661865,172953
662421,157430
662421,173146
662961,173337
662961,251785
662961,343140
663065,2154
663065,87737
663065,173378
663857,173668
665378,42400
665378,152547
665378,174186
665404,174197
666576,174583
666600,73221
667097,174756
667166,174766
667173,174768
668487,20661
668487,160820
669224,18785
669224,175496
669890,175725
669890,175727
670103,175817
670401,33280
670441,175932
670959,23282
670959,52956
670959,176124
672511,987
673074,19496
673074,41967
673074,90840
673074,99278
673074,176796
673344,176881
674343,177218
674384,177237
674897,43134
674897,177424
675525,177627
675610,177660
676245,128631
676245,130577
676245,132623
676245,177871
676245,247761
676245,282072
676245,293591
676250,110044
676250,177875
676496,86358
676496,177971
676500,86359
676500,177973
676558,177994
676558,270170
676833,113992
676833,159947
676833,178073
676835,178073
677032,118725
677032,174473
677503,178312
677697,178374
678169,178523
679461,178988
679516,987
679642,98014
679642,179056
679942,783
679942,3164
679942,17811
679942,41915
679942,49381
679942,56810
679942,56836
679942,65170
679942,71471
679942,75113
679942,79666
679942,79863
679942,80547
679942,81054
679942,88878
679942,92733
679942,97687
679942,98233
679942,99215
679942,110432
679942,112888
679942,114382
679942,115647
679942,119894
679942,121859
679942,132063
679942,138563
679942,152197
679942,153793
679942,161743
679942,171160
679942,171474
679942,172548
679942,183059
679942,193050
679942,200746
679942,201188
679942,205259
679942,211708
679942,222695
679942,229532
679942,232760
679942,244616
679942,259038
679942,260283
679942,260482
679942,268190
679942,273860
679942,296257
679942,298225
679942,299419
679942,319493
679942,319940
679942,328619
679942,357463
679942,372743
679942,375315
679942,380526
680338,37411
680338,179289
680649,126909
680649,179388
681538,179700
682002,59527
682002,179850
682033,179863
682196,10706
682196,179914
682578,46596
682733,180095
683460,180330
684213,180611
684253,180627
684253,270148
684560,180717
684761,180776
686544,181363
686544,217770
686544,240905
686544,268583
686544,270005
686544,321556
686758,181429
686925,181490
686925,211120
688146,46049
688146,67406
688146,78871
688146,125771
688146,170730
688146,181866
688146,204384
688146,232640
688146,276382
689435,182388
690143,182625
690358,987
690358,78995
690358,164002
690358,171371
690358,172331
690358,180932
690358,182720
690358,212279
690358,267774
690358,277879
690358,281310
690358,301301
690473,182751
690554,182792
690584,3623
690933,182921
690935,124027
691266,183035
691525,170182
691525,176638
692345,183398
692588,183495
692859,183583
693170,44086
693170,81750
693170,85313
693170,94856
693170,134064
693599,42640
693599,51729
693599,146229
693599,148924
695051,184315
695233,184375
696001,184644
696254,184731
696505,75741
696505,75747
696505,91707
696505,114382
696505,132899
696505,132906
696505,172494
696505,178065
696505,184828
696505,187035
696505,195392
696505,197140
696505,205478
696505,217408
696505,218628
696505,219181
696505,238376
696505,285176
696505,310952
696505,335422
696583,182210
696583,184851
698515,185534
699058,185734
699237,185791
699243,185793
699344,185832
699932,24837
699932,51201
699932,87056
699932,95203
699932,141831
699932,184065
700009,163189
700009,186024
700009,186030
700108,186071
700879,186267
701423,2885
701716,186540
702885,186912
702912,186931
702912,249361
703152,33073
703152,113784
703152,186999
703606,9498
703606,43789
703606,65197
703606,110691
703606,129638
703606,157375
703606,178690
703606,182062
703606,187148
703606,232406
703606,273523
703606,282074
703606,283659
703606,296713
703606,297890
703606,321283
703606,366413
703770,95321
704664,187494
704715,22044
705455,187782
705538,187819
705969,187958
706331,188066
706761,188197
707033,188293
707105,188318
707367,12901
707367,72630
707367,150778
707367,177172
707367,177181
707367,188415
707367,203946
707367,220856
707367,232207
707367,335701
707857,188521
707876,188526
707975,188555
708307,188670
708686,188762
708982,188864
709047,48463
709047,186794
709161,188925
711076,189563
712926,987
712926,1058
712926,3906
712926,8700
712926,22192
712926,37087
712926,39429
712926,41057
712926,43594
712926,70144
712926,71093
712926,107703
712926,121212
712926,125845
712926,127477
712926,131021
712926,131365
712926,163888
712926,166251
712926,190158
712926,196857
712926,197287
712926,199958
712926,218692
712926,229813
712926,231013
712926,235554
712926,244526
712926,272741
712926,282001
712926,283556
712926,299780
712926,326404
712926,334256
712926,334588
712926,341931
712926,353174
712926,363982
712926,380830
712926,381470
712926,385064
712926,394761
713157,26777
713231,190263
713611,80340
713611,111048
713611,170339
713611,190378
714075,190556
714293,190618
714686,190746
715010,190832
715010,190834
715387,987
715387,190974
715387,191129
716029,60566
716029,184418
716029,191163
716197,85707
716197,191218
716801,7640
716801,107742
716801,129057
716801,141748
716801,142877
716801,142890
716801,160312
716801,191406
716801,239661
716801,336191
716801,371555
716905,191440
717413,191628
718552,191969
719028,987
719028,114136
719028,135379
719028,192128
719160,147473
719160,174491
719160,192186
720125,192454
720787,192670
720927,9890
720927,20272
720927,164589
720927,192714
721403,192874
721409,72586
721409,192874
721805,181142
721805,193000
721969,193065
722806,193346
722829,193354
723830,155530
723830,193691
723830,296775
724393,193912
724707,194017
725115,67579
725309,194248
725745,161338
725745,194388
727026,194829
727085,33911
727085,43834
727085,80144
727085,85331
727085,85561
727085,103238
727085,194857
727085,198959
727085,227650
727085,273775
727085,327558
727137,194879
727401,76671
727401,194966
727416,194967
728455,98289
728455,167256
728539,13952
728539,14706
728539,46089
728539,108888
728539,167186
728539,174601
728539,195361
728539,224980
728539,251015
728539,301334
728539,321570
729358,195638
730127,195892
730230,88320
730230,113224
730230,195927
730230,262316
730620,108709
730868,196145
734194,197262
734956,197531
737385,198368
737784,55322
737784,128195
737784,134579
737784,198491
737784,228504
737784,231134
737918,44800
737918,177085
737918,191860
737918,198528
738316,198649
738443,198687
739629,199059
739704,91558
739704,199081
740066,133670
741641,199708
741919,94740
741919,106110
741919,136742
741919,199809
741951,179952
741951,199818
741951,283856
742180,47674
742180,199886
742791,200066
743310,24146
743310,24180
743310,97308
743310,97319
743310,97552
743310,200269
743353,200285
743469,200335
743712,200439
743762,987
743762,133072
743762,155845
743762,196227
743762,200462
745751,201105
746028,201219
746429,137155
746734,987
746734,91031
746734,201442
746734,334021
746770,201454
746836,201483
746836,325469
746993,4424
746993,41093
746993,43478
746993,60846
746993,66166
746993,117676
746993,121587
746993,132149
746993,201532
747461,98000
747461,201665
748318,61801
748318,61808
748318,70355
748318,124767
748318,136323
748318,199271
749792,22179
749792,31234
749792,49159
749792,174971
749792,202434
749792,267855
749792,276334
749792,337556
749905,90404
749905,118512
749951,202486
752070,203193
752284,203266
752284,289909
752472,25687
752472,32882
752472,52049
752472,106977
752472,136474
752472,141742
752472,178779
752472,203331
753389,174912
753389,203620
755558,24521
755558,98159
755558,204299
755558,210069
755558,369855
756031,204418
756189,99766
756189,134444
756229,110739
756600,987
756600,3052
756600,109739
756600,136209
756600,204623
756600,272752
756600,335251
756600,347713
757009,174958
757574,121805
757574,204951
758226,205143
759148,205428
759281,197141
759281,205473
759324,987
759324,244637
759605,205579
760210,205776
761862,206349
762488,35314
762753,206612
764547,207129
764587,207140
764956,207251
765126,16701
765257,55026
765257,183549
765257,207327
765462,207397
766371,207685
766812,11271
766812,207833
768919,208499
771458,209371
771545,209405
771900,209525
772778,19838
772778,136006
772778,209841
772778,358710
772778,372805
773874,210223
773874,210230
774070,7048
774070,115568
774070,210303
774076,210303
774096,210309
774585,210464
774894,987
774894,37610
774894,316369
775312,987
776184,210964
776708,120222
776708,120226
776708,211131
777178,163933
777178,211277
777180,22843
777180,44746
777180,193562
777180,211279
777180,353174
777219,178528
777219,199765
777219,199767
777235,90961
777235,102471
777235,211298
777623,85418
777623,109322
777623,151875
777623,158386
777623,211424
777723,145420
778331,211663
778472,168350
778472,211698
778612,211756
779292,987
779475,16523
779857,212151
780849,212456
780968,212492
781796,212780
782350,73490
782350,212967
782633,213049
782674,213057
783452,6730
783995,987
784295,140229
784295,213549
784594,213642
784697,213673
785384,111374
785384,154053
785384,213881
786688,61835
786688,209500
786688,214290
786971,214381
787144,94372
787144,97657
787144,114697
787144,122960
787144,152897
788533,159798
788533,214882
788797,88394
788797,114970
790099,215409
790223,215441
790263,987
790263,14403
790263,28336
790263,45405
790263,73991
790263,83192
790263,85046
790263,89332
790263,104373
790263,118532
790263,118861
790263,139265
790263,149683
790263,176174
790263,180576
790263,182999
790263,183007
790263,186168
790263,187283
790263,189102
790263,191841
790263,206298
790263,215457
790263,274120
790263,277913
790263,343888
790263,349698
790263,360694
790263,397265
790536,33188
790536,203852
790536,215571
790777,73211
790777,79070
790777,169639
790777,186096
790777,338117
791449,215833
791985,100542
791985,154709
792606,154234
792979,119546
792979,216340
793480,137116
793480,215442
793480,216524
793584,167715
793817,216637
794306,216780
795030,144036
795030,217008
796110,14725
796110,111743
796110,217359
796110,234676
796319,217425
796375,217440
798179,96994
798179,218007
798688,218199
798716,85485
798716,125580
798716,143829
798716,212050
798716,218218
799596,48339
799596,65718
799596,218492
800386,218744
800656,218840
801279,89120
801279,128618
801566,44591
801566,138442
801566,160923
801566,160926
801566,330338
801671,219178
801671,289107
801671,329688
801953,799
801953,805
801953,101534
801953,137007
801953,137347
801953,175057
801953,219249
801953,238729
801953,291616
802036,219283
802110,80290
802110,151708
802110,173189
802395,205530
802395,219394
802559,219444
802667,219482
803426,58889
803426,127614
803426,219732
803957,216457
803957,219909
804044,110165
804044,123511
804044,142430
804046,219938
804123,68827
804123,219965
804766,129746
804766,220184
805222,987
805222,8204
805222,148339
805222,193093
805400,29552
805400,47849
805400,49595
805400,55014
805400,108214
805400,126450
805400,143832
805400,189337
805400,196780
805400,207767
805400,220369
805400,240868
805400,247463
805400,254191
805400,369343
806113,220583
806949,220817
807935,75500
807935,97443
807935,114796
807935,119693
807935,134291
807935,134517
807935,135889
807935,178979
807935,201521
807935,216599
807999,120807
808380,221253
809449,104257
809449,166890
809449,221597
809707,5144
809707,101883
809707,154027
809707,164851
809707,214679
809707,221683
809707,263030
809707,301327
809707,341329
809738,88390
809738,97794
809738,99942
809738,129113
809738,135405
809738,150133
809738,168886
809738,206995
809738,216441
809738,221693
810142,21792
810142,46597
810142,58125
810142,61425
810142,77024
810142,86871
810142,91493
810142,126610
810142,151776
810142,156635
810142,199833
810142,221799
810142,274437
810142,275192
810142,295661
810142,318492
810142,319236
810142,329846
810142,332963
810142,341162
810142,348102
810142,356804
810142,369787
810621,221946
811021,188318
811021,222077
813448,90815
814018,223000
814872,223302
815040,15428
815040,16386
815040,46152
815040,223349
815495,42920
815495,67398
815495,211116
815495,223476
815495,227766
815495,233443
815495,289379
816238,223709
816435,178779
816435,223772
816729,223877
817513,2180
817513,154580
817513,224123
817923,224259
818005,29943
818005,64715
818005,113831
818005,168478
818005,224282
818203,987
818203,87712
818203,144139
818203,149456
818203,186492
818203,224343
818477,224438
818690,224502
818690,224506
818966,224599
819551,86317
821159,4676
821159,225280
821168,225282
821321,41559
821321,91403
821321,99693
821321,108417
821321,113107
821321,139670
821321,151856
821321,153938
821321,158865
821321,182063
821321,202004
821321,203348
821321,214771
821321,228673
821321,269410
821321,273444
821321,308374
821321,397884
821446,19090
821468,225378
821757,26350
821757,225476
822330,4768
822330,225664
822538,987
822749,225773
823039,91204
823039,205625
823039,225855
823271,225915
823728,226061
824507,226300
824911,226428
824981,109309
824981,226462
825013,226476
825806,177983
825806,226709
826101,81507
826101,226803
826196,226836
827703,227279
827704,19796
827704,227279
828122,103468
828122,143083
828122,227406
828122,247490
828127,227417
828246,227461
828255,134162
828255,161528
828255,190762
828255,227463
828306,13492
828306,21256
828306,25409
828306,66267
828306,80715
828306,142070
828306,164623
828306,198628
828306,218451
828306,227488
828306,246178
828306,260656
828306,276304
828306,281415
828306,290019
828306,290990
828306,310317
828306,336577
830176,85751
830176,123317
830186,228072
830956,228314
831348,177772
833749,229190
833952,229255
834271,229370
834911,33184
834911,123383
834911,229574
835009,67336
835009,122014
835009,198483
835009,205794
835009,205795
835009,263312
835802,114591
835802,229848
836375,143265
836412,37233
836412,230033
836412,240955
836412,240956
836412,263460
836412,272909
836412,274304
836412,330636
836412,336627
836412,339166
836412,349405
836412,364378
837066,35119
837066,77855
837066,236291
837451,987
837451,121953
837836,33375
837836,230430
838617,122466
838859,180801
839384,194492
839384,230910
839447,230933
839819,231052
840071,52806
840071,121336
840071,189622
840071,231127
840431,231243
840431,231246
841131,69458
842089,231748
842266,15877
842273,231816
842725,23724
842725,58950
842725,135075
842725,147716
842725,206333
842725,231953
843261,81710
843321,232143
843486,203945
843486,232193
844217,232442
844217,337283
845567,87247
845567,232872
845981,233017
846129,233070
846206,88870
846206,151582
846623,26687
846623,218024
847101,233403
847607,233560
847787,22750
847787,72028
848297,232794
848334,233805
849042,225738
849042,234000
849042,250161
849042,299257
849042,321601
849042,364143
849171,234044
849433,234122
850167,9108
850167,49576
850167,53319
850592,112175
850592,147881
850592,234497
851378,52134
851378,91021
851378,166303
851378,234772
851423,234788
851430,161833
851430,204608
851430,234788
852497,117084
852786,235246
853639,235491
853641,235491
853798,18827
853798,47834
853798,235542
854058,12597
854058,26001
854058,31080
854058,54178
854058,54181
854058,65985
854058,94041
854058,94049
854058,103375
854058,125533
854058,145471
854058,146591
854058,155616
854058,155782
854058,196075
854058,220581
854058,233573
854058,235642
854058,239515
854058,245675
854058,286006
854058,351188
854310,235714
854346,235728
854843,987
854843,3416
854843,17969
854843,153057
854843,184494
854843,230757
854843,231249
854843,235878
854843,235881
854843,284931
854843,291819
855991,9822
855991,124011
855991,198165
855991,236259
856189,236328
856259,236355
856371,236391
856833,112274
856833,184238
857055,236622
857250,51262
857250,85595
857250,108185
857250,195403
857250,233461
857250,236698
858057,236910
858156,236948
858292,236993
858845,237164
859106,237244
859762,158676
862004,13687
862004,82936
862004,83760
862004,100041
862004,121118
862004,190301
862004,238117
862004,268195
862004,389815
862087,238131
862267,238170
864049,11652
864049,216544
864335,987
864335,47305
864335,122752
864335,138953
864335,172830
864335,179872
864335,225805
864335,277964
864337,108186
864337,238797
864380,238812
864552,238865
864841,238936
865846,239227
866017,239283
866136,239330
866146,239330
866556,43482
866556,110901
866556,125919
866556,162011
866556,172659
866556,175624
866556,201932
866556,231824
866556,232743
866556,239454
866556,240080
866556,267096
866556,341316
866556,366654
866837,188812
866837,239548
866837,371856
866886,239569
866918,104084
867883,839
867883,987
867883,1815
867883,2928
867883,3769
867883,5913
867883,7673
867883,8848
867883,10599
867883,11441
867883,13111
867883,13555
867883,14612
867883,16231
867883,17685
867883,18410
867883,20246
867883,21668
867883,25605
867883,29737
867883,33957
867883,37832
867883,42632
867883,43786
867883,43893
867883,44489
867883,47478
867883,47674
867883,50295
867883,51564
867883,53418
867883,58158
867883,65921
867883,66236
867883,76458
867883,81745
867883,81972
867883,82369
867883,83392
867883,84974
867883,90025
867883,91602
867883,91845
867883,92776
867883,93112
867883,95201
867883,95244
867883,98217
867883,100150
867883,101771
867883,103080
867883,106815
867883,108490
867883,110514
867883,111113
867883,113646
867883,113990
867883,114382
867883,115952
867883,115954
867883,116686
867883,117247
867883,117530
867883,118819
867883,118915
867883,121205
867883,123364
867883,124214
867883,130467
867883,131000
867883,135055
867883,137684
867883,137868
867883,138871
867883,141851
867883,143064
867883,143071
867883,143075
867883,143079
867883,144222
867883,145263
867883,145806
867883,146341
867883,148251
867883,150491
867883,150874
867883,153976
867883,156891
867883,157029
867883,157265
867883,157306
867883,157487
867883,157612
867883,158579
867883,160217
867883,163052
867883,164002
867883,165161
867883,165440
867883,165652
867883,168629
867883,169338
867883,169467
867883,169527
867883,170772
867883,173820
867883,174936
867883,177196
867883,182665
867883,184759
867883,188066
867883,188934
867883,190250
867883,191379
867883,195507
867883,196038
867883,198270
867883,199933
867883,204873
867883,205947
867883,205948
867883,206291
867883,212340
867883,213318
867883,214770
867883,214911
867883,220123
867883,221552
867883,222348
867883,222775
867883,224380
867883,225243
867883,227577
867883,230614
867883,230616
867883,230617
867883,240263
867883,241068
867883,241988
867883,242945
867883,243911
867883,247071
867883,247887
867883,248340
867883,254328
867883,255380
867883,255643
867883,256242
867883,257603
867883,258790
867883,260604
867883,260978
867883,261926
867883,264699
867883,265985
867883,270028
867883,272438
867883,273134
867883,274605
867883,275373
867883,276419
867883,276796
867883,277659
867883,279311
867883,280095
867883,284368
867883,285795
867883,290544
867883,291041
867883,295427
867883,296014
867883,296016
867883,296021
867883,297677
867883,301584
867883,310658
867883,310883
867883,311811
867883,314748
867883,317295
867883,318649
867883,320561
867883,321727
867883,322406
867883,323070
867883,323357
867883,323582
867883,323885
867883,324512
867883,324829
867883,331508
867883,331913
867883,333353
867883,333357
867883,333556
867883,335568
867883,335921
867883,338202
867883,339780
867883,340151
867883,342549
867883,345672
867883,349848
867883,351543
867883,352014
867883,353567
867883,355102
867883,355787
867883,356938
867883,358461
867883,358625
867883,358854
867883,358913
867883,359130
867883,360310
867883,361836
867883,362095
867883,364140
867883,366047
867883,366055
867883,366458
867883,366461
867883,370096
867883,370099
867883,374752
868110,239943
868283,55020
868283,86430
868283,90949
868283,117721
868283,118824
868283,206604
868283,240010
868528,25092
868528,240086
869081,240265
869664,240435
869836,240478
870008,31968
870008,91257
870008,158597
870008,209294
870008,216562
870337,101833
870337,240621
870337,386055
870496,46413
870496,50651
870496,54808
870496,61139
870496,158706
870496,235256
870496,240665
870663,240716
870808,104149
870808,240763
871101,21494
872579,14492
872579,204227
872579,241263
872579,244468
872579,271229
872597,241265
872725,2261
872725,91528
872725,217826
872725,351120
872775,65960
873604,241543
874322,49410
874322,238248
874824,150600
874824,225966
874824,241961
874834,241966
875571,987
875620,987
875620,47050
875620,110446
875620,176479
875620,180551
875620,233640
875620,242219
875620,255813
875620,274650
875620,345100
875620,352365
875620,398560
876003,143975
876010,242333
876323,145041
876323,226607
876323,242428
876336,15870
876336,160722
876414,138389
876414,174222
877572,50766
877801,125197
877801,201816
877801,227399
877956,55095
877956,242068
877956,242069
877956,242949
877956,390369
878096,987
878362,243049
879341,49320
879341,243364
879494,243403
879573,243422
881389,233614
881389,240343
881389,244009
881509,148924
881509,183378
881509,244040
881932,244178
882439,155960
882439,214198
882856,244454
883525,132520
883525,244627
883525,260473
883525,276862
883525,312361
883657,39397
883657,158316
883657,160652
885011,3810
885011,31655
885011,66791
885011,136459
885011,147730
885011,164828
885011,213905
885212,146219
885218,146219
886300,245473
886984,44036
886984,158413
886984,189279
886984,223138
887853,987
888209,246054
888624,987
888624,30587
888624,37953
888624,127215
888656,100314
888656,100315
888656,100320
888656,246199
890153,166378
890153,246660
890422,22582
890422,246754
891853,182324
891853,247182
892095,247247
892451,188086
892451,261593
892612,3678
892612,42478
894205,247862
894205,272297
894205,332627
895022,151228
895022,189275
895022,248122
895022,357060
895187,248176
895326,30552
895326,81406
895932,47807
895932,99944
895932,211680
896923,248744
897594,248949
897821,152784
897821,152785
897821,219678
897821,249011
898205,249143
898340,249178
900345,987
900345,19456
900345,21656
900345,37165
900345,47972
900345,106477
900345,109720
900345,157436
900345,158196
900345,171931
900345,224482
900345,249808
900345,342260
900345,364668
901008,250016
901321,250124
901807,192559
902451,250403
902508,170391
902508,250419
903040,250589
904041,56343
904041,60142
904041,168335
904041,168341
904041,250897
905185,251228
905433,20950
906293,987
906293,46982
906293,62331
906293,121594
906451,251625
906500,55825
907638,252004
908325,252192
908833,203221
908833,252364
908966,252397
909640,17919
909640,28380
909640,35884
909640,41807
909640,76749
909640,89591
909640,90385
909640,107724
909640,111835
909640,181043
909640,183057
909640,222885
909640,230586
909640,252613
909640,261347
909640,264091
909640,276353
909640,310821
909640,332398
909640,334175
909640,341340
910124,200726
910191,225631
910191,252782
912018,253337
912127,987
912127,47206
912127,239870
912158,218192
912158,235404
912394,150048
912394,253485
913090,26086
913090,129399
913090,253698
913504,4993
913653,253863
913808,36788
913808,61442
913808,86178
913808,137079
913808,181116
913808,181120
913808,181720
913808,253918
913808,258251
913995,56536
913995,102938
913995,204745
913995,253977
914135,254024
914229,105686
914229,133464
914229,254046
914252,987
914474,855
914474,237235
914886,254268
915671,39033
915671,39042
915671,98293
915671,243937
915671,254504
916534,206945
916534,254758
916541,112103
916541,254767
916541,369740
916670,254807
917169,28920
917169,254948
917187,84979
917187,190860
917187,247528
917300,26374
917300,79238
917300,108778
917300,222088
917300,254988
917806,987
917806,2908
917806,5996
917806,14419
917806,15072
917806,20100
917806,21915
917806,22179
917806,29236
917806,31234
917806,40606
917806,45874
917806,45880
917806,48156
917806,49159
917806,57925
917806,59084
917806,60379
917806,64498
917806,85656
917806,87627
917806,92743
917806,95699
917806,96073
917806,97898
917806,100462
917806,110104
917806,132508
917806,134564
917806,144541
917806,145980
917806,146368
917806,151406
917806,164965
917806,174098
917806,178375
917806,190148
917806,199799
917806,216244
917806,218847
917806,225768
917806,229658
917806,233500
917806,237609
917806,241124
917806,248468
917806,250876
917806,251287
917806,255159
917806,257682
917806,270120
917806,276791
917806,279288
917806,294116
917806,306872
917806,310050
917806,316225
917806,317852
917806,328793
917806,337718
917806,353307
917806,361736
917806,363753
917806,364781
917806,365218
917806,369136
917806,375100
918323,28169
918323,255324
918897,47807
918897,151390
918897,246938
919004,255529
919004,301839
920423,255961
920769,19005
920769,152718
920769,233886
920769,248367
920769,256073
920790,987
920790,134403
920790,175657
920790,256080
921493,45064
921493,107326
921493,246653
922599,112542
922684,256647
923289,256857
923521,131312
924214,257115
924580,257239
924850,48741
924850,49694
924850,147712
924850,162993
924850,163791
924850,179868
924850,185808
924850,219533
924850,232794
924950,257375
926020,247150
926020,257719
926532,257879
927528,237701
927528,258187
928000,86540
928000,103325
928000,139779
928000,203951
928000,258320
928120,246750
928120,258346
928152,987
928422,258420
930650,225104
930650,259038
930913,180417
930913,259126
931141,48026
931141,85031
931141,102292
931141,132450
931141,139445
931141,158735
931141,259191
932237,259524
932432,108022
932432,259565
932740,987
932740,1064
932740,1108
932740,1539
932740,6068
932740,7438
932740,9203
932740,9977
932740,11408
932740,14965
932740,21109
932740,23076
932740,23303
932740,29529
932740,31412
932740,33857
932740,36516
932740,37471
932740,37623
932740,40414
932740,41533
932740,45393
932740,46574
932740,47488
932740,52319
932740,52981
932740,55131
932740,55137
932740,58834
932740,60933
932740,63778
932740,67769
932740,68073
932740,69943
932740,69946
932740,71011
932740,77658
932740,78921
932740,80883
932740,80961
932740,81157
932740,81769
932740,81801
932740,83650
932740,83655
932740,84760
932740,85087
932740,85786
932740,86421
932740,88196
932740,89423
932740,89783
932740,90581
932740,93166
932740,95312
932740,97452
932740,97769
932740,100779
932740,100782
932740,101193
932740,102051
932740,107038
932740,108230
932740,109482
932740,118518
932740,118522
932740,118979
932740,122098
932740,122873
932740,124381
932740,126172
932740,128262
932740,128851
932740,129693
932740,130078
932740,131453
932740,132724
932740,132835
932740,133467
932740,133977
932740,139801
932740,140845
932740,141072
932740,141538
932740,141780
932740,142323
932740,143195
932740,143538
932740,146470
932740,148371
932740,148399
932740,150168
932740,152406
932740,152417
932740,152452
932740,152573
932740,156733
932740,158917
932740,159751
932740,160000
932740,160005
932740,160317
932740,161125
932740,163097
932740,164638
932740,165846
932740,166527
932740,167930
932740,171272
932740,171955
932740,172464
932740,172474
932740,180253
932740,181500
932740,181505
932740,182501
932740,183412
932740,184146
932740,185012
932740,185065
932740,185728
932740,187579
932740,188117
932740,188833
932740,189834
932740,191829
932740,197223
932740,197224
932740,198434
932740,198802
932740,199218
932740,199747
932740,201443
932740,201445
932740,201740
932740,202020
932740,202204
932740,202461
932740,204553
932740,205963
932740,206286
932740,206520
932740,206781
932740,207219
932740,211213
932740,212631
932740,214846
932740,217380
932740,217385
932740,219232
932740,219235
932740,219866
932740,220283
932740,221177
932740,221611
932740,222374
932740,223196
932740,225487
932740,225693
932740,226330
932740,226957
932740,231175
932740,231347
932740,234277
932740,234312
932740,235695
932740,237058
932740,237404
932740,240062
932740,242996
932740,246120
932740,248595
932740,248887
932740,250875
932740,250989
932740,252726
932740,252865
932740,253787
932740,254703
932740,255991
932740,258232
932740,258373
932740,259649
932740,261610
932740,262728
932740,264313
932740,265330
932740,266065
932740,266665
932740,267137
932740,267300
932740,268500
932740,269265
932740,271246
932740,274186
932740,274611
932740,275169
932740,275526
932740,276143
932740,279501
932740,280168
932740,282754
932740,284328
932740,284770
932740,286413
932740,286784
932740,289214
932740,290640
932740,290892
932740,291848
932740,292588
932740,292744
932740,294476
932740,295156
932740,296328
932740,296434
932740,296635
932740,296958
932740,297601
932740,298014
932740,298891
932740,299748
932740,300006
932740,300097
932740,302344
932740,304015
932740,304821
932740,304825
932740,305308
932740,306274
932740,306889
932740,308211
932740,308970
932740,309326
932740,310207
932740,310450
932740,310914
932740,313011
932740,313183
932740,315890
932740,316074
932740,319330
932740,325545
932740,325927
932740,326084
932740,326995
932740,327781
932740,328340
932740,328378
932740,328381
932740,329100
932740,330089
932740,331436
932740,332139
932740,333395
932740,335047
932740,337202
932740,339340
932740,339748
932740,339985
932740,340189
932740,340928
932740,342110
932740,344661
932740,345367
932740,345576
932740,349850
932740,350041
932740,350417
932740,350909
932740,353073
932740,353907
932740,354099
932740,354315
932740,355183
932740,356274
932740,356968
932740,357577
932740,358577
932740,363616
932740,365001
932740,365968
932740,366170
932740,367256
932740,367904
932740,368452
932740,368998
932740,369005
932740,369282
932740,369378
932740,370605
932740,370799
932740,372059
932740,372340
932740,372937
932740,378042
932740,391382
932740,395732
932740,397032
932740,397512
932740,398817
932740,399034
932740,399589
933456,70724
933456,120215
933456,259868
933699,59785
933724,259950
933724,259953
934179,260069
934408,6085
934408,260143
934544,174133
935080,260324
935614,260493
936682,36227
936682,57288
936682,108776
936682,162633
936682,168710
936682,196857
936682,238798
936682,239689
936682,271866
936682,274875
936682,333412
936682,342204
937764,103149
937764,238889
939105,5116
939772,261696
940151,36757
940151,261807
940151,278070
940626,118299
940626,131000
941463,16772
941463,30880
941463,41914
941463,41920
941463,41925
941463,41928
941463,41986
941463,48791
941463,114666
941463,157963
941463,176005
941463,262165
941463,262173
941463,302848
941788,262271
942587,213011
942587,262505
942714,159260
942714,260868
942714,262533
943021,171247
943021,216497
943274,83840
943274,260838
943274,260841
943274,260844
943274,261861
943274,262676
943522,11591
943522,185832
943522,193693
943522,262746
943522,262751
943649,34548
943649,64049
943649,105584
943649,189589
943649,246950
943821,262839
944013,262886
944013,262891
944090,987
944727,21167
944727,263091
944727,331071
945283,1293
945283,46731
945283,51790
945283,78630
945283,78638
945283,196040
945283,207043
945283,230523
945283,248876
946101,263497
946173,263525
946173,276586
946845,987
946877,263753
946921,263768
946983,263799
947158,19567
947158,51197
947158,71767
947158,84857
947158,100778
947158,100933
947158,132894
947158,153818
947158,175322
947158,175342
947158,224335
947158,263844
947158,270630
947273,987
947564,253074
947564,263976
948054,264111
948948,71186
948948,264361
949200,80622
949200,120171
949787,264611
949895,47566
949895,71267
949895,76913
949895,149468
949895,149471
949895,159922
949895,179326
949895,198152
949895,198585
949895,238809
949895,264646
950189,264728
950894,264957
951031,39786
951031,52883
951031,94608
951031,119552
951031,143366
951031,216095
951031,245744
951785,45819
951785,248221
951785,265173
952428,145918
952821,20110
953079,63251
953079,87032
953079,239981
953079,255286
953079,265540
953218,265582
953707,137463
953707,265714
953950,265785
954220,153873
954220,171766
954240,100938
954240,144121
954240,151389
954240,220644
954240,246610
954532,265905
954666,26682
954666,265941
955074,227845
955074,266070
955597,266235
955599,227741
955619,143448
955619,266248
956071,266379
956542,140429
956542,266519
956542,334822
956610,72547
956610,266543
956884,203788
956884,259796
956884,265453
956884,266620
957346,266768
957899,29311
957899,30315
957899,35090
957899,51460
957899,51472
957899,59882
957899,62289
957899,73699
957899,110199
957899,115315
957899,141322
957899,153976
957899,156209
957899,168935
957899,217412
957899,261089
958618,6813
958618,9463
958618,68115
958618,79343
958618,153494
958618,267134
958915,267237
958968,267254
959032,253565
960226,12326
960226,123291
960226,189066
960787,18868
960787,28787
960787,267793
962154,987
962154,6317
962154,6652
962154,6919
962154,11665
962154,15830
962154,21797
962154,22804
962154,26395
962154,42605
962154,44200
962154,45987
962154,46866
962154,47674
962154,48892
962154,48951
962154,55616
962154,66017
962154,69346
962154,71763
962154,79890
962154,81168
962154,82069
962154,83345
962154,85993
962154,91101
962154,100279
962154,101721
962154,103062
962154,107077
962154,110446
962154,113104
962154,116042
962154,116054
962154,117002
962154,121523
962154,126717
962154,128509
962154,128999
962154,129383
962154,129390
962154,129852
962154,130938
962154,131533
962154,131554
962154,131714
962154,132117
962154,133215
962154,134278
962154,135789
962154,136986
962154,141697
962154,145090
962154,145582
962154,150909
962154,150910
962154,161045
962154,174994
962154,178883
962154,179250
962154,180551
962154,180742
962154,181052
962154,181055
962154,183910
962154,186520
962154,191431
962154,192269
962154,195317
962154,199694
962154,204335
962154,211624
962154,214711
962154,216570
962154,219438
962154,222251
962154,223399
962154,229042
962154,229522
962154,231426
962154,231695
962154,238897
962154,239736
962154,240424
962154,241113
962154,241493
962154,246015
962154,246867
962154,252212
962154,255383
962154,255410
962154,255562
962154,258286
962154,263578
962154,268193
962154,275383
962154,276264
962154,281520
962154,283677
962154,285422
962154,285995
962154,286495
962154,287194
962154,290798
962154,292160
962154,293039
962154,294082
962154,294200
962154,296900
962154,299874
962154,299936
962154,303690
962154,304304
962154,306866
962154,310295
962154,311211
962154,311213
962154,316403
962154,316515
962154,317113
962154,317114
962154,317266
962154,322340
962154,323718
962154,325190
962154,327837
962154,332163
962154,332547
962154,333768
962154,337056
962154,342147
962154,343967
962154,346730
962154,347452
962154,348229
962154,349268
962154,351846
962154,352263
962154,352743
962154,357755
962154,359023
962154,363172
962154,365631
962154,369447
962154,371781
962154,375310
962154,392770
962154,397730
962154,399823
962775,268359
963744,159411
963744,218079
963744,268635
964966,40874
964966,88280
965599,155226
965599,269193
965599,342419
965766,136380
965766,214543
965766,243843
965766,269236
966939,987
966939,269573
966939,320183
966956,116749
966956,250237
966956,269582
966995,269598
967040,269615
967801,269817
967894,269841
968243,148314
968498,38882
968498,222652
968498,270029
968746,270112
969142,270224
969535,270329
969535,400257
969827,23420
969827,61180
969827,81628
969827,106932
969827,108068
969827,115340
969827,203607
969827,270406
970496,2725
970496,11080
970496,21064
970496,23855
970496,136962
970496,189829
970496,270623
972348,97862
972348,216557
972348,364000
972514,1157
972514,109602
973023,68433
973023,271371
973053,202576
973053,271377
973351,271460
973369,223038
974449,271784
974449,271792
975323,69933
975323,174624
975323,181560
975897,272223
976486,272382
976604,272420
976604,357318
977141,54656
977141,71819
977141,101935
977141,125132
977141,132779
977141,176996
977141,315753
978030,244791
978312,165418
978312,224849
978312,272906
978664,987
979111,273165
979246,109215
979246,234773
979246,276642
979246,333220
981471,207947
981513,64951
981513,64952
981513,121113
981513,273806
982244,274015
982892,274227
983295,143140
984224,117074
984224,169149
984224,270249
984224,274659
984360,274688
984459,274729
985559,37085
985559,45605
985559,78457
985559,84419
985559,128917
985559,129676
985559,134253
985559,168881
985559,186078
985559,186084
985559,245819
985559,249171
985559,253347
985559,275041
985629,174642
985629,275065
986170,275213
986301,275258
986458,275318
987017,987
987017,137525
987017,267222
987232,275530
987424,146765
987425,146765
988969,81452
988969,276036
989001,36599
989138,29979
989138,128464
989138,137870
989138,276085
989162,204567
989162,276093
989189,276101
989502,57137
989502,65917
989502,67118
989502,70049
989502,96926
989502,189329
989502,232201
989502,232598
989502,276210
989561,276237
989998,987
989998,54799
989998,60114
989998,90246
989998,95467
989998,131575
989998,136027
989998,138295
989998,141400
989998,146378
989998,164563
989998,179031
989998,186840
989998,200329
989998,218393
989998,246859
989998,276369
989998,316436
990662,120366
990662,276556
991191,276706
991769,117638
994115,277484
994652,277620
995416,277844
997217,278342
997346,987
997346,97340
997346,153615
997346,219546
997346,228873
997346,252749
997346,278370
997699,278457
997754,157070
997754,198011
997754,251985
997754,278475
997786,987
997786,214934
997807,278491
998036,254032
998061,278576
999238,108794
999304,278931
999526,227466
999526,278993
999914,6557
1000892,213061
1001136,25601
1001136,279426
1001676,279592
1002698,279825
1002791,70681
1002791,111472
1002791,279859
1002809,183331
1003366,79714
1003366,279993
1003394,173726
1003394,280007
1003414,280012
1003417,253903
1004134,280207
1006332,122744
1006332,203231
1006332,280901
1006500,280948
1006504,987
1006504,183879
1006504,280946
1006521,280954
1006880,246514
1006880,279057
1007112,987
1007112,61384
1007112,70783
1007112,72914
1007112,97323
1007112,159639
1007112,201706
1007112,250609
1007319,281185
1007346,281195
1007550,249406
1007550,281251
1007587,281262
1008768,13364
1008768,181164
1008768,281610
1010335,282097
1010508,192577
1010508,282139
1010719,208004
1010719,282204
1010870,282243
1011491,162018
1011491,187146
1011525,63689
1011846,201347
1011846,212999
1012239,15793
1012239,46829
1012239,64870
1012239,127262
1012239,136004
1012239,136049
1012239,282601
1012239,282604
1012284,411
1012284,4460
1012284,155263
1012284,241221
1012284,273747
1012284,282618
1012962,282794
1013111,35090
1013111,62289
1013908,108568
1013908,157308
1013908,244019
1013908,283065
1013908,390956
1014086,239340
1014759,52194
1014759,249012
1014868,149523
1015059,22843
1015059,69616
1015059,99306
1015059,260328
1015059,283420
1015752,283610
1015927,9511
1015927,283651
1015969,144248
1015969,283665
1016043,91668
1016043,138994
1016043,218491
1016043,254140
1016043,283682
1017121,3743
1017295,284046
1017582,250406
1017582,284133
1017685,227549
1017685,284176
1017862,284243
1018225,284354
1018318,284368
1018612,229911
1018824,250121
1019178,76961
1019178,284556
1020532,198518
1020637,256990
1021331,180846
1021331,285201
1021503,280872
1021503,285237
1021992,106178
1022359,285460
1022359,285467
1023584,285826
1023785,987
1023785,120426
1023785,120427
1023785,151512
1023785,285870
1023785,300111
1023785,393724
1023814,253841
1024220,51209
1024220,80058
1024220,145472
1024220,163016
1024220,245672
1024220,254060
1024220,273163
1024220,283190
1024220,285999
1024859,286194
1025137,5893
1025137,45186
1025137,114038
1025137,186354
1025137,197572
1025137,251146
1025137,286282
1025616,987
1025616,53508
1025616,164524
1025616,286421
1025616,336272
1025616,338441
1025616,376493
1025798,286474
1026147,44967
1026147,49214
1026147,56169
1026147,164866
1026147,194076
1026147,203261
1026147,286557
1026147,332006
1026240,73655
1026854,286752
1027011,219671
1027011,320752
1027277,134383
1027277,181348
1027277,205429
1027277,218994
1027277,286849
1027937,287034
1028438,287186
1029028,54470
1029481,30620
1029611,284357
1029611,287557
1030119,190729
1030119,190733
1030119,190738
1030119,210621
1030171,287693
1030487,287780
1031388,31893
1031388,164157
1031916,81159
1031916,199417
1031916,288137
1033182,288470
1034491,288302
1034491,288305
1034491,288855
1034538,987
1034538,288870
1034782,131146
1034782,150226
1034782,288957
1035491,13577
1036754,162838
1036754,168678
1036984,36434
1036984,80164
1036984,127018
1036984,127992
1036984,174536
1036984,188576
1036984,248626
1036984,273415
1036984,273970
1036984,289525
1037186,289568
1037487,289635
1037819,99359
1037819,279434
1037819,279444
1037819,289726
1037836,289733
1037836,323309
1038738,987
1038738,289998
1038738,342084
1039210,290114
1039603,290253
1039614,68101
1039614,177380
1039614,290253
1040441,234057
1040441,240958
1040636,128430
1040737,290553
1041094,50740
1041094,57885
1041094,88205
1041094,90826
1041094,172001
1041094,209166
1041094,290655
1041368,290743
1041475,290774
1041789,290869
1041829,253799
1042600,164915
1042600,181876
1042984,987
1042984,7794
1042984,30872
1042984,108426
1043310,291277
1043367,291294
1043851,88538
1043851,291441
1043968,15181
1043968,25280
1043968,60646
1043968,79447
1043968,137128
1043968,196789
1043968,196790
1043968,212162
1044314,163603
1044446,220
1044446,3370
1044446,36038
1044446,38665
1044446,69635
1044446,121732
1044446,191899
1044446,225236
1044446,261180
1044446,268511
1044446,291616
1044446,294598
1044446,303958
1044446,353570
1044920,291762
1045567,252122
1045567,291959
1045659,291986
1045659,368103
1045888,987
1045888,212247
1045888,212249
1045888,240366
1045888,292057
1045898,292058
1046251,126594
1046251,142701
1046294,34379
1046294,107324
1046753,292305
1046797,292300
1048100,46003
1048100,252940
1048100,272673
1048871,223704
1048871,292845
1049050,184186
1049050,292893
1049131,17024
1049131,98135
1049457,102414
1049457,221464
1049457,230137
1049457,245741
1049457,275247
1049457,292984
1049478,30813
1049911,187559
1049911,218308
1049911,293134
1050782,293410
1051350,987
1051350,3331
1051350,5214
1051350,6215
1051350,7239
1051350,15332
1051350,15999
1051350,19361
1051350,31090
1051350,35073
1051350,45786
1051350,60065
1051350,60689
1051350,82375
1051350,85568
1051350,85942
1051350,89993
1051350,90560
1051350,93236
1051350,93450
1051350,96813
1051350,106660
1051350,107022
1051350,116900
1051350,119728
1051350,119730
1051350,126017
1051350,127068
1051350,127356
1051350,127444
1051350,127797
1051350,131701
1051350,132938
1051350,133021
1051350,133025
1051350,133950
1051350,134995
1051350,141047
1051350,143171
1051350,145328
1051350,151582
1051350,154310
1051350,158463
1051350,160335
1051350,182095
1051350,193107
1051350,202208
1051350,209641
1051350,217113
1051350,217756
1051350,231428
1051350,233433
1051350,237226
1051350,248690
1051350,267430
1051350,273354
1051350,291286
1051350,293551
1051350,293557
1051350,308008
1051350,311771
1051350,319077
1051350,321199
1051350,325337
1051350,325542
1051350,334044
1051350,340952
1051350,347168
1051350,351639
1051350,351975
1051350,362282
1051350,366622
1053182,86991
1053482,83722
1053482,115402
1053482,294189
1053823,193229
1053823,294300
1054172,294384
1054282,294413
1055295,294640
1055557,71823
1055656,162173
1055656,289067
1055656,294730
1055656,294733
1055809,78172
1055809,258434
1055809,270032
1055809,275156
1055809,294773
1056058,294824
1057299,135746
1057299,250751
1057299,295194
1057461,987
1057461,26281
1057461,145434
1057461,266122
1057527,295245
1058189,987
1058189,193631
1058189,223191
1059722,60899
1059722,127861
1059722,255395
1059722,295841
1059722,327059
1059722,339279
1059726,252131
1059726,295844
1060106,295945
1060380,257561
1060543,145438
1060543,208111
1060543,291255
1061214,296275
1061241,296283
1062219,987
1063328,987
1063396,296915
1063717,987
1063717,52442
1063717,59834
1063717,62934
1063717,76854
1063717,134213
1063717,136690
1063717,191593
1064112,186705
1064112,270246
1064112,297116
1065054,47112
1065441,297483
1065583,3810
1065680,297545
1065680,358411
1065695,162425
1065695,238062
1065695,297553
1067247,246268
1067247,297999
1067273,1790
1067273,146070
1067705,298127
1067926,298193
1067965,180174
1069184,285523
1069439,31649
1069552,102086
1069552,182896
1069552,298573
1069552,345470
1070800,7297
1070800,50289
1070800,200721
1071021,213467
1071021,240198
1071021,241146
1071021,260896
1071021,299022
1071486,299118
1071572,298831
1071572,299145
1071658,23727
1071658,34209
1071658,60303
1071658,69848
1071658,71355
1071658,107980
1071658,167052
1071658,257241
1071658,299171
1071674,299178
1071826,89428
1071826,150056
1071826,299219
1072217,299333
1072316,298984
1072316,299355
1072428,299394
1074146,299872
1074335,44499
1074335,58440
1074335,184433
1074335,251214
1074335,299915
1074335,327918
1074443,213292
1074443,258373
1075255,57578
1075888,300348
1076092,214512
1076092,221337
1076092,227929
1076092,300402
1076188,174384
1076289,237404
1076289,300456
1076306,268693
1076306,300459
1076329,300466
1076509,300516
1077095,300682
1077170,300697
1077286,300713
1077447,144802
1077447,300749
1078074,300929
1078797,79613
1078797,102040
1078797,121875
1078797,211614
1078797,255757
1078797,286550
1078797,301133
1078797,301135
1078797,328701
1078797,332986
1078797,357830
1079146,301219
1079281,133884
1079281,145971
1079281,176190
1079281,226018
1079281,301261
1079494,301333
1079849,279866
1079849,301438
1079932,301460
1080633,122496
1080633,301645
1081438,44958
1081438,116090
1081773,141279
1082310,118213
1082310,302122
1083325,110680
1083325,169422
1083325,195742
1083325,235834
1083325,302428
1084130,130045
1084130,302607
1084157,18851
1084157,81867
1084157,81873
1084157,95688
1084157,116798
1084157,132717
1084157,251117
1084157,252974
1084157,296973
1084428,302702
1085050,243053
1085050,260271
1085050,302883
1085690,295229
1085690,303075
1085883,303111
1086659,74989
1086659,303348
1086771,303384
1086779,130988
1086779,169783
1086779,187832
1086779,303387
1086806,296632
1086806,303396
1086930,4906
1086930,13423
1086930,47674
1086930,122792
1086930,133186
1086930,173948
1086930,184433
1086930,287581
1087129,303488
1087917,183945
1088058,125142
1088058,137777
1088058,148832
1088058,160774
1088058,181398
1088058,267297
1088058,275917
1088058,300361
1088058,303770
1088264,303823
1088264,323572
1088634,10438
1088634,70483
1088634,71281
1088634,71289
1088634,81068
1088634,303929
1089248,304104
1089518,304177
1090008,41331
1090008,68306
1090008,73733
1090008,89410
1090008,96310
1090008,111182
1090008,138321
1090008,143192
1090008,154456
1090008,161259
1090008,181272
1090008,191429
1090008,231891
1090008,244142
1090008,272636
1090008,286404
1090008,310787
1090008,311278
1090008,350538
1090008,361377
1090008,396171
1090008,401001
1090428,304456
1090470,56157
1090470,133758
1090470,133762
1090470,182024
1090470,187827
1090470,212876
1090470,239042
1090470,241308
1090470,304477
1090470,320361
1090470,356463
1090548,304498
1090870,304603
1091095,304679
1091328,304746
1091422,987
1091422,25133
1091422,54935
1091422,304772
1092125,224515
1092138,126644
1092138,224515
1092419,118032
1092419,305040
1092702,305125
1093020,305204
1093127,232318
1093328,132426
1093328,260278
1093328,305284
1093409,305301
1093672,305388
1093676,305389
1093797,10866
1093797,66098
1093797,72991
1093797,78358
1093797,78368
1093797,82638
1093797,181934
1093797,253244
1093797,305406
1093797,305417
1094582,305647
1095002,305776
1095099,54102
1095099,161319
1095099,305805
1096340,306170
1096416,24960
1096427,89585
1096427,115145
1096427,153612
1096427,185930
1096427,265082
1096427,301123
1096874,226007
1097301,306451
1098129,987
1098129,14459
1098129,18202
1098129,58118
1098129,166029
1098129,167557
1098129,172101
1098129,185874
1098129,190645
1098129,199999
1098129,210489
1098129,221035
1098129,223501
1098129,253490
1098129,273399
1098129,284637
1098129,290247
1098129,299947
1098129,300711
1098129,306696
1098129,309476
1098129,310904
1098129,315842
1098129,323306
1098129,323413
1098129,323827
1098129,324897
1098129,344161
1098129,361400
1098129,369628
1098193,987
1098193,241838
1098193,272296
1098193,306713
1098193,317656
1098193,342354
1098193,388753
1099140,306985
1099158,118076
1099158,198628
1099158,280391
1099158,306985
1099342,987
1099342,228934
1099548,282346
1099548,307105
1099683,28380
1099683,204597
1099683,205733
1099683,280417
1099683,307142
1099841,307171
1100340,24471
1100340,82741
1100340,106456
1100340,136780
1100340,159537
1100340,175645
1100340,295752
1100340,307301
1100737,73126
1100737,307424
1100837,45993
1100837,49550
1100837,160166
1100837,160171
1100837,202482
1101420,58856
1101420,223655
1101420,290828
1101421,85820
1101421,108246
1101421,223655
1101512,307645
1102008,307788
1102013,307793
1102547,307948
1102828,987
1102828,14956
1102885,11162
1102885,28527
1102885,308022
1103351,49832
1103351,87080
1103351,152855
1103351,210415
1103351,279255
1103789,987
1103789,16248
1103789,19604
1103789,27440
1103789,27900
1103789,32684
1103789,35090
1103789,43439
1103789,50614
1103789,58213
1103789,60264
1103789,83517
1103789,92627
1103789,104938
1103789,106813
1103789,109976
1103789,114490
1103789,135354
1103789,146248
1103789,147673
1103789,159527
1103789,164513
1103789,168660
1103789,170706
1103789,174118
1103789,179867
1103789,194997
1103789,215334
1103789,224096
1103789,234249
1103789,237641
1103789,249914
1103789,252367
1103789,264414
1103789,268621
1103789,274395
1103789,293374
1103789,294043
1103789,296337
1103789,298960
1103789,300756
1103789,302259
1103789,308282
1103789,308483
1103789,319541
1103789,334726
1103789,338194
1103789,342343
1103789,345271
1103789,356366
1103789,356373
1103789,359273
1103789,382058
1103789,394159
1103934,308331
1104004,143784
1104004,261016
1104004,272477
1104004,308354
1105949,194913
1105949,240851
1105949,278093
1105949,308925
1107606,16247
1107671,22118
1107671,32283
1107671,64299
1107671,116489
1107671,309398
1107671,375459
1107725,247994
1107725,277859
1107731,247994
1108643,987
1108643,224113
1108643,306714
1108643,309667
1108929,309732
1109222,139706
1109222,158757
1109599,8824
1109599,11104
1109599,17553
1109599,20391
1109599,29901
1109599,38830
1109599,39504
1109599,41218
1109599,42180
1109599,51599
1109599,54596
1109599,62476
1109599,63960
1109599,79093
1109599,95772
1109599,100769
1109599,107308
1109599,108135
1109599,116567
1109599,120102
1109599,130475
1109599,145364
1109599,146568
1109599,164042
1109599,186022
1109599,194119
1109599,199216
1109599,200104
1109599,201234
1109599,222770
1109599,227436
1109599,234856
1109599,242796
1109599,244577
1109599,248575
1109599,261192
1109599,273885
1109599,275870
1109599,295668
1109599,305272
1109599,309914
1109599,316462
1109599,319728
1109599,320294
1109599,321064
1109599,327376
1109599,340071
1109599,343639
1109599,368819
1109599,375501
1109599,379809
1109745,150134
1109745,231006
1109878,309986
1109999,304803
1110148,118291
1110148,186456
1110148,273615
1110148,273616
1110148,273806
1110252,3052
1110796,247969
1111609,306075
1112110,95421
1112110,310581
1112652,310740
1112881,310805
1112928,310827
1113057,310863
1113937,311142
1113995,23420
1113995,39820
1113995,40680
1113995,61180
1113995,69285
1113995,73270
1113995,81628
1113995,103073
1113995,106932
1113995,108068
1113995,115056
1113995,133472
1113995,148177
1113995,159748
1113995,174597
1113995,197132
1113995,198493
1113995,201557
1113995,223814
1113995,231626
1113995,233004
1113995,239279
1113995,243377
1113995,254028
1113995,264192
1113995,270406
1113995,280895
1113995,287782
1113995,293411
1113995,298039
1113995,299613
1113995,307111
1113995,311162
1113995,322656
1113995,332500
1113995,339167
1113995,340455
1113995,341304
1113995,366898
1113995,369164
1113995,382306
1114813,311385
1114819,45994
1114819,46000
1114819,78657
1114819,123764
1114819,126495
1114819,126676
1114819,129237
1114819,144133
1114819,148147
1114819,160459
1114819,171965
1114819,183131
1114819,190407
1114819,197829
1114819,211202
1114819,223770
1114819,255149
1114819,258366
1114819,282435
1114819,292110
1114819,295122
1114819,296158
1114819,298714
1114819,307705
1114819,310550
1114819,311386
1114819,312778
1114819,324213
1114819,333115
1114819,336302
1114819,395098
1115222,258487
1115222,264169
1115222,311525
1115827,287976
1116478,291413
1116478,291415
1116478,309294
1116478,311906
1116517,987
1116517,219459
1117116,312075
1117399,76667
1117399,111186
1117399,132511
1117399,164855
1117399,178315
1117399,181389
1117399,190570
1117399,195271
1117399,206269
1117399,211284
1117399,216770
1117399,258555
1117399,266759
1117399,268894
1117399,365882
1117399,387988
1117749,312278
1118052,51369
1118052,312359
1118202,312396
1118798,168638
1118798,312587
1119050,48251
1119050,73318
1120180,987
1120180,136539
1120485,292248
1120552,313116
1121375,313327
1121389,120272
1121389,313333
1121857,313460
1121871,313467
1122277,11744
1122277,42919
1122277,42924
1122277,66608
1122277,104058
1122277,150536
1122277,214931
1122277,214948
1122711,313704
1122885,234806
1122885,313756
1123462,98428
1123462,264915
1123462,313899
1124366,314135
1125403,48181
1125403,73781
1125403,314432
1125403,392396
1125591,25221
1125591,68162
1125937,81004
1125937,137100
1125937,162056
1125937,162068
1125937,229927
1125937,265274
1125937,312885
1125937,314584
1126013,202515
1126013,256862
1126253,86495
1126303,314663
1127181,117818
1127538,246029
1127538,311252
1127538,315047
1128244,315262
1128367,315297
1129460,315580
1129484,139158
1129484,151175
1129484,301163
1129484,305200
1129566,315615
1129781,25264
1129781,68624
1129781,217243
1129781,307607
1129781,315673
1131381,5402
1131381,316099
1131479,283135
1131479,316125
1132131,316287
1132253,316319
1132331,315241
1132393,987
1133041,246531
1133041,316490
1134037,316756
1134041,29886
1134041,51990
1134041,316758
1134098,316779
1134143,84024
1134143,200729
1134413,987
1134689,178075
1134689,221783
1134689,316942
1135090,99482
1135090,125576
1135090,180233
1135090,196722
1135090,287907
1135404,253513
1135473,241784
1135473,317178
1135614,4089
1135614,5866
1135614,23463
1135614,32394
1135614,32395
1135614,105189
1135614,167126
1135614,197835
1135614,317211
1135614,400976
1135781,987
1135781,98785
1135781,171670
1135781,210332
1135781,317267
1135857,987
1135857,101477
1135857,129612
1135857,188286
1135857,317281
1136118,138693
1136118,233867
1136118,240127
1136118,289339
1136869,317574
1137149,227462
1137149,317668
1137682,317811
1138279,231071
1138283,231071
1138283,242434
1138725,318080
1139316,318242
1139322,29268
1139322,42012
1139322,228630
1139678,79405
1139678,134246
1139678,169015
1139678,318348
1139791,318372
1139853,64885
1139853,318395
1140917,987
1140917,298040
1141221,27155
1141603,178354
1141603,287218
1141603,296573
1141603,318907
1142348,857
1142348,987
1142348,1352
1142348,2811
1142348,4380
1142348,4768
1142348,6690
1142348,8547
1142348,8989
1142348,9523
1142348,9997
1142348,13453
1142348,14095
1142348,14933
1142348,14972
1142348,16993
1142348,19439
1142348,20380
1142348,21384
1142348,21390
1142348,21444
1142348,21473
1142348,21499
1142348,23035
1142348,24347
1142348,24845
1142348,24899
1142348,28583
1142348,28779
1142348,29048
1142348,33488
1142348,34972
1142348,37614
1142348,40210
1142348,41213
1142348,42382
1142348,44021
1142348,44557
1142348,44694
1142348,45161
1142348,46143
1142348,49523
1142348,49644
1142348,49707
1142348,50501
1142348,52204
1142348,53768
1142348,56913
1142348,57394
1142348,57578
1142348,58341
1142348,59060
1142348,60907
1142348,63763
1142348,67380
1142348,68391
1142348,68792
1142348,68961
1142348,71072
1142348,71344
1142348,72303
1142348,72744
1142348,76370
1142348,77392
1142348,77723
1142348,80443
1142348,84974
1142348,87812
1142348,87823
1142348,91914
1142348,92251
1142348,93660
1142348,95806
1142348,96398
1142348,97825
1142348,97829
1142348,102252
1142348,102745
1142348,102837
1142348,102942
1142348,103126
1142348,103324
1142348,103573
1142348,104131
1142348,104418
1142348,106836
1142348,108036
1142348,111752
1142348,118009
1142348,118751
1142348,118808
1142348,118968
1142348,120407
1142348,120856
1142348,121736
1142348,122037
1142348,122040
1142348,123513
1142348,124339
1142348,131348
1142348,131713
1142348,132131
1142348,132900
1142348,136008
1142348,137326
1142348,138593
1142348,138615
1142348,139365
1142348,139449
1142348,142049
1142348,143450
1142348,143504
1142348,143605
1142348,147423
1142348,152593
1142348,155226
1142348,155553
1142348,155556
1142348,163299
1142348,163764
1142348,166364
1142348,167292
1142348,168475
1142348,172069
1142348,173294
1142348,174123
1142348,175047
1142348,176966
1142348,180661
1142348,180960
1142348,185740
1142348,185764
1142348,185767
1142348,190358
1142348,191344
1142348,191648
1142348,192824
1142348,192948
1142348,195078
1142348,197880
1142348,198379
1142348,198873
1142348,199052
1142348,199152
1142348,200156
1142348,201863
1142348,203547
1142348,204098
1142348,207812
1142348,209725
1142348,210393
1142348,212255
1142348,217769
1142348,218148
1142348,219025
1142348,219614
1142348,220666
1142348,223596
1142348,224383
1142348,225064
1142348,226950
1142348,229204
1142348,238826
1142348,240089
1142348,244345
1142348,244751
1142348,245040
1142348,248401
1142348,249075
1142348,254644
1142348,254649
1142348,254747
1142348,255747
1142348,256714
1142348,258151
1142348,261964
1142348,263025
1142348,263058
1142348,264485
1142348,265089
1142348,265865
1142348,265876
1142348,266436
1142348,267574
1142348,273357
1142348,276325
1142348,277831
1142348,278056
1142348,285042
1142348,288450
1142348,289990
1142348,290604
1142348,292516
1142348,298140
1142348,298482
1142348,300031
1142348,300276
1142348,300899
1142348,302420
1142348,302585
1142348,308273
1142348,308971
1142348,309172
1142348,309372
1142348,310230
1142348,312281
1142348,315134
1142348,316697
1142348,316859
1142348,319082
1142348,319129
1142348,322136
1142348,322510
1142348,322804
1142348,325371
1142348,326684
1142348,327473
1142348,330060
1142348,333698
1142348,333980
1142348,333984
1142348,336497
1142348,336924
1142348,340437
1142348,344860
1142348,344903
1142348,348857
1142348,350605
1142348,352091
1142348,352566
1142348,360835
1142348,363759
1142348,363970
1142348,367738
1142348,369144
1142348,369317
1142348,369481
1142348,370536
1142348,370903
1142348,371319
1142348,395200
1142525,7225
1142525,255362
1142560,70609
1142560,248889
1142739,319210
1142945,319271
1143205,110542
1143205,148483
1143205,148485
1143205,174327
1143498,311336
1143498,319439
1143893,14856
1144548,319695
1144684,61018
1145084,137091
1145084,319851
1145084,365248
1145427,75104
1145427,319930
1146179,298626
1146854,320342
1146999,187727
1146999,256758
1146999,302993
1146999,320388
1147597,191592
1147636,987
1147636,44644
1147636,93140
1147636,120271
1147636,150135
1147636,186969
1147636,317103
1148010,266167
1148010,320680
1148837,121755
1148837,320912
1149159,321012
1149288,221068
1150165,321266
1150206,267046
1150206,321285
1150242,202388
1150242,321293
1150372,3810
1150372,31655
1150372,130804
1150372,136772
1150372,213905
1150505,987
1150505,109505
1150505,144692
1150505,192513
1150505,303650
1150505,321375
1150505,364070
1150505,380659
1150581,321402
1150734,172006
1150734,223787
1150734,262456
1150734,286277
1150734,321453
1150734,373431
1151102,56493
1151102,73255
1151102,73992
1151102,80353
1151102,91722
1151102,134154
1151102,173039
1151102,183920
1151102,192065
1151102,193257
1151102,193272
1151102,207470
1151102,210603
1151102,235369
1151102,240948
1151102,243065
1151102,297892
1151102,305251
1151102,321550
1151102,381709
1151394,321647
1151582,18898
1151582,71868
1151582,208208
1151582,214750
1151582,222775
1151582,358495
1152673,206583
1153450,987
1153450,26487
1153450,37282
1153450,40027
1153450,67955
1153450,90352
1153450,93227
1153450,104698
1153450,113607
1153450,127570
1153450,166999
1153450,206566
1153450,214517
1153450,239426
1153450,264872
1153450,267953
1153450,271213
1153450,272988
1153450,294840
1153450,299741
1153450,306506
1153450,315140
1153450,315760
1153450,358346
1153450,365159
1153599,987
1154275,250842
1154275,322459
1154642,145049
1154642,322581
1154712,173205
1154712,322604
1155755,180714
1156172,323008
1156291,290064
1156291,323051
1156858,300200
1156858,311933
1156963,323241
1157597,198
1157597,59225
1157597,105992
1157597,233033
1157597,316972
1157597,323422
1157789,6016
1157789,48199
1157789,114382
1157789,132177
1157789,277536
1158390,987
1158390,8246
1158390,30566
1158390,33227
1158390,49832
1158390,53319
1158390,59561
1158390,63679
1158390,87679
1158390,105647
1158390,110190
1158390,123457
1158390,354811
1158390,362615
1159253,286325
1159253,286337
1159253,323881
1159544,323957
1159719,48490
1159719,138926
1159719,165327
1159719,324016
1159770,324029
1160158,146330
1160158,150946
1160158,213260
1160158,225992
1160158,296056
1160158,300403
1160158,324161
1160158,340641
1160158,392071
1160168,324166
1160348,25494
1160348,307705
1160348,324211
1160557,324266
1161052,45029
1161052,161374
1161052,324419
1161851,3759
1161851,12424
1161851,50438
1161851,52178
1161851,54804
1161851,57749
1161851,69438
1161851,71876
1161851,76374
1161851,98977
1161851,105746
1161851,114887
1161851,114889
1161851,119153
1161851,123899
1161851,131927
1161851,147773
1161851,160320
1161851,164989
1161851,167816
1161851,175036
1161851,180888
1161851,186079
1161851,186085
1161851,196857
1161851,202281
1161851,204955
1161851,222278
1161851,233047
1161851,253350
1161851,283890
1161851,306939
1161851,316669
1161851,321764
1161851,324649
1161851,332827
1161851,333205
1161851,340585
1161851,360266
1161851,369339
1161851,394864
1162019,324712
1162443,324827
1162539,322490
1162539,324857
1162811,91390
1163251,86235
1163251,104301
1163251,192066
1163251,200710
1163251,210608
1163251,218296
1163251,243065
1163251,297892
1163251,298598
1163251,325048
1163295,257778
1163295,325071
1164225,93865
1164225,272370
1164225,272373
1164225,284203
1164225,307248
1164225,325298
1164521,33073
1164521,46913
1164521,92460
1164521,107342
1164521,132289
1164521,136428
1164521,166125
1164521,177561
1164521,181104
1164521,215020
1164521,262328
1164521,280095
1164818,325470
1164899,987
1164899,25264
1164899,25601
1164899,84625
1164899,120686
1164899,179152
1164899,182251
1164899,195050
1164899,199857
1164899,253988
1164988,325519
1165028,47989
1165028,201468
1165028,219349
1165028,289783
1165069,987
1165069,32676
1165069,33957
1165069,38836
1165069,109240
1165069,126773
1165069,146592
1165069,180192
1165069,189325
1165069,286901
1165135,55882
1165135,105668
1165135,132364
1165135,224311
1165135,302760
1165205,25280
1165205,60646
1165395,1750
1165395,7813
1165395,12990
1165395,20932
1165395,20989
1165395,61948
1165395,61953
1165395,97121
1165395,115468
1165395,117818
1165395,294795
1165395,325632
1165553,146799
1165553,176212
1165553,325670
1165698,96532
1165698,325709
1165770,325728
1165931,12949
1165931,104922
1165931,149513
1165931,159100
1165931,186442
1165931,255705
1165931,265410
1165931,285529
1165931,294816
1165931,295322
1165931,325786
1165931,335196
1165934,325786
1166314,325890
1167183,28100
1167183,48989
1167183,96195
1167183,99631
1167183,130200
1167183,137320
1167183,156534
1167183,186143
1167183,208852
1167183,238887
1167183,326135
1167183,393308
1167605,987
1167605,235416
1167881,326340
1168065,206678
1168065,326387
1168889,117533
1168889,210937
1168889,326603
1168889,364228
1169044,236193
1169044,326645
1169209,326701
1169682,326798
1169731,987
1169731,11636
1169731,33540
1169731,34693
1169731,109975
1169731,114762
1169731,129123
1169731,142764
1169731,161536
1169731,169478
1169731,170990
1169731,170994
1169731,172021
1169731,185408
1169731,197055
1169731,266568
1169731,286425
1169731,291162
1169731,295805
1169731,314272
1169731,315060
1169731,317334
1169731,326813
1169731,367532
1169731,369928
1170201,18422
1170201,20247
1170201,43750
1170201,103176
1170201,295898
1170201,326936
1171108,327155
1171373,69661
1171373,176174
1171373,183007
1171373,217326
1171373,225465
1171373,327235
1171373,371294
1172420,987
1172420,26779
1172420,152092
1172420,152094
1172420,152095
1172420,257866
1172420,288151
1172420,327527
1172481,51803
1172481,244497
1172481,327549
1172709,987
1172709,105741
1172709,114199
1172709,123459
1172709,127933
1172709,128539
1172709,129130
1172709,196297
1172709,222473
1172709,246458
1172709,264957
1172709,284482
1172709,327637
1172709,359239
1172709,365445
1172740,133575
1172740,173165
1172740,310204
1172740,327647
1173302,21280
1173302,27390
1173302,35348
1173302,63520
1173302,64032
1173302,67695
1173302,81719
1173302,84014
1173302,104493
1173302,112072
1173302,119098
1173302,128910
1173302,138651
1173302,145479
1173302,148091
1173302,158315
1173302,165299
1173302,192989
1173302,253658
1173302,257158
1173302,302617
1173302,314992
1173302,327792
1173840,327931
1173841,327931
1173897,3043
1173897,35090
1173897,35142
1173897,193718
1173897,245934
1173897,259377
1173897,327948
1174184,143971
1174184,143972
1174184,156737
1174184,211863
1174184,328024
1174309,240614
1174309,240616
1174309,253833
1174491,114561
1174491,328110
1174604,228808
1174708,328177
1174762,9746
1174762,64113
1175264,20860
1175264,37093
1175264,177364
1175264,328289
1176061,987
1176061,294980
1176061,328433
1176061,328560
1176677,19717
1176677,36672
1176677,43130
1176677,58732
1176677,58913
1176677,128809
1176677,222102
1176677,247148
1176677,264970
1176677,328751
1177092,5295
1177092,14147
1177092,17678
1177092,100914
1177092,155228
1177092,212843
1177092,216633
1177092,225763
1177092,274553
1177092,302409
1177092,322229
1177264,328904
1177644,83121
1177644,86042
1177644,208510
1178667,329297
1179229,329473
1179523,329425
1179523,329558
1180252,103860
1180252,329765
1180345,987
1180345,242268
1180345,329798
1180347,238530
1180347,242268
1180347,320574
1180347,329798
1180426,329833
1181223,330078
1181334,330135
1181842,4716
1181842,11417
1181842,246480
1181842,279479
1181874,225426
1182076,330331
1182401,987
1182401,15484
1182401,15489
1182401,19017
1182401,122745
1182401,141934
1182401,145680
1182401,187432
1182401,193093
1182401,211587
1182401,228300
1182401,236976
1182401,239199
1182401,269552
1182401,299742
1182401,330416
1182401,343348
1182401,365940
1182401,373009
1183291,330668
1183596,137254
1183596,281248
1183596,330729
1183673,9419
1184678,987
1184678,5971
1184678,37147
1184678,70199
1184678,70743
1184678,79540
1184678,117272
1184678,118956
1184678,118957
1184678,118959
1184678,160757
1184678,178728
1184678,208015
1184678,223969
1184678,247426
1184678,283224
1184678,298798
1184678,298801
1184678,301365
1184678,306438
1184678,323869
1184678,331056
1184678,364989
1184678,384798
1184794,331088
1184955,119775
1184955,149971
1184955,190994
1184955,203655
1184955,331138
1184955,383725
1184997,331151
1185730,402
1185730,2293
1185730,18715
1185730,33151
1185730,82778
1185730,129948
1185730,195208
1185759,130467
1185872,799
1185872,805
1185872,13430
1185872,17657
1185872,21083
1185872,23527
1185872,27069
1185872,30620
1185872,34073
1185872,64852
1185872,71340
1185872,86217
1185872,88218
1185872,99969
1185872,110144
1185872,122614
1185872,129292
1185872,137490
1185872,143214
1185872,165366
1185872,183257
1185872,199909
1185872,217061
1185872,227891
1185872,259225
1185872,286513
1185872,288406
1185872,289431
1185872,311844
1185872,331387
1185872,385284
1186073,987
1186073,5005
1186073,6016
1186073,6677
1186073,9378
1186073,14550
1186073,18589
1186073,18590
1186073,19470
1186073,23109
1186073,26065
1186073,26207
1186073,28484
1186073,34811
1186073,35268
1186073,38382
1186073,42647
1186073,42657
1186073,43786
1186073,44807
1186073,44865
1186073,46130
1186073,46312
1186073,47219
1186073,48173
1186073,48199
1186073,49031
1186073,49086
1186073,51190
1186073,57606
1186073,62087
1186073,63494
1186073,64063
1186073,65075
1186073,73362
1186073,73861
1186073,75460
1186073,76726
1186073,78334
1186073,80265
1186073,80782
1186073,81130
1186073,81815
1186073,82436
1186073,82630
1186073,84486
1186073,84624
1186073,85737
1186073,86725
1186073,87340
1186073,88217
1186073,88626
1186073,88868
1186073,89489
1186073,92338
1186073,92448
1186073,93770
1186073,96310
1186073,96319
1186073,96325
1186073,97151
1186073,100080
1186073,100711
1186073,103320
1186073,106344
1186073,107583
1186073,107998
1186073,108617
1186073,111112
1186073,111436
1186073,112158
1186073,114267
1186073,118390
1186073,119429
1186073,119440
1186073,124834
1186073,127927
1186073,130395
1186073,132177
1186073,135896
1186073,137944
1186073,138817
1186073,141972
1186073,141976
1186073,142665
1186073,145024
1186073,145269
1186073,151626
1186073,152578
1186073,153105
1186073,154266
1186073,154624
1186073,156015
1186073,156450
1186073,157243
1186073,157593
1186073,158364
1186073,160425
1186073,164066
1186073,164575
1186073,164846
1186073,166639
1186073,168338
1186073,171793
1186073,174203
1186073,174231
1186073,174400
1186073,174955
1186073,175066
1186073,175166
1186073,175169
1186073,177292
1186073,177626
1186073,178208
1186073,180126
1186073,181228
1186073,181690
1186073,183227
1186073,184558
1186073,187874
1186073,188597
1186073,190251
1186073,190851
1186073,191340
1186073,193917
1186073,195625
1186073,199021
1186073,202414
1186073,205442
1186073,218577
1186073,218578
1186073,218883
1186073,223949
1186073,224286
1186073,231293
1186073,233412
1186073,234525
1186073,240324
1186073,241390
1186073,241391
1186073,241490
1186073,244773
1186073,247308
1186073,247359
1186073,248360
1186073,256421
1186073,259211
1186073,259382
1186073,261502
1186073,263043
1186073,264012
1186073,268065
1186073,271174
1186073,272155
1186073,272481
1186073,272784
1186073,273012
1186073,274556
1186073,277968
1186073,280420
1186073,282230
1186073,284774
1186073,285028
1186073,285094
1186073,291061
1186073,296261
1186073,296638
1186073,297702
1186073,307141
1186073,316812
1186073,317868
1186073,318210
1186073,318214
1186073,319036
1186073,319365
1186073,322888
1186073,326073
1186073,329291
1186073,333339
1186073,340986
1186073,344193
1186073,353699
1186073,360037
1186073,360583
1186073,366654
1186073,367130
1186073,367825
1186073,371735
1186073,371921
1186073,372372
1186073,377807
1186073,386119
1186123,112666
1186123,331453
1186123,331456
1186285,145221
1186285,146003
1186285,168944
1186285,172411
1186285,236095
1186285,331508
1186303,987
1186303,294106
1186327,294106
1186346,82767
1186346,199069
1186346,208569
1186346,210890
1186346,279914
1186346,331534
1186346,345422
1186346,365561
1186428,987
1186428,248098
1186428,250719
1186428,331060
1186428,331558
1187099,331722
1187433,168508
1187433,331812
1187566,111683
1187566,131638
1187566,172388
1187566,217272
1187566,217278
1187566,217283
1187566,328319
1187566,331843
1187642,987
1187642,18997
1187642,30813
1187642,79580
1187642,120109
1187642,126666
1187642,134331
1187642,197233
1187642,204654
1187642,211837
1187642,280589
1187655,168718
1187655,182472
1187655,182478
1187655,280589
1187655,286850
1187678,280589
1187819,33430
1187819,33431
1187819,33434
1187819,51936
1187819,51940
1187819,198242
1187819,198250
1187819,198251
1187819,264185
1187819,305017
1187819,331903
1188141,2645
1188141,155123
1188141,227167
1188141,331990
1188282,226273
1188282,293095
1188282,332025
1190066,98905
1190134,186641
1190134,210555
1190134,261984
1190134,332546
1190287,302488
1190287,332588
1190512,987
1190629,332687
1191385,94814
1191385,108100
1191385,332908
1191429,297345
1191429,332926
1191571,93400
1191571,126618
1191571,205672
1191571,234204
1191571,259596
1191571,332981
1191716,22046
1191716,56108
1191716,56112
1191716,185803
1191716,185805
1191716,185806
1191716,237720
1191716,272037
1191716,287619
1191716,323151
1191815,232011
1191815,333037
1192140,223130
1192563,245689
1192563,333251
1192563,353136
1192921,987
1192921,69042
1193195,119841
1193343,291360
1193462,1318
1193462,3767
1193462,17287
1193462,21199
1193462,22957
1193462,33482
1193462,44806
1193462,182886
1193462,193694
1193462,213549
1193462,244544
1193462,294804
1193462,307941
1193462,359247
1193668,333492
1193744,322480
1193904,333557
1194565,333740
1194878,49371
1194878,114329
1194878,126028
1194878,166868
1194878,218339
1195290,20057
1195290,30575
1195290,252569
1195981,123458
1195981,142781
1195981,202036
1196168,32414
1196168,256327
1196168,290621
1196168,334150
1196168,353342
1196335,62345
1196335,334203
1196403,70305
1196403,334225
1196673,118695
1196673,334311
1196782,334332
1196837,334346
1196847,334352
1196938,334400
1197106,334447
1197415,987
1197415,287030
1197415,299963
1197415,301242
1197415,301626
1197415,393278
1199003,308778
1199003,334987
1199355,335070
1199387,335088
1200459,137000
1200644,335500
1200934,335596
1200938,335596
1200967,31339
1200967,240711
1200967,318768
1201409,335743
1201635,335809
1201643,335809
1201933,335888
1202112,28389
1202112,35356
1202112,43336
1202112,53231
1202112,56868
1202112,79244
1202112,106544
1202112,135389
1202112,176199
1202112,239003
1202112,242793
1202112,284294
1202302,335999
1202800,147802
1202800,160660
1202800,185995
1202800,331026
1202831,336158
1202978,336211
1203235,336291
1203235,346116
1203277,209052
1203277,289123
1203277,336297
1203682,987
1203682,25162
1203682,143666
1203930,26907
1203930,40147
1203930,97981
1203930,115518
1203930,122567
1203930,198792
1203930,227632
1203930,240575
1203930,268470
1203930,336469
1204131,336486
1204525,336608
1204579,336625
1204589,336628
1204795,336683
1205261,1332
1205261,336832
1205393,172352
1205393,336871
1205426,987
1205426,18652
1205426,103014
1205426,133661
1205426,153225
1205426,171947
1205426,175424
1205426,215430
1205426,218240
1205426,227885
1205426,251518
1205426,285233
1205426,295276
1205426,305265
1205426,325343
1205426,325891
1205426,336881
1205426,350354
1205426,370123
1205672,188522
1205672,197849
1205672,206068
1205672,336953
1205779,71799
1205779,119307
1206139,337074
1206304,337124
1207318,337422
1207386,126214
1207450,987
1207450,337446
1207853,987
1208227,260721
1208292,987
1208292,246866
1208292,256119
1208544,214867
1208544,214870
1208544,258356
1208544,283583
1208623,12873
1208623,221124
1208623,285418
1208623,337744
1208952,40465
1208952,135889
1208952,168761
1208952,186362
1208952,187732
1208952,204549
1209361,16505
1209361,131066
1209361,142331
1209361,158060
1209361,304881
1209820,122408
1209820,338070
1209958,338112
1210612,312777
1210612,338292
1210809,31108
1210809,87164
1210809,98172
1210809,104077
1210842,101074
1210842,108604
1210842,338352
1210923,1048
1210923,8779
1210923,12238
1210923,12239
1210923,32676
1210923,45922
1210923,69716
1210923,72102
1210923,93519
1210923,97227
1210923,133843
1210923,162454
1210923,174081
1210923,174083
1210923,179590
1210923,216582
1210923,238902
1210923,253830
1210923,262189
1210923,262191
1210923,262198
1210923,312024
1210923,321789
1210923,332712
1210923,333516
1211117,157728
1211117,204314
1211117,280105
1211117,338420
1211121,157731
1211121,280105
1211121,338423
1211199,338449
1211365,126657
1211365,173518
1211365,195902
1211365,338514
1212322,125159
1212322,142797
1212322,142800
1212322,338782
1212504,338831
1212548,166150
1212548,313628
1212548,338846
1212797,34072
1212797,90930
1212797,282402
1212797,338906
1212798,1827
1212798,37463
1212798,143159
1212798,143163
1212798,165287
1212798,334460
1213215,59658
1213215,339020
1213235,5273
1213235,20391
1213235,26932
1213235,33968
1213235,41217
1213235,62475
1213235,70268
1213235,95771
1213235,95772
1213235,122768
1213235,213403
1213235,284986
1213235,296519
1213235,304291
1213235,304294
1213235,309254
1213235,339026
1213343,764
1213841,339157
1214254,339324
1214320,152322
1214320,233940
1214320,268370
1214320,321467
1214320,321924
1214320,339339
1214464,214996
1214612,252039
1214612,339425
1214677,219576
1214677,339437
1214907,76630
1214907,251576
1215210,339624
1215228,70529
1215228,120886
1215228,154846
1215228,339629
1215477,39100
1215477,174373
1215477,223764
1215477,305773
1215477,320038
1215477,339689
1215990,339809
1216421,298235
1216421,311127
1216421,333460
1216601,34729
1216808,73021
1216808,160041
1216808,217200
1216808,265609
1216808,278345
1216808,307370
1216808,311355
1216808,340022
1216980,335039
1216980,340069
1217146,987
1217146,1384
1217146,23612
1217146,45254
1217146,61472
1217146,72417
1217146,75758
1217146,111352
1217146,111572
1217146,121863
1217146,135531
1217146,150139
1217146,160509
1217146,236621
1217146,266123
1217146,277275
1217146,322287
1217146,340105
1217305,340159
1217348,114168
1217349,215277
1217349,231810
1217367,35531
1217367,167583
1217367,340173
1217467,32703
1217467,93860
1217467,101718
1217467,228253
1217467,241625
1217467,291463
1217657,340252
1218330,340417
1218385,225152
1218385,254743
1218385,340435
1218385,340442
1218390,142447
1218390,151206
1218390,159602
1218390,199162
1218390,237675
1218390,254744
1218390,259216
1218390,335504
1218390,340445
1218748,340525
1219182,71237
1219182,81641
1219182,171138
1219182,198563
1219182,260963
1219182,315038
1219182,340665
1219182,345963
1219433,340727
1219769,116288
1219769,163915
1219769,340814
1219769,361189
1219846,37683
1219846,97873
1219846,122638
1219846,205931
1219846,206131
1219846,243244
1219846,311134
1219846,340833
1220327,116077
1220327,138747
1220327,340997
1220548,987
1220548,341065
1220551,341064
1220640,20318
1220640,34729
1221359,987
1221857,114311
1221857,165803
1221857,188460
1221857,296437
1221857,341419
1222390,197667
1222390,224245
1222390,341557
1222406,16793
1222406,341557
1222622,50828
1222622,103748
1222622,133953
1222622,169020
1222622,175996
1222622,224047
1222622,230031
1222622,233249
1222622,250662
1222622,340192
1222622,347051
1222622,386916
1222970,3253
1222970,56502
1222970,97803
1222970,149018
1222970,174079
1222970,174082
1222970,176357
1222970,179761
1222970,194236
1222970,215242
1222970,228808
1222970,236715
1222970,250423
1222970,260393
1222970,263497
1222970,273311
1222970,278446
1222970,281210
1222970,307700
1222970,309887
1222970,326670
1222970,331288
1222970,364565
1223009,341722
1223482,32857
1223482,341890
1223487,165592
1223487,318446
1223487,341891
1223488,341892
1223573,176727
1223573,282250
1223573,283599
1223573,341912
1223659,200532
1223659,341943
1223884,265539
1223884,341984
1224260,169002
1224260,260735
1224260,342081
1224310,342096
1224809,342245
1224971,148362
1225100,74160
1225100,240128
1225100,342332
1225445,303701
1225488,130962
1225488,216400
1225488,264822
1225488,273199
1225488,324363
1225488,342441
1225550,342459
1225603,342479
1225620,208113
1225620,342484
1226265,342672
1226443,132840
1226443,342727
1226451,329153
1226451,333263
1226451,342730
1226583,342771
1227201,77421
1227201,342923
1227227,342933
1227808,49855
1227808,153363
1227833,343120
1227848,343129
1228284,331027
1228320,33291
1228320,161804
1228673,104420
1228673,116695
1228673,208328
1228673,343367
1228732,975
1228732,102601
1228732,126426
1228732,142721
1228732,150941
1228732,246367
1228732,250999
1228732,258215
1228732,280204
1228732,343381
1228922,343445
1228925,343446
1229157,343527
1229157,349725
1229205,987
1229205,108691
1229205,123382
1229205,163603
1229205,192196
1229280,987
1229280,80525
1229280,327572
1229280,351076
1229280,363077
1229280,398893
1229362,181193
1229362,262041
1229362,343575
1229551,230536
1229831,336842
1229831,336848
1229831,343717
1229843,336842
1229843,336848
1229843,343717
1229914,343737
1230215,19816
1230215,19821
1230215,30203
1230215,40078
1230215,47792
1230215,58625
1230215,65584
1230215,90280
1230215,112022
1230215,115555
1230215,125062
1230215,133632
1230215,134492
1230215,158470
1230215,204339
1230215,218380
1230215,218382
1230215,221283
1230215,227585
1230215,230970
1230215,256980
1230215,272691
1230215,301557
1230215,316084
1230215,343823
1230215,357895
1230302,19005
1230302,34060
1230302,254785
1230302,309152
1230424,222408
1230424,249472
1230424,302730
1230424,343891
1230686,214675
1230686,224127
1231088,177366
1231088,344064
1231151,286412
1231151,344080
1231367,9433
1231367,344137
1232545,344444
1232778,334370
1233373,344673
1233593,101826
1233593,161403
1233593,280772
1233593,321112
1233593,344754
1234124,344908
1234520,208650
1234520,237238
1234520,238048
1234716,120992
1234716,345063
1235395,345251
1235403,345254
1236121,345471
1236255,286863
1236255,345513
1236539,987
1236539,345594
1236557,987
1236557,102048
1236557,171766
1236557,197421
1236557,289442
1236557,322857
1237835,345942
1237964,189127
1238742,58858
1238742,174067
1238742,186794
1239992,173370
1239992,224187
1239992,230246
1239992,253274
1239992,310127
1239992,343183
1239992,346543
1240199,346613
1240826,11314
1240826,11972
1240826,12909
1240826,20843
1240826,25614
1240826,34542
1240826,67198
1240826,88061
1240826,98403
1240826,173948
1240826,175290
1240826,190488
1240826,194363
1240826,220509
1240826,286007
1240826,301739
1240826,303804
1240826,313609
1240826,314603
1240826,329393
1240826,333572
1240826,346765
1240826,351342
1240826,368447
1241036,346849
1241316,346926
1241482,346974
1241686,172459
1241686,212875
1241686,347010
1241838,347051
1241884,294980
1241884,347062
1242027,254714
1242027,304418
1242027,347105
1242363,347188
1242519,987
1242519,128283
1242519,213788
1243189,86727
1243189,87817
1243189,150252
1243189,286528
1243189,347469
1244036,301586
1244036,347690
1244216,203598
1244216,240778
1244675,243414
1244675,295937
1244675,340206
1244675,347853
1244675,355453
1245160,342049
1245160,347974
1245306,272403
1245306,348028
1245494,140571
1245494,348072
1245558,185225
1245558,348094
1245651,28099
1245651,32694
1245651,66446
1245651,101362
1245651,161397
1245651,348127
1245869,987
1245959,129565
1245959,141289
1245959,165987
1245959,165992
1245959,273154
1245959,279132
1246494,8389
1246494,54838
1246494,185246
1246494,189790
1246494,201940
1246494,228635
1246789,348427
1246811,151922
1246811,348436
1246886,23978
1246920,62152
1246920,113944
1246920,218234
1246920,312959
1246920,348472
1247039,141254
1247369,238072
1247369,348602
1247455,1335
1247455,1337
1247455,26420
1247455,52263
1247455,64067
1247455,73318
1247455,79260
1247455,137731
1247455,159000
1247455,244217
1247455,266841
1247455,317139
1247455,323473
1247455,348623
1247455,383768
1247689,348694
1247948,29085
1247948,81074
1247948,91441
1247948,94003
1247948,100018
1247948,100454
1247948,178758
1247948,288190
1247948,348752
1248097,348800
1248334,44655
1248334,270753
1248334,348873
1248375,266428
1248375,348887
1249086,349109
1249088,66264
1249088,94032
1249088,176355
1249088,176360
1249088,349110
1249476,30379
1249476,51200
1249476,63789
1249476,65098
1249476,74876
1249476,79970
1249476,87562
1249476,95400
1249476,108804
1249476,113268
1249476,138198
1249476,150272
1249476,152817
1249476,153975
1249476,171534
1249476,208291
1249476,214788
1249476,228917
1249476,279926
1249476,326262
1249576,349239
1249636,349255
1249815,4179
1249815,10252
1249815,21159
1249815,21191
1249815,33750
1249815,53286
1249815,72192
1249815,83351
1249815,104182
1249815,104942
1249815,108851
1249815,115078
1249815,135491
1249815,138695
1249815,140797
1249815,140800
1249815,140802
1249815,156196
1249815,170014
1249815,186132
1249815,212983
1249815,212990
1249815,212992
1249815,212993
1249815,226481
1249815,264734
1249815,265734
1249815,273276
1249815,310472
1249815,349316
1249815,354472
1249815,354478
1249828,10257
1249828,59867
1249828,74371
1249828,127356
1249828,135492
1249828,349319
1249843,987
1249843,179149
1249897,222514
1249897,222520
1249925,987
1249925,293270
1249925,349354
1249995,251151
1250361,349480
1250490,349510
1251063,987
1251063,121809
1251063,121812
1251063,132014
1251063,190617
1251063,194680
1251063,207391
1251063,349656
1251248,349698
1251623,349794
1251652,18005
1251652,39053
1251652,119307
1251652,230105
1251652,349801
1251847,2790
1251847,2966
1252188,33707
1252188,173567
1252188,312934
1252328,277
1252328,20186
1252328,73152
1252360,329833
1252360,349968
1252384,349973
1253051,225368
1253051,350142
1253063,221586
1253063,263815
1253235,33291
1253235,56252
1253235,115022
1253274,222201
1253274,271000
1253274,350198
1253417,90149
1253417,266144
1253417,350242
1253922,350389
1254097,107788
1254097,112330
1254097,147847
1254097,266686
1254097,350437
1254257,139086
1254257,275248
1254257,346224
1254257,350487
1254623,128024
1254623,175309
1254623,350575
1255046,350686
1255347,69173
1255347,113224
1255347,153998
1255347,195925
1255347,261127
1255378,350764
1255664,178909
1255664,209151
1255664,283969
1255664,294444
1255664,300635
1255664,350847
1256184,234801
1256216,240956
1256216,281781
1256216,309843
1256216,328264
1256216,328266
1256272,4254
1256272,5913
1256272,40677
1256272,78638
1256500,351074
1256555,351079
1256580,987
1256580,157250
1256580,178979
1256580,212586
1256580,216440
1256580,243304
1256580,265098
1256580,309000
1256580,321174
1257436,75490
1257436,130270
1257436,155529
1257436,186299
1257436,204496
1257436,208505
1257436,234869
1257436,247280
1257436,351338
1257478,104846
1258098,351523
1258392,285441
1258955,187887
1258955,197539
1258955,226466
1258960,170465
1258960,187885
1258960,187887
1258960,197984
1259001,224976
1259072,196202
1259072,253355
1259072,287974
1259394,130355
1259394,351879
1259632,115036
1259632,134462
1259632,351945
1259683,107547
1259764,272122
1259764,351980
1259820,136336
1259971,352040
1260120,175043
1260742,317100
1260742,352242
1261555,309546
1261555,352456
1261602,171530
1261602,189598
1261602,209360
1261602,267319
1261602,285009
1261602,339606
1261665,76188
1261665,81196
1261665,100374
1261665,207757
1261847,352542
1261847,371631
1262161,352627
1262186,67362
1262186,158135
1262186,208102
1262186,214244
1262186,225812
1262186,250282
1262186,266519
1262186,290014
1262186,303111
1262186,334797
1262186,352639
1262186,361656
1262217,71599
1262217,294617
1262231,352646
1262247,352651
1262761,21915
1262761,227896
1262761,276221
1262761,352816
1262875,238343
1262875,352842
1263023,352890
1263191,200622
1263191,232317
1263281,136432
1263281,154312
1263281,179700
1263281,238203
1263281,253022
1263712,88485
1263712,161264
1263712,353035
1264069,353136
1264158,256556
1264251,353195
1264257,987
1264257,92556
1264257,203487
1264257,268524
1264257,353189
1264599,89081
1264599,116156
1264599,187005
1264599,245945
1264599,271521
1264599,285103
1264629,353305
1265244,133423
1265244,244594
1265413,353498
1265456,353520
1265547,55350
1265547,102266
1265547,117769
1265547,141279
1265547,145177
1265547,278386
1265547,327938
1265964,305448
1265964,326892
1266154,353712
1266356,197879
1266356,252538
1266463,353795
1266598,353830
1266896,177450
1266896,326333
1267030,2322
1267030,22444
1267030,22445
1267030,166302
1267141,4716
1267141,11417
1267342,19076
1267342,36034
1267342,52367
1267342,56173
1267342,151497
1267342,207041
1267342,304259
1267361,353990
1267581,162302
1267772,82097
1267772,161595
1267808,119048
1267922,352079
1268101,354169
1268720,354301
1268749,468
1268749,2627
1268749,11488
1268749,21178
1268749,45580
1268749,45581
1268749,50926
1268749,73535
1268749,86843
1268749,129844
1268749,143128
1268749,180022
1268749,250622
1268749,307818
1268749,354308
1269011,305048
1269011,354389
1269434,987
1269434,286757
1269744,318444
1269744,354581
1270018,354672
1270346,266582
1270346,299602
1270346,354768
1270444,281984
1270444,315963
1270444,354795
1270494,215159
1270494,278584
1270494,323506
1270494,323510
1270623,273750
1270854,354893
1270939,324644
1271152,987
1271152,229755
1271152,246180
1271152,259072
1271577,355065
1271664,112388
1271664,115971
1271664,186550
1271664,195191
1271664,199470
1271664,224831
1271664,291404
1271664,308411
1271664,327119
1271664,355099
1271921,310215
1271921,342077
1271921,355175
1272021,256326
1272021,279148
1272021,317725
1272021,355194
1272102,326
1272102,303727
1272102,346446
1272102,346809
1272102,355215
1272239,21741
1272239,41265
1272239,98722
1272239,248364
1272243,14961
1272271,355262
1272311,355271
1272508,199482
1272630,355371
1272860,355453
1273258,233433
1273258,272963
1273258,355582
1273525,313649
1273807,169454
1273807,241471
1273807,354156
1273838,355736
1274246,111249
1274246,135568
1274246,155796
1274246,176258
1274246,208737
1274246,211475
1274246,226901
1274246,268601
1274246,289415
1274246,292616
1274246,294838
1274246,305198
1274875,165658
1274960,356030
1275100,85896
1275100,224293
1275100,241719
1275100,251140
1275100,294746
1275100,297245
1275100,355992
1275100,356073
1275918,356295
1275946,987
1275946,16333
1275946,16480
1275946,83070
1275946,87993
1275946,91606
1275946,112889
1275946,125128
1275946,127789
1275946,139184
1275946,157136
1275946,158565
1275946,161942
1275946,203360
1275946,206328
1275946,207309
1275946,230142
1275946,231121
1275946,243496
1275946,258688
1275946,292270
1275946,292282
1275946,355931
1275946,356300
1275946,372915
1276013,113703
1276013,114472
1276013,147377
1276013,147381
1276013,149436
1276013,186893
1276013,220569
1276013,231663
1276013,267274
1276013,270821
1276013,286852
1276013,300807
1276013,301686
1276013,302093
1276013,326179
1276013,330490
1276013,340185
1276013,352605
1276013,352704
1276013,356322
1276013,356985
1276013,365024
1276354,356419
1276554,190075
1276554,260997
1276554,356470
1277883,275315
1277883,356862
1277942,150491
1277942,213687
1277942,238164
1277942,351660
1278147,356931
1278169,7256
1278244,356965
1278896,154161
1279301,11115
1279301,34134
1279301,51139
1279301,75711
1279301,107511
1279301,110589
1279301,241212
1279301,284355
1279301,303497
1279301,323067
1279301,342187
1279329,987
1279329,47674
1279329,249765
1279534,134250
1279534,357309
1279924,162018
1279924,187146
1279924,299432
1280655,99543
1280655,296447
1280655,357644
1281191,84480
1281191,319210
1281191,357786
1281260,103073
1281260,357813
1281840,33272
1281840,357988
1282170,4017
1282170,53104
1282170,65625
1282170,76458
1282170,92696
1282170,92706
1282170,282168
1282170,358083
1282172,107916
1282172,107926
1282172,118915
1282172,216417
1282172,286118
1282172,286130
1282172,336149
1282172,358083
1282239,63708
1282239,358109
1282247,148349
1282247,165322
1282247,232905
1282247,233382
1282247,272299
1282247,358112
1282708,358238
1283371,358410
1283474,206991
1283810,242929
1283810,315754
1283810,358527
1283823,358533
1283828,358533
1284493,358713
1284688,44946
1284688,358787
1285278,301003
1285278,301827
1285278,358955
1285995,151282
1285995,283969
1285995,359132
1286192,359201
1286210,189033
1286210,359210
1286323,146657
1286323,156941
1286323,200191
1286323,359238
1286498,359289
1286635,39418
1286635,256472
1286635,282535
1286635,302376
1286635,359332
1287710,15377
1287710,51657
1287710,68123
1287710,89891
1287710,225163
1287710,359610
1287710,359611
1287988,294641
1287988,359698
1288260,359783
1288361,359801
1288467,359826
1288496,987
1288496,31936
1288496,92162
1288496,98693
1288496,98701
1288496,98708
1288496,100173
1288496,128993
1288496,132202
1288496,182416
1288496,182822
1288496,192809
1288496,202836
1288496,203815
1288496,287864
1288496,288254
1288496,320631
1288496,359835
1289020,207858
1289020,209287
1289020,252231
1289020,275283
1289020,284147
1289020,332293
1289020,359996
1289784,37991
1289784,37992
1289784,360226
1289800,272682
1289800,273220
1289800,360228
1289998,24165
1289998,29529
1289998,286288
1290174,252126
1290324,360372
1290324,360386
1290406,226602
1290406,270142
1290406,294361
1290406,360407
1290483,8961
1290483,127873
1290483,282660
1291307,49240
1291307,60588
1291307,93089
1291307,143402
1291307,360679
1291514,43512
1291514,283428
1291651,360789
1291662,360791
1291811,360823
1291870,360837
1292034,360888
1292435,208840
1292830,36581
1292830,52203
1292830,89102
1292830,119287
1292830,129169
1292830,141463
1292830,142688
1292830,147490
1292830,167646
1292830,167957
1292830,183148
1292830,187741
1292830,201421
1292830,214330
1292830,218172
1292830,320401
1292830,361113
1293955,73863
1293955,78837
1293955,82618
1293955,127481
1293955,155193
1293955,163525
1293955,164204
1293955,175475
1293955,178141
1293955,183441
1293955,184359
1293955,186340
1293955,195189
1293955,206607
1293955,208721
1293955,229003
1293955,229599
1293955,244539
1293955,248337
1293955,254321
1293955,261965
1293955,277665
1293955,283939
1293955,304355
1293955,310421
1293955,315811
1293955,322986
1293955,342620
1293955,344476
1293955,347393
1293955,358233
1293955,361349
1294134,987
1294514,229710
1294514,267699
1294514,305191
1294514,338803
1294514,361515
1295390,77071
1295390,134257
1295390,185743
1295390,252638
1295390,285679
1295390,288047
1295390,293989
1295390,293990
1295390,315642
1295390,318178
1295427,987
1295427,3323
1295427,129629
1295427,221030
1295427,221034
1295427,274737
1295427,318952
1295427,334017
1295427,361767
1295489,167372
1295489,307019
1295489,361807
1295556,361827
1295738,118578
1295738,135401
1295738,253912
1295738,254281
1295738,361881
1295896,64112
1295896,136400
1295896,361916
1295896,362626
1296045,243352
1296045,361944
1296415,116141
1296508,133761
1296509,52717
1296509,114608
1296509,133480
1296509,133761
1296509,237374
1296969,88377
1296969,172248
1296969,187620
1296969,194675
1296969,230285
1296969,243869
1296969,249945
1296969,362209
1297198,24985
1297785,307440
1298039,362514
1298203,2
1298203,4
1298203,5
1298203,128
1298203,987
1298203,20213
1298203,21919
1298203,28428
1298203,31014
1298203,42634
1298203,52443
1298203,55488
1298203,56830
1298203,70387
1298203,79404
1298203,86471
1298203,92817
1298203,93514
1298203,96328
1298203,97122
1298203,98432
1298203,99774
1298203,103233
1298203,106744
1298203,108288
1298203,112308
1298203,119020
1298203,126678
1298203,128312
1298203,141561
1298203,148427
1298203,153223
1298203,178366
1298203,187201
1298203,188432
1298203,201965
1298203,208662
1298203,211004
1298203,211007
1298203,212446
1298203,214544
1298203,216419
1298203,219892
1298203,224554
1298203,224561
1298203,229873
1298203,246663
1298203,252038
1298203,305457
1298203,308658
1298203,322496
1298203,323928
1298203,345310
1298203,350871
1298203,366309
1298203,373587
1298203,401682
1298327,32857
1298327,41557
1298327,110808
1298327,139679
1298327,224088
1298327,326599
1298327,352179
1298327,362601
1298460,987
1298460,47674
1298714,111629
1298714,146621
1298714,177203
1298714,220710
1298714,237173
1298714,362723
1298839,49924
1298839,166316
1298839,167067
1298839,167068
1298839,226453
1298839,255744
1298839,255745
1298839,270595
1298839,289644
1298839,323007
1298839,327172
1298839,355939
1298839,357686
1298878,362768
1299456,987
1299456,32971
1299456,83845
1299456,87591
1299456,110272
1299456,118643
1299456,130506
1299456,130834
1299456,174222
1299456,275841
1299456,351257
1299456,396659
1299526,987
1299526,194655
1300056,234504
1300273,363174
1300314,363191
1300462,99348
1300462,363233
1301235,987
1301235,36166
1301235,51803
1301235,54300
1301235,146698
1301235,203542
1301235,236825
1301235,277388
1301235,304073
1301638,204346
1301707,363547
1301802,363574
1302064,25351
1302064,363656
1302198,231013
1302198,293777
1302198,363693
1302383,9805
1302383,18266
1302383,18528
1302383,32010
1302383,80102
1302383,164516
1302383,176976
1302383,203756
1302383,210500
1302383,213827
1302383,225402
1302383,236976
1302383,250266
1302383,313879
1302383,337303
1302383,358332
1302383,363746
1302383,366120
1302383,398628
1302444,277980
1302576,363790
1302731,169168
1302731,257322
1302731,293608
1302731,295310
1302731,298503
1302731,363819
1303175,987
1303175,193016
1303490,20380
1303490,364028
1303590,239156
1303643,987
1304547,364309
1305173,364484
1305368,364555
1305798,26000
1305798,26727
1305798,45334
1305798,65982
1305798,70501
1305798,71070
1305798,74203
1305798,108053
1305798,123991
1305798,132605
1305798,141127
1305798,340845
1305810,47612
1305810,63218
1305810,128876
1305995,364711
1306035,364727
1306251,225958
1306251,259484
1306251,355176
1306251,364788
1306696,364912
1307630,987
1307630,21115
1307630,21852
1307630,88264
1307630,138979
1307630,183228
1307630,183230
1307630,189354
1307630,287651
1307630,339896
1307630,361708
1307630,362523
1307630,365174
1307850,90025
1307850,98217
1307850,121205
1307850,164002
1307850,190250
1308385,987
1308385,96923
1308385,170080
1308385,175635
1308385,190613
1308385,203923
1308385,365335
1308511,59577
1308511,222977
1308511,282360
1308511,308144
1308511,344875
1309096,365545
1309373,365614
1309430,34322
1309430,36750
1309430,45014
1309430,77741
1309430,96111
1309430,105573
1309430,137204
1309430,142880
1309430,142889
1309430,145174
1309430,287513
1309491,365643
1309643,987
1309643,52008
1309643,136814
1309643,221430
1309700,185963
1309700,274973
1309700,294449
1309700,299230
1309700,336018
1309700,365702
1309706,63433
1309706,86494
1309706,364612
1309706,365703
1309857,2183
1309857,115948
1309857,159870
1309857,184981
1309857,232272
1309857,246684
1309857,250184
1309857,257752
1309857,309046
1309857,365737
1310202,365838
1310807,205730
1310807,365997
1310882,313849
1311235,366089
1311668,48717
1311668,327447
1311798,987
1311966,366300
1313293,48528
1313293,53487
1313293,55608
1313293,61253
1313293,106987
1313293,132942
1313293,140374
1313293,204577
1313293,224810
1313293,229132
1313293,235273
1313293,278879
1313437,366731
1313453,280507
1313453,366740
1313973,124884
1313973,136442
1313973,156860
1313973,184943
1313973,366894
1313973,380546
1314194,987
1314194,72828
1314194,99094
1314194,366947
1314228,283139
1314484,367027
1314689,367089
1314963,367148
1314968,60440
1314968,264367
1314968,346269
1314968,367151
1315001,82468
1315001,82472
1315001,124973
1315001,193343
1315262,353814
1315347,367243
1315378,8129
1315378,57349
1315378,57353
1315378,83458
1315378,121086
1315378,129509
1315378,144987
1315378,160450
1315378,177917
1315378,180485
1315378,248945
1315378,367249
1315499,206
1315499,987
1315774,70880
1315774,367343
1316318,161883
1316617,367598
1316698,252205
1316698,252206
1316698,289543
1316698,356091
1316698,367613
1316748,367631
1316765,987
1316765,21668
1316765,67244
1316765,91602
1316765,104635
1316765,135436
1316765,306824
1316765,367636
1317183,3255
1317183,21971
1317183,35044
1317183,54319
1317183,91343
1317183,166112
1317183,169049
1317183,169052
1317183,179141
1317183,196405
1317183,226190
1317183,227063
1317183,231318
1317183,233344
1317183,234700
1317183,267758
1317183,281200
1317272,1019
1317306,86093
1317306,367765
1317570,987
1317570,161451
1317570,232845
1317570,291432
1317570,321510
1317570,367862
1317959,252462
1317959,252934
1317959,293087
1317959,367976
1317965,367975
1318053,368003
1318172,340295
1318172,343269
1318172,356009
1318172,368039
1318526,322442
1318526,368116
1318554,120547
1318554,194061
1318554,219746
1318554,286202
1318554,368124
1319291,855
1319291,9121
1319291,26228
1319291,40820
1319291,47112
1319291,48450
1319291,66912
1319291,67108
1319291,71059
1319291,92922
1319291,93523
1319291,98342
1319291,193695
1319291,219353
1319291,228976
1319291,241819
1319291,249519
1319291,272506
1319291,288093
1319291,310238
1319291,356049
1319291,360502
1319291,360521
1319291,367754
1319565,11793
1319565,14961
1319565,236499
1319565,368372
1319790,987
1319790,76432
1319790,133929
1319790,144675
1319790,155464
1319790,272888
1319790,289317
1319790,290011
1319790,303295
1319790,323383
1319790,355277
1319790,364085
1319790,367325
1320303,368558
1320981,44212
1320981,46949
1320981,55700
1320981,58430
1320981,83509
1320981,91713
1320981,102846
1320981,114399
1320981,132481
1320981,147648
1320981,157265
1320981,161804
1320981,173508
1320981,178358
1320981,208367
1320981,254984
1320981,266067
1320981,279659
1320981,318632
1320981,327467
1320981,352118
1320981,363961
1320981,368741
1321034,213849
1321034,240801
1321744,987
1321744,128132
1321874,102243
1321874,197425
1321874,242300
1321967,276690
1322104,1753
1322104,26589
1322104,150749
1322104,153768
1322104,154571
1322104,188990
1322104,290465
1322104,341052
1322104,350470
1322104,354649
1322104,355528
1322104,369008
1322112,178035
1322112,347569
1322112,369013
1322529,96421
1322529,136092
1322529,136098
1322529,162613
1322529,296501
1322529,369124
1322919,18300
1322919,43953
1322919,84899
1322919,144440
1322919,191933
1322919,212874
1322919,229896
1322919,241370
1322919,256718
1322919,369222
1322983,369246
1323153,271970
1323284,279653
1323284,293370
1323284,369335
1323358,354812
1323492,351952
1323492,369401
1323513,304803
1323596,23891
1323596,45344
1323596,68531
1323596,69873
1323596,93650
1323596,255915
1323596,302111
1323596,310406
1323596,350063
1323596,369430
1323746,135194
1323746,177577
1323746,177579
1323746,204043
1323746,257638
1323845,117556
1323845,175616
1323845,205975
1323845,218113
1323845,242933
1323845,266676
1323845,369493
1323953,175630
1323953,308772
1323998,34511
1323998,34515
1323998,34700
1323998,325118
1323998,369532
1324080,352305
1324094,266154
1324812,369768
1324958,369812
1324968,369812
1325069,369843
1325375,243701
1325375,345660
1325375,369913
1325479,147444
1325479,369939
1325780,19253
1325869,28113
1325869,82568
1325869,370053
1326090,370121
1326226,987
1326226,304563
1326226,304567
1326226,365791
1326226,370153
1326500,370244
1326568,125785
1326568,192042
1326568,370272
1326814,370334
1326877,66415
1326877,90886
1326877,132058
1326877,147870
1326877,370357
1326920,137546
1326920,249247
1326920,370367
1326965,370385
1327148,370427
1327234,370458
1327418,370506
1327637,987
1327637,7856
1327697,293446
1327697,370581
1327907,42478
1327907,46495
1327907,47168
1327907,66531
1327907,80179
1327907,86503
1327907,167661
1327907,216927
1327907,370636
1327958,987
1327958,174655
1327958,353774
1327958,370646
1327961,38622
1327961,75991
1327961,260616
1327961,260621
1327980,332691
1328520,26359
1328520,54596
1328520,80879
1328520,104002
1328520,108135
1328520,177238
1328520,186022
1328520,199215
1328520,200751
1328520,370783
1328730,41915
1328730,59608
1328730,70823
1328730,160612
1328730,275842
1328730,296106
1328730,370842
1328880,340644
1328880,349904
1329159,987
1329159,4511
1329159,4512
1329159,11493
1329159,12748
1329159,13409
1329159,17287
1329159,19562
1329159,27622
1329159,30318
1329159,30379
1329159,30382
1329159,30395
1329159,45252
1329159,49711
1329159,55458
1329159,58408
1329159,58787
1329159,59756
1329159,67019
1329159,71763
1329159,71831
1329159,73316
1329159,80584
1329159,85516
1329159,87562
1329159,97172
1329159,102729
1329159,103789
1329159,104692
1329159,105496
1329159,105846
1329159,107303
1329159,109131
1329159,114836
1329159,120895
1329159,121993
1329159,122371
1329159,122568
1329159,125383
1329159,134970
1329159,142043
1329159,148924
1329159,149194
1329159,149514
1329159,150572
1329159,150575
1329159,152821
1329159,153975
1329159,154356
1329159,154661
1329159,165309
1329159,170509
1329159,173220
1329159,191200
1329159,191888
1329159,192671
1329159,195554
1329159,197781
1329159,200430
1329159,208267
1329159,214788
1329159,215463
1329159,222355
1329159,223896
1329159,226809
1329159,227383
1329159,228611
1329159,236766
1329159,236784
1329159,238729
1329159,238730
1329159,238925
1329159,244129
1329159,252383
1329159,255858
1329159,259646
1329159,259650
1329159,259871
1329159,267401
1329159,269231
1329159,270838
1329159,271593
1329159,275256
1329159,278849
1329159,279447
1329159,286382
1329159,286660
1329159,289034
1329159,301014
1329159,305839
1329159,314086
1329159,316673
1329159,319486
1329159,320022
1329159,322898
1329159,323527
1329159,326215
1329159,326299
1329159,328967
1329159,329932
1329159,333193
1329159,334695
1329159,340571
1329159,351302
1329159,354855
1329159,356746
1329159,358223
1329159,362752
1329159,365904
1329159,366028
1329159,367673
1329159,370972
1329159,373590
1329159,378665
1329159,386090
1329573,371092
1329630,371112
1329744,12843
1329744,25811
1329744,60284
1329744,84426
1329744,100394
1329744,163116
1329744,185393
1329744,189769
1329744,213069
1329744,222435
1329744,246893
1329744,255394
1329744,260030
1329744,260313
1329744,273588
1329744,276282
1329744,285640
1329744,335263
1329744,348201
1329744,371140
1330013,313056
1330030,371203
1330211,371257
1330212,371257
1330823,371386
1330877,278351
1331155,371489
1331487,26372
1331487,342866
1331487,360262
1331664,28753
1331664,108920
1331664,224546
1331664,229345
1331664,244704
1331664,330343
1331664,338214
1331664,359703
1331921,250443
1331921,270255
1332802,269186
1332967,110501
1332967,125427
1332967,329283
1333103,372091
1333205,372127
1333221,236496
1333221,343034
1333221,372130
1333284,372143
1334106,372394
1334214,607
1334214,987
1334214,1066
1334214,1069
1334214,1070
1334214,1460
1334214,1531
1334214,1895
1334214,1950
1334214,2580
1334214,2657
1334214,4688
1334214,6813
1334214,8898
1334214,11151
1334214,12490
1334214,13818
1334214,14965
1334214,17281
1334214,19944
1334214,20668
1334214,21416
1334214,22110
1334214,22770
1334214,22946
1334214,23674
1334214,23732
1334214,23851
1334214,24319
1334214,24658
1334214,26242
1334214,26764
1334214,26916
1334214,27308
1334214,28421
1334214,29040
1334214,29236
1334214,29476
1334214,29483
1334214,30750
1334214,31462
1334214,32010
1334214,33247
1334214,34649
1334214,35333
1334214,35460
1334214,35627
1334214,36082
1334214,36834
1334214,37449
1334214,38376
1334214,38438
1334214,39148
1334214,39892
1334214,40361
1334214,40413
1334214,41343
1334214,41689
1334214,41714
1334214,42168
1334214,42471
1334214,42690
1334214,42837
1334214,43103
1334214,44344
1334214,45612
1334214,46361
1334214,46966
1334214,47570
1334214,47797
1334214,47998
1334214,48468
1334214,48972
1334214,49414
1334214,50100
1334214,50103
1334214,50282
1334214,50417
1334214,52718
1334214,52981
1334214,53778
1334214,55131
1334214,55138
1334214,56512
1334214,56867
1334214,57578
1334214,57984
1334214,58834
1334214,58882
1334214,59021
1334214,59084
1334214,60151
1334214,60570
1334214,61634
1334214,61851
1334214,62228
1334214,62276
1334214,62565
1334214,63744
1334214,64706
1334214,65490
1334214,65599
1334214,65747
1334214,66460
1334214,67996
1334214,69855
1334214,70019
1334214,70809
1334214,71183
1334214,71197
1334214,71648
1334214,73203
1334214,73647
1334214,74371
1334214,75006
1334214,75017
1334214,76475
1334214,76979
1334214,77524
1334214,77892
1334214,79221
1334214,80347
1334214,80365
1334214,80472
1334214,80739
1334214,80757
1334214,80883
1334214,81418
1334214,81419
1334214,81459
1334214,82601
1334214,83058
1334214,83358
1334214,83652
1334214,83985
1334214,84410
1334214,84777
1334214,84914
1334214,85480
1334214,85619
1334214,85628
1334214,86277
1334214,86312
1334214,87198
1334214,87835
1334214,87839
1334214,88217
1334214,89383
1334214,89596
1334214,89678
1334214,89830
1334214,90152
1334214,90241
1334214,91799
1334214,92233
1334214,92778
1334214,92934
1334214,93218
1334214,93311
1334214,93909
1334214,95548
1334214,96221
1334214,98368
1334214,99551
1334214,99780
1334214,100543
1334214,100951
1334214,101437
1334214,101515
1334214,101830
1334214,101879
1334214,102051
1334214,103020
1334214,103265
1334214,103287
1334214,103741
1334214,104493
1334214,104846
1334214,104853
1334214,104944
1334214,105052
1334214,105255
1334214,105330
1334214,105492
1334214,108819
1334214,108861
1334214,109234
1334214,109482
1334214,109699
1334214,110012
1334214,110017
1334214,110922
1334214,111677
1334214,111743
1334214,112866
1334214,113042
1334214,113675
1334214,114360
1334214,114788
1334214,114869
1334214,114874
1334214,114916
1334214,115106
1334214,115847
1334214,117106
1334214,117510
1334214,117537
1334214,118845
1334214,119975
1334214,121002
1334214,121429
1334214,122579
1334214,122619
1334214,123675
1334214,124126
1334214,125099
1334214,125185
1334214,125358
1334214,126706
1334214,127879
1334214,128122
1334214,129472
1334214,129958
1334214,130322
1334214,130330
1334214,131227
1334214,132478
1334214,132693
1334214,134305
1334214,134469
1334214,136233
1334214,136868
1334214,137663
1334214,137697
1334214,138079
1334214,138148
1334214,139260
1334214,139531
1334214,141780
1334214,141949
1334214,142175
1334214,145087
1334214,145110
1334214,145331
1334214,145738
1334214,147109
1334214,147289
1334214,147823
1334214,148202
1334214,148399
1334214,148601
1334214,148710
1334214,149696
1334214,150028
1334214,151947
1334214,152258
1334214,152590
1334214,153993
1334214,154569
1334214,154574
1334214,155953
1334214,156221
1334214,157569
1334214,157627
1334214,158313
1334214,158368
1334214,158845
1334214,158961
1334214,160088
1334214,161416
1334214,161592
1334214,161595
1334214,162445
1334214,162653
1334214,163169
1334214,163942
1334214,164634
1334214,165117
1334214,165187
1334214,165309
1334214,165359
1334214,165631
1334214,165944
1334214,166638
1334214,166664
1334214,166675
1334214,167225
1334214,167235
1334214,167450
1334214,167478
1334214,168333
1334214,169237
1334214,169602
1334214,169746
1334214,170199
1334214,170267
1334214,170604
1334214,171746
1334214,171868
1334214,172320
1334214,172365
1334214,172443
1334214,172479
1334214,172501
1334214,173078
1334214,173417
1334214,173538
1334214,173662
1334214,173859
1334214,173874
1334214,173877
1334214,174747
1334214,175030
1334214,175066
1334214,176150
1334214,176287
1334214,176500
1334214,176567
1334214,177619
1334214,177818
1334214,177975
1334214,178864
1334214,179666
1334214,180253
1334214,181021
1334214,182692
1334214,183199
1334214,183276
1334214,183278
1334214,183544
1334214,184794
1334214,185750
1334214,185751
1334214,186089
1334214,186787
1334214,187301
1334214,187305
1334214,187795
1334214,188705
1334214,188728
1334214,189153
1334214,189583
1334214,190570
1334214,190645
1334214,191190
1334214,191291
1334214,192077
1334214,192098
1334214,192267
1334214,192651
1334214,192717
1334214,192990
1334214,193293
1334214,193805
1334214,194210
1334214,194242
1334214,194382
1334214,194727
1334214,195505
1334214,196216
1334214,196234
1334214,196785
1334214,196884
1334214,197212
1334214,197476
1334214,197979
1334214,198155
1334214,198405
1334214,198798
1334214,198800
1334214,200555
1334214,200558
1334214,200796
1334214,201901
1334214,202054
1334214,202567
1334214,202769
1334214,203023
1334214,203242
1334214,203801
1334214,203827
1334214,204370
1334214,205308
1334214,205422
1334214,205932
1334214,205937
1334214,206802
1334214,206869
1334214,207486
1334214,207849
1334214,208150
1334214,208565
1334214,209038
1334214,209047
1334214,209344
1334214,209437
1334214,209439
1334214,209491
1334214,209938
1334214,209996
1334214,210032
1334214,210193
1334214,211128
1334214,211443
1334214,211926
1334214,212403
1334214,212487
1334214,212975
1334214,213923
1334214,214382
1334214,215361
1334214,215441
1334214,216074
1334214,216770
1334214,216846
1334214,216958
1334214,216984
1334214,216997
1334214,217203
1334214,217252
1334214,217505
1334214,217616
1334214,218312
1334214,218533
1334214,219106
1334214,220349
1334214,221116
1334214,221886
1334214,222225
1334214,222790
1334214,223548
1334214,223961
1334214,223966
1334214,224099
1334214,224223
1334214,224364
1334214,225258
1334214,225695
1334214,225751
1334214,226097
1334214,226475
1334214,226874
1334214,226892
1334214,227335
1334214,227497
1334214,227563
1334214,227692
1334214,228061
1334214,228085
1334214,228252
1334214,228777
1334214,229146
1334214,229147
1334214,229574
1334214,230172
1334214,230977
1334214,231666
1334214,231715
1334214,231744
1334214,232068
1334214,232403
1334214,232717
1334214,232776
1334214,233203
1334214,233786
1334214,234441
1334214,235001
1334214,235074
1334214,235105
1334214,236314
1334214,237058
1334214,237113
1334214,237529
1334214,237907
1334214,238304
1334214,238946
1334214,239065
1334214,239139
1334214,239571
1334214,239741
1334214,239888
1334214,239910
1334214,240335
1334214,240911
1334214,241073
1334214,241750
1334214,241950
1334214,241994
1334214,242012
1334214,242680
1334214,242705
1334214,243041
1334214,243421
1334214,243527
1334214,244758
1334214,245341
1334214,245511
1334214,245993
1334214,246098
1334214,246921
1334214,247257
1334214,248502
1334214,248652
1334214,250526
1334214,251106
1334214,251590
1334214,252030
1334214,253074
1334214,253791
1334214,254267
1334214,254997
1334214,255335
1334214,255505
1334214,255935
1334214,256028
1334214,256055
1334214,256437
1334214,256732
1334214,257119
1334214,257139
1334214,257619
1334214,257630
1334214,257977
1334214,259228
1334214,260369
1334214,260460
1334214,261149
1334214,261916
1334214,262619
1334214,263299
1334214,263632
1334214,263667
1334214,263974
1334214,263976
1334214,264363
1334214,264899
1334214,265179
1334214,265329
1334214,265385
1334214,265386
1334214,265699
1334214,266276
1334214,266653
1334214,266759
1334214,267242
1334214,267263
1334214,267961
1334214,268540
1334214,268688
1334214,268711
1334214,269271
1334214,269322
1334214,270051
1334214,270368
1334214,271683
1334214,272181
1334214,272323
1334214,273067
1334214,273296
1334214,273429
1334214,273803
1334214,274347
1334214,275232
1334214,275331
1334214,276243
1334214,276423
1334214,277495
1334214,277508
1334214,278063
1334214,278956
1334214,280274
1334214,280974
1334214,281961
1334214,282500
1334214,282566
1334214,282657
1334214,282778
1334214,283055
1334214,283356
1334214,283410
1334214,283523
1334214,283560
1334214,283635
1334214,283638
1334214,283764
1334214,283769
1334214,284071
1334214,284793
1334214,286217
1334214,286533
1334214,286535
1334214,286840
1334214,287064
1334214,287358
1334214,287791
1334214,288309
1334214,288404
1334214,288749
1334214,289195
1334214,289503
1334214,289761
1334214,290083
1334214,291078
1334214,291211
1334214,291584
1334214,291921
1334214,291935
1334214,292958
1334214,293327
1334214,293386
1334214,293957
1334214,294137
1334214,294546
1334214,294698
1334214,294791
1334214,294912
1334214,295132
1334214,295134
1334214,295702
1334214,295739
1334214,296912
1334214,297777
1334214,297784
1334214,298096
1334214,298174
1334214,298783
1334214,299312
1334214,299483
1334214,299860
1334214,299885
1334214,300032
1334214,300080
1334214,300406
1334214,300579
1334214,300977
1334214,301238
1334214,301325
1334214,301631
1334214,302243
1334214,302367
1334214,303122
1334214,304446
1334214,304817
1334214,304818
1334214,304829
1334214,305226
1334214,305661
1334214,306950
1334214,306995
1334214,307012
1334214,307157
1334214,307232
1334214,307373
1334214,307786
1334214,308256
1334214,308638
1334214,309071
1334214,309099
1334214,309649
1334214,311034
1334214,311537
1334214,311830
1334214,313133
1334214,313265
1334214,313873
1334214,313976
1334214,314280
1334214,314281
1334214,314647
1334214,315715
1334214,315809
1334214,315975
1334214,316262
1334214,316401
1334214,316578
1334214,316615
1334214,316773
1334214,316812
1334214,317166
1334214,317386
1334214,317975
1334214,318007
1334214,319141
1334214,319752
1334214,319876
1334214,320724
1334214,321136
1334214,321161
1334214,321356
1334214,321926
1334214,322320
1334214,322349
1334214,322398
1334214,323480
1334214,324025
1334214,324048
1334214,325234
1334214,325281
1334214,325658
1334214,326354
1334214,326984
1334214,327040
1334214,327757
1334214,328906
1334214,330070
1334214,330197
1334214,330638
1334214,330909
1334214,331270
1334214,331834
1334214,333044
1334214,334743
1334214,335303
1334214,335525
1334214,335740
1334214,335957
1334214,336747
1334214,338149
1334214,338536
1334214,338607
1334214,338684
1334214,338894
1334214,339211
1334214,339290
1334214,339344
1334214,339607
1334214,340139
1334214,340650
1334214,340703
1334214,341055
1334214,341059
1334214,341234
1334214,341331
1334214,341995
1334214,342269
1334214,342631
1334214,343481
1334214,344026
1334214,345190
1334214,345831
1334214,346753
1334214,347294
1334214,347556
1334214,347889
1334214,349095
1334214,350088
1334214,350120
1334214,350969
1334214,351357
1334214,351503
1334214,351700
1334214,351862
1334214,352997
1334214,353011
1334214,353401
1334214,353961
1334214,354341
1334214,354848
1334214,355006
1334214,355204
1334214,356440
1334214,356811
1334214,357435
1334214,358030
1334214,358057
1334214,358754
1334214,358824
1334214,358920
1334214,359688
1334214,359930
1334214,359936
1334214,359974
1334214,360435
1334214,360923
1334214,361165
1334214,361377
1334214,361682
1334214,362315
1334214,363098
1334214,364223
1334214,364238
1334214,364942
1334214,365312
1334214,365315
1334214,365596
1334214,365959
1334214,366259
1334214,366746
1334214,366891
1334214,367571
1334214,367904
1334214,367935
1334214,368073
1334214,368226
1334214,368465
1334214,368493
1334214,368674
1334214,368687
1334214,371158
1334214,371185
1334214,371190
1334214,371200
1334214,372383
1334214,372416
1334214,372471
1334214,372643
1334214,373630
1334214,373905
1334214,374094
1334214,374311
1334214,374503
1334214,375644
1334214,377509
1334214,379275
1334214,379874
1334214,380050
1334214,381734
1334214,383821
1334214,384543
1334214,384965
1334214,384992
1334214,385383
1334214,385963
1334214,387064
1334214,387294
1334214,387734
1334214,387745
1334214,390870
1334214,391018
1334214,392393
1334214,392705
1334214,392780
1334214,394782
1334214,395704
1334214,395784
1334214,395961
1334214,396367
1334214,398054
1334214,399297
1334214,401372
1335009,135881
1335009,152214
1335165,310216
1335436,11515
1335436,36010
1335436,90943
1335436,91851
1335436,168519
1336002,372913
1336114,56217
1336114,120997
1336114,121663
1336114,145584
1336114,155071
1336114,158324
1336114,196567
1336114,241994
1336114,372939
1336114,381421
1336126,372938
1336193,108658
1336193,121208
1336193,130501
1336193,139549
1336193,146400
1336193,198409
1336193,209130
1336193,240162
1336193,340085
1336193,372963
1336194,254431
1336194,372964
1336251,987
1336251,195849
1336251,295519
1336267,1468
1336267,372982
1336347,109760
1336347,113425
1336347,113427
1336347,186594
1336347,212607
1336347,373006
1336646,987
1336646,156293
1336646,211396
1336646,253884
1336646,363382
1336646,373081
1336655,123426
1336655,321922
1336727,15110
1336727,15119
1336727,62522
1336727,76653
1336727,128808
1336727,130487
1336727,215437
1336727,261454
1336727,261684
1336727,266080
1336727,283850
1336727,372367
1336729,62522
1336729,94084
1336729,114733
1336729,114737
1336729,121449
1336729,132726
1336729,230150
1336729,372363
1336798,311595
1336798,373126
1336948,373179
1337674,987
1337674,232828
1337674,235661
1337674,288986
1337674,329934
1337674,373364
1338769,18097
1338769,113158
1338769,140038
1338769,186576
1338769,211096
1338769,298978
1338769,344458
1338769,371134
1339236,3143
1339236,4906
1339236,5103
1339236,11703
1339236,12803
1339236,13423
1339236,40057
1339236,47674
1339236,57850
1339236,63559
1339236,67495
1339236,70296
1339236,79773
1339236,80484
1339236,80486
1339236,81488
1339236,89358
1339236,96713
1339236,97506
1339236,97764
1339236,109373
1339236,111022
1339236,136576
1339236,150125
1339236,158498
1339236,183794
1339236,199921
1339236,199922
1339236,200906
1339236,246285
1339236,266998
1339236,373824
1339284,162542
1339284,231896
1339284,253505
1339284,373837
1339521,373916
1340311,24895
1340311,26049
1340311,33595
1340311,35489
1340311,37898
1340311,57206
1340311,64521
1340311,68087
1340311,68530
1340311,69043
1340311,70670
1340311,87242
1340311,101294
1340311,105752
1340311,109417
1340311,129869
1340311,138346
1340311,138937
1340311,148422
1340311,150135
1340311,154755
1340311,155847
1340311,166345
1340311,182107
1340311,188453
1340311,188502
1340311,195559
1340311,195887
1340311,204204
1340311,207077
1340311,207699
1340311,253963
1340311,257725
1340311,262091
1340311,265757
1340311,285636
1340311,320086
1340311,327045
1340311,369433
1340311,374165
1340714,47155
1340714,62078
1340714,62979
1340714,68317
1340714,69651
1340714,74192
1340714,99658
1340714,117519
1340714,129293
1340714,130405
1340714,149479
1340714,152496
1340714,219397
1340714,227215
1340714,228274
1340714,276061
1340714,301655
1340714,316321
1340714,345657
1340714,346545
1340714,352264
1340714,374292
1340730,987
1340749,219832
1340749,374299
1341143,4675
1341143,49866
1341143,56651
1341143,83749
1341143,89235
1341143,123570
1341143,129412
1341143,138390
1341143,145696
1341143,180382
1341143,192885
1341143,198745
1341143,199183
1341143,199188
1341143,200134
1341143,204844
1341143,214725
1341143,215572
1341143,250121
1341143,255541
1341143,258458
1341143,259506
1341143,259970
1341143,281649
1341143,292904
1341143,294506
1341143,295493
1341143,300569
1341143,300887
1341143,316349
1341143,333537
1341143,334256
1341143,339091
1341143,358654
1341143,366650
1341143,368945
1341143,372325
1341143,372735
1341143,390159
1341224,291218
1341224,330630
1341224,367787
1341629,374528
1342799,19673
1343412,156298
1343412,192544
1343412,192551
1343412,198042
1344002,2201
1344002,374764
1344002,375098
1345872,33116
1345872,42963
1345872,75382
1345872,149004
1345872,207936
1345872,352634
1345872,376112
1345873,23308
1345873,39019
1345873,173741
1345873,333627
1345873,376113
1346044,376204
1347918,19661
1347918,28824
1347918,72896
1347918,85313
1347918,377129
1348110,25784
1348110,29697
1348110,32114
1348110,73652
1348110,79080
1348110,90234
1348110,90240
1348110,92553
1348110,95552
1348110,96223
1348110,120160
1348110,125291
1348110,153173
1348110,166683
1348110,170629
1348110,204866
1348110,209084
1348110,214539
1348110,235818
1348110,236740
1348110,236749
1348110,241862
1348110,250545
1348110,258443
1348110,275155
1348110,275565
1348110,281516
1348110,288089
1348110,288227
1348110,291141
1348110,291431
1348110,292888
1348110,294774
1348110,304302
1348110,306201
1348110,372635
1348110,377209
1348677,79652
1348677,79665
1348677,129761
1348677,284966
1348677,377501
1349189,377774
1349189,378346
1349189,384201
1349189,393062
1349189,393625
1349189,394549
1349189,395190
1349255,377813
1349356,377865
1349637,378027
1350034,378224
1350572,378516
1351054,378802
1351183,378770
1352661,4994
1352661,137527
1352661,285763
1352661,378319
1353104,87909
1353104,107853
1353104,243268
1353104,379659
1353449,379876
1353603,379969
1354137,61700
1354137,104044
1354137,139622
1354137,152080
1354137,179946
1354137,180940
1354137,380292
1355332,380991
1355454,377194
1355554,2289
1355554,45713
1355554,84244
1355554,85586
1355554,378760
1356284,20878
1356284,25065
1356284,75921
1356284,111970
1356284,189814
1356284,190211
1356284,194065
1356284,296755
1356284,381540
1356895,381894
1356964,4403
1356964,94990
1356964,105155
1356964,381931
1357105,46804
1357105,81865
1357105,108420
1357105,382024
1358085,46065
1358085,46963
1358085,52279
1358085,73316
1358085,75244
1358085,146410
1358085,152573
1358085,220349
1358085,228133
1358085,244186
1358085,382573
1358257,382682
1359757,115150
1359757,383538
1359772,1315
1359772,6000
1359772,11295
1359772,32514
1359772,64766
1359772,69903
1359772,73678
1359772,101004
1359772,101249
1359772,101250
1359772,117895
1359772,144981
1359772,375689
1360341,88117
1360341,383040
1360373,353160
1360373,383886
1360373,388112
1360539,32437
1360539,383981
1361438,37453
1361438,62406
1361438,129314
1361438,147387
1361438,208553
1361438,326391
1361438,328497
1361438,384454
1361477,384477
1361477,392860
1362158,8308
1362158,236851
1362158,380920
1362158,384871
1362493,385059
1362757,82119
1362757,385192
1363132,382115
1363247,385471
1363384,46901
1363384,372468
1363384,385544
1365314,5212
1365314,140153
1365314,141353
1365314,180115
1365314,378388
1365682,31359
1365682,34713
1365682,50260
1365682,67990
1365682,73832
1365682,83402
1365682,90715
1365682,178501
1365682,178511
1365682,195544
1365682,195550
1365682,238569
1365682,303449
1365682,307165
1365682,318462
1365682,369616
1365682,386848
1366060,28774
1366060,34550
1366060,56073
1366060,62640
1366060,64055
1366060,77206
1366060,77435
1366060,82520
1366060,107522
1366060,135706
1366060,220650
1366060,220657
1366060,237434
1366060,265984
1366060,278794
1366060,318304
1366060,381953
1366137,289147
1366137,387102
1366516,387307
1366535,387320
1366823,52802
1366823,68768
1366823,86548
1366823,129169
1366823,199661
1366823,228156
1366823,358641
1366823,361468
1366823,387504
1367342,387794
1368071,388209
1368141,36812
1368141,36814
1368141,86159
1368141,102789
1368141,157588
1368141,182446
1368141,218917
1368141,244731
1368141,267653
1368141,388247
1368184,269476
1368184,269484
1368184,388272
1368728,388555
1370046,216094
1370046,234100
1370046,246381
1370046,388980
1370680,27449
1370680,77212
1370680,97028
1370680,194416
1370680,258288
1370680,352737
1370680,365467
1370680,389574
1370847,41682
1370847,147464
1370847,180651
1370847,183401
1370847,201983
1370847,215066
1370847,250193
1370847,256474
1370847,272545
1370847,273613
1370847,345748
1370847,389663
1370882,389685
1371696,299316
1371696,390035
1372048,987
1372048,75358
1372048,102939
1372048,123065
1372048,147349
1372048,150669
1372048,150792
1372048,154578
1372048,163583
1372048,167772
1372048,190323
1372048,193161
1372048,204568
1372048,204773
1372048,232887
1372048,271997
1372048,293726
1372048,295108
1372048,321003
1372048,325420
1372048,360860
1372048,390283
1372091,987
1372091,50945
1372091,51038
1372091,53274
1372091,79896
1372091,80759
1372091,82265
1372091,87990
1372091,102046
1372091,105687
1372091,132126
1372091,192699
1372091,194872
1372091,194873
1372091,203550
1372091,203552
1372091,246108
1372091,297756
1372091,306000
1372091,313201
1372091,317970
1372091,323002
1372091,326635
1372091,341097
1372091,355286
1372091,385597
1372255,987
1372255,25601
1372255,60604
1372255,60608
1372255,60612
1372255,62268
1372255,62271
1372255,62626
1372255,67135
1372255,67141
1372255,76785
1372255,104395
1372255,145382
1372255,156930
1372255,163162
1372255,176558
1372255,181189
1372255,185053
1372255,193973
1372255,240346
1372255,247412
1372255,247895
1372255,263855
1372255,273134
1372255,300703
1372255,305782
1372255,338664
1372255,351291
1372255,354238
1372255,354964
1372255,360954
1372255,368024
1372255,384708
1372847,389788
1373500,378379
1373523,391059
1373543,390942
1374175,391430
1374332,115350
1374332,212257
1374332,287389
1374332,391498
1374499,65799
1374499,96994
1374499,107228
1374499,131512
1374499,265299
1374499,391612
1374557,2238
1374557,4531
1374557,6991
1374557,85886
1374557,133395
1374557,134232
1374557,137151
1374557,391642
1374703,391727
1375248,390453
1375665,6427
1375665,20096
1375665,119839
1375665,142991
1375665,162024
1375665,382896
1375689,117632
1375689,165385
1375689,369792
1375689,392227
1375734,11946
1375734,61716
1375734,120372
1375734,185600
1375734,239972
1375734,267165
1375734,291734
1375734,302781
1375734,314639
1375734,392249
1375817,392294
1375980,266314
1375980,289078
1375980,329765
1375980,360786
1375980,392394
1376475,47807
1376475,243295
1376475,261735
1376475,390592
1376816,392843
1376907,283258
1376907,392902
1377112,330685
1377112,393015
1377958,393454
1378369,393649
1379189,6913
1379189,390668
1379443,987
1379443,167225
1379443,167227
1379443,201713
1379443,301634
1379443,308643
1379443,337481
1379443,353401
1379443,355710
1379443,362042
1379443,372386
1379443,394282
1379980,394573
1380029,394591
1380080,206
1380080,65529
1380080,91139
1380080,176560
1380080,189812
1380080,277521
1380080,390525
1380087,122773
1380087,390926
1380849,987
1380849,302259
1380849,342341
1380849,395007
1381273,395224
1381980,987
1381980,329395
1381980,395555
1383416,7871
1383416,41958
1383416,42483
1383416,50063
1383416,82983
1383416,98078
1383416,123243
1383416,160203
1383416,180980
1383416,188618
1383416,205420
1383416,244811
1383416,285217
1383416,289065
1383416,294104
1383416,309642
1383416,396277
1385171,25650
1385171,179565
1385171,397128
1385345,20213
1385345,25811
1385345,86785
1385345,114234
1385345,129817
1385345,150076
1385345,178352
1385345,255786
1385345,260313
1385345,263058
1385345,266436
1385345,268348
1385345,332183
1385345,364465
1385345,369912
1385345,397201
1385544,135813
1385544,354208
1385544,354527
1385544,397311
1385573,376982
1385614,98463
1385614,207047
1385614,243681
1385614,265305
1385614,284165
1385614,304338
1385614,397350
1385854,143605
1385854,240089
1385854,397463
1387059,137089
1387059,319852
1387059,361391
1387059,398027
1387532,191051
1387532,340782
1387532,398254
1388057,45299
1388057,131282
1388057,140962
1388057,170115
1388057,181680
1388057,228159
1388057,360111
1388057,398502
1388845,398896
1389194,384911
1389194,394560
1389194,399042
1389243,70649
1389243,399064
1389279,399086
1389381,399141
1389439,399168
1390150,853
1390150,859
1390150,987
1390150,7794
1390150,9415
1390150,21784
1390150,25333
1390150,33405
1390150,33412
1390150,34714
1390150,41861
1390150,42694
1390150,44802
1390150,45989
1390150,47334
1390150,53235
1390150,56059
1390150,59589
1390150,61774
1390150,62739
1390150,63693
1390150,69936
1390150,81947
1390150,84728
1390150,87671
1390150,92124
1390150,99741
1390150,103520
1390150,109938
1390150,109941
1390150,112831
1390150,115469
1390150,119307
1390150,126400
1390150,126644
1390150,132399
1390150,132962
1390150,132963
1390150,136809
1390150,141955
1390150,158713
1390150,161230
1390150,167409
1390150,167415
1390150,174631
1390150,187402
1390150,188066
1390150,188067
1390150,198169
1390150,205669
1390150,208389
1390150,209033
1390150,209410
1390150,209413
1390150,271329
1390150,329530
1390150,365262
1390150,375402
1390150,378707
1390877,399850
1391078,14303
1391078,104559
1391078,179912
1391078,196381
1391078,293055
1391078,385880
1391113,66767
1391113,71593
1391113,84996
1391113,129743
1391113,132234
1391113,399972
1391455,42919
1391455,94157
1391455,96631
1391455,159613
1391455,231632
1391455,234711
1391455,236512
1391455,400159
1392192,102567
1392192,196449
1392192,315929
1392192,400525
1392667,400780
1392727,359239
1392727,400810
1392946,45400
1392946,55575
1392946,111334
1392946,137624
1392946,162076
1392946,176978
1392946,203982
1392946,220005
1392946,220008
1392946,225399
1392946,228601
1392946,236979
1392946,254626
1392946,279827
1392946,330417
1392946,384501
1392965,86633
1392965,95489
1392965,141686
1392965,211425
1392965,400932
1393361,401125
1393659,172768
1393659,186357
1393659,222435
1393659,234294
1393659,255390
1393659,255395
1393659,313022
1393659,390205
1393659,401293
1393820,25837
1393820,30577
1393820,79149
1393820,86678
1393820,97588
1393820,98799
1393820,123183
1393820,128197
1393820,141048
1393820,188377
1393820,271480
1393820,292363
1393820,298930
1393820,300034
1393820,308049
1393820,325096
1393820,327795
1393820,351462
1393820,367759
1393820,382950
1394741,987
1394741,45570
1394741,73170
1394741,85734
1394741,88742
1394741,89410
1394741,94905
1394741,97340
1394741,108794
1394741,119024
1394741,120130
1394741,125009
1394741,133587
1394741,142914
1394741,143111
1394741,146446
1394741,153425
1394741,157242
1394741,173651
1394741,174216
1394741,198042
1394741,203129
1394741,204904
1394741,212367
1394741,212369
1394741,213945
1394741,219216
1394741,224365
1394741,253789
1394741,254657
1394741,256704
1394741,262859
1394741,266115
1394741,266602
1394741,277236
1394741,277242
1394741,291408
1394741,291426
1394741,300744
1394741,305104
1394741,311849
1394741,323231
1394741,338881
1394741,368482
1394741,379122
1394741,386303
1394741,398235
1394741,399653
1394741,401889
