author_id,pmid,contact
403,14993204,0
403,26824222,0
2048,17666531,0
3235,18060089,0
3974,18032389,0
4533,17183730,0
4763,17508344,0
5517,26921333,0
7159,25135299,0
10196,17761519,0
10606,18025184,0
11362,17374843,0
11362,18289901,0
12026,18426895,0
12159,17640062,0
12159,32651197,0
14192,17470268,0
14470,17651866,0
15267,18442402,0
15285,17500590,0
16644,17991715,0
16644,36040155,0
16987,19633656,0
17703,20819179,0
18089,17611496,0
18089,20404162,0
18089,21637825,0
18089,22907751,0
18089,23056497,0
18089,28923959,0
18089,37044136,0
18089,38081939,0
18153,21252299,0
18902,18283665,0
19128,20654709,0
19240,20007864,0
19270,17085572,0
19270,17767167,0
19270,20876420,0
19270,21392396,0
19270,23382923,0
19270,28270497,0
19270,30257941,0
19270,32430040,0
19270,32701512,0
19270,33507295,0
19270,34101624,0
19270,35082299,0
19270,35177654,0
19270,35943291,0
19270,36077757,0
19270,36469363,0
19270,36635351,0
19270,38172915,0
20521,18598941,0
20661,21081659,0
20661,21142452,0
20689,18212050,0
20689,31015518,0
20689,36375250,0
20924,17761142,0
22289,18413601,0
22760,18691415,0
22760,24038725,0
22760,31515109,0
23021,19574439,0
23577,17981789,0
23665,19336532,0
23665,35246475,0
24789,18544165,0
25107,18373683,0
26412,18235444,0
27333,17185464,0
27333,24880487,0
27357,18322534,0
29882,23143595,0
30258,18292557,0
32133,18483266,0
33127,20497379,0
33874,18391959,0
34303,18378678,0
34941,19960063,0
36445,15955238,0
37497,12644598,0
37497,15340120,0
37497,15550693,0
37497,15870398,0
37497,15942018,0
37497,18023262,0
37497,18648539,0
37497,21712436,0
37497,23272198,0
37497,25358394,0
37497,27511193,0
37497,27840109,0
37497,29374233,0
37497,31451708,0
37497,34930827,0
37497,37308786,0
37854,17077276,0
38178,15166183,0
38973,14976350,0
38973,19229884,0
39046,18641651,0
40041,26883451,0
40041,26937470,0
41899,18381418,0
41899,25024180,0
41899,30178746,0
41948,18599363,0
42080,18976936,0
43193,19014460,0
43193,19014556,0
43522,25035411,0
43617,19056587,0
44232,18936300,0
45637,19826428,1
45678,18849451,0
46105,19122213,0
46105,28615618,0
46105,35857823,0
46352,18937310,0
46831,19193860,0
47237,19203396,0
47237,19271269,0
48019,19470782,0
48622,19236707,0
49390,21257794,0
49390,24532576,0
49390,29621782,1
49465,17916801,1
49465,18619725,1
50330,19668219,0
50677,22267813,0
51910,23639116,0
53022,19138406,0
53087,17485517,0
53087,19732723,0
54329,15304623,0
54329,20606469,0
54413,17968951,0
54413,19565504,0
54413,19565513,0
54757,20416132,0
55708,19815503,0
56188,19154717,0
56188,19628667,0
58113,19741609,0
58113,23055926,0
58277,19465479,0
58277,19498199,0
58277,20016837,0
58277,23512667,0
58277,29153655,0
59292,20421498,0
59537,20713790,0
60211,18757323,0
60211,20159990,0
60211,20388846,0
60466,19261849,0
63628,15367214,0
63628,19139726,0
63628,21841785,0
63628,26707063,0
63628,26908771,0
63628,29725116,0
63628,30539648,0
63628,31217356,0
63628,31316728,0
63628,33139635,0
63628,34064989,0
63628,38765135,0
64183,19432969,0
64195,24386225,0
64195,24777532,0
64195,26854228,0
64195,32520974,0
64195,32585597,0
64195,32759958,0
64195,34986190,0
64524,19622797,0
64987,19664223,0
66645,20097481,0
66658,20858713,0
66658,24147049,0
66658,26476451,0
66749,20596025,0
67472,19592655,0
68185,19503079,0
68185,28666125,0
68185,28725744,0
68185,29301956,0
68185,32393884,0
68185,33275892,0
68185,33462227,0
68185,33793815,0
68185,35298257,0
68185,35879829,0
68185,37643610,0
68237,18818281,0
68237,20685852,0
68237,25432921,0
68362,19710687,0
69104,23019656,0
69492,19556463,0
69622,19706692,0
70378,21216829,0
70799,19675170,0
70799,20966047,0
71852,20676074,0
71852,27510727,0
71852,29029402,0
71852,29896299,0
71852,31539914,0
71852,33462315,0
71852,38366138,0
72926,15308663,0
73047,15585845,0
73120,15896347,0
73161,15562247,0
73374,15557180,0
74395,18245812,0
76673,19730695,0
76692,19727395,0
76774,20130591,0
76774,33666854,0
78072,19812364,0
78105,19666505,0
79924,18849962,0
79924,20843318,0
80129,21736778,0
80202,18936297,0
80202,20170705,0
80202,26865667,0
80223,21153051,0
80793,20509979,0
80793,29114019,0
80793,29618061,0
80793,29975684,0
80793,30818362,0
80793,38691604,0
80988,21062371,0
81584,19748357,0
81670,24366545,0
81670,26928278,0
81802,16640731,0
81802,20353591,0
81882,20530215,0
81882,21697508,0
81882,23739895,0
81937,20107036,0
82697,19813261,1
83758,20798549,0
84694,20190191,0
85158,20213684,1
85233,19828696,0
86028,20423997,0
86310,20392875,0
86730,20921137,0
87174,18511485,0
87174,20353613,0
87174,21427360,0
87174,22002331,1
87174,27492130,0
87174,27608497,0
87174,28239649,0
87174,29233981,0
87174,29581184,1
87174,30333314,0
87174,31235935,1
87174,31923394,0
87174,31956040,1
87174,32468095,0
87174,32518403,0
87174,33472070,0
87174,33844153,0
87174,34586646,0
87174,34846534,0
87174,34992297,0
87174,35482418,1
87174,35749158,0
87174,35838828,0
87174,35975552,0
87174,37160119,0
88222,19965718,0
88222,21358717,0
88603,22699621,0
88603,24501001,0
88603,25719666,0
88603,26909576,0
88603,27734932,0
88603,30061411,0
88603,30298636,0
88603,30566875,0
88603,30659795,0
88603,32497356,0
88603,34173975,0
88603,34318329,0
88603,34928497,0
88603,36332606,0
88603,38194455,0
88751,20097852,0
90907,20729844,0
91047,20233874,0
91344,20133333,0
91344,22626843,0
91344,25732829,1
91344,27401177,1
91344,28898113,0
91344,32531947,0
93495,16106032,0
93495,20152025,0
94796,20520714,0
94919,20974999,0
94919,23042816,0
95261,20364123,0
95505,19723875,0
96312,20190752,0
96633,22253262,0
97841,20444096,0
98385,20847055,0
98929,20562274,0
98965,20497237,0
99777,20547848,0
99864,17981981,0
99864,20386750,0
99864,21292554,0
99864,21840978,0
99864,23823498,0
99864,24187091,0
99864,25384477,0
99864,25780045,0
99864,25780925,0
99864,26126853,0
99864,26915971,0
99864,28123877,0
99864,28533418,0
99864,29504232,0
99864,33336366,0
99864,35347229,0
99864,35901960,0
99864,38340319,0
99864,39095402,0
100995,21330608,0
101134,20678967,0
101134,26880110,0
101134,27900258,0
101134,28687077,0
101134,31513547,0
102539,20459731,1
102868,18433489,0
103219,21805474,0
104059,21569359,0
104441,20609354,0
104847,30175270,0
105323,33531476,0
105582,29785071,0
105821,22322993,0
108029,19497950,0
108029,21505102,0
108029,21725004,1
108029,22006020,0
108029,22111699,0
108029,23436528,0
108029,27399916,1
108029,32792541,0
108029,32872278,0
108029,33176144,0
108029,33724958,1
108029,34516825,0
108029,34620713,0
108029,34851663,0
108029,35077667,0
108029,35640155,0
108029,36006872,0
108029,36270275,0
108212,15692568,1
108212,18311145,1
108212,19370158,0
108212,21698166,1
108212,21757609,0
108212,21848663,0
108212,28481224,0
108212,29777224,0
108212,33199802,0
108212,33557303,0
108212,36520060,0
108212,37942320,0
108746,21602795,0
109215,16103062,0
109502,17010133,0
109743,15820940,0
109743,28663557,0
109846,10952317,0
109846,16230383,0
110796,15994966,0
110796,16603191,0
111353,11340181,0
111353,16107481,0
111933,16079154,0
112380,20501946,0
112380,26461968,0
112475,20679207,0
112663,20689833,0
112724,21836138,0
113300,20478254,0
113300,20576849,0
113409,19965678,0
113409,21373875,0
113721,25220461,0
114282,20668691,0
114479,19913588,0
116201,20943749,0
118349,21108336,0
118889,21266361,0
118889,21665939,0
118978,18701503,0
118978,18799003,0
118978,19515086,0
118978,19755855,1
118978,19801978,0
118978,20601955,0
118978,21346809,0
118978,21430775,0
118978,22027593,0
118978,22751462,0
118978,23525077,0
118978,23583100,0
118978,24887289,0
118978,25800779,0
118978,27146892,0
118978,27325891,0
118978,28191887,0
118978,28379442,0
118978,29984403,0
118978,31112699,0
118978,32025033,0
118978,32327653,0
118978,33973518,0
118978,34079898,0
118978,35438764,0
118978,35575504,0
118978,36171283,0
118978,37173394,0
118978,37286545,0
118978,37384622,0
118978,38052854,0
118978,38844464,0
118978,38849928,0
119373,18775308,0
119373,19169254,0
119373,21129726,0
119373,21364752,0
119373,21425313,0
119373,21663663,0
119373,21892151,0
119373,22826509,0
119373,23570689,0
119373,25465851,0
119373,27467239,0
119373,28402935,0
119373,28934507,0
119373,29653584,0
119373,29921915,0
119373,30557328,0
119373,30641038,0
119373,30733564,0
119373,31331382,0
119373,32103242,0
119373,32117312,0
119373,32184465,0
119373,32221409,0
119373,32503845,0
119373,32983020,0
119373,33296686,0
119373,33296687,0
119373,33558697,0
119373,33575555,0
119373,33888516,0
119373,34774811,0
119373,34867944,0
119373,35022690,0
119373,35063125,0
119373,35216222,0
119373,35613844,0
119373,36153599,0
119373,36271073,0
119373,36631247,0
119373,37286550,0
119373,37749331,0
119373,38304234,0
119766,20833363,0
119791,22510163,0
120475,22865454,0
121843,21109226,0
121843,38548742,0
123162,22251860,1
124180,20838637,0
124324,17488182,0
124324,20385361,0
124324,21261984,0
124863,15894264,0
124863,25878248,0
124863,31917787,0
124863,35331335,0
124863,36869033,0
124863,38781369,0
125092,22581446,0
125560,21747053,0
126487,21797868,0
126487,24166713,0
126622,21487388,0
128608,21160078,0
128615,21160078,0
128900,21716316,0
130759,21177974,0
132256,21774834,0
132256,21799870,0
132256,38383456,0
132723,21463505,0
133289,15028281,0
133289,26879577,0
133636,21292972,0
133655,21292972,0
134980,21317363,0
135907,21347234,0
135958,21925160,0
136133,22561409,0
136134,22561409,0
136557,22312110,0
137246,17601789,0
137246,18310429,0
137246,19581361,0
137246,19821141,0
137246,21894573,0
138462,21649561,0
138526,21901103,0
138548,21320317,0
139491,22025212,0
140451,24776933,0
141742,21439053,0
142125,23951361,0
142876,20410135,0
142876,22137762,0
142876,23676078,0
143627,17017123,0
144017,11553815,0
145060,15920034,0
145060,16882883,0
145060,38015828,0
145101,18663586,0
145684,17051772,0
145740,15317747,0
145740,15998450,0
145740,22087020,0
146624,21852250,1
147877,22250092,0
148309,22419581,0
148621,21549327,0
148996,20085741,0
149945,21613409,0
150122,22174898,0
150624,21558411,0
151004,22384323,0
151004,25403917,0
152338,22074953,0
152724,22379133,0
153408,21663795,0
153711,23409004,1
154039,22169038,0
154860,21092110,0
154860,21159965,0
154860,21897848,0
155852,21995607,0
155919,23028523,0
156707,20637622,0
156707,21856932,1
156776,37310411,0
157968,21964035,0
158039,22384077,0
159340,21856820,0
159500,22215263,0
159722,21854744,0
160016,21693759,0
160574,23144842,0
160574,23826145,0
160984,22450549,0
161129,22790872,0
161345,23698379,0
162920,20452322,0
162920,21289626,0
162920,21876557,0
163079,21949838,0
164055,21490962,0
164107,21743474,0
164521,22190591,0
164863,23728299,0
165337,22237814,0
165486,22686199,0
165486,30869147,0
165486,37418531,0
165904,19228061,0
165904,22594392,0
166113,22687993,0
167117,22089132,0
168940,32722783,0
170162,21984258,0
170684,22003205,0
171736,21903422,0
171841,22265415,0
172860,21921042,0
173133,22241791,0
173544,22513257,0
176197,22144909,0
176504,22197486,0
176557,22272346,0
178098,16428429,0
178145,16836768,0
178145,17033203,0
178145,17052335,0
178145,19172485,0
178145,21778340,0
178145,22889700,0
178376,16413123,0
178432,14711987,0
178432,21162720,0
178562,16778177,0
178562,21124317,0
178562,21289283,0
178690,16474395,0
178690,33960413,0
179063,12534465,0
179637,23687122,0
180658,22723936,1
180784,23868451,0
180931,22589390,0
181096,22156612,0
181711,22359547,0
182024,22244332,0
182857,16789837,0
182857,17261194,0
182857,19500340,0
184023,22162832,0
184023,31727690,1
184023,32230714,0
184054,22516259,0
184614,21838877,0
184614,25242146,0
184648,22088171,0
184760,22182843,0
185188,26597293,0
185268,22331678,0
185309,22550165,0
191611,17668415,0
191611,23142699,0
191826,17215369,0
191826,20161708,0
191826,20926834,0
191826,22003392,0
191826,23289938,0
191826,28329758,0
191826,36891292,0
191984,22505352,0
191988,22266096,0
192952,20043233,0
192952,23001663,1
193141,23453135,0
193880,22586274,0
194441,24214913,0
195242,19478080,0
195242,22334709,0
195381,23013441,0
195381,29155150,0
195848,22550346,0
195848,29467313,0
196046,20976140,0
196916,23715562,0
196933,24393021,1
197131,22673525,0
197460,22504026,0
199939,22461028,0
200243,22801959,0
200243,25386922,0
201367,24862194,0
201367,37697435,0
202447,23496831,0
202447,23741392,0
202933,21153051,0
202933,21266046,0
202933,22053107,0
202933,22452946,0
203316,19432961,0
203316,23045667,0
203316,24498016,1
203316,24823806,0
203316,27228113,0
203316,28337182,0
203316,38036593,0
203316,38332914,0
203597,25621499,0
203849,26067893,0
204994,23332918,0
205122,21743474,0
205122,23166516,0
207173,24013211,0
207173,32109341,0
207236,23388545,0
207644,23049694,0
207644,25405986,0
207644,29945573,0
207745,16352711,0
207745,17257208,0
207745,17558387,0
207745,22832581,0
207745,23634996,0
210710,16979800,1
210710,18423940,1
210710,18729083,1
210710,19366883,1
212952,22970180,0
213389,23570689,0
213597,23570689,0
213690,23018034,0
215477,23910086,0
215735,25329529,0
215779,25329529,0
215984,24011128,0
216437,23184988,0
216437,27225130,0
216805,22810586,0
217798,23935095,0
217835,22914092,0
217958,23155476,0
218067,22658377,0
218249,31568751,0
219774,23034409,0
220033,22908260,0
221325,23959426,0
222133,22999881,0
222367,22529299,0
222367,23248261,0
222632,18159241,0
222632,18431496,0
222632,22081562,0
222632,22923406,0
222656,19797313,0
222656,23364521,0
223170,15838786,0
223170,18451170,0
223170,23112805,0
223170,28504706,0
223170,29255304,0
223170,29783949,0
223170,29988124,0
223908,22956915,0
223920,22863620,0
224556,17332290,0
224679,23430108,0
224725,24291365,0
226629,25733852,0
227481,24152552,0
228147,22080454,0
228147,23042129,0
229088,23630447,0
230264,20211620,0
230264,23451206,0
232523,23118859,0
232966,23314903,0
232966,23491407,0
232966,24888725,0
233199,23034122,0
233444,23966627,0
234017,23991050,0
234852,23260145,0
235017,19593635,1
235017,19607694,0
235017,23601657,0
236461,16741228,0
237686,24025607,1
238045,19332562,0
238045,22465951,0
238045,23233547,0
238838,23362327,0
239443,23516362,0
239551,25739104,0
239551,26668231,0
239835,24337578,0
239884,22863022,0
239884,24293385,0
241164,18600498,0
241164,23671674,0
241164,29622567,0
241273,23777634,0
241800,23341106,0
242329,23259597,0
242329,28428330,0
242329,29474379,0
242329,31040302,1
242329,36367776,0
242329,37430246,0
242329,37584665,0
242386,24277834,0
242589,23455955,0
242589,23487432,0
242897,22555458,0
242897,23924028,0
243861,20620947,0
243861,22544700,0
243861,23354101,0
243861,24236059,0
243861,28508029,0
244839,17892325,0
245250,16889661,0
245250,19224982,0
245250,19240133,0
245250,22196729,0
245250,22722342,0
245250,24476825,0
245568,18034420,0
245568,21841135,0
245568,24068942,0
245622,15148346,0
245622,18030062,0
246049,18321301,0
246049,18776587,0
246049,18843029,0
246049,20087348,0
246049,23049694,0
246049,23155391,0
246049,25405986,0
246049,25723531,0
246511,16892062,0
247023,18332434,0
247163,22073229,0
247163,22904677,0
247280,21097712,0
247280,21653281,0
247280,23275579,0
247681,24469038,1
248246,23591719,0
248382,18763857,0
248382,23683873,0
248851,23324170,0
250039,24805235,0
252514,24748659,0
252899,23817070,0
254320,24004468,0
255607,23675471,0
255716,27292262,0
257233,20716336,1
257233,21462378,1
257233,23142657,1
257233,24447408,0
259506,20577782,0
259506,22447126,0
259506,24382465,0
259693,22553379,0
259693,23557707,0
259693,23562819,0
259808,24936790,0
259872,23516208,0
259889,23612295,0
261851,18648529,0
261851,23171592,0
261851,24431284,0
261851,25639361,0
261851,29958801,0
261851,30418981,0
261851,31162144,0
262801,25971798,0
262801,28883427,0
263371,24496616,0
263510,23810559,0
263951,18059553,0
263951,19960335,0
263951,21092286,0
263951,24465555,0
264038,24027283,0
265179,23592216,0
265179,28878352,0
265729,23971877,0
266454,23707429,0
267013,24013502,0
267054,16735725,0
267054,20053288,0
267054,20338070,0
267054,22033567,0
267054,22147733,0
267054,23781169,0
267213,23995229,0
267516,24413916,1
268315,23320978,0
268315,24028770,0
268736,24374825,0
268736,24479813,0
268736,27993815,0
268736,30702441,0
269101,26050039,0
269286,24205244,0
269823,20432501,0
269823,23828858,0
269945,16489013,0
269945,19359472,0
269945,24143183,0
269945,24729470,0
269991,24210110,0
270044,21807638,0
270044,23136297,0
270044,24048575,0
270044,25320077,0
270593,23937238,0
270857,19671739,1
270857,19903850,1
270857,19997593,0
270857,20699414,0
270857,21637785,1
270857,22549044,0
270857,23176317,0
270857,23372733,1
270857,23694699,1
270857,24351288,1
270857,25162887,0
270857,26884679,1
270857,27650546,0
270857,28965766,0
270857,34874923,0
270857,36008580,0
271057,25367915,0
271058,24218137,0
271058,25367915,0
271058,30301579,1
271058,31388629,0
271058,32116114,0
271058,32669548,1
271058,32954824,0
271058,33952672,0
271058,34083527,0
271058,34161584,0
271058,36354073,0
271058,37399395,0
271058,38528952,0
271058,38891081,0
271219,23974142,0
271524,24026811,1
272005,24204606,0
272005,24525840,0
272005,27552617,0
272005,31061469,0
272417,24458354,0
272823,24278325,0
273516,23902751,0
275601,23873848,0
277384,17526693,1
278049,16628213,0
278049,16878134,0
278049,17038565,0
278049,18463634,0
278049,19178722,0
278049,20888037,0
278049,23438860,0
278999,19211643,0
279026,17234781,0
279555,17284666,0
279741,23906067,0
280612,24000294,0
281309,21447175,0
281309,21543273,0
281309,23094868,0
281309,24628956,0
281612,24445999,0
281895,24167554,0
281991,24320731,0
281991,33264613,0
287028,24362760,0
287028,34471112,0
287064,25664850,0
287078,19759262,0
287078,21403400,0
287078,21896780,0
287078,24762440,0
287078,25664850,0
287621,24003254,0
287907,24055054,0
288139,25305315,0
288785,24995587,0
288796,17378698,0
288796,20946983,0
288796,22431509,0
288838,23945235,0
288838,25897174,0
288838,38456508,0
289104,25171407,0
289395,24048703,1
290707,24089141,0
290843,12805270,0
290843,17452641,0
290843,18036227,0
290843,18413829,0
290843,19176722,0
290843,19196658,1
290843,19652203,0
290843,19800576,0
290843,19965618,0
290843,22955917,0
290843,23454749,0
290843,23576566,0
290843,25205118,0
290843,26728187,0
290843,27821781,0
290843,28487543,0
290843,28490812,0
290843,28581522,0
290843,29712909,0
290843,30679343,0
290843,31184997,0
290843,31327044,0
290843,31462737,0
290843,32161967,0
290843,32382044,0
290843,32844992,0
290843,33150374,0
290843,33385586,0
290843,33558511,0
290843,34088671,0
290843,34258103,0
290843,34301753,1
290843,34367261,1
290843,34512013,0
290843,34568832,0
290843,34669463,0
290843,35494066,0
290843,36224648,0
290843,36261423,0
290843,36631435,0
290843,36780189,0
290843,36854930,0
290843,36974749,0
290843,37018971,0
290843,37304762,0
290843,38051102,1
290843,38198571,0
290843,38355622,0
290843,38627393,0
291433,24913676,0
293390,26198637,0
293390,38655201,0
295158,24875834,0
295657,24841271,0
296391,24443618,1
296743,22723443,0
296743,23667179,0
296743,23990205,1
296743,25440058,0
296930,24416220,0
297296,25419740,0
297839,18347045,0
297839,19246385,0
297839,24286928,0
298585,24219331,0
298714,36232951,0
298714,36834608,0
298869,24974128,0
299348,22237106,0
299348,23334668,0
299348,24598054,0
299348,26960974,0
299348,27302164,0
299349,23639479,0
299349,24598054,0
299728,26203686,0
302010,24736527,0
302013,24736527,0
302522,24231659,0
302782,21642420,0
302782,25068449,0
303835,22225612,0
303835,24412311,0
303889,24942756,0
303889,33985562,0
303889,35201318,0
304448,24375627,0
305342,17192907,1
305342,17683628,1
305342,21966443,1
305342,25564655,0
305342,37386249,0
306408,24753226,0
307813,18682280,0
307813,18699868,0
307813,19891975,0
307813,20395270,0
307813,21054499,0
307813,21349973,0
307813,21531768,0
307813,21552516,0
307813,22753056,0
307813,24884843,0
307813,25294106,0
309702,24040119,0
309702,24535843,0
309702,24830643,0
309702,26882475,0
310635,21602936,0
310635,22065083,0
310635,22666492,0
310635,25670083,0
312110,24136200,0
312110,25259444,0
312110,27601670,0
312179,24651077,1
312506,24586907,0
312506,29217591,0
312506,31204999,0
312506,32065581,0
312506,32612238,0
312506,37591243,0
313384,24586062,0
313865,16809489,0
313865,19395009,0
313865,19584108,1
313865,19696147,0
313865,23788724,1
313865,24554440,0
313865,26115953,1
313904,25939354,0
314257,18208606,0
314257,24520123,0
315973,22308401,0
315973,24833660,0
315973,33045061,0
315973,36352225,0
315973,37200193,0
315973,37344588,0
316144,24672774,0
316452,25395458,0
316828,18322534,0
316828,24548064,0
316828,24847068,0
316828,25724953,0
316863,26214373,0
317599,24713655,0
318365,23335246,0
318365,26098215,0
318365,32916216,0
318365,34480152,0
318365,37866662,0
319090,23340744,0
319090,24965556,0
320003,25280001,0
320068,19495420,0
320068,24747440,0
320068,31330067,1
320192,31554869,0
321299,25886253,0
322487,26055366,0
324040,22367483,1
324040,26826216,0
324099,19801979,0
324099,23623495,0
324099,24101380,1
324099,25017071,0
324099,25401168,0
324576,25002261,0
324589,25354238,0
324589,26584061,0
324589,27711190,0
324589,27809917,0
324589,27841759,0
324589,27888558,0
326714,23799049,0
326714,25036611,1
326714,25135349,0
326714,27251285,0
326714,30062672,1
326714,30283300,1
326714,30955884,0
326714,34970966,0
326714,36407766,1
326714,36653361,0
326714,37802055,0
326714,37986910,0
326714,38127441,0
326714,38182591,0
326714,38803235,0
327342,24811312,0
327867,25316818,0
328058,22790792,0
328058,25098168,0
328448,24226770,0
328448,24777532,0
330131,19740431,0
330131,24770714,0
330644,24812032,0
330644,24859338,0
330806,18552160,0
330806,18719368,0
330806,25066055,0
331137,27434123,0
331528,25132062,0
331714,20739080,0
331714,23426277,0
331714,23587162,0
331714,25434820,0
331714,26540727,0
331714,27315779,0
331714,29124203,0
331714,30742728,0
331714,30938456,0
331714,31020902,0
331714,33208001,0
331714,33627870,0
331714,37146715,0
331714,38619434,0
331714,38781172,0
332152,27894085,0
333300,25874931,0
333993,24965790,0
333993,28396539,0
334249,23555746,0
334468,25226589,0
334501,20505160,0
334501,23791642,0
334501,27354408,0
334501,36002574,0
334889,25043012,0
334984,23521863,1
334984,30614183,1
334984,31831715,1
335821,25104425,0
335949,25594183,0
336591,23652523,0
336591,24013639,0
336591,25256095,0
336591,25785607,0
336591,25955312,0
336591,26470795,0
336591,27240531,0
336591,27655681,0
336780,28481360,0
336809,22287102,0
336809,25083875,0
337650,26051518,0
339057,25032706,0
339289,25123171,0
339922,25343476,0
340857,28179233,0
341251,25501485,0
341251,25961914,0
341973,24190430,0
341973,25352127,0
342455,25216639,0
342884,25434823,0
343750,24603971,0
343750,25799442,0
343750,28365779,0
345953,25159127,0
345953,27043018,0
346023,25496090,0
346140,23576735,0
346140,25104330,0
346235,25092032,0
347144,27600399,0
349011,28771353,0
349372,25355676,0
349719,25754639,0
349817,27880766,0
350077,25674539,0
350302,25901032,0
350672,25799993,0
350672,26878240,0
350760,25184677,0
350769,15292486,0
350769,21779351,0
350769,22952647,0
350769,23682854,0
350769,25119045,0
350769,25219674,0
350769,26236400,1
350769,27058611,0
350769,27089514,0
350769,27642787,0
350769,28061857,0
350769,28469078,0
350769,29379474,0
350769,29795194,0
350769,32697997,0
350769,33216750,0
350769,33522250,0
350769,34383559,0
350769,34672721,1
350769,35576187,0
350769,38683993,0
351641,20799965,1
351641,23770079,0
351641,25146004,0
351641,26321095,0
351641,35574381,0
351869,26325027,1
351869,39193905,0
352174,25856770,0
352372,25669981,0
352440,27364987,1
352449,25566225,0
352452,25213859,0
352960,25296918,0
353105,26010865,0
353105,26240574,0
354070,25201530,0
355804,26898195,0
356217,36923555,0
357890,19027158,0
357890,21360508,0
357890,22031862,0
357890,25759377,0
359240,25446897,0
360118,25533783,0
360122,25533783,0
360766,26121239,0
360766,26697339,0
362085,26565914,0
362112,26111345,0
362592,23451142,0
362592,26743005,0
362592,26965621,0
362592,27436512,0
362592,27881867,0
362592,28962123,0
362592,29422643,0
362592,29777026,0
362592,29885943,0
362592,30963568,0
362592,31251698,0
362592,31409710,0
362592,31736786,0
362592,31756561,0
362592,33406262,0
362592,33467116,0
362592,33836143,0
362592,34155349,0
362592,34211474,0
362592,34382747,0
362592,34433039,0
362592,34643097,0
362592,35503251,0
362592,35658900,0
362592,36153311,0
362592,36442297,0
362592,36618412,0
362592,36618671,0
362592,36757889,0
362592,37852796,0
362592,37884859,0
362592,38926583,0
362592,38986569,0
364266,25440059,0
364285,25395428,0
364285,37907741,0
364644,23935008,0
364644,25030652,0
364644,25390333,0
364644,25627216,0
364644,30518632,0
365701,26057209,0
365745,25460568,0
366325,25502694,0
366432,19590847,0
366432,19741204,0
366432,20064776,0
366432,20943749,0
366432,23275372,0
366432,28924247,0
367133,31027998,0
367933,26381263,0
367933,33332381,0
369252,25793379,0
370028,25635753,0
372264,24565511,0
372264,24945319,0
372264,25619765,0
372818,22615366,0
372818,33677640,0
373059,25849363,1
373059,26697320,1
373059,26718529,0
373499,25664237,0
373499,31575647,0
373499,32434841,0
373499,35619099,0
373818,25512507,0
374013,23610445,0
374013,23648484,0
374013,24615013,0
374013,24636993,0
374013,24670763,0
374013,26629322,0
374013,37714156,0
374074,25543145,0
374722,26307369,0
375188,25895662,0
375262,26451483,0
375517,25348288,0
375517,25645298,1
375517,25907862,0
375517,31856924,0
375517,32188932,0
375517,33361815,0
375517,38900973,0
375665,28076886,0
377199,24828490,1
377199,26098771,1
377472,23352666,0
377472,25639471,0
377766,27097556,0
377804,25578726,0
377804,26071498,0
378688,25751743,0
378862,25561530,0
378862,26006015,0
378865,25561530,0
379532,28559461,0
379613,27199664,0
379700,30608923,0
380090,25664857,0
380246,19011629,1
380246,21266406,0
380246,22231168,1
380246,24934224,0
380246,26443638,0
380246,27864379,0
380246,28103240,0
380246,29738711,1
380246,35363516,0
380246,38253523,0
380522,27145952,0
380604,26427366,0
380604,28025595,0
380660,25686840,0
381017,20174553,0
381017,20581290,0
381017,23966833,0
381017,29958801,0
381817,23563690,0
381817,26075887,0
382318,27107207,0
382347,29133078,0
383244,25784290,0
383275,26851034,0
384460,26611474,0
385122,16230380,0
385122,17875689,0
385122,18535672,0
385122,22233809,0
385122,22929540,0
385122,23112155,0
385122,23637631,1
385122,25637521,0
385372,26184543,0
386191,25938420,0
386265,24516597,0
386265,26267356,0
387171,33320841,0
387171,37851064,0
387908,25938420,0
387908,25939064,0
387908,26583585,0
387908,28215843,0
388085,25853849,0
388585,32888486,0
389107,26147301,0
389888,28432216,0
389888,30568036,0
389934,19018570,1
389934,19036884,0
389934,22144094,0
389934,25111050,0
389934,26540282,0
389934,28877236,0
390083,26621032,0
390206,27241552,0
390854,24340017,0
390854,25617893,0
390854,26683376,0
391110,26229056,0
391598,21828136,0
391598,21878675,0
391598,22237106,0
391598,23334668,1
391598,25132549,0
391598,25938942,0
392561,25981554,0
394353,26694930,0
394373,26694930,0
394672,34535664,0
394959,17972098,0
394959,21364009,0
394959,25212754,0
394959,27705804,0
395087,27381510,0
395384,25246527,0
395384,27370212,0
395384,27929099,1
395384,31480541,0
395384,37347298,0
395467,25944046,0
395467,37817932,0
395937,27484840,0
397463,27190010,0
397786,26727473,0
398077,23326304,0
398077,23326326,0
398077,25538794,0
398077,25993322,0
398077,26791949,0
399079,19833766,0
399079,25931473,0
399646,26924529,0
400004,27261415,0
400501,20141841,0
400501,25307742,0
400501,25934505,0
400923,26313525,0
400923,26702414,0
401977,24260392,0
401977,25554681,0
401977,26551751,0
402257,15831697,0
402257,18794340,0
402257,19657361,0
402257,22012066,0
402257,22955914,0
402257,24504027,0
402257,25480661,1
402257,25873174,0
402257,26463425,0
402257,27335277,0
402257,29889102,0
402979,27239403,0
402979,27897403,0
403856,26122662,0
405003,22682761,0
405003,23746446,0
405003,29499134,0
406553,27482295,0
406852,26507129,0
406852,27505057,0
407115,26684239,0
407562,22223661,0
407812,28570274,0
407847,26269178,0
408647,26845332,0
408887,26556877,1
409805,22146831,0
409805,25356804,0
409805,26646589,0
409877,26237075,0
411069,26178867,0
411700,28421043,0
411700,30232284,0
412968,29538454,0
413329,25477501,0
413329,26256209,0
413527,26857681,0
413527,27724872,0
413618,28099441,0
414539,30777872,0
415288,20594294,0
415288,29306595,0
415562,27044095,0
416660,26257285,0
418053,22986524,0
418053,26371322,1
418592,23770013,0
418592,24161946,0
418592,24616378,0
418592,27058663,0
419098,20508144,0
419098,23953112,0
419098,26950096,0
419171,28078450,0
419456,26322075,1
420076,34546215,0
420204,25738365,0
420727,26537256,0
421219,26272509,0
422451,26343536,0
424092,24327544,0
424092,24531965,0
424092,26387712,0
424092,27545843,0
424827,26696982,0
425003,27109826,0
425088,35141505,0
425399,27861791,0
425577,27179036,0
425994,26477559,0
426778,26733602,0
427698,23505972,0
427698,26615085,0
427698,28116058,0
430143,31534115,0
430654,24743648,0
430654,27499023,0
430654,27841873,0
430654,28575086,0
430654,28970523,0
430654,30718506,0
430654,30971823,0
430654,31142855,0
430654,33414552,0
430654,33494096,0
430654,34446707,0
430654,34556879,0
430654,35224628,0
430654,35411077,0
430654,35711419,0
430654,35821981,0
430654,35971133,0
430654,36352225,0
430654,36450981,0
430654,36576405,0
430654,37169743,0
430654,37280220,0
430654,37463454,0
430654,37810211,0
430654,38118405,0
430654,38224094,0
430654,38478620,0
430654,38782926,0
433558,36449969,0
433604,26351324,0
433604,27247353,0
433646,26719536,0
433655,26719536,0
433906,21757609,0
433906,25576597,0
433906,27170561,0
433906,28947543,0
434841,15374940,0
434841,22810586,0
434841,26510177,0
434841,30846834,0
434841,30894485,0
434841,32581101,0
434841,36795469,0
435100,26773099,0
435364,27133129,0
435635,27899133,0
436710,25322074,0
436710,26460802,0
437037,26586723,0
437406,26655236,0
437440,19389237,0
437440,26792343,0
437679,26169971,0
437679,28049633,0
438308,26571404,0
438854,25145280,0
438854,25146236,0
438854,26484125,0
438854,27100007,0
438965,28337182,0
439795,16270623,0
439795,25418722,0
439795,27992405,0
439795,30024931,0
439795,30366982,0
440148,26645559,0
440187,29334376,0
440325,26620638,0
440325,29382830,0
440470,16361876,0
440470,21203463,0
440470,27642008,0
440470,28652445,0
440470,29129686,0
440470,30472010,0
440470,30591458,0
440470,31355778,0
440470,31890740,0
440470,33048844,0
440470,33266321,0
440470,33665640,0
440470,35295992,0
440470,37881937,1
440470,38049085,0
440470,38424603,0
442224,24132643,0
442224,26193637,0
442224,27034009,0
442224,34224201,0
443113,21533028,0
443113,26465158,0
443113,26625258,0
443113,26756304,0
443113,26812616,0
444523,27084391,0
444905,26656643,0
444929,26636678,0
445011,18460334,0
445011,27211549,0
445420,23570531,0
445420,26517526,0
446019,21540552,0
446019,24154525,0
446019,26554018,0
446019,30064361,0
446019,31775188,0
446019,32027689,1
446019,32707082,0
446019,33219153,0
446019,33273606,0
446019,33829052,0
446019,34021643,0
446019,34688032,0
446019,38900973,0
447265,29055049,0
447373,23345452,0
447373,24194914,0
447373,26656874,0
447931,22914092,0
447931,26863192,0
448932,20554967,0
448932,24732378,0
448932,25573994,0
448932,25896507,0
448932,27867007,0
449791,26698305,0
450857,26135620,0
450857,29364907,0
450954,22055504,0
450954,22338035,0
450954,23958793,0
450954,27194304,0
450954,27411009,0
451006,22347404,0
451006,26780092,0
451388,21731613,0
451388,26965621,0
451920,25129077,0
451920,26803900,0
451920,27799057,0
451920,29110684,0
451920,30696826,1
451920,33238137,0
451920,36262047,0
452236,22505458,0
452236,27871362,0
453422,25326100,0
453422,28740209,0
454553,27777633,0
455549,23935120,0
455549,27564131,0
457019,16501597,0
457019,20622869,0
457019,25519492,0
457019,27252083,0
457089,21966512,0
457089,26168399,0
457089,26923201,0
457962,28935237,0
458329,26933838,0
458952,27428900,0
459815,28018369,0
462480,29267140,1
463956,16914741,0
463956,21285945,0
463956,22465951,0
463956,26997247,0
464331,28076331,0
465079,27052314,0
465251,26109433,0
465251,27626179,0
466631,22823569,0
466631,27230657,0
466719,22495302,0
466719,27068461,0
466907,27092172,0
468404,27629486,0
468687,21169565,0
468687,25960328,0
468687,27148454,0
469198,28046107,0
469533,27238082,0
471244,24425047,0
471244,27185370,0
471749,27666791,0
474094,27132940,0
474986,25305080,0
474986,27739513,0
475741,27616062,0
475741,28708826,0
475741,29739946,0
475741,33718266,0
475741,33939688,0
475741,36001668,0
476138,27485040,0
476387,22096101,0
476387,27364358,1
476387,28506464,0
476387,33154377,0
476387,38426339,0
476596,24327959,0
476596,25685688,0
476596,28112681,0
477437,14739279,0
477437,16000714,0
477437,17164403,0
477437,19234305,0
477437,20958245,0
477437,22621902,0
477437,27112564,0
477437,28720901,0
477574,24947930,0
477574,26116361,0
477574,27388901,0
478052,27935476,0
478466,19345331,0
478466,20711236,0
478466,22143885,0
478466,23775127,0
478466,24670642,0
478466,24886537,0
478466,25456132,0
478466,27350605,0
478466,29045843,0
478466,30487290,0
478466,31578521,0
478466,31855178,0
478466,34272384,0
478466,34290403,0
478466,34663432,0
478466,34944934,0
478466,35534224,0
478466,36198031,0
478466,36414711,0
478466,36502574,0
478466,36650715,0
478466,36657447,0
478466,36669105,0
478466,37070193,0
478466,37147730,0
478466,37902007,0
478503,28431118,0
479826,27239938,0
479836,22319597,0
479836,29529258,0
480725,15918878,0
480725,19737362,0
480725,20400566,0
480725,20525001,0
480725,21551287,0
480725,21746919,0
480725,25015893,0
480725,25895923,0
480725,27208101,1
480725,30287954,0
481160,28193641,0
482748,19892832,0
482748,23912222,0
482748,27730214,0
482834,18599650,0
482834,29335449,0
482934,16444260,0
482934,18256232,0
482934,19028886,0
482934,19119024,1
482934,19266279,1
482934,19309505,0
482934,19883615,0
482934,20016602,0
482934,20214815,0
482934,20404171,0
482934,20436676,0
482934,20479123,0
482934,20655471,1
482934,20953355,1
482934,20962885,1
482934,21062375,0
482934,21270055,0
482934,21421565,0
482934,21723504,0
482934,21849418,0
482934,21924794,0
482934,22108827,0
482934,22164259,0
482934,22276141,1
482934,22362069,1
482934,22552627,0
482934,22689379,0
482934,22869147,0
482934,22972934,0
482934,23324257,0
482934,23536375,0
482934,23613738,0
482934,23635305,0
482934,23635779,0
482934,24152727,0
482934,24161985,0
482934,24185512,0
482934,24212793,0
482934,24332851,1
482934,24385936,0
482934,24392094,0
482934,24442672,0
482934,24616020,1
482934,24665059,0
482934,24672749,0
482934,24899471,1
482934,24949971,0
482934,25049272,0
482934,25049506,0
482934,25124890,0
482934,25142253,0
482934,25143365,1
482934,25203323,0
482934,25329394,0
482934,25421577,0
482934,25476932,0
482934,25607660,0
482934,25643696,0
482934,25695797,0
482934,26099751,0
482934,26138677,0
482934,26247463,1
482934,26258962,0
482934,26477306,0
482934,26490646,0
482934,26562508,0
482934,26575292,0
482934,26699484,0
482934,26700766,0
482934,26841680,0
482934,26853856,0
482934,26959186,0
482934,27036048,0
482934,27105112,0
482934,27149854,0
482934,27165481,1
482934,27217703,0
482934,27430722,0
482934,27546197,0
482934,27630184,0
482934,27713410,0
482934,27730721,0
482934,28190776,0
482934,28218758,0
482934,28285905,0
482934,28386079,0
482934,28398475,0
482934,28489570,0
482934,28579394,0
482934,28585531,0
482934,28687705,1
482934,28733422,0
482934,28751774,0
482934,28759650,0
482934,28794184,0
482934,28855339,0
482934,28937961,0
482934,29045899,0
482934,29066820,0
482934,29073274,0
482934,29091993,0
482934,29125598,0
482934,29158441,0
482934,29187907,1
482934,29326438,1
482934,29408885,1
482934,29414941,0
482934,29456179,0
482934,29679004,0
482934,29695788,0
482934,29706628,0
482934,29725373,0
482934,29763693,0
482934,29767438,0
482934,30002204,0
482934,30037925,0
482934,30083155,0
482934,30104650,1
482934,30111633,0
482934,30122476,0
482934,30245844,1
482934,30382079,1
482934,30382087,1
482934,30397325,0
482934,30425508,0
482934,30590035,0
482934,30595533,0
482934,30602391,0
482934,30631056,0
482934,30779940,1
482934,30796352,0
482934,30814537,1
482934,30926814,0
482934,30979870,1
482934,30985881,0
482934,31101825,0
482934,31123029,0
482934,31311844,1
482934,31340143,0
482934,31419938,1
482934,31551709,0
482934,31574534,1
482934,31780728,1
482934,31853997,0
482934,31875561,0
482934,31905853,0
482934,32047161,0
482934,32049955,1
482934,32115746,1
482934,32118485,0
482934,32129897,0
482934,32161614,0
482934,32162843,0
482934,32299514,0
482934,32312822,0
482934,32340108,0
482934,32368828,0
482934,32405436,1
482934,32440474,0
482934,32483330,0
482934,32508817,0
482934,32577515,0
482934,32620778,0
482934,32643603,0
482934,32671071,1
482934,32686767,0
482934,32774160,0
482934,32778999,1
482934,32796817,0
482934,32819367,0
482934,32873321,1
482934,32894284,1
482934,32920490,0
482934,32939092,0
482934,32957918,0
482934,33113353,0
482934,33163943,0
482934,33257808,0
482934,33331926,0
482934,33361757,0
482934,33410252,1
482934,33420030,0
482934,33420376,1
482934,33420488,0
482934,33448313,0
482934,33462245,0
482934,33552051,0
482934,33596784,1
482934,33613110,0
482934,33664480,1
482934,33735615,0
482934,33743195,0
482934,33945508,0
482934,33959635,0
482934,33968139,1
482934,34055876,0
482934,34102100,0
482934,34108684,0
482934,34145242,0
482934,34220794,1
482934,34289383,0
482934,34289986,1
482934,34298684,0
482934,34326467,0
482934,34336929,0
482934,34393780,0
482934,34422813,1
482934,34451580,0
482934,34513313,0
482934,34587228,0
482934,34609966,0
482934,34626548,0
482934,34712656,0
482934,34729247,0
482934,34737269,1
482934,34793335,0
482934,34873160,0
482934,34921145,0
482934,34936223,0
482934,34996891,0
482934,34997317,0
482934,35005123,0
482934,35027754,0
482934,35066810,1
482934,35123499,0
482934,35127377,1
482934,35165263,0
482934,35179319,0
482934,35199647,0
482934,35232997,0
482934,35239439,1
482934,35244538,0
482934,35296659,0
482934,35464860,0
482934,35482917,0
482934,35495145,0
482934,35508495,0
482934,35656547,0
482934,35726067,0
482934,35728062,0
482934,35750885,0
482934,35800778,0
482934,35831300,1
482934,35860547,0
482934,35866148,0
482934,35866661,1
482934,35906240,0
482934,35910766,1
482934,35915142,0
482934,35920020,1
482934,35941292,1
482934,35977543,0
482934,36001968,0
482934,36007540,0
482934,36056002,0
482934,36091043,0
482934,36179695,0
482934,36198802,0
482934,36237168,0
482934,36267418,1
482934,36350314,0
482934,36359855,0
482934,36451107,0
482934,36455589,0
482934,36459087,0
482934,36516757,1
482934,36587899,0
482934,36594467,0
482934,36713435,0
482934,36822494,0
482934,36882772,0
482934,36883630,0
482934,36922568,0
482934,36936029,1
482934,37002649,0
482934,37003985,0
482934,37028598,0
482934,37044069,0
482934,37057595,0
482934,37080995,0
482934,37102148,0
482934,37114537,1
482934,37146607,1
482934,37156995,1
482934,37270643,0
482934,37280224,0
482934,37307441,0
482934,37315534,0
482934,37339952,0
482934,37353497,0
482934,37369679,0
482934,37459514,0
482934,37460638,0
482934,37461466,0
482934,37488117,0
482934,37509414,0
482934,37527036,0
482934,37547760,1
482934,37586322,0
482934,37605829,0
482934,37612267,1
482934,37662218,0
482934,37663298,0
482934,37682722,0
482934,37731001,0
482934,37733872,0
482934,37746265,0
482934,37752791,0
482934,37819759,0
482934,37828611,0
482934,37844464,0
482934,37894498,0
482934,37895219,0
482934,37908335,0
482934,37932341,0
482934,37953789,1
482934,38010945,0
482934,38014168,0
482934,38057925,0
482934,38059556,0
482934,38062244,0
482934,38155938,1
482934,38228679,0
482934,38233416,0
482934,38297127,0
482934,38407383,0
482934,38427557,0
482934,38446877,0
482934,38464090,0
482934,38472198,1
482934,38489263,0
482934,38514704,0
482934,38580917,1
482934,38589664,1
482934,38594460,0
482934,38609408,0
482934,38657611,0
482934,38698087,0
482934,38730241,0
482934,38771396,0
482934,38926398,1
482934,38988496,0
482934,38995840,0
482934,39013884,0
482934,39043634,0
482934,39095594,0
482934,39108749,1
483267,28213513,0
483413,27799559,0
483413,29230965,0
484348,22158963,0
484348,27545881,0
484984,17060474,0
484984,17320163,0
484984,20178741,0
484984,21596310,0
484984,23824326,0
484984,24332853,0
484984,24752897,0
484984,28028135,0
484984,29229958,0
486782,26460041,0
486782,27050099,0
486926,23111106,0
486926,26028579,0
486926,27084430,0
486926,27987431,0
487812,29026081,0
487929,16275909,0
487929,19218089,0
487929,22866913,0
487929,25843709,0
487929,28181347,0
487929,35064153,0
487929,36788578,0
487929,37624910,0
487929,38319148,0
488056,33302864,0
488584,21821793,0
488584,22719883,0
488584,28811571,0
488584,29078349,0
488584,31239324,0
489079,28735374,0
489165,29269732,0
489925,28052262,0
490897,17936032,0
490897,22467474,0
490897,25240383,0
490897,28389511,0
490897,28526299,0
490897,30289576,0
490897,34440425,0
491219,21134491,0
491219,24951773,0
491219,26932322,0
491219,27479086,0
491219,27910818,0
491219,32951127,0
491727,17060531,0
491727,17428342,0
491727,24586032,0
491727,27626385,0
491727,36620589,0
491727,36681667,0
491727,36808651,0
491727,37400936,0
491727,37965134,0
491727,38479160,0
491727,38678957,0
491727,38806480,0
491727,38965605,0
492047,28698627,0
492892,28588211,0
492944,24065768,0
492944,25200078,0
492944,26679539,0
492944,28959008,0
493020,28390866,0
493530,29398449,0
493755,28137254,0
493982,25698744,0
493982,29742422,0
493982,36744866,0
494046,26276836,0
494046,28706564,0
494046,32676087,0
494046,36323321,0
494046,37697045,0
494152,28297678,0
497510,25002228,0
497510,29059322,0
497546,32486514,0
498125,27807171,0
498257,27855702,0
498257,32191585,0
499566,27699251,0
501200,27568558,0
501221,28385888,0
501684,31767564,0
501684,32903551,0
502160,27841759,0
502908,27641500,0
504617,25705018,0
504617,28032595,0
504940,20348243,0
504940,21235772,0
504940,24330401,0
504940,24930433,0
504940,25313140,0
504940,25956916,0
504940,27800025,0
505513,27703239,0
505711,29180699,0
505711,30456361,0
506405,19154717,0
506405,28577314,0
506405,32126024,0
506422,18588666,0
506422,27716033,0
506422,29157197,0
507389,27799288,0
507668,27699244,0
507847,29875417,0
508275,25038413,0
508275,25575081,0
508275,27883889,0
511048,19430475,0
511048,20550935,0
511048,21720214,0
511048,22301954,0
511048,25318822,0
511048,28193481,0
511048,28964717,0
511048,29022589,0
511048,29117186,0
511048,30254141,0
511048,30337919,0
511048,30608923,0
511048,30779711,0
511048,37463905,0
511048,37532691,0
511048,38425500,0
511048,38499690,0
511368,28007902,0
512175,28041929,0
512179,21249121,0
512179,24586162,0
512179,28041929,0
512179,35932893,0
512299,22222631,0
512299,24107449,0
512299,27276681,0
512299,29340039,0
512299,38272206,0
512418,29507348,0
513911,27694579,0
513923,28811555,0
514037,28558071,1
514109,28414315,0
515054,29298422,0
515230,27783952,0
515230,28465430,0
515511,27756904,0
515700,24993824,0
515700,28030540,0
515983,28059770,0
516918,30514258,0
516925,28301469,1
517783,29122925,0
517783,31265809,0
517783,35803227,0
517783,37590144,0
517783,38692273,0
518629,28935841,0
518711,28174235,0
519172,36713383,0
520128,25681338,0
520128,27919753,0
520346,28487489,0
520346,28578692,0
521172,21115979,0
521172,22891273,0
521172,27335277,0
521172,29472356,0
522277,27914912,0
523226,28667006,0
524107,28982115,0
524107,34011283,0
524400,29036922,0
524481,29950719,0
525129,26100017,0
525129,26896798,0
525129,27104978,0
525129,29377931,0
527084,28530678,0
527084,29444893,0
528360,30055169,0
529003,21666746,0
529003,27958370,0
529003,28138558,0
529042,23661089,0
529042,28729434,1
529049,25115389,0
529049,28415643,0
529455,26938915,0
529455,28211448,0
529883,27552617,0
529883,31061469,0
530270,16077094,1
530270,19949809,0
530270,20008573,1
530270,23749451,1
530270,23792425,0
530270,28076795,1
530639,28893852,0
530973,28475648,0
531100,30409996,0
531328,27527664,0
531328,27993989,0
531328,33514742,0
531440,28216144,0
531818,28111276,0
531823,28111276,0
533732,30811418,0
533732,37889753,1
534013,33436641,0
534013,34462276,0
534787,28193481,0
534787,29988126,0
535010,28978481,1
535046,28249905,0
537248,28216147,0
537791,28977666,0
537791,34321484,0
537791,34694888,0
537791,35017523,0
537791,35550611,0
537791,38902843,0
538504,28352661,0
539092,30253116,0
541273,29795225,0
541944,25453034,0
541944,28938907,0
541944,34593836,0
542081,28273451,0
542278,21454787,0
542278,24842994,0
542278,26566685,0
542278,29304333,0
542591,25545346,0
542591,28369925,0
542890,34898002,0
543637,28386004,0
546828,28235773,0
549542,28529062,0
550037,29476110,0
550422,30404791,0
551624,28665271,0
552490,25754329,0
552490,27043285,0
552490,27912061,0
552490,28397821,0
552639,26672735,0
552639,28390424,0
552639,31662020,0
553206,28651047,0
553248,29090078,0
554578,29945882,0
555251,24054328,0
555251,28396406,0
557548,19448673,0
557548,20664639,0
557548,24336927,0
557548,26282327,0
557548,27996033,0
557548,28067906,0
557548,29531064,0
557548,29844387,0
557548,29973406,0
557548,30006619,0
557548,30282034,0
557548,30446643,0
557548,32060266,0
557548,32962996,0
557548,33101712,0
557548,33826403,0
557548,34234346,0
557548,34561429,0
557548,34813980,0
557548,35524156,0
557548,36891292,0
557548,37453060,0
557548,37988981,0
557548,38145748,0
557548,38171360,0
558005,19922771,0
558005,24030951,0
558005,26784972,0
558005,34035282,0
558488,37292997,0
558488,39039043,0
558576,18413752,0
558576,22752426,0
558576,28692661,0
559813,28607484,0
560200,30274248,0
560676,19701459,0
560676,23459460,0
560676,30964696,0
561920,28515231,0
562911,29100359,0
563217,21602514,0
563217,21968790,0
563217,34420357,0
563479,28833678,0
563585,32382723,0
564372,28834169,0
564576,29080089,0
565038,30275963,0
565038,30496528,1
566154,23857252,0
566154,31585941,0
567069,29378633,0
567083,29487324,0
567133,20944086,0
567133,28934490,0
567576,29439024,0
568257,27507904,0
568257,29618661,0
568415,35230973,0
568419,35230973,0
569072,26133928,0
569072,29511234,1
569475,25557080,0
569475,28757253,0
571539,28718507,0
571617,30242258,0
571642,20547848,0
571642,30384911,0
572838,19148136,0
572838,20807887,0
572838,21092265,0
572838,22028862,0
572838,27916615,0
572838,29296789,0
573116,26037119,0
573116,27033523,0
573116,28187446,0
573116,28976803,0
573116,30206180,0
573116,32355198,0
573116,33785524,1
573116,35092356,1
573116,35196484,0
573116,38441406,1
573420,29220657,0
573986,29636009,0
574062,32001677,0
574550,28861005,0
574621,29661911,0
575009,29584756,0
575117,15892871,0
575117,16314843,0
575117,16618719,0
575117,17039238,0
575117,17311920,0
575117,17322878,0
575117,18025261,0
575117,18483253,0
575117,20181891,0
575117,20574523,0
575117,21264947,0
575117,21596316,0
575117,21795128,0
575117,22575960,0
575117,23474544,0
575117,25569111,0
575117,26559525,0
575117,26863196,0
575117,28504680,0
575117,29129909,0
575117,34893620,0
576012,29193665,0
576786,28970238,0
577048,28827140,0
577419,29267404,0
577559,29507391,0
578097,28039356,0
578333,29790953,0
578505,25252918,0
578505,30242024,0
580052,28806688,0
580052,29287281,0
580160,29127378,0
580759,30186843,0
583181,29051379,0
583387,30929512,0
583523,24344318,0
583523,30039798,0
583626,29197151,0
584768,31721388,0
584870,29100357,0
584884,28827345,1
586175,17911620,0
586175,18682242,0
586175,19109227,0
586175,29396410,0
586175,37980406,0
586580,29151946,0
587052,34357353,0
587362,20479065,0
587362,20484246,0
587362,21575938,0
587362,25429057,0
587362,26116507,0
587362,27941249,0
587362,28902842,0
588015,30231671,0
588348,35944008,0
588509,30072421,0
588612,29362864,0
588879,27409664,0
588879,28193834,1
588879,30378296,0
590311,19414776,0
590311,19690134,0
590311,19903760,0
590311,20064451,0
590311,20829794,0
590311,21084727,0
590311,21658582,0
590311,21658583,0
590311,21730287,0
590311,21810606,0
590311,22207624,0
590311,22264274,0
590311,22312003,0
590311,22747986,0
590311,23739895,0
590311,25633388,0
590311,25785607,0
590311,25882670,1
590311,26206884,0
590311,27625022,0
590311,28356390,0
590311,28970473,0
590311,29374233,0
590311,30067821,0
590311,31700183,0
590311,32512511,0
590311,32988399,0
590311,35349784,0
590311,35550916,1
590311,35694846,0
590311,36169218,0
590311,36859544,0
590311,37526084,0
590491,30271901,0
592023,30425971,0
592039,29514301,0
592039,36459994,0
593013,29375595,0
593236,29049317,0
593670,30016500,0
593670,30914792,0
593670,33483601,0
593670,35294258,0
593670,36400788,0
593670,36875325,0
593670,37647218,0
593670,37830622,0
593723,16582907,0
593723,28549128,0
593723,29106596,0
593723,30622257,0
594033,29506076,0
594605,21853268,0
594605,27137185,0
594605,30365157,0
595805,29203860,0
596678,29142230,0
596786,16760442,0
596786,18509088,0
596786,20823134,0
596786,21487109,0
596786,22238326,0
596786,24179151,0
596786,24398325,0
596786,25042405,0
596786,29567771,0
597285,29246798,0
598668,29195073,0
599914,29146936,0
600934,30385785,0
601041,29129683,0
601085,29180489,1
601089,29180489,0
601215,29120328,0
601215,29748285,0
601250,17407386,0
601250,18754008,0
601250,21743474,0
601250,23071669,0
601250,23437348,0
601250,29120328,0
601434,29244071,0
601434,31809738,0
601434,32142665,0
601434,32755548,0
601434,35767650,0
601434,36279473,0
601434,36729831,0
601434,36898377,0
601434,37831606,0
601434,38092736,0
601617,31554791,0
602774,31011226,0
602781,28346493,1
602781,31011226,0
603128,29224779,0
603134,16943533,0
603134,29224779,0
603134,32820219,0
603134,33636117,0
603134,35660135,0
603245,29170434,0
604120,31980649,0
604442,19179452,0
604442,19535142,1
604442,20005572,0
604442,22750547,0
604442,25825448,0
604442,26613957,0
604442,29296902,0
604442,29632539,0
604570,29709033,0
605202,31138781,0
605988,24281154,0
605988,26642437,0
605988,29514095,0
605988,30507613,0
606119,31399583,0
606651,28723565,0
606651,29701262,0
607062,30209221,0
608228,30926818,0
608253,24450762,0
608253,29209049,0
609036,29321003,0
609163,30390635,0
609335,31244650,0
611918,30818087,0
612047,29122925,1
612047,29578536,0
612539,29292161,0
612560,30139998,0
612624,30994860,0
613729,29525529,0
613812,29449575,0
614109,24814790,0
614109,25420416,0
614109,25688064,0
614109,27590817,1
614109,29281966,0
614109,29294107,0
614109,31659215,0
614109,32603604,0
614109,36516754,0
614409,26015430,1
614409,26984536,1
614409,28545102,1
614409,29554113,1
614409,29740082,0
614409,30337646,0
614409,30988346,1
614409,33247230,1
614409,33903612,0
614409,33958675,1
614409,34234169,1
614409,35810502,1
614409,36277068,1
614409,37270611,0
614409,39095703,1
614409,39209905,1
615533,27345421,0
615533,29456073,0
615819,29487136,0
616944,21559450,0
616944,21840489,0
616944,27151745,0
616944,28130500,0
616944,36635662,0
616944,38492219,0
617765,30474248,0
617910,32369512,0
618098,29669006,0
618278,29732366,0
618278,37075810,0
618386,26214742,0
618386,30405245,0
618948,32611548,0
618956,31676292,0
619084,15300251,0
619084,16933469,0
619084,19833826,0
619084,20233708,0
619084,21294127,0
619084,21730190,0
619084,23226320,0
619084,24039832,0
619084,29205775,0
619084,29484655,0
619084,32767058,0
619459,22017872,0
619459,25274727,0
619459,26655901,0
619459,31907200,0
620374,30995479,0
622516,30728393,0
622858,29132146,0
622858,29773669,0
623247,22034628,0
623247,22652128,0
623247,26597293,0
623247,30833646,0
624091,30371153,0
625141,32592467,0
625178,31361898,0
627327,23312289,0
627327,24194394,0
627327,25006255,0
627327,25651185,0
627327,25938420,0
627327,26260972,0
627327,27398095,0
627327,27623010,0
627327,28257690,0
627327,30333746,0
627327,30639359,0
627327,31792411,0
627327,32866618,0
627327,33417276,0
627327,34128959,0
627327,35501385,0
627327,37523383,0
627327,38632339,0
628686,28628607,0
628940,28533227,0
628940,31015447,0
631610,30301917,0
631658,30679800,0
632551,29628371,0
632551,34711820,0
632770,31799607,0
632792,22840769,0
632792,28644127,0
632792,30231992,0
633384,29878763,0
634112,29618337,0
634721,25108384,0
634721,25480298,0
634721,28683285,0
634721,29754954,0
634721,36097183,0
634721,36948185,0
634721,36950383,1
634721,37682716,1
634731,23979757,0
634731,29326275,0
634731,31736226,0
635229,29549264,0
635244,29666442,0
636121,30232284,0
636130,30232284,0
636130,30318337,0
636134,23935095,0
636134,27381039,0
636134,30232284,0
636493,27798262,0
636493,29717110,0
636493,29889098,0
636808,30006483,0
636994,22810588,0
636994,30514845,0
637201,29083320,0
637201,30645099,0
637707,30314329,0
638202,31080135,0
638708,16912112,0
638708,34036652,0
638861,29777224,0
638861,31214234,0
638861,35801824,0
638861,37830622,0
639587,29760697,0
641032,29795348,0
641032,30311909,0
642321,36230857,0
643504,31890206,0
643504,31921420,0
643504,37456846,0
643504,38321013,0
644199,30108238,0
644609,29719262,0
645030,29774023,0
645030,33981968,0
645404,22860125,1
645404,30420658,1
645541,35359922,0
645962,29638227,0
645962,30022042,0
646621,20941359,0
646621,25003194,0
646621,28805827,0
646621,29361088,0
646621,30542108,0
646621,30779925,0
646723,29982879,0
646723,37115004,0
646864,32661301,0
648235,30007418,0
649462,23950145,0
649462,25884766,0
649462,25992859,0
649462,26631632,0
649462,28646076,0
649462,28920957,0
649462,29724730,0
649462,31217356,0
649462,32107344,0
649462,32634130,0
649462,33765443,0
649462,34118180,0
649462,35474299,0
649462,36120562,1
649462,36209198,0
649462,36331122,0
649462,36397653,0
649462,36442540,0
649462,37580326,0
649462,38167338,0
649462,38598837,0
649586,29915193,0
649586,30262634,0
649593,28943253,0
649593,29915193,0
649776,16087739,0
649776,30375971,0
650293,30679557,0
650396,24825182,0
650396,30143027,0
650677,29902480,0
651401,21138856,0
651401,25451292,0
651401,25791846,0
651401,26979051,0
651401,30006499,0
651401,30994250,0
651401,32873602,0
651401,35028604,0
651686,29870545,0
652133,23054549,0
652498,26632611,0
652498,28203709,0
652498,30107478,1
652733,31391082,0
652887,30626868,0
653364,23153540,0
653364,23840896,0
653364,25298321,0
653364,30271923,0
653364,31566233,0
653364,31862972,0
653364,33823916,0
653364,35313970,0
653364,36256508,0
653364,36656641,0
653364,37016431,0
653364,37442376,0
653364,38110397,0
653903,32735645,0
654300,30369556,0
654737,29765154,0
654737,29790588,0
654737,30202007,0
654737,30499379,0
654737,33170215,0
654908,30173913,0
655440,26686628,0
655440,30519364,0
655440,32393661,0
655440,38355776,0
656943,30075151,0
656943,35759853,0
657101,32533832,0
657331,31373884,0
657494,29891760,0
658908,29986073,0
660321,30028518,0
661865,30412050,0
662421,29728366,0
662421,30061100,0
662961,31451708,0
662961,33789089,0
662961,38226976,0
663065,16849555,0
663065,17259635,0
663065,22728437,0
663065,22859400,0
663065,22923691,0
663065,26416748,0
663065,30993572,1
663857,33898513,0
665378,24924190,0
665378,30157422,0
665378,31011226,0
665404,30076848,0
666576,32537514,0
666600,30232164,0
667097,30092825,0
667166,31795319,0
667173,30500812,0
668487,18221507,0
668487,18953340,0
668487,21820099,0
668487,22232210,0
668487,30411505,0
669224,20566846,0
669224,23341612,0
669224,28094018,0
669224,30718509,0
669890,30299256,0
669890,32420869,0
670103,16857587,0
670103,20038714,0
670103,20660648,0
670103,29955902,0
670401,31690123,0
670441,12829800,0
670441,16643655,0
670441,19204204,0
670441,20360852,0
670441,20644708,0
670441,20659173,0
670441,22113448,0
670441,34412669,0
670959,24674993,0
670959,31154903,0
670959,32509599,0
672511,31820734,0
673074,22730365,0
673074,26021296,0
673074,26966136,0
673074,27993549,0
673074,28002404,0
673074,28740209,0
673074,31300459,0
673074,34980917,0
673344,32160527,0
674343,30796046,0
674384,31144574,0
674897,24305048,0
674897,31138842,0
675525,30211126,1
675610,30742096,0
676245,20941359,0
676245,25003194,0
676245,28049151,0
676245,28805827,0
676245,29361088,0
676245,30542108,0
676245,30779925,0
676245,31152164,0
676245,32188504,0
676245,34326534,0
676245,35236847,0
676245,35303419,0
676250,24311694,0
676250,27659211,0
676250,32071305,0
676496,26432339,0
676496,30735537,0
676500,26432339,0
676500,30735537,0
676558,15461792,0
676558,17481853,0
676558,21418656,0
676558,31381567,0
676558,33837425,0
676833,27733379,0
676833,30404016,0
676833,31023878,0
676835,31023878,0
677032,30275444,0
677032,33795674,0
677503,30111801,0
677697,31372377,0
678169,30765332,0
679461,31036712,0
679516,34915921,0
679642,26936506,0
679642,30127060,0
679942,18059179,1
679942,18413752,1
679942,18828674,0
679942,18852131,1
679942,21415212,0
679942,21477297,0
679942,21613409,0
679942,21914192,0
679942,21969591,0
679942,21985787,0
679942,22315472,0
679942,22491853,0
679942,22553375,1
679942,22660439,0
679942,23371912,0
679942,23479404,0
679942,23552882,0
679942,23843613,1
679942,23873848,1
679942,24891615,0
679942,25159520,0
679942,25242168,0
679942,25348955,1
679942,25546133,0
679942,25624355,0
679942,25716682,0
679942,25946135,0
679942,26551682,0
679942,26613787,0
679942,26637195,0
679942,26639786,0
679942,26687066,1
679942,26918447,1
679942,27014207,0
679942,27149922,0
679942,27244555,0
679942,27663586,0
679942,27677865,0
679942,27783942,1
679942,28108622,1
679942,28317936,0
679942,28500237,1
679942,28859336,0
679942,29311580,0
679942,29808917,0
679942,29910151,0
679942,30237855,0
679942,31067475,0
679942,31511425,0
679942,31542774,0
679942,31818247,0
679942,32241868,0
679942,32409712,0
679942,32708981,0
679942,33205021,0
679942,33462489,0
679942,33772013,0
679942,33795352,0
679942,34001994,0
679942,34743196,0
679942,35021083,0
679942,35105868,0
679942,35440562,0
679942,35579943,0
679942,35697804,0
679942,35868533,0
679942,36070682,0
679942,36222710,0
679942,36918693,0
679942,37145142,0
679942,37217469,0
679942,37377902,0
679942,37704733,0
679942,37712426,0
679942,37723865,0
679942,38014075,0
679942,38200558,0
679942,38481391,0
679942,38570491,0
679942,38848986,1
680338,25184385,0
680338,30986495,0
680649,24379380,0
680649,29131815,0
680649,30375064,0
681538,30093402,0
682002,22723548,0
682002,25343644,0
682002,30344014,0
682033,30664768,0
682196,19843862,0
682196,30286151,0
682196,30518749,0
682578,24569038,1
682578,26048561,0
682578,31974205,0
682733,31182869,0
682838,33658578,0
683460,31356623,0
683460,31527911,0
684213,30880078,0
684253,30550790,0
684253,34010142,0
684560,32005809,0
684761,31937643,0
686544,30170615,0
686544,31971976,0
686544,32579593,0
686544,34326481,0
686544,35148843,0
686544,35524742,0
686544,38834912,0
686758,30222771,0
686925,30763398,0
686925,31878883,0
688146,18772890,0
688146,18948947,0
688146,19321416,0
688146,19651600,0
688146,19936048,0
688146,19965430,0
688146,20221447,0
688146,20440878,0
688146,21436584,0
688146,22158538,0
688146,22237106,0
688146,22722193,0
688146,22722829,0
688146,23334668,0
688146,23634996,0
688146,24055055,0
688146,24304937,0
688146,25419629,0
688146,25965570,0
688146,28067246,0
688146,29880660,0
688146,30343900,0
688146,31209406,0
688146,32669324,0
688146,33929324,0
689435,30458308,0
689883,31076612,0
690143,31296738,0
690358,30135097,0
690358,30629778,0
690358,32371941,0
690358,33093443,0
690358,34535664,0
690358,34609279,0
690358,34812843,0
690358,35013473,0
690358,35154188,0
690358,35789859,0
690358,37264042,0
690358,38092916,0
690473,31836668,0
690554,30632432,0
690584,30645593,0
690933,30532051,0
690935,30532051,0
691266,34613780,0
691525,30258954,0
691525,30459712,0
692345,31216485,0
692588,36920782,0
692859,30962591,0
693170,24578130,0
693170,26494227,0
693170,27297950,0
693170,29877212,0
693170,31805186,0
693595,30239726,0
693599,23977113,0
693599,24475181,0
693599,25158132,0
693599,28920934,0
693599,29240275,0
693599,30239726,0
695051,30404014,0
695233,30523111,0
696001,33976187,0
696254,30385764,0
696505,16288008,0
696505,22357756,0
696505,22513257,0
696505,24107994,0
696505,26412853,0
696505,26634440,0
696505,26981385,0
696505,28925401,0
696505,29808619,0
696505,30464211,0
696505,30620009,0
696505,30930119,0
696505,31735626,0
696505,31748536,0
696505,31804970,0
696505,31855178,0
696505,32908142,0
696505,33452241,0
696505,33576154,0
696505,33975627,0
696505,34489572,0
696505,34737261,0
696505,34910907,0
696505,35754340,0
696505,36450752,0
696505,38206869,0
696505,38506708,0
696505,38867048,0
696583,30598549,0
696583,32888494,0
698515,29778662,0
699058,30538543,0
699237,32264938,0
699243,32264938,0
699344,35862195,0
699932,16459310,0
699932,22347364,0
699932,24717514,0
699932,25634993,0
699932,26207833,0
699932,29334995,0
699932,31048498,0
699932,31217349,0
700009,30530755,0
700009,31465999,1
700009,32289119,1
700108,30659200,0
700879,31411564,0
701423,21778360,0
701423,31018121,0
701716,30385793,0
702885,32025032,0
702912,30742122,0
702912,34836966,0
703152,24691445,0
703152,27806947,1
703152,30517867,0
703152,30605667,1
703606,17097559,0
703606,25151616,0
703606,25252941,0
703606,27598998,0
703606,28322269,0
703606,30661753,0
703606,30832682,0
703606,33168079,0
703606,34177845,0
703606,34326534,0
703606,34718356,0
703606,34741068,0
703606,35947077,0
703606,37146239,0
703606,37291161,0
703606,37904045,0
703606,38064712,0
703606,38215738,0
703606,38628442,0
703770,30418965,0
704664,30510213,0
704715,30467178,0
705455,30612136,0
705538,32521264,0
705969,35194965,0
706331,31418686,0
706761,30884816,0
707033,30559668,0
707105,32213289,0
707367,17416750,0
707367,18252223,0
707367,18278044,0
707367,18385275,0
707367,18818083,0
707367,22535492,0
707367,27569549,0
707367,29045902,0
707367,30459321,0
707367,30768126,0
707367,31029150,0
707367,32703943,0
707367,33948573,0
707367,35429693,0
707367,37083955,0
707857,30610013,0
707876,20817122,0
707876,30487219,0
707975,31159833,0
708307,30602780,0
708686,30944225,0
708982,32558077,0
709047,31202576,0
709047,31492853,0
709161,31308175,0
711076,30926812,0
712926,17461784,0
712926,17464315,0
712926,19345118,0
712926,19366728,0
712926,20162577,0
712926,20419146,0
712926,20975339,0
712926,21163515,0
712926,21533028,0
712926,22080921,0
712926,22619309,0
712926,24374312,0
712926,24509510,0
712926,24768135,0
712926,24991957,0
712926,25853862,0
712926,26110809,0
712926,26180042,0
712926,26625258,0
712926,27138000,0
712926,27634205,0
712926,27664237,0
712926,28249167,0
712926,28437394,0
712926,28733045,0
712926,30690589,0
712926,30897080,0
712926,31637814,0
712926,32199616,0
712926,32497259,0
712926,32498593,0
712926,32581250,0
712926,32685988,0
712926,33635431,0
712926,33721894,0
712926,33771977,0
712926,33785758,0
712926,34116023,0
712926,34994962,0
712926,35090594,0
712926,35155868,0
712926,35388001,0
712926,35404279,0
712926,35801870,0
712926,36348017,0
712926,36353180,0
712926,36516268,0
712926,36602878,0
712926,36644347,0
712926,36897912,0
712926,37207275,0
712926,37580380,0
712926,37591859,0
712926,38129572,0
712926,38557498,0
713157,33737576,0
713231,30575749,0
713611,25248950,0
713611,26059339,1
713611,27271618,1
713611,30065716,1
713611,34066536,1
714075,30891857,0
714293,31204170,0
714474,22699621,0
714474,25719666,0
714474,26909576,0
714474,29132146,0
714474,31406163,0
714686,17018611,0
714686,31403184,0
715010,31075840,0
715010,35844509,0
715387,31374856,0
715387,31882815,0
715387,33879258,0
716029,25414716,0
716029,31142640,0
716029,37640706,0
716197,28334759,0
716197,30962288,0
716801,18778413,0
716801,19246752,0
716801,28438259,0
716801,28462073,0
716801,28744267,0
716801,29599757,0
716801,31405179,0
716801,32526449,0
716801,34623332,0
716801,34937930,0
716801,37977411,0
716801,38904042,0
716905,30913248,0
717413,30822414,0
718552,31446835,1
719028,27532055,0
719028,29132502,0
719028,31036713,0
719028,31170154,0
719160,28970527,1
719160,31155504,0
719160,31255486,0
720125,30891496,0
720787,31227306,0
720927,15896347,0
720927,19748890,0
720927,21699683,0
720927,29967444,0
720927,33613536,0
721403,31511635,0
721409,26669487,0
721409,31511635,0
721805,30995463,0
721805,35236346,0
721969,30892142,0
722806,32601060,0
722829,32013867,0
723830,31127177,0
723830,36640327,0
723830,36828918,0
724393,31015412,0
724707,31324766,0
725115,22829983,0
725115,31355778,0
725309,32680723,0
725745,30537446,0
725745,32053631,0
727026,30850646,0
727085,24386457,0
727085,25294882,0
727085,27189941,0
727085,27288535,0
727085,27322257,1
727085,30943410,0
727085,31015486,0
727085,31945016,0
727085,34964438,0
727085,35754713,0
727085,36439639,0
727137,30804043,0
727401,25939063,0
727401,31425511,0
727416,31019095,1
728455,27034506,0
728455,32661239,0
728539,20805453,0
728539,21153052,0
728539,21191116,0
728539,22220191,0
728539,22235097,0
728539,22537114,0
728539,24014597,0
728539,24337596,0
728539,24516585,0
728539,25707580,0
728539,28412725,0
728539,30190287,0
728539,31527824,0
728539,32258035,0
728539,32855642,0
728539,32868297,0
728539,36717741,0
728539,36963497,0
729358,31618209,0
730127,33602823,0
730230,26687131,0
730230,27623287,0
730230,31250031,0
730230,34006221,0
730620,32531271,0
730868,31736877,0
732181,32188932,0
734194,30488488,0
734956,37205188,0
737385,31018141,0
737784,22529382,0
737784,26283478,0
737784,28232602,0
737784,31227503,0
737784,32209468,0
737784,32214337,0
737784,33160365,0
737918,23977042,0
737918,25122152,0
737918,30696706,0
737918,31111599,0
737918,31819221,0
738316,30898137,0
738443,30982740,0
739629,33711267,0
739704,26510930,0
739704,31118283,0
740066,31036928,0
741641,31234850,0
741919,22075475,0
741919,23824412,0
741919,24626806,0
741919,27075616,0
741919,27233751,0
741919,29024986,0
741919,31187329,0
741951,31286141,0
741951,33648633,0
741951,34403363,0
742180,31722205,0
742180,37794185,0
742791,31921138,0
743310,22540308,0
743310,23026055,1
743310,23111773,1
743310,26861560,1
743310,27067026,1
743310,27097056,1
743310,27298156,1
743310,31647206,1
743353,31160375,0
743469,33552054,0
743712,23658224,0
743712,31964861,0
743762,29685894,0
743762,31768607,0
743762,33298456,0
743762,35151685,0
743762,38802496,0
745751,31378695,0
746028,36111561,0
746429,28526555,0
746429,31173718,0
746734,26703472,0
746734,31109956,1
746734,33567098,0
746734,35880727,0
746770,20974999,0
746770,23042816,0
746770,31578081,0
746836,32066997,0
746836,36537711,0
746993,18698038,0
746993,19010816,0
746993,19193619,0
746993,21890681,0
746993,24037760,1
746993,24658156,0
746993,25464844,0
746993,25545346,0
746993,26017449,0
746993,27406984,0
746993,27846907,0
746993,28369925,0
746993,31564637,0
747461,27183216,0
747461,31021473,0
748318,20376365,0
748318,23832230,0
748318,25989971,0
748318,29089033,0
748318,29579120,0
748318,30231850,0
748318,32341360,0
748318,33148793,0
749792,28331091,0
749792,28542576,0
749792,28659489,0
749792,28967519,0
749792,31303997,0
749792,31704931,0
749792,33627658,0
749792,34168651,0
749792,34815405,0
749792,36792372,0
749905,27048872,0
749905,32255245,0
749905,33251223,0
749951,32681188,0
752070,32027307,0
752284,31126900,0
752284,34741023,0
752472,23789112,0
752472,25968054,0
752472,27594588,0
752472,28889080,0
752472,30008328,0
752472,30114334,0
752472,30290179,0
752472,32179550,0
753389,30044992,0
753389,33833385,0
755558,28648376,0
755558,29035359,0
755558,30205048,0
755558,31095587,0
755558,33730576,0
755558,37433297,0
755558,38582086,0
756031,34758338,0
756189,27570068,0
756189,31110021,0
756229,31731490,0
756600,18206654,0
756600,24274116,0
756600,27478039,0
756600,28546427,1
756600,32190913,0
756600,34234345,0
756600,34560105,0
756600,37386214,0
756600,37407816,0
756600,37864255,0
756600,38600061,0
757009,31784259,0
757574,29507348,0
757574,31598571,0
758226,32289254,0
759148,31191543,0
759281,29808619,0
759281,32908142,0
759324,32503921,0
759324,33094674,0
759605,37400850,0
760210,32466671,0
761862,31542297,0
762488,31447864,0
762753,31292135,0
764547,31151460,0
764587,31353801,0
764956,31955846,0
765126,31310588,0
765126,35013221,0
765257,19289091,0
765257,20211137,0
765257,21757228,0
765257,23863942,0
765257,24936470,0
765257,30528432,0
765257,32460018,0
765462,33363531,0
765727,23372714,0
765727,26017449,0
765727,32473302,0
765727,39025846,0
766371,32180561,0
766812,19948795,0
766812,31969991,0
768919,31578390,0
771458,31422906,0
771545,32913532,0
771900,31419544,0
771900,35534493,0
772778,23046986,0
772778,28617821,0
772778,31504242,0
772778,37788061,0
772778,38719973,0
773874,31829238,0
773874,32928291,0
774070,19029904,0
774070,23181063,0
774070,32664318,0
774070,33831432,0
774076,32664318,0
774096,34552568,0
774585,31447688,0
774894,31990682,0
774894,35610334,0
774894,36030268,0
774894,38853891,0
775312,32820719,0
776184,31703622,0
776708,30648789,0
776708,32753692,0
776708,33854067,0
777178,24252911,0
777178,24521861,0
777178,31366886,0
777178,32327701,0
777180,20962046,0
777180,21298008,0
777180,23447577,0
777180,24252911,0
777180,24258346,1
777180,30742728,0
777180,32327701,0
777180,37580380,0
777180,38904364,0
777219,32367190,0
777219,33351795,0
777219,36737797,0
777219,36797258,0
777235,23295128,0
777235,27035792,0
777235,27959387,0
777235,31430893,0
777623,26637527,1
777623,27569060,0
777623,29526553,0
777623,30597922,0
777623,33595864,0
777723,33483627,0
778331,34335968,0
778472,32496553,0
778472,32632272,0
778612,31541022,0
779292,36345783,0
779475,31835035,0
779857,31603915,0
780849,34480023,0
780968,32024802,0
781796,31827102,0
782350,25908251,0
782350,30570705,0
782633,32023463,0
782674,31408457,0
783452,31746735,0
783995,38123561,0
784295,29443965,0
784295,30129931,0
784295,33637522,0
784594,23065828,0
784594,31533233,0
784697,31873312,0
785384,29233556,0
785384,30395194,0
785384,31671075,0
786688,24550240,0
786688,25551767,0
786688,28771353,0
786688,32117359,0
786688,32277099,0
786971,34344973,0
787144,23201690,0
787144,24381249,0
787144,26034286,0
787144,27524623,0
787144,30404006,0
787144,30537984,0
787144,31723143,0
787144,32239644,0
787144,32894169,0
788533,29437254,0
788533,33234703,0
788797,27926862,0
788797,30387712,0
788797,33051000,1
790099,31710624,0
790223,33411695,0
790263,12096084,0
790263,16204010,0
790263,18593951,0
790263,21257964,0
790263,22846541,0
790263,23959719,0
790263,23963175,0
790263,25203321,0
790263,25685830,0
790263,25748237,0
790263,26299970,0
790263,26749280,0
790263,26783963,0
790263,26916849,0
790263,27773628,0
790263,28108626,0
790263,28190001,0
790263,28504305,0
790263,30015668,0
790263,30619416,0
790263,31293546,0
790263,31941829,0
790263,32180230,0
790263,32655837,0
790263,33109764,0
790263,34544495,0
790263,34707603,0
790263,35037038,0
790263,35430876,0
790263,36137009,0
790263,36278683,0
790263,36698077,0
790263,37440594,0
790263,37886564,0
790263,38329875,0
790263,38851747,0
790536,24518246,0
790536,31161938,0
790536,33852838,0
790777,18026104,0
790777,25371201,0
790777,25985394,0
790777,26524530,0
790777,30487180,0
790777,31685984,0
790777,38078651,0
791449,37925458,0
791985,29567676,0
791985,35241842,0
792606,31628323,0
792979,29584733,0
792979,33068537,0
793480,30067966,0
793480,31732517,0
793480,32694683,0
793584,31784728,0
793817,31820119,0
794306,31717805,0
795030,31694959,0
795030,32669468,0
796110,33883682,0
796110,34408325,0
796110,37257918,0
796110,37714160,0
796110,38426493,0
796319,20215508,0
796319,21084727,0
796319,32816914,0
796375,31925439,0
798179,29208650,1
798179,31767858,0
798688,33027640,0
798716,26677864,0
798716,28205547,0
798716,31515477,0
798716,32182218,0
798716,38597673,0
799596,24558479,0
799596,26160903,0
799596,34475267,0
800386,21946536,0
800386,31537618,0
800656,33708626,0
801279,28215825,0
801279,33462406,0
801566,29335486,0
801566,30674556,0
801566,33203699,0
801566,35145080,0
801566,35995769,0
801566,36940535,0
801566,37709752,0
801671,32154507,0
801671,35137157,0
801671,38546197,0
801671,38613395,0
801953,18224708,0
801953,23940280,0
801953,25220462,0
801953,25961454,0
801953,26843653,0
801953,29510661,0
801953,30559478,0
801953,30760496,0
801953,31772025,0
801953,31798605,0
801953,33038264,0
801953,35348006,0
802036,34680291,0
802110,26305884,0
802110,32332916,0
802110,36518247,1
802395,31924647,0
802395,34762598,0
802559,33483757,0
802667,31723063,0
803426,26110790,0
803426,28843847,0
803426,36001538,0
803957,31801409,0
803957,33653920,0
804044,27408771,0
804044,28380380,0
804044,32253320,0
804046,32253320,0
804123,27702798,0
804123,31726115,0
804766,30590035,0
804766,32059791,0
805222,20805357,0
805222,30397315,0
805222,30858614,0
805222,31759698,0
805222,32747783,0
805400,20644535,0
805400,20720541,0
805400,22815738,0
805400,25137043,0
805400,25284794,0
805400,25908270,0
805400,26862168,0
805400,27078102,0
805400,31331920,0
805400,31413296,0
805400,31608026,0
805400,31778654,0
805400,32176824,0
805400,32845007,0
805400,33044766,0
805400,34625470,0
805400,38597673,0
805400,38904376,0
806113,24460498,0
806113,34561461,0
806949,31757957,0
807935,23352661,0
807935,26711339,0
807935,27846391,0
807935,27856324,0
807935,28076791,0
807935,28487353,0
807935,28871148,0
807935,29692408,0
807935,32483172,0
807935,33431820,0
807935,33483495,0
807999,32004492,0
808380,32223897,0
809449,25988972,0
809449,27884981,0
809449,32989249,0
809449,34004159,0
809707,16497717,0
809707,16798779,0
809707,17640573,0
809707,18315880,0
809707,25753424,0
809707,27354218,0
809707,31195238,0
809707,31221965,0
809707,32424151,0
809707,34035238,0
809707,34923751,1
809707,37772822,0
809707,38971151,0
809738,23929855,0
809738,26755593,0
809738,27651314,0
809738,28405622,0
809738,28747644,0
809738,29267892,0
809738,29666124,0
809738,29925993,0
809738,31845972,0
809738,32049047,0
809738,33979616,0
810142,17252012,0
810142,20932482,0
810142,21501463,0
810142,22606356,0
810142,23590298,0
810142,24048704,0
810142,24157873,0
810142,24492282,0
810142,25274738,0
810142,25510491,0
810142,26549021,0
810142,26876787,0
810142,28714863,0
810142,28869604,0
810142,29065506,0
810142,29539639,0
810142,29773599,0
810142,31906585,0
810142,33755803,0
810142,34091929,0
810142,34661724,0
810142,35121941,0
810142,35596083,0
810142,36443295,0
810142,36584682,1
810142,36928815,0
810142,37075810,0
810142,37450044,0
810142,37500667,0
810142,37683603,0
810142,38096059,0
810142,38769169,0
810621,33096636,0
811021,31851938,0
811021,34050173,0
813448,32329713,1
814018,33627642,0
814872,23580255,0
814872,31968245,0
815040,11994154,0
815040,20584882,0
815040,20709297,0
815040,20974003,1
815040,22981537,0
815040,23874205,0
815040,24505488,0
815040,25036052,0
815040,26196739,0
815040,26738725,0
815040,31961916,0
815495,19329554,0
815495,19454673,0
815495,25157170,0
815495,25706746,0
815495,31519904,0
815495,33761358,0
815495,34294847,0
815495,34519101,0
815495,35222366,1
816238,32651727,0
816435,30114334,0
816435,32293435,0
816729,32522485,0
817513,18253465,0
817513,22768093,0
817513,27479497,0
817513,29343721,0
817513,34398873,0
817923,37191437,0
818005,22555593,0
818005,23727218,0
818005,25993106,0
818005,28457744,0
818005,30312469,0
818005,32499524,0
818203,29167539,1
818203,30242024,0
818203,31611390,0
818203,32487742,0
818203,33370256,0
818203,35087175,0
818477,31963351,0
818690,33115415,0
818690,35264144,0
818966,33712379,0
819551,20840779,0
819551,35687691,0
821159,25141009,0
821159,33127391,0
821168,32499640,0
821321,19584398,0
821321,19748357,0
821321,20501946,0
821321,23263557,0
821321,23475073,0
821321,23948298,0
821321,25818297,0
821321,28317875,0
821321,28627474,0
821321,29779946,0
821321,29997117,0
821321,31044053,0
821321,33627408,1
821321,33852840,0
821321,34098567,0
821321,34099558,0
821321,34815400,0
821321,35104452,0
821321,35483404,0
821321,35581202,0
821321,36138189,0
821321,36791099,0
821321,36947594,0
821321,37487070,0
821321,38215172,0
821446,33382535,0
821468,34050248,0
821757,21801763,0
821757,23170974,0
821757,23651948,0
821757,32577618,0
821757,36983764,0
822330,32805183,0
822330,33596420,0
822538,32286318,0
822749,37264201,0
823039,20628157,0
823039,22246183,0
823039,29756027,0
823039,32088381,0
823039,32792398,0
823039,34515347,0
823271,32015105,0
823728,33299016,0
824507,33301456,0
824911,32139423,0
824981,32213963,0
824981,32256272,1
825013,32004563,0
825806,30723131,0
825806,32658892,0
826101,26144554,0
826101,32070397,0
826196,32265819,0
827703,32346380,0
827704,21923738,0
827704,32346380,0
828122,27234258,1
828122,32736653,0
828122,33092643,0
828122,33771206,0
828127,32823041,0
828246,32246814,0
828255,19670424,0
828255,24294214,1
828255,28392221,0
828255,30641895,0
828255,31131878,0
828255,32246814,0
828306,18024188,0
828306,20228791,0
828306,25081901,0
828306,25655603,0
828306,26140685,0
828306,27650546,0
828306,28805801,0
828306,29642015,0
828306,30385464,0
828306,32052053,0
828306,32152472,0
828306,33404500,1
828306,33863814,0
828306,34613756,0
828306,34696890,0
828306,35306440,0
828306,35422502,0
828306,35559731,0
828306,36736291,0
828306,36754049,0
828306,38183361,1
830176,27288397,0
830176,29027900,0
830176,32142654,0
830186,32302590,0
830956,32252403,0
831348,33568811,0
833749,32203922,0
833952,32084337,0
834271,34337561,0
834911,23585472,0
834911,27901112,0
834911,34365742,0
835009,22067320,0
835009,22207717,0
835009,28825700,0
835009,31641121,0
835009,32259483,0
835009,32494069,0
835009,33166393,0
835009,37277650,0
835802,19962984,0
835802,21472139,0
835802,27545456,0
835802,32161196,0
836375,32098170,0
836412,32547603,0
836412,33017228,0
836412,33913170,0
836412,34033143,0
836412,34541869,0
836412,36150502,0
836412,36620222,1
836412,36895061,0
836412,36971422,0
836412,37058270,0
836412,37841321,0
836412,38020067,0
836412,38912733,0
837066,28947747,0
837066,33402532,0
837066,34448454,0
837451,29302039,0
837451,32591534,0
837836,20178741,0
837836,25531777,0
837836,32220884,0
838617,22810586,0
838617,33707234,0
838859,32589883,0
839384,30975452,0
839384,34497603,0
839447,34479963,0
839819,32880972,0
840071,27866838,0
840071,32209468,0
840071,32214337,0
840071,32385235,0
840431,34632024,0
840431,34844932,0
841131,32931017,0
842089,32251702,0
842266,34554928,0
842273,32179481,0
842725,18332432,0
842725,19409083,0
842725,20937782,0
842725,25193973,0
842725,25500547,0
842725,28285017,0
842725,30378296,0
842725,31619570,0
842725,36322628,0
843261,34385184,0
843321,33239393,0
843486,32703943,0
843486,33948573,0
844217,33077976,0
844217,36611026,0
845567,28345861,0
845567,33073368,0
845981,37723209,0
846129,33046834,0
846206,26353940,0
846206,30323343,0
846206,32284594,0
846623,18716133,0
846623,20038735,0
846623,21500311,0
846623,21625232,0
846623,23525797,0
846623,29242298,0
846623,32358566,0
846623,34261293,0
847101,32318770,0
847607,35711662,0
847787,30704526,0
847787,32651669,0
848297,33892914,0
848334,32224917,0
849042,33355184,0
849042,35502615,0
849042,35567999,0
849042,35858579,0
849042,37080958,0
849042,38053639,0
849171,32999373,0
849433,32596237,0
850167,28811280,0
850167,29199959,0
850167,31826865,0
850167,35020873,0
850592,21852222,0
850592,28701342,0
850592,30503141,0
850592,32349983,0
851378,25847994,0
851378,26436918,0
851378,33139490,0
851378,35837332,0
851423,32651222,0
851430,29986092,0
851430,32651222,0
851430,33589603,0
852497,32832657,0
852786,32813887,0
853639,32348296,0
853641,32348296,0
853798,25146723,0
853798,28394930,0
853798,34099666,0
854058,22699621,0
854058,24500968,0
854058,24505496,0
854058,25587357,0
854058,25719666,0
854058,26446169,0
854058,26909576,0
854058,27267856,0
854058,27618837,0
854058,28592875,0
854058,28667006,0
854058,29113809,0
854058,29132146,0
854058,29151594,0
854058,29871612,0
854058,30518925,0
854058,32125291,0
854058,32651166,0
854058,32883872,0
854058,33046887,0
854058,33536587,0
854058,34561461,0
854058,35022194,0
854058,36607777,0
854058,38229153,0
854058,38749447,0
854310,33268865,0
854346,35590030,0
854843,16339729,0
854843,18154652,0
854843,25806405,0
854843,29703149,0
854843,30359577,0
854843,32296081,0
854843,32589883,0
854843,33845354,0
854843,34145395,0
854843,34485158,0
854843,34616737,0
854843,35567709,0
854843,38069004,0
855991,30146161,0
855991,31585079,0
855991,31587991,0
855991,32938397,0
856189,36198774,0
856259,32521738,0
856371,33098888,0
856833,22797726,0
856833,31068472,0
856833,32405640,0
857055,32375047,0
857250,15928199,1
857250,20072147,1
857250,22257278,0
857250,24814792,0
857250,26162090,1
857250,27920338,0
857250,33596640,0
857250,33962884,0
857250,34375307,0
858057,36537238,0
858156,34108263,0
858292,33957084,0
858845,34623902,0
859106,39025525,0
859762,33298885,0
862004,25595444,0
862004,25995385,0
862004,26463163,0
862004,26751771,0
862004,28111004,1
862004,29299535,0
862004,33684179,0
862004,34535769,0
862087,33082276,0
862267,30843877,0
864049,32022326,0
864049,32994320,0
864335,18414000,0
864335,23212521,0
864335,25124817,0
864335,29234109,0
864335,30420285,0
864335,31368616,0
864335,31928967,0
864335,32980951,0
864335,34642112,0
864335,35402083,0
864337,27920338,0
864337,32980951,0
864380,32882850,0
864552,33674349,0
864841,32531351,0
865846,33420340,0
866017,32706237,0
866136,33034410,0
866146,33034410,0
866395,22198468,0
866395,26021444,0
866395,33083527,0
866556,18854164,0
866556,25738607,0
866556,28221375,0
866556,29145444,0
866556,29353739,0
866556,30033366,0
866556,31209384,0
866556,31446059,0
866556,32497499,0
866556,32632238,0
866556,32923839,0
866556,33883145,0
866556,34516894,0
866556,38243310,0
866556,38276989,0
866837,19220900,0
866837,33512471,0
866837,35390145,0
866837,38959302,0
866886,35934520,0
866918,32841602,0
867883,15987785,0
867883,16872517,0
867883,17190607,0
867883,17936559,0
867883,19018094,0
867883,19500411,0
867883,19755512,0
867883,19801397,0
867883,20018727,0
867883,20436668,0
867883,20500897,0
867883,21406103,0
867883,21504830,0
867883,21682927,0
867883,22429691,0
867883,22829320,0
867883,23023169,0
867883,23077097,1
867883,23083410,0
867883,23383223,0
867883,23775793,0
867883,23818637,0
867883,23872679,0
867883,24686445,0
867883,24877726,0
867883,24916506,0
867883,25130559,0
867883,25454948,0
867883,25589773,0
867883,25739401,0
867883,26282157,0
867883,26474067,0
867883,26504220,0
867883,26727548,0
867883,26825461,0
867883,26873985,0
867883,27018577,0
867883,27174676,0
867883,27311442,1
867883,27338251,0
867883,27373157,0
867883,27386823,0
867883,27476854,0
867883,27574101,0
867883,27693255,0
867883,27733379,0
867883,27856734,0
867883,28011693,0
867883,28069602,0
867883,28071684,0
867883,28112643,0
867883,28181038,0
867883,28222283,0
867883,28289389,0
867883,28445462,0
867883,28480880,0
867883,28481916,0
867883,28505145,0
867883,28514446,1
867883,28749949,0
867883,28790018,0
867883,28814741,0
867883,28916264,0
867883,28935958,0
867883,28945252,0
867883,29099274,0
867883,29149604,0
867883,29170441,0
867883,29180415,0
867883,29211713,0
867883,29273679,0
867883,29456763,0
867883,29537367,0
867883,29691232,0
867883,29750274,0
867883,29844125,0
867883,29844370,0
867883,29849151,0
867883,29907613,0
867883,29937226,0
867883,29987030,0
867883,30007418,0
867883,30018075,0
867883,30038251,0
867883,30107566,0
867883,30135250,0
867883,30146127,0
867883,30307970,0
867883,30382198,0
867883,30382200,0
867883,30413360,0
867883,30444878,0
867883,30559470,0
867883,30568299,0
867883,30586455,0
867883,30626926,0
867883,30655535,0
867883,30723624,0
867883,30755422,0
867883,30824444,0
867883,30922380,0
867883,30975723,0
867883,31014396,0
867883,31053729,0
867883,31086203,0
867883,31307377,0
867883,31359001,0
867883,31375632,0
867883,31418686,0
867883,31527834,0
867883,31624141,0
867883,31678057,0
867883,31784727,0
867883,31811116,0
867883,31815603,0
867883,31863590,0
867883,31881983,0
867883,31911938,0
867883,31917787,0
867883,31924652,0
867883,31956890,0
867883,32107212,0
867883,32152281,0
867883,32317642,1
867883,32325086,0
867883,32366839,0
867883,32369449,0
867883,32369597,0
867883,32441123,0
867883,32513244,0
867883,32559301,0
867883,32620823,1
867883,32621799,0
867883,32707573,0
867883,32728246,0
867883,32730272,1
867883,32857768,0
867883,32907628,0
867883,33060583,0
867883,33092643,0
867883,33207193,0
867883,33220174,0
867883,33296673,0
867883,33301708,0
867883,33378680,0
867883,33382955,1
867883,33413690,0
867883,33436641,0
867883,33478577,0
867883,33627871,0
867883,33707237,0
867883,33764154,0
867883,33828297,0
867883,33877296,0
867883,33878189,0
867883,33951921,0
867883,33953401,0
867883,33971010,0
867883,34004146,0
867883,34043949,0
867883,34083527,0
867883,34301760,0
867883,34348091,0
867883,34353949,0
867883,34473054,0
867883,34496257,0
867883,34555356,0
867883,34556855,0
867883,34556860,0
867883,34616072,0
867883,34661369,0
867883,34732726,0
867883,34819339,0
867883,34943123,0
867883,34965936,0
867883,35179487,0
867883,35247927,0
867883,35440644,1
867883,35501486,0
867883,35549404,0
867883,35594906,0
867883,35642432,0
867883,35666812,0
867883,35666813,1
867883,35736224,0
867883,35739109,0
867883,35771919,0
867883,35803227,0
867883,35817517,0
867883,35849143,0
867883,35852875,0
867883,35860330,1
867883,35883107,0
867883,35891396,0
867883,35948563,0
867883,35972072,0
867883,36050300,0
867883,36107478,0
867883,36131013,0
867883,36153311,0
867883,36240264,0
867883,36250966,0
867883,36322628,0
867883,36368988,0
867883,36407327,1
867883,36598924,0
867883,36657561,0
867883,36658732,0
867883,36724291,0
867883,36741385,0
867883,36750366,1
867883,36750850,0
867883,36756948,0
867883,36758549,0
867883,36792607,0
867883,36795578,0
867883,36845191,1
867883,36879437,0
867883,36900235,0
867883,36939204,0
867883,36995326,0
867883,37031257,0
867883,37100826,1
867883,37267903,0
867883,37280220,0
867883,37296155,0
867883,37329887,0
867883,37337125,0
867883,37344645,0
867883,37369668,0
867883,37479880,0
867883,37491696,0
867883,37587336,0
867883,37648864,0
867883,37652913,0
867883,37735474,0
867883,37749075,0
867883,37750721,0
867883,37776858,0
867883,37873380,0
867883,37948524,0
867883,38000387,0
867883,38014075,0
867883,38034389,0
867883,38063857,0
867883,38092916,0
867883,38142429,0
867883,38167721,0
867883,38181749,0
867883,38212682,0
867883,38288246,1
867883,38302740,0
867883,38311010,0
867883,38326615,0
867883,38340716,0
867883,38349111,0
867883,38365833,0
867883,38370646,0
867883,38383439,0
867883,38424273,0
867883,38433440,0
867883,38451736,0
867883,38471819,0
867883,38536037,0
867883,38538789,0
867883,38569548,0
867883,38587452,1
867883,38600570,0
867883,38626772,0
867883,38760444,0
867883,38902234,0
867883,38918213,0
867883,38958280,0
867883,39198632,0
868110,31346092,0
868283,26287681,0
868283,26416964,0
868283,27637148,0
868283,27815426,0
868283,28197369,0
868283,31231035,0
868283,32392463,0
868528,23578319,0
868528,34015058,0
869081,32559301,0
869664,34077955,0
869836,32470361,0
870008,23260135,0
870008,26392221,0
870008,28847947,0
870008,30038282,1
870008,31209379,0
870008,31350310,0
870008,32999463,0
870337,27228113,0
870337,34463714,0
870496,16243906,0
870496,18622388,0
870496,18948541,0
870496,22885787,0
870496,23941360,0
870496,25081480,0
870496,25104393,0
870496,25959963,0
870496,26424158,0
870496,30115738,0
870496,30944225,0
870496,33523850,0
870496,35596715,0
870663,33432071,0
870808,27511730,0
870808,35773268,0
871101,33990599,0
871410,33649198,0
871616,29282329,0
872579,31481951,0
872579,32579671,0
872579,33046696,0
872579,35347136,0
872579,35532173,0
872597,33178188,0
872725,26581162,0
872725,27222470,0
872725,32730809,0
872725,33335944,0
872725,38251863,0
872775,32849812,0
873604,22810585,0
873604,35710836,0
874322,33585804,0
874322,34552071,0
874824,30893855,0
874824,32165633,0
874824,32709741,0
874834,33468665,0
875571,38986579,0
875620,20505148,0
875620,23270926,0
875620,28534508,0
875620,30146158,0
875620,32764665,0
875620,32778845,0
875620,33851458,1
875620,34111398,0
875620,34119876,0
875620,37396347,0
875620,37663298,0
875620,37965353,0
875620,38781369,0
876003,33217319,0
876010,33217319,0
876323,32241891,0
876323,33707310,0
876323,35998224,0
876336,30892991,0
876336,33833453,0
876414,28552348,0
876414,32680952,0
877572,31908037,0
877572,33085906,0
877801,29230367,0
877801,31398325,0
877801,32143621,0
877801,32942044,0
877956,25190313,0
877956,32719138,1
877956,33193343,1
877956,37115755,1
878096,34584079,0
878362,28369750,0
878362,33846759,0
879341,23601689,0
879341,25520755,0
879341,33750787,0
879494,34135935,0
879573,33505431,0
881389,32369572,0
881389,34767029,0
881389,34848712,0
881509,28920934,0
881509,30318414,0
881509,32999462,0
881932,33739284,0
882439,32555463,0
882439,34054788,0
882856,36971776,0
883525,19962670,0
883525,21123456,0
883525,22912389,0
883525,24303006,0
883525,29087294,0
883525,33158814,0
883525,34063609,0
883525,34799566,0
883525,35301407,0
883657,18178720,0
883657,31204172,0
883657,32487737,0
883657,36420143,0
885011,21885019,0
885011,22020439,0
885011,22101243,0
885011,22226355,0
885011,26295846,0
885011,30069046,0
885011,30643281,0
885011,31019299,0
885011,31080135,0
885011,31611556,0
885011,32866618,0
885011,33462494,1
885212,20189714,0
885212,32708910,0
885218,32708910,0
886300,33093443,0
886984,24858832,0
886984,30034620,0
886984,33096335,0
886984,37095322,0
887853,36934086,0
888209,34140518,0
888624,19559614,0
888624,20385809,0
888624,21257907,0
888624,23319655,0
888624,25684030,0
888624,26409189,0
888624,30692258,0
888624,33926376,0
888624,36282525,0
888656,22505352,0
888656,28954282,0
888656,32001675,0
888656,32014461,0
888656,37565350,0
890153,30728331,0
890153,32900949,0
890422,13679573,0
890422,33476716,0
891853,30916335,0
891853,32935369,1
892095,34012444,0
892451,33164753,0
892451,33654293,0
892451,38540357,0
892612,24162158,0
892612,29784854,0
892612,31515258,0
892612,34396985,0
894205,33602872,0
894205,38320485,0
894205,38811530,0
895022,29368212,0
895022,29571083,0
895022,32661549,0
895022,32991787,0
895022,37494539,0
895187,33450403,0
895326,32591393,0
895326,32839612,0
895932,29580384,0
895932,31748204,0
895932,32916131,0
896923,35600311,0
897594,35585070,0
897821,29325449,0
897821,32191585,0
897821,32885222,0
897821,33371772,0
898205,33888516,0
898340,34816102,0
900345,21984258,0
900345,22519555,0
900345,22523386,0
900345,24508230,0
900345,24762537,0
900345,27699187,1
900345,28495592,1
900345,29206307,0
900345,29427407,0
900345,29981742,0
900345,33306162,0
900345,33417998,0
900345,34389752,0
900345,37263310,0
900345,38094743,0
900345,38556087,0
901008,33929904,0
901321,33417618,0
901807,33755911,0
902451,33144283,0
902508,25804953,0
902508,30093612,0
902508,33144283,0
903040,32818496,0
904041,25033179,0
904041,26220939,0
904041,30987380,0
904041,32847042,0
904041,34543389,0
905185,33098193,0
905433,33263113,0
906293,28174608,0
906293,30395538,0
906293,31467287,0
906293,33046701,0
906293,33112375,0
906293,34185380,0
906451,35058920,0
906500,32991841,0
907638,34006870,0
908325,33472070,1
908833,22121215,0
908833,31113851,0
908833,33472215,0
908966,33976194,0
909640,19375645,0
909640,21057493,0
909640,21185829,0
909640,21295276,1
909640,23563267,0
909640,23578105,0
909640,25217496,0
909640,25622106,0
909640,27533040,0
909640,27634205,0
909640,28089671,0
909640,28263189,0
909640,28424164,0
909640,28504700,0
909640,31371824,0
909640,32075734,1
909640,32115407,1
909640,33127758,0
909640,33232663,0
909640,33682796,0
909640,36451814,0
909640,36777184,0
909640,36869101,0
909640,37021585,0
909640,37244975,0
909640,38037844,0
909640,38091391,0
910124,33771989,0
910191,32571844,0
910191,34365695,0
912018,34604909,0
912127,21673079,0
912127,32995793,1
912127,34561439,1
912127,36456784,1
912158,34782770,0
912158,35605192,0
912394,31765427,0
912394,33333986,0
913090,23595620,0
913090,29259249,0
913090,34970419,0
913504,22318495,0
913504,33445170,0
913653,32951127,0
913808,17560336,0
913808,19098899,0
913808,19727395,0
913808,21537050,0
913808,23666329,1
913808,25136333,0
913808,26209672,1
913808,28871082,0
913808,31341219,0
913808,32000564,0
913808,33385586,0
913808,34454584,0
913808,34945002,0
913995,28408459,0
913995,31340144,0
913995,31703090,0
913995,33417871,0
914135,33510208,0
914229,15634696,1
914229,24497510,1
914229,27666746,1
914229,28827519,1
914229,33888582,1
914252,33893273,0
914474,30951672,0
914474,32075753,0
914474,33370392,0
914474,33912935,0
914886,17303130,0
914886,18953566,1
914886,32933205,1
915671,25173174,0
915671,26671524,1
915671,27432546,0
915671,33060135,0
915671,33580144,0
916534,32976767,0
916534,35347276,0
916541,27747157,0
916541,33993729,0
916541,38989586,0
916670,34041236,0
917169,28294943,0
917169,32820022,0
917187,17202376,0
917187,18632618,0
917187,21551231,0
917187,26764573,0
917187,31467126,0
917187,32733009,0
917187,33151035,0
917300,25874869,0
917300,27194709,0
917300,27832192,0
917300,32582226,0
917300,34108627,0
917806,17393978,0
917806,18176567,0
917806,18245369,0
917806,18689800,0
917806,19172291,0
917806,19796622,0
917806,20340164,0
917806,20977633,0
917806,21306619,0
917806,21682927,0
917806,21684349,0
917806,21712401,0
917806,21757465,0
917806,21820330,0
917806,22086488,0
917806,22183965,0
917806,22276102,0
917806,22355682,0
917806,22589739,1
917806,22613798,1
917806,22955988,0
917806,23042145,0
917806,23183685,0
917806,23386435,0
917806,24443618,0
917806,24458641,0
917806,24500968,0
917806,24807713,0
917806,24850744,0
917806,24902603,0
917806,24922324,0
917806,25144235,0
917806,25359852,0
917806,25402615,0
917806,25589554,0
917806,25719666,0
917806,25901080,0
917806,26084333,1
917806,26565915,0
917806,26645559,0
917806,26994748,0
917806,27135740,0
917806,27286452,0
917806,27356971,1
917806,27898892,0
917806,29192143,0
917806,29262572,0
917806,29386283,0
917806,29457796,0
917806,29616079,0
917806,29846699,0
917806,29934580,0
917806,30352973,0
917806,30535430,0
917806,31354981,0
917806,31443657,0
917806,31704931,0
917806,32039023,0
917806,32277131,0
917806,32303578,0
917806,32585982,0
917806,32707845,0
917806,32727470,0
917806,33468685,0
917806,33495337,0
917806,33558616,0
917806,33596996,0
917806,33731850,0
917806,34017329,0
917806,34189439,0
917806,34224201,0
917806,34433692,0
917806,34819671,0
917806,35176137,0
917806,35401557,0
917806,36074606,0
917806,36104080,0
917806,36113773,0
917806,36134690,0
917806,36208629,0
917806,36227799,0
917806,36384856,0
917806,36513773,0
917806,36625483,0
917806,36927865,0
917806,37296662,0
917806,37352860,0
917806,37411041,0
917806,37587511,0
917806,37733447,0
917806,37890156,0
917806,38453894,0
917806,38454121,0
917806,38671495,0
917806,38724705,0
917806,38750021,0
917806,39117640,0
918323,30412052,0
918323,33053343,0
918897,26145176,0
918897,29481550,0
918897,33199607,1
919004,33268593,0
919004,36123433,0
920423,20582714,0
920423,34439758,0
920769,19881528,0
920769,22983211,1
920769,29580210,1
920769,32986727,0
920769,34011527,0
920769,34616062,0
920790,30270042,0
920790,30814735,0
920790,32747828,0
920790,33406409,0
921493,23912900,0
921493,24108661,0
921493,25418724,0
921493,27802170,0
921493,32220312,0
921493,34013174,0
921493,34230488,0
922599,33004416,0
922684,38026791,0
923289,33565211,0
923521,34548323,0
924214,33247761,0
924580,33729568,0
924850,26390241,0
924850,28825715,0
924850,29549264,0
924850,29861096,0
924850,31171808,0
924850,31427770,0
924850,32304628,0
924850,33896623,0
924850,37884562,0
924950,33557217,0
926020,33480359,0
926020,33773996,0
926532,33188777,0
927528,33217323,0
927528,35196500,0
928000,20940306,0
928000,22225612,0
928000,28723571,0
928000,28886341,0
928000,31582414,0
928000,33147210,0
928000,33345777,0
928120,33542466,0
928120,33666652,0
928152,38424041,0
928422,33177106,0
930650,33214631,1
930650,35021083,1
930913,30144432,0
930913,32786149,0
931141,21127054,1
931141,22293752,0
931141,24379348,0
931141,29185012,0
931141,29246973,0
931141,29282201,0
931141,29415896,0
931141,29662071,0
931141,30078552,0
931141,32736653,0
931141,33264613,0
932237,33128319,1
932432,28420326,0
932432,33375642,0
932740,15467722,0
932740,16148108,1
932740,16507785,0
932740,18039366,0
932740,18345002,0
932740,18649363,0
932740,18976936,0
932740,19164467,0
932740,19234157,0
932740,19372580,0
932740,20124485,0
932740,20305017,0
932740,21085693,0
932740,21124930,0
932740,21219599,0
932740,21253009,0
932740,21253567,0
932740,21407816,0
932740,21573164,0
932740,21665894,0
932740,21799901,0
932740,21850204,0
932740,21949018,0
932740,22112802,0
932740,22244331,0
932740,22244332,0
932740,22476717,0
932740,22486499,0
932740,22652664,0
932740,22685317,0
932740,23263626,0
932740,23300986,0
932740,23374343,0
932740,23385571,0
932740,23416462,0
932740,23527130,0
932740,23535375,1
932740,23595148,0
932740,23747202,0
932740,23749191,0
932740,23791529,0
932740,23812355,0
932740,23858444,0
932740,23966636,0
932740,24012417,0
932740,24162736,0
932740,24162740,0
932740,24465953,0
932740,24529079,0
932740,24529596,0
932740,24727659,0
932740,24758227,0
932740,24788635,1
932740,25203321,0
932740,25208476,0
932740,25337697,0
932740,25415051,0
932740,25643696,0
932740,25856272,0
932740,26029872,0
932740,26052064,1
932740,26146073,1
932740,26147685,0
932740,26265072,0
932740,26268413,0
932740,26322927,0
932740,26366234,0
932740,26453753,0
932740,26497311,0
932740,26584544,0
932740,26691752,0
932740,26813360,0
932740,26853561,0
932740,26921339,0
932740,27058665,0
932740,27110916,0
932740,27172796,0
932740,27183593,0
932740,27346680,0
932740,27349893,0
932740,27456128,0
932740,27468690,0
932740,27578754,0
932740,27587343,0
932740,27609773,0
932740,27925796,0
932740,27998933,0
932740,28011632,0
932740,28211508,0
932740,28242647,0
932740,28473531,0
932740,28474697,0
932740,28622514,0
932740,28630873,0
932740,28661483,0
932740,28686870,0
932740,28687705,0
932740,29029437,0
932740,29072327,0
932740,29141446,0
932740,29170386,0
932740,29259291,0
932740,29269483,0
932740,29396184,0
932740,29424686,0
932740,29632194,0
932740,29643944,1
932740,29669287,0
932740,29789568,0
932740,29920280,0
932740,29942094,0
932740,30039525,0
932740,30053898,0
932740,30080846,0
932740,30120937,0
932740,30143796,0
932740,30245844,0
932740,30260323,0
932740,30295850,0
932740,30479382,0
932740,30670627,0
932740,30739589,0
932740,30853353,0
932740,30967542,0
932740,30979898,1
932740,30996254,0
932740,31015298,0
932740,31015473,0
932740,31015515,0
932740,31023846,0
932740,31026806,0
932740,31053533,0
932740,31102142,0
932740,31113363,0
932740,31114314,0
932740,31116980,0
932740,31209068,0
932740,31221018,0
932740,31226122,0
932740,31319606,0
932740,31320627,0
932740,31322220,0
932740,31341169,0
932740,31343987,0
932740,31396262,0
932740,31396265,0
932740,31399282,0
932740,31409898,0
932740,31419161,0
932740,31428934,0
932740,31628150,0
932740,31675496,0
932740,31722596,0
932740,31722716,0
932740,31799347,1
932740,31852898,0
932740,31892342,0
932740,31907335,1
932740,31924774,0
932740,31944217,0
932740,31945018,0
932740,31980617,0
932740,31980632,0
932740,32015097,0
932740,32015501,0
932740,32065074,1
932740,32078472,0
932740,32094452,0
932740,32111885,0
932740,32295893,0
932740,32302573,0
932740,32385332,0
932740,32438860,0
932740,32443980,0
932740,32681011,0
932740,32788238,0
932740,32884836,0
932740,32889431,0
932740,32908002,0
932740,32938943,0
932740,32988975,0
932740,33059736,0
932740,33075202,1
932740,33102213,0
932740,33145806,0
932740,33150865,0
932740,33202381,0
932740,33225985,0
932740,33231170,0
932740,33272205,0
932740,33373293,0
932740,33432115,0
932740,33473324,0
932740,33483966,0
932740,33509158,0
932740,33531485,0
932740,33545035,0
932740,33605558,0
932740,33667649,0
932740,33679867,0
932740,33692491,0
932740,33830083,0
932740,33876188,0
932740,33924042,0
932740,33937236,0
932740,33976164,0
932740,33984520,0
932740,33986193,0
932740,34015256,1
932740,34084133,0
932740,34113649,0
932740,34168655,0
932740,34238922,0
932740,34274947,0
932740,34434927,0
932740,34440533,0
932740,34474592,0
932740,34512599,1
932740,34601654,0
932740,34653365,0
932740,34663816,0
932740,34722532,0
932740,34782617,0
932740,34799588,0
932740,34839571,1
932740,34873156,0
932740,34873805,0
932740,34914499,0
932740,34931082,0
932740,34983631,0
932740,35015026,0
932740,35028452,0
932740,35030322,0
932740,35043960,0
932740,35075279,0
932740,35092726,0
932740,35121991,0
932740,35127549,0
932740,35136059,0
932740,35140221,0
932740,35150283,0
932740,35178295,0
932740,35211032,0
932740,35235759,1
932740,35266829,0
932740,35294889,0
932740,35294891,0
932740,35303421,0
932740,35361683,0
932740,35369338,0
932740,35371065,0
932740,35440133,0
932740,35603967,0
932740,35613277,0
932740,35652295,1
932740,35654045,0
932740,35669791,0
932740,35714196,0
932740,35715442,0
932740,35733354,0
932740,35739197,0
932740,35785620,0
932740,35798053,1
932740,35857512,0
932740,35912857,1
932740,35999496,0
932740,36029179,0
932740,36113897,0
932740,36131044,0
932740,36202780,0
932740,36266324,0
932740,36331259,0
932740,36335128,0
932740,36386908,0
932740,36453940,0
932740,36514779,1
932740,36515099,0
932740,36550535,0
932740,36679067,1
932740,36732631,0
932740,36799338,0
932740,36801171,0
932740,36851380,0
932740,36864754,0
932740,36868238,0
932740,36882410,0
932740,36921016,0
932740,36949106,0
932740,36976637,0
932740,36982476,0
932740,36990046,0
932740,37107179,0
932740,37143090,0
932740,37146911,0
932740,37192973,0
932740,37228617,0
932740,37303951,0
932740,37353755,1
932740,37365684,0
932740,37386941,0
932740,37396509,0
932740,37434394,0
932740,37447090,0
932740,37459895,0
932740,37563136,1
932740,37582760,0
932740,37615858,1
932740,37639608,0
932740,37643174,0
932740,37705071,0
932740,37723297,0
932740,37848452,0
932740,37851578,0
932740,37907652,0
932740,37925638,0
932740,37935903,0
932740,37941041,0
932740,37949939,0
932740,37953789,0
932740,38055613,0
932740,38055802,0
932740,38057643,0
932740,38096290,0
932740,38097539,0
932740,38099494,0
932740,38168932,0
932740,38168996,0
932740,38215759,0
932740,38243114,0
932740,38271119,0
932740,38278149,0
932740,38316463,0
932740,38365636,0
932740,38371594,0
932740,38385073,0
932740,38407952,0
932740,38446667,0
932740,38448424,1
932740,38453961,1
932740,38489911,0
932740,38512058,1
932740,38590653,0
932740,38614091,0
932740,38632658,0
932740,38637896,0
932740,38637948,0
932740,38689254,0
932740,38724524,0
932740,38730500,0
932740,38746415,0
932740,38754418,0
932740,38815582,0
932740,38822080,0
932740,38844455,0
932740,38875319,0
932740,38927910,0
932740,38933905,0
932740,38937512,0
932740,39012348,0
932740,39014006,0
932740,39040102,0
932740,39090568,0
932740,39124145,0
932740,39277594,0
933456,25552543,0
933456,27705793,0
933456,33198269,0
933699,35134235,0
933724,35678674,0
933724,36613720,0
934179,33593913,0
934408,26150418,0
934408,37446144,0
934544,31243274,0
934544,36536032,0
935080,34801693,0
935614,33033147,0
936682,17761750,0
936682,18854335,0
936682,19244455,0
936682,19646876,0
936682,20802224,0
936682,20952636,0
936682,21097896,0
936682,21357579,0
936682,21357580,0
936682,25131670,0
936682,27194709,0
936682,29385529,0
936682,32497259,0
936682,32668199,0
936682,32980951,0
936682,33504604,0
936682,33795748,0
936682,34116023,0
936682,34375004,0
936682,36353180,0
936682,37011193,0
936682,37416876,0
936682,38462819,0
937764,17586820,0
937764,33444449,0
937764,36471127,0
939105,33408345,0
939772,33257475,0
940151,21816364,0
940151,30048615,0
940151,34535011,0
940151,35418676,0
940626,28325473,1
940626,35172134,0
941463,17472435,0
941463,22547424,0
941463,22648723,0
941463,22768844,0
941463,23140642,0
941463,23707792,0
941463,24439387,0
941463,25015099,0
941463,25201977,0
941463,25298321,0
941463,25489054,0
941463,26338460,0
941463,26965621,0
941463,27029739,0
941463,28041957,0
941463,28637794,0
941463,30242153,0
941463,30293774,0
941463,31750562,0
941463,33402679,0
941463,33639916,0
941463,36289205,0
941788,33420329,0
942587,34790902,0
942587,35181787,0
942714,30049311,0
942714,33558530,0
942714,35338173,0
943021,29975766,0
943021,34010296,0
943021,37624843,0
943021,37682902,0
943274,19429869,0
943274,19855080,0
943274,23660628,0
943274,29472722,0
943274,30480765,0
943274,31817495,0
943274,33414401,0
943274,33876209,0
943274,35082295,0
943522,25211214,0
943522,31534547,0
943522,33357464,0
943522,33382968,0
943522,35862195,0
943649,18446208,0
943649,21890660,0
943649,24571673,0
943649,26560356,0
943649,27626663,0
943649,31358043,0
943649,34054852,0
943649,34605719,0
943821,33297959,0
944013,34025359,0
944013,35789154,0
944090,33616528,0
944727,24778153,0
944727,33406420,0
944727,37478846,0
945283,24705811,0
945283,25203443,0
945283,25380226,0
945283,28377514,0
945283,31291576,0
945283,31881983,0
945283,33144586,0
945283,34893587,0
945283,35064215,0
946101,33747015,0
946173,33303685,0
946173,37386251,0
946845,35577813,0
946877,35354948,0
946921,34408135,0
946983,33431496,0
947158,22940431,0
947158,24661562,1
947158,26045162,1
947158,27770432,0
947158,29867223,1
947158,30887098,0
947158,31015297,0
947158,31024170,0
947158,31110176,0
947158,32252341,0
947158,33594057,0
947158,35587837,0
947158,37184765,0
947273,34132743,0
947564,33755662,1
947564,34385434,0
948054,34935415,0
948948,26040697,0
948948,26562508,0
948948,34781022,0
949200,27576731,0
949200,33593877,0
949787,35618883,0
949895,24778019,0
949895,25964533,0
949895,26026082,0
949895,29617354,0
949895,29888960,0
949895,31135901,0
949895,31243106,0
949895,31366901,0
949895,31554327,0
949895,32882850,0
949895,33923454,0
950189,34299315,0
950894,34668757,0
951031,24703698,0
951031,27126736,0
951031,28266612,0
951031,29066557,0
951031,30046111,0
951031,31552482,0
951031,33911285,0
951031,34099702,0
951031,35559667,0
951031,35590109,0
951785,29296884,0
951785,29309048,0
951785,31013254,0
951785,32692727,0
952428,33828448,0
952821,34060910,0
952821,38131671,0
953079,17519220,0
953079,25307056,0
953079,26207988,0
953079,27568558,0
953079,32960813,0
953079,33246884,0
953079,33936070,0
953218,36383655,0
953707,31410392,0
953707,36001732,0
953950,33327742,0
954220,33002421,0
954220,34035246,0
954240,29481550,0
954240,33002421,0
954240,33125867,0
954240,34035246,0
954240,34301800,0
954240,34652942,0
954257,34035246,0
954532,33627870,0
954666,31363221,0
954666,37494060,0
955074,34437837,0
955074,34654425,0
955597,34418430,0
955599,34418430,0
955619,22355415,0
955619,23189148,0
955619,23487796,0
955619,24379380,0
955619,29367234,0
955619,35115407,0
956071,36958335,0
956542,29294109,0
956542,34257378,0
956542,36793737,0
956610,22272305,0
956610,26001963,0
956610,33892503,0
956884,18443592,0
956884,20430781,0
956884,31399586,0
956884,33910563,0
956884,33923085,0
956884,35377872,0
957346,36217821,0
957899,22294438,0
957899,23041623,0
957899,24145350,0
957899,25415046,0
957899,25826681,0
957899,26005866,0
957899,28067867,0
957899,28068672,0
957899,28605401,0
957899,28783165,0
957899,29112706,0
957899,30655535,0
957899,30735634,0
957899,30889379,0
957899,31161221,0
957899,31735626,0
957899,33257424,0
957899,34642184,0
957899,34716314,0
957899,34824250,0
958618,21123943,0
958618,26531099,0
958618,30250226,0
958618,31080134,0
958618,32875282,0
958618,33883138,1
958915,34281603,0
958968,28746305,0
959032,34788094,0
959032,35857643,0
960226,30054467,0
960226,33351127,0
960226,35357885,0
960787,21614566,0
960787,25616998,0
960787,25663546,0
960787,27991928,0
960787,34510716,0
962154,15574777,0
962154,16355216,0
962154,18456656,0
962154,19400950,0
962154,19644445,0
962154,19703393,0
962154,20226095,1
962154,20620946,0
962154,20621050,0
962154,21144052,0
962154,21170712,0
962154,21266501,0
962154,21887294,0
962154,21992792,0
962154,22046374,0
962154,22287715,0
962154,22388809,0
962154,22412841,0
962154,22532788,0
962154,22718837,0
962154,23263233,0
962154,23389994,0
962154,23804423,0
962154,24048436,0
962154,24486021,0
962154,24907942,0
962154,24916307,0
962154,24948953,0
962154,25288727,0
962154,25639793,0
962154,25693564,0
962154,25873175,0
962154,26028330,0
962154,26213102,0
962154,26442443,0
962154,26453058,0
962154,26804913,0
962154,27400124,0
962154,27500525,0
962154,27538588,0
962154,27548522,0
962154,27694932,0
962154,27773593,0
962154,27852285,0
962154,27936099,0
962154,28076790,0
962154,28134930,0
962154,28147342,0
962154,28425916,0
962154,28534508,0
962154,28607091,0
962154,28799781,0
962154,28805661,0
962154,28837809,0
962154,28842554,0
962154,28855340,0
962154,29024646,0
962154,29061142,0
962154,29277702,0
962154,29364875,0
962154,29488319,0
962154,29529061,0
962154,29590628,0
962154,29670091,0
962154,29771686,0
962154,29996948,0
962154,30026560,0
962154,30135430,0
962154,30337542,0
962154,30366908,0
962154,30665597,0
962154,30763282,0
962154,30872742,0
962154,31018126,0
962154,31019051,0
962154,31149338,0
962154,31189722,0
962154,31447391,0
962154,31484443,0
962154,31554736,0
962154,31710289,1
962154,31767869,0
962154,31852800,0
962154,31869513,0
962154,32039538,0
962154,32103174,0
962154,32315970,0
962154,32355793,0
962154,32402251,0
962154,32442221,0
962154,32492431,0
962154,32516590,0
962154,32735821,0
962154,32792503,1
962154,33037696,0
962154,33292203,0
962154,33298918,0
962154,33311488,0
962154,33414138,0
962154,33421118,0
962154,33589424,0
962154,33637716,0
962154,33657410,0
962154,33684179,0
962154,33691114,0
962154,33723254,0
962154,33826889,0
962154,33868323,0
962154,33942716,0
962154,33976158,0
962154,34108218,0
962154,34111398,0
962154,34151224,0
962154,34232987,0
962154,34368865,0
962154,34433039,0
962154,34459501,0
962154,34489456,0
962154,34650971,0
962154,34678511,0
962154,34720086,0
962154,34736405,0
962154,34799401,0
962154,34818547,0
962154,34867955,0
962154,34900689,0
962154,34905696,0
962154,34983546,1
962154,35015732,0
962154,35038375,0
962154,35322228,0
962154,35389887,0
962154,35487953,0
962154,35697692,0
962154,35918147,0
962154,35927451,0
962154,35980387,0
962154,36008159,0
962154,36059442,0
962154,36130016,1
962154,36179046,0
962154,36372898,0
962154,36403512,0
962154,36415827,0
962154,36530252,0
962154,36569291,0
962154,36648392,1
962154,36805688,0
962154,36823373,0
962154,36847866,0
962154,36869028,0
962154,36945110,0
962154,36945837,0
962154,36945893,0
962154,36949074,0
962154,37037399,0
962154,37092553,0
962154,37171793,0
962154,37233348,0
962154,37252932,0
962154,37322036,0
962154,37354697,0
962154,37513270,1
962154,37565264,0
962154,37604829,0
962154,37871123,0
962154,37939712,0
962154,38057310,0
962154,38161208,0
962154,38311286,0
962154,38360902,0
962154,38416702,0
962154,38494844,0
962154,38546787,0
962154,38580349,1
962154,38658954,0
962154,38746443,0
962154,38755647,0
962154,38821980,0
962154,38854072,0
962154,38990725,0
962154,39109172,0
962775,36598988,0
963744,29431643,0
963744,31729368,0
963744,34310651,0
964966,16291983,0
964966,21411736,0
964966,21569788,0
964966,25305315,0
964966,26441016,0
964966,27869817,0
964966,35193410,0
964966,36306369,0
965599,35788181,0
965599,37268690,0
965599,39048815,0
965766,21572034,0
965766,29198913,0
965766,31451483,0
965766,32870822,0
965766,35392965,0
966939,33177681,0
966939,33807742,0
966939,37123538,0
966956,22961225,0
966956,23251491,0
966956,24570141,0
966956,31417029,0
966956,34096575,0
966956,34653464,0
966995,33536225,0
967040,34149804,0
967801,33545713,0
967894,34645812,0
968243,35417530,0
968498,27769163,0
968498,33552104,0
968498,33878189,0
968746,34587479,0
969142,34547430,0
969535,35201318,0
969827,22474260,0
969827,25416951,0
969827,26044300,0
969827,27002153,0
969827,27991918,0
969827,28614293,0
969827,28747429,0
969827,33503407,0
969827,34093224,0
970496,17635870,0
970496,18794292,0
970496,20444105,0
970496,21984790,0
970496,22589288,1
970496,31235565,1
970496,34591974,1
970496,38904402,1
972348,27210754,0
972348,38091997,0
972348,38228729,0
972514,32075955,0
972514,34122346,0
973023,27206856,0
973023,34298922,0
973053,31533032,0
973053,34675383,0
973351,34155583,0
973369,34004356,0
974449,23144842,0
974449,23523777,0
974449,35536645,0
974449,37960344,0
975323,30382198,0
975323,30382200,0
975323,34875226,0
975897,34954109,0
976486,35149708,0
976604,33979605,0
976604,38360757,0
977141,26339586,0
977141,26774386,0
977141,29462620,0
977141,29898394,0
977141,31813828,0
977141,32203145,0
977141,32661325,0
977141,33539590,0
977141,34843580,0
977141,35212163,0
977141,36555730,0
977394,35032430,0
978030,18311149,0
978030,32733475,0
978030,33868267,0
978312,32272449,0
978312,32859947,0
978312,35494227,0
978664,34404410,0
979111,34518653,0
979246,27223264,0
979246,30611556,0
979246,33139490,0
979246,33969332,0
979246,34301937,0
981471,34648590,0
981513,25415227,0
981513,26484214,0
981513,28240319,0
981513,34887328,0
982244,34587756,0
982892,34174113,0
983295,34278746,0
984224,28668075,0
984224,29791850,0
984224,32287312,0
984224,32474753,0
984224,33989522,0
984224,34638328,0
984360,35864190,1
984459,34145279,0
985559,21571948,0
985559,25853862,0
985559,26868148,0
985559,27000654,0
985559,28743869,0
985559,28931573,0
985559,29180567,0
985559,30410674,0
985559,30413758,0
985559,30771488,0
985559,31077319,0
985559,31276604,0
985559,33310192,0
985559,33750880,0
985559,33870126,0
985559,35243267,0
985629,30723160,0
985629,33872990,0
986170,35089096,0
986301,37924814,0
986458,34206917,0
987017,16412049,0
987017,24634377,0
987017,30408466,0
987017,34220851,0
987017,38806647,0
987232,33910599,0
987424,17351046,0
987424,23858468,0
987424,35233546,0
987425,35233546,0
988969,29765129,0
988969,34312385,0
989001,34324523,0
989138,23735746,0
989138,26522261,0
989138,32826341,0
989138,35288651,0
989162,31287994,0
989162,35797243,0
989189,34869336,0
989502,19666486,0
989502,23332918,0
989502,25294932,0
989502,25439725,0
989502,25561519,0
989502,25937446,0
989502,26893459,0
989502,30609410,0
989502,32703943,0
989502,33214552,0
989502,33811806,0
989561,34111580,0
989998,23241743,0
989998,23554969,0
989998,24762674,0
989998,26996598,0
989998,27105517,0
989998,27374614,0
989998,28152015,0
989998,28276441,0
989998,28611763,0
989998,28736425,0
989998,29786075,1
989998,29899877,0
989998,30478249,0
989998,31537788,0
989998,32130226,0
989998,32475074,0
989998,33119185,1
989998,33666644,0
989998,34162549,0
989998,34561453,0
989998,35788760,0
989998,36351769,0
989998,36417870,0
989998,36565788,0
989998,37349299,0
989998,38963038,0
990662,28553950,0
990662,34260918,0
991191,34936466,0
991769,34381107,0
994115,36976175,0
994652,34385462,0
995416,33985562,0
997217,34033742,0
997346,26671237,0
997346,30398377,0
997346,31130617,0
997346,32384158,0
997346,32922662,0
997346,34517816,0
997346,35377459,0
997699,34502527,0
997754,31027966,0
997754,32094334,0
997754,34630033,1
997754,35838828,0
997786,33357414,0
997786,36482253,0
997786,38849354,0
997807,35278276,0
998036,34237254,0
998061,34044317,0
999238,34099540,0
999238,34520261,0
999304,32047912,0
999304,32358605,0
999526,32246814,0
999526,34675930,0
999914,35589715,0
1000892,35411077,0
1001136,28760199,0
1001136,34605600,0
1001676,39148099,0
1002356,35013188,0
1002698,35182476,0
1002791,26516201,0
1002791,28423511,0
1002791,36002648,0
1002809,34965946,0
1003366,24981610,0
1003366,34132490,0
1003394,19433118,0
1003394,34458885,0
1003394,37952157,0
1003414,34153031,0
1003417,34919438,0
1004026,34128959,0
1004134,34820606,0
1006332,28942919,0
1006332,31668803,0
1006332,36070798,0
1006500,35950162,0
1006504,32045043,0
1006504,34440226,0
1006504,35950162,0
1006521,38649367,0
1006880,32731586,0
1006880,34379512,0
1007112,23303785,0
1007112,25653011,0
1007112,25992613,0
1007112,27799337,0
1007112,29022589,0
1007112,29425494,0
1007112,31123710,0
1007112,33657363,0
1007112,33664453,0
1007112,35298243,0
1007319,37402719,0
1007346,35236848,0
1007550,33970188,0
1007550,34957478,0
1007587,34737197,0
1008768,29851958,0
1008768,30641411,0
1008768,35511484,0
1010335,34724238,0
1010508,31451521,0
1010508,35740559,0
1010719,31327173,0
1010719,34439480,0
1010870,34890398,0
1011491,30661753,0
1011491,31813625,0
1011491,33888612,0
1011491,36266581,0
1011525,34751128,0
1011846,31173718,0
1011846,34378534,0
1012239,16434483,0
1012239,23374351,0
1012239,25228644,1
1012239,25275495,0
1012239,28918900,1
1012239,28918903,1
1012239,30275344,0
1012239,33731875,0
1012239,34433046,0
1012239,35871303,0
1012284,17559302,0
1012284,18400754,0
1012284,29788176,1
1012284,33414462,1
1012284,34610266,1
1012284,35041939,1
1012962,34623903,0
1013111,30930145,0
1013111,32299104,0
1013111,32416059,0
1013111,33476303,0
1013111,35668135,0
1013908,19536202,0
1013908,22264586,0
1013908,23874215,0
1013908,29859120,0
1013908,32853550,1
1013908,33186095,1
1013908,33899734,1
1013908,34548404,1
1014086,34300226,0
1014759,28002404,0
1014759,30777123,0
1014868,33420427,0
1014868,35427178,0
1015059,26792738,0
1015059,27489280,0
1015059,27626689,0
1015059,31188831,0
1015059,33712578,0
1015059,34078875,0
1015059,34545347,0
1015752,34538015,0
1015927,20100965,0
1015927,20189874,0
1015927,21152022,0
1015927,34750474,0
1015969,29423054,0
1015969,37904045,0
1016043,26411690,0
1016043,29771284,0
1016043,34278264,0
1016043,34445655,0
1016043,34475267,0
1017121,35115943,0
1017295,35169122,0
1017582,33144283,0
1017582,34662377,0
1017685,32028632,0
1017685,34067117,0
1017862,34739845,0
1018225,34676048,0
1018318,35642432,0
1018612,21723509,0
1018612,35017529,0
1018824,38594380,0
1019178,30256508,0
1019178,35192733,0
1020532,30963107,0
1020532,34409038,0
1020637,34675338,0
1021331,31756561,0
1021331,34643097,0
1021503,35007555,0
1021503,37443031,0
1021992,36843845,0
1022359,18768820,0
1022359,23166671,0
1022359,35132407,0
1022359,36239699,0
1023584,34905516,0
1023785,21784468,0
1023785,28780410,0
1023785,29098013,0
1023785,29236770,0
1023785,34631277,0
1023785,34899662,0
1023785,35241097,0
1023814,36241617,0
1024220,21152434,0
1024220,25164009,0
1024220,27641338,0
1024220,29622580,0
1024220,30518925,0
1024220,32651166,0
1024220,33674591,0
1024220,34518653,0
1024220,35022194,0
1024220,37169737,0
1024859,34502358,0
1025137,18989361,1
1025137,21911366,0
1025137,24030951,0
1025137,25271306,0
1025137,27259700,0
1025137,27347756,0
1025137,30395586,0
1025137,33921436,0
1025137,34581788,0
1025137,35235716,0
1025616,20055812,0
1025616,24693992,0
1025616,24926788,1
1025616,30718683,0
1025616,36222846,0
1025616,36373432,0
1025616,37758738,0
1025616,37863933,0
1025798,34881794,0
1026147,29029402,0
1026147,29091765,0
1026147,30500538,0
1026147,31915293,0
1026147,33274363,0
1026147,34462284,0
1026147,37267384,0
1026147,37938580,0
1026240,35789380,0
1026854,34439819,0
1027011,21705439,0
1027011,36618412,0
1027011,37063248,0
1027277,28659437,0
1027277,30366940,0
1027277,31191543,0
1027277,31541232,0
1027277,35041461,0
1027937,35667685,0
1028438,34301992,0
1029028,35802677,0
1029481,30886407,0
1029481,34675437,0
1029611,34764281,0
1029611,37258678,0
1030119,31533980,0
1030119,31796518,0
1030119,33720519,0
1030119,35298627,0
1030119,35563134,0
1030171,34560002,0
1030487,34301759,0
1031388,25963861,0
1031388,29669939,0
1031388,36331122,0
1031916,22612990,0
1031916,26122020,0
1031916,32509197,0
1031916,34483940,0
1033182,38365772,0
1034491,34849385,1
1034491,35359606,0
1034491,35430316,1
1034538,17416673,0
1034538,34536354,0
1034538,34912114,0
1034782,29077059,0
1034782,31244650,0
1034782,34502030,0
1035491,36246269,0
1036754,32188932,0
1036754,32426497,0
1036754,35094416,0
1036754,35613844,0
1036754,38318864,0
1036984,22722868,0
1036984,23601134,0
1036984,24072782,0
1036984,26935695,0
1036984,28581443,0
1036984,29235464,0
1036984,30635612,1
1036984,32208170,0
1036984,33172888,0
1036984,33887198,0
1036984,34663973,0
1036984,35108511,0
1037186,34978355,0
1037487,35167486,0
1037819,23906066,0
1037819,30310934,0
1037819,33984509,0
1037819,34371081,0
1037819,34485650,0
1037836,35379068,0
1037836,38876109,0
1038738,35657352,0
1038738,36069770,0
1038738,37609485,0
1038738,37735685,0
1039210,34593606,0
1039603,34830760,0
1039614,25460568,0
1039614,34830760,1
1039614,35362543,0
1040441,33634895,0
1040441,36033544,0
1040636,36509106,0
1040737,37291192,0
1041094,22308434,0
1041094,24931609,0
1041094,26365490,0
1041094,26387754,0
1041094,30037855,0
1041094,30412255,0
1041094,35296659,0
1041094,37769126,0
1041368,34608333,0
1041475,34280472,0
1041789,34624206,0
1041829,37012457,0
1042600,30273559,0
1042600,34599932,0
1042984,27401556,1
1042984,31074696,1
1042984,33724187,1
1042984,35666176,1
1043310,34678208,0
1043367,34569598,0
1043851,21934144,0
1043851,26356302,0
1043851,34403557,0
1043968,22499666,0
1043968,26142430,1
1043968,30885246,0
1043968,31315889,1
1043968,32344427,0
1043968,32986844,1
1043968,34449942,1
1043968,34613655,0
1043968,35875866,1
1044314,36490346,0
1044446,15375197,1
1044446,16043205,0
1044446,17327493,1
1044446,17895393,1
1044446,21831765,0
1044446,22801959,0
1044446,23018639,0
1044446,25266672,1
1044446,26621451,0
1044446,28368454,1
1044446,32313019,0
1044446,34320359,0
1044446,35348006,0
1044446,35464952,1
1044446,36073816,0
1044446,36206577,0
1044446,36916921,0
1044446,37813896,0
1044920,35608297,0
1045567,34601385,0
1045567,37872450,0
1045659,35764091,0
1045659,38386415,0
1045888,32297952,0
1045888,32692974,0
1045888,36210597,0
1045888,37147291,0
1045888,38132362,0
1045898,34783015,0
1046251,30971321,0
1046251,37169842,0
1046294,26057463,0
1046294,30700987,0
1046753,35202626,0
1046797,35202626,0
1048100,33904651,0
1048100,34309190,0
1048100,35032430,0
1048100,35675394,0
1048100,36331122,0
1048100,37329888,0
1048100,37468583,0
1048871,31877118,1
1048871,34697315,1
1049050,30887000,0
1049050,37824216,0
1049131,17965775,0
1049131,22955319,0
1049131,33682796,0
1049131,36777184,0
1049457,27759007,0
1049457,32612176,0
1049457,33561324,0
1049457,34099702,0
1049457,34637435,0
1049457,34698806,0
1049478,34986349,0
1049911,22072501,0
1049911,31748500,0
1049911,34572841,0
1049911,36047377,0
1050782,35969234,0
1051350,17933900,0
1051350,18689800,0
1051350,19356248,1
1051350,19666486,0
1051350,19966280,0
1051350,21966512,0
1051350,22847438,0
1051350,22992320,0
1051350,23775115,0
1051350,23814041,0
1051350,24145120,0
1051350,25813539,0
1051350,25927723,0
1051350,25950834,1
1051350,26134422,0
1051350,26697360,0
1051350,26875865,0
1051350,26949256,0
1051350,26969725,0
1051350,27034009,1
1051350,27132469,0
1051350,27525369,0
1051350,27843766,0
1051350,27872814,0
1051350,27993966,0
1051350,27996000,0
1051350,28257233,0
1051350,28270497,0
1051350,28421818,0
1051350,28515341,0
1051350,28592649,0
1051350,28740262,0
1051350,28844864,0
1051350,28850249,0
1051350,28935638,0
1051350,29067999,1
1051350,29072299,0
1051350,29142137,0
1051350,29208628,0
1051350,29431743,0
1051350,29491469,0
1051350,29634432,1
1051350,30126942,0
1051350,30185548,0
1051350,30322406,0
1051350,30604764,0
1051350,30842658,0
1051350,31256208,0
1051350,31341159,0
1051350,31548239,0
1051350,31872076,0
1051350,32188706,0
1051350,32284594,0
1051350,32315970,0
1051350,32343675,0
1051350,32366954,0
1051350,33414552,0
1051350,33497366,0
1051350,33513191,0
1051350,33613525,0
1051350,33667223,0
1051350,33790326,0
1051350,34063463,0
1051350,34523259,0
1051350,35193942,0
1051350,35294950,0
1051350,35380990,0
1051350,35726356,0
1051350,35764708,0
1051350,36098762,0
1051350,36288280,0
1051350,36302761,0
1051350,36323780,0
1051350,36463298,0
1051350,37194236,0
1051350,37334382,1
1051350,37352396,0
1051350,37398248,0
1051350,37816712,0
1051350,37816864,0
1051350,37853001,0
1051350,37976347,0
1051350,38066689,0
1051350,38378697,0
1051350,38561497,0
1051350,39128904,0
1053182,37106060,0
1053482,28137254,0
1053482,28947679,0
1053482,37006253,0
1053823,32492433,0
1053823,35042235,0
1054172,35058881,0
1054282,34695836,0
1054382,34914824,0
1055295,37740230,0
1055557,37208336,0
1055656,29515000,0
1055656,35022400,0
1055656,35245111,0
1055656,35260802,0
1055809,33236003,0
1055809,33853355,0
1055809,34081913,0
1055809,34523966,0
1055809,34611656,0
1055809,37142773,0
1056058,34874913,0
1057299,24667639,0
1057299,29282201,1
1057299,32778664,1
1057299,35326375,0
1057461,19641190,0
1057461,29141227,0
1057461,29795344,0
1057461,33609440,1
1057461,34103504,0
1057461,35584694,0
1057527,34654826,0
1058189,30799147,0
1058189,34581622,1
1058189,35049501,0
1059722,20152045,0
1059722,22277938,0
1059722,25848977,0
1059722,28386079,0
1059722,33691105,0
1059722,35614043,0
1059722,36722855,0
1059722,36725887,0
1059726,34142042,0
1059726,35904241,0
1060106,34702952,0
1060380,35008777,0
1060543,32442405,0
1060543,35947077,0
1060543,36332029,0
1061214,18500982,0
1061214,38071204,0
1061241,38459109,0
1062219,36878908,0
1063328,35050301,0
1063396,37739936,0
1063717,25242144,0
1063717,25916830,0
1063717,25921068,0
1063717,27773700,0
1063717,28335028,0
1063717,28344080,0
1063717,28555639,0
1063717,28746393,0
1063717,31702556,0
1063717,33328638,0
1063717,37379316,0
1064112,30486888,0
1064112,35196021,0
1064112,35284622,0
1065054,34686499,0
1065054,36468984,0
1065441,37543610,1
1065583,36456835,0
1065680,34853070,0
1065680,37657440,0
1065695,32029838,0
1065695,32835548,0
1065695,35565298,0
1067247,33051578,0
1067247,35380306,0
1067247,36675181,0
1067273,34914695,0
1067273,37395281,0
1067705,35148649,0
1067926,35143619,0
1067965,30676318,0
1067965,35143619,0
1069184,36149942,0
1069184,36282598,0
1069439,36261634,0
1069552,27247229,0
1069552,31556482,0
1069552,36894681,0
1069552,38070726,0
1070694,35134856,0
1070800,18758466,0
1070800,19029902,0
1070800,31633483,0
1070800,35546538,0
1071021,33201861,0
1071021,33510256,0
1071021,34694888,0
1071021,34988410,0
1071021,35258704,0
1071486,36830965,0
1071572,34827715,0
1071572,36028574,0
1071658,18691415,0
1071658,22187364,1
1071658,22362069,0
1071658,25401222,0
1071658,25472669,0
1071658,25607660,0
1071658,28609657,0
1071658,28629479,0
1071658,30242092,0
1071658,33729568,0
1071658,35612714,0
1071674,37406716,0
1071826,26322139,0
1071826,29962238,0
1071826,38580675,0
1072217,35835117,0
1072316,24498897,0
1072316,37039367,0
1072316,37314413,0
1072428,36301822,0
1074146,22722845,0
1074146,36434141,0
1074335,19796718,0
1074335,20950698,0
1074335,25333900,0
1074335,30075049,0
1074335,33211885,0
1074335,34450029,0
1074335,35737787,1
1074335,36413415,0
1074443,35136059,0
1074443,35478247,0
1075255,23558169,0
1075255,34949839,0
1075888,35571680,0
1076092,32771388,0
1076092,33060834,0
1076092,34185705,0
1076092,35174906,0
1076188,36008405,0
1076289,32788238,0
1076289,35301236,0
1076306,34466226,0
1076306,36433861,0
1076329,37875486,0
1076509,34966385,0
1077095,34943871,0
1077170,37263996,0
1077286,36766726,1
1077447,29162826,0
1077447,35589967,0
1078074,35631574,0
1078797,22510267,0
1078797,25991924,0
1078797,28004750,0
1078797,28487280,0
1078797,34572384,0
1078797,35780132,0
1078797,35992681,0
1078797,36046338,0
1078797,36564025,0
1078797,36572121,0
1078797,37543250,0
1078797,37764281,0
1079146,36397155,0
1079281,29940860,0
1079281,32459996,0
1079281,32670081,0
1079281,35550602,0
1079281,35712781,0
1079281,37607954,0
1079494,34885140,0
1079849,34965946,0
1079849,36443295,0
1079932,36121125,0
1080633,27863245,0
1080633,35618797,0
1081438,28052240,0
1081438,35186010,0
1081773,35676475,0
1082310,29507226,0
1082310,37224925,0
1083325,29073069,0
1083325,30068946,0
1083325,31675998,0
1083325,33089214,0
1083325,37388539,0
1084130,28291392,0
1084130,35078860,0
1084157,26729812,0
1084157,28093525,1
1084157,29116249,0
1084157,33312178,0
1084157,34670213,1
1084157,35280993,0
1084157,36380627,0
1084157,36930354,0
1084157,37040733,0
1084157,37495570,0
1084157,37917179,0
1084428,36352089,0
1085050,32697997,0
1085050,33441400,0
1085050,38934864,0
1085690,35180225,0
1085690,36578038,0
1085883,34935134,0
1086659,25925480,0
1086659,38858386,0
1086771,37209097,0
1086779,28416284,0
1086779,30139917,0
1086779,33986176,0
1086779,37209097,0
1086806,35101444,0
1086806,35672452,0
1086930,30388456,0
1086930,32499639,0
1086930,32651166,0
1086930,32878895,0
1086930,33298930,0
1086930,33597266,0
1086930,34312544,0
1086930,34450029,0
1086930,34970970,0
1086930,35122060,0
1086930,37001502,0
1087129,36072583,0
1087129,36248819,0
1087917,35074876,0
1088058,28658622,0
1088058,28674080,0
1088058,29091769,0
1088058,29466739,0
1088058,33495342,0
1088058,34003795,1
1088058,34750386,1
1088058,34782454,0
1088058,35534923,0
1088058,36416142,1
1088264,36967761,0
1088264,38242120,0
1088634,18594555,0
1088634,21807638,0
1088634,21984790,0
1088634,22589288,0
1088634,23524613,0
1088634,25605763,1
1088634,25712266,0
1088634,26400155,0
1088634,27548260,0
1088634,28794281,0
1088634,35130721,1
1089248,35395675,0
1089518,35111748,0
1090008,21366908,1
1090008,23454623,0
1090008,23630447,0
1090008,23826184,0
1090008,23934149,0
1090008,25079557,0
1090008,25742952,0
1090008,26246469,0
1090008,27315811,0
1090008,28526333,1
1090008,29255258,0
1090008,29915357,0
1090008,30174296,0
1090008,30683844,0
1090008,31435013,0
1090008,32730243,0
1090008,33763704,0
1090008,33932349,0
1090008,35230972,0
1090008,35281039,0
1090008,35947672,0
1090008,36435834,0
1090008,36459434,0
1090008,37710960,0
1090008,37958523,0
1090428,35279203,0
1090470,21555702,0
1090470,23079999,0
1090470,23357369,0
1090470,23520160,0
1090470,24163065,0
1090470,25019369,0
1090470,30705153,0
1090470,30944250,0
1090470,31045573,0
1090470,32820662,0
1090470,34330825,0
1090470,35137168,0
1090470,36512424,0
1090470,37221451,0
1090470,37711550,0
1090470,38264262,0
1090548,36195635,0
1090870,36206732,0
1091095,36400769,0
1091328,37322115,0
1091422,24859200,0
1091422,33602869,0
1091422,36048960,0
1091422,36289911,0
1092125,35484422,0
1092138,33767450,0
1092138,35484422,0
1092419,19935881,0
1092419,28228255,1
1092419,35858543,1
1092419,38779483,1
1092702,36049539,0
1093020,37414763,0
1093127,32090446,0
1093127,34780106,0
1093328,33758843,0
1093328,35440562,0
1093328,35821981,0
1093409,35732128,0
1093672,36370708,0
1093676,36370708,0
1093797,21818254,0
1093797,23430699,0
1093797,25502142,0
1093797,25957691,0
1093797,26729235,0
1093797,27320919,0
1093797,27397505,0
1093797,30286710,0
1093797,32878980,0
1093797,33028592,0
1093797,35351890,0
1093797,36969743,0
1094582,35119792,0
1095002,38266090,0
1095099,29367455,0
1095099,30541888,0
1095099,36543805,0
1096340,35197461,0
1096416,36868189,0
1096427,28180284,0
1096427,32005677,0
1096427,33338421,0
1096427,34012031,0
1096427,34570762,0
1096427,35413095,0
1096874,35157910,0
1097301,35994477,0
1098129,20354195,0
1098129,20923862,0
1098129,22179924,0
1098129,25742000,0
1098129,30088019,0
1098129,30251953,0
1098129,31387917,0
1098129,32111229,0
1098129,32523092,0
1098129,32956836,0
1098129,33143730,0
1098129,33692482,0
1098129,34535185,0
1098129,34555354,0
1098129,34943821,0
1098129,35301425,0
1098129,35425987,0
1098129,35672415,0
1098129,35800779,0
1098129,35953673,0
1098129,35965840,0
1098129,36371602,0
1098129,36373384,0
1098129,36440760,0
1098129,36550137,0
1098129,36596776,0
1098129,37183820,0
1098129,37386564,0
1098129,37528066,0
1098129,37591949,0
1098129,38190710,0
1098129,38280896,0
1098129,38605224,0
1098129,39058769,0
1098129,39081633,0
1098193,22208362,0
1098193,24554440,0
1098193,33199643,0
1098193,36624638,0
1098193,36641754,1
1098193,36912618,0
1098193,37730682,0
1098193,38320485,0
1099140,36849558,0
1099158,19270706,0
1099158,21269491,0
1099158,22322993,0
1099158,22832581,0
1099158,28609654,0
1099158,31664194,0
1099158,34228644,0
1099158,35422502,0
1099158,36131014,0
1099158,36849558,0
1099342,32169167,0
1099342,35831497,0
1099548,35526671,0
1099548,36035984,0
1099683,21820330,0
1099683,23812098,0
1099683,31433990,0
1099683,35110421,0
1099683,35309349,0
1099683,35389781,0
1099683,35760778,0
1099841,35426393,0
1100340,22639649,0
1100340,26186436,0
1100340,27919081,0
1100340,28503769,0
1100340,32817553,0
1100340,35236848,0
1100340,35260552,0
1100340,36291932,0
1100340,36810234,0
1100737,26005866,0
1100737,35949298,0
1100837,29750268,0
1100837,31527169,0
1100837,32633781,0
1100837,34968297,0
1100837,38262672,0
1101420,25514182,0
1101420,35303483,0
1101420,37731000,0
1101421,26944680,0
1101421,28977534,0
1101421,35303483,0
1101512,22350411,0
1101512,35331339,0
1102008,35471950,0
1102013,35624894,0
1102547,36450981,0
1102828,36646694,0
1102828,36750099,0
1102885,20401492,1
1102885,23369545,1
1102885,35962298,1
1103351,31548373,0
1103351,32017448,0
1103351,32690906,0
1103351,35390280,0
1103351,35710938,0
1103789,15757903,0
1103789,17535257,0
1103789,19047056,0
1103789,19826053,0
1103789,21963537,0
1103789,23880652,0
1103789,24813609,0
1103789,25287330,0
1103789,25360868,0
1103789,25634742,0
1103789,25892225,0
1103789,26471504,0
1103789,27256111,0
1103789,27281795,0
1103789,27322744,0
1103789,28123069,1
1103789,28514446,0
1103789,28591582,0
1103789,28734833,0
1103789,29386107,0
1103789,29487289,0
1103789,30268778,0
1103789,30348985,0
1103789,30664768,0
1103789,30696953,0
1103789,31019265,0
1103789,31371381,0
1103789,31781562,0
1103789,32619517,0
1103789,32735836,0
1103789,33195269,0
1103789,33545081,0
1103789,33677214,0
1103789,33879231,0
1103789,33911148,0
1103789,33962950,0
1103789,34068249,0
1103789,34615655,0
1103789,34639134,0
1103789,34714577,0
1103789,34732703,0
1103789,34792289,0
1103789,34817551,0
1103789,35135958,0
1103789,35196497,0
1103789,35701597,0
1103789,35958610,0
1103789,36346110,0
1103789,36442297,0
1103789,36941461,0
1103789,37058563,0
1103789,37127185,0
1103789,37242247,0
1103789,37266426,0
1103789,37286599,0
1103789,37749100,0
1103789,38026201,0
1103789,38186738,0
1103789,38199298,0
1103789,38255844,0
1103789,38332738,0
1103934,36572750,0
1104004,24239359,0
1104004,28936470,0
1104004,37200088,0
1104004,37586319,0
1104004,37808628,0
1104004,37961185,0
1105949,33913468,0
1105949,34063989,0
1105949,36526599,0
1105949,36718802,0
1107606,36433934,0
1107671,16624518,1
1107671,16823376,0
1107671,22076376,0
1107671,27073918,1
1107671,28060870,1
1107671,37316562,0
1107725,34103518,0
1107725,38768217,0
1107731,33689682,0
1107731,38768217,0
1108643,32236527,0
1108643,36617658,0
1108643,36624638,0
1108643,37164016,0
1108929,35908287,0
1109222,29087317,0
1109222,37312623,0
1109599,16361876,0
1109599,19424418,1
1109599,19816418,0
1109599,20132558,0
1109599,20537301,1
1109599,20969775,0
1109599,20975942,0
1109599,21619581,0
1109599,21820164,0
1109599,22294689,0
1109599,23028442,0
1109599,23042295,0
1109599,23333148,0
1109599,23364941,0
1109599,23913270,0
1109599,24038088,1
1109599,24141423,0
1109599,24331926,0
1109599,24529375,0
1109599,24812666,0
1109599,24998851,1
1109599,25351332,0
1109599,25382605,0
1109599,25800778,0
1109599,26004781,0
1109599,26307087,0
1109599,27535961,1
1109599,27591365,0
1109599,27750280,0
1109599,27926879,0
1109599,28304275,0
1109599,28335821,0
1109599,28362325,0
1109599,28515367,0
1109599,28928204,0
1109599,29179815,0
1109599,29769258,0
1109599,30455990,0
1109599,31022154,0
1109599,31030285,0
1109599,31147464,0
1109599,31249869,0
1109599,31908002,0
1109599,32024545,0
1109599,32037375,0
1109599,32054698,0
1109599,32214314,0
1109599,33328630,0
1109599,33452355,0
1109599,34437124,0
1109599,34877495,0
1109599,34985961,0
1109599,35029669,0
1109599,35260583,0
1109599,35348112,0
1109599,35603814,0
1109599,36077707,0
1109599,36369244,1
1109599,36472361,0
1109599,36490332,0
1109599,36583686,0
1109599,36610028,0
1109599,36823310,0
1109599,36902377,0
1109599,36922585,0
1109599,36966228,0
1109599,37180827,0
1109599,38809511,0
1109599,38902818,0
1109745,27324164,0
1109745,32231998,0
1109878,35664466,0
1109999,35614218,0
1110148,30158154,0
1110148,30635805,0
1110148,34887328,0
1110148,35060899,0
1110148,36104291,0
1110252,36471076,0
1110796,35995800,0
1111609,36347867,0
1112110,28591577,0
1112110,38499326,0
1112652,35984904,0
1112881,22160566,0
1112881,38091391,0
1112928,36356046,0
1113057,38568091,0
1113937,36563688,0
1113995,23775123,0
1113995,24268577,1
1113995,25416951,0
1113995,26044300,1
1113995,26140591,0
1113995,26174091,0
1113995,26240283,0
1113995,27002153,0
1113995,27445394,1
1113995,27991918,1
1113995,28747429,0
1113995,29892061,0
1113995,30057115,0
1113995,30755478,0
1113995,31227503,0
1113995,31257184,0
1113995,31388629,1
1113995,31924735,0
1113995,32156775,0
1113995,32211331,0
1113995,32768387,0
1113995,33536620,0
1113995,33609405,1
1113995,33626321,0
1113995,34093224,0
1113995,34824542,0
1113995,35022314,0
1113995,35359829,0
1113995,35704598,0
1113995,36102736,0
1113995,36599933,0
1113995,36848231,0
1113995,37254190,0
1113995,37296155,0
1113995,37384771,0
1113995,37748191,0
1113995,38030596,0
1113995,38168066,0
1113995,38360659,1
1113995,38542450,0
1113995,38965223,0
1114813,38416842,0
1114819,19664992,0
1114819,22484851,0
1114819,26638077,0
1114819,27135165,0
1114819,27903529,0
1114819,28218627,0
1114819,28669928,0
1114819,28874118,0
1114819,29172152,0
1114819,29481901,0
1114819,29997230,0
1114819,30530502,0
1114819,31511511,1
1114819,31557719,1
1114819,32445619,0
1114819,32916216,0
1114819,33130055,0
1114819,33300287,1
1114819,33594975,0
1114819,34658910,0
1114819,34707135,1
1114819,34845225,0
1114819,34943873,1
1114819,35159152,1
1114819,35289477,1
1114819,35776660,0
1114819,35803246,0
1114819,36270985,1
1114819,36517594,0
1114819,37001504,0
1114819,37235660,1
1114819,37452493,0
1114819,38416842,0
1114819,38424446,0
1114819,38780213,1
1115222,34095887,0
1115222,35998078,0
1115222,36029799,0
1115827,36265687,0
1116478,34611612,0
1116478,34831448,0
1116478,37223353,0
1116478,37861314,0
1116517,35092356,0
1116517,36593397,0
1117116,36806740,0
1117399,26483207,1
1117399,29930727,1
1117399,30220457,0
1117399,31221965,0
1117399,32030835,0
1117399,32593682,0
1117399,33511777,0
1117399,33841401,0
1117399,34162733,0
1117399,35141286,0
1117399,35274380,0
1117399,35354792,0
1117399,37183231,0
1117399,39143065,0
1117399,39149359,0
1117749,35733868,0
1118052,25165097,0
1118052,35301407,0
1118202,36905126,0
1118798,35416977,0
1118798,37047575,0
1119050,35348629,0
1119050,38871184,0
1120180,28350298,0
1120180,35510953,0
1120485,37626054,0
1120552,35758064,0
1121375,35655748,1
1121389,28054337,0
1121389,36134447,0
1121857,37171959,0
1121871,36049643,0
1122277,23727006,0
1122277,25157170,0
1122277,26245956,0
1122277,32245946,0
1122277,33357414,1
1122277,36482253,1
1122277,37473757,0
1122277,38849354,0
1122711,35503263,0
1122885,37684044,0
1122885,38174321,0
1123462,26813785,0
1123462,34917090,0
1123462,35499391,0
1124366,35439023,1
1125403,26452100,0
1125403,30188895,0
1125403,35977482,0
1125591,35585236,0
1125591,36261024,0
1125937,26837714,0
1125937,29490948,0
1125937,29958801,0
1125937,30382078,0
1125937,32169218,0
1125937,35705030,0
1125937,36057257,0
1125937,36181640,0
1126013,31695038,0
1126013,35723626,0
1126253,36055241,0
1126303,37318863,0
1127181,27487209,0
1127181,35650286,0
1127538,33205517,0
1127538,35878796,0
1127538,36114329,0
1128244,37076494,0
1128367,35697798,0
1129460,36764520,0
1129484,19812700,0
1129484,28977579,0
1129484,30169518,0
1129484,36115064,0
1129484,36610750,0
1129566,37258531,0
1129781,26387537,0
1129781,27768893,0
1129781,32737396,0
1129781,36193535,1
1129781,36963728,1
1131381,29898397,0
1131381,35623342,0
1131479,36042203,0
1131479,38152893,0
1132131,35805969,0
1132253,35742976,0
1132331,36427571,0
1132331,37783352,0
1132393,35815410,0
1133041,37333095,0
1133041,38335962,0
1134037,22710432,0
1134037,36172132,0
1134041,18598946,0
1134041,22654675,0
1134041,24638100,0
1134041,28394329,0
1134041,38354248,0
1134098,36050707,0
1134143,32030468,0
1134143,35536649,0
1134413,38969762,1
1134689,24260387,0
1134689,30464317,0
1134689,32038604,0
1134689,36036571,0
1135090,26813791,0
1135090,27913603,0
1135090,30520728,0
1135090,30917316,0
1135090,35230915,1
1135090,36507874,1
1135404,16580993,0
1135404,35767654,0
1135473,33259630,1
1135473,36200916,0
1135614,20485525,0
1135614,21750684,0
1135614,22158329,0
1135614,23493352,1
1135614,23637875,0
1135614,24055111,0
1135614,24116131,0
1135614,26976439,0
1135614,27454520,0
1135614,30429326,0
1135614,30979687,0
1135614,33540554,1
1135614,33854168,0
1135614,35678717,0
1135614,36417539,1
1135781,26771841,0
1135781,27214280,0
1135781,30310055,0
1135781,32219437,0
1135781,36269833,1
1135857,22231168,0
1135857,29109123,0
1135857,31923184,0
1135857,34117031,1
1135857,35785521,1
1135857,35988690,0
1135857,36123354,0
1136118,23360399,0
1136118,28553318,0
1136118,32655365,0
1136118,33469418,1
1136118,37082140,0
1136869,36719797,0
1137149,32246814,0
1137149,35142342,0
1137682,35584120,0
1138279,38153787,0
1138283,35844581,0
1138283,38153787,0
1138725,37403796,0
1139316,35617030,0
1139322,26084025,0
1139322,32065054,0
1139322,35617030,0
1139678,26008897,0
1139678,28504706,0
1139678,30201971,0
1139678,37452018,0
1139791,36513773,0
1139853,25892250,0
1139853,35982897,0
1140917,37080962,0
1140917,37092320,0
1141221,35857628,0
1141603,30670059,0
1141603,34748230,0
1141603,34991687,0
1141603,35614060,0
1142348,12490681,0
1142348,15672449,0
1142348,16609007,0
1142348,16786575,0
1142348,17201672,0
1142348,17993533,0
1142348,18204071,0
1142348,18776029,0
1142348,18790870,0
1142348,18820685,0
1142348,19055773,0
1142348,19407241,0
1142348,19498200,0
1142348,19559397,0
1142348,19632181,0
1142348,19706712,0
1142348,19772648,0
1142348,20010803,0
1142348,20479888,0
1142348,20525278,0
1142348,20635329,0
1142348,20676099,0
1142348,20813005,0
1142348,20835239,0
1142348,20854825,0
1142348,21115979,0
1142348,21151985,0
1142348,21235737,0
1142348,21325133,0
1142348,21365003,0
1142348,21418177,0
1142348,21467267,0
1142348,21555364,0
1142348,21589891,0
1142348,21669488,0
1142348,21693768,0
1142348,21856777,0
1142348,21896679,0
1142348,21981800,0
1142348,21998686,0
1142348,22031440,0
1142348,22057716,0
1142348,22095788,0
1142348,22186372,0
1142348,22247756,0
1142348,22343889,0
1142348,22419669,0
1142348,22426421,0
1142348,22437443,0
1142348,22439693,0
1142348,22512782,0
1142348,22549178,0
1142348,22609917,0
1142348,23000963,0
1142348,23029419,0
1142348,23045686,0
1142348,23093672,0
1142348,23116360,0
1142348,23145933,0
1142348,23181524,0
1142348,23237666,0
1142348,23306098,0
1142348,23319565,0
1142348,23354439,0
1142348,23396134,0
1142348,23486187,0
1142348,23535507,0
1142348,23540701,0
1142348,23540702,0
1142348,23601657,0
1142348,23659661,0
1142348,23696748,0
1142348,23715562,0
1142348,23822863,0
1142348,23982177,0
1142348,23983221,0
1142348,24028770,0
1142348,24052018,0
1142348,24097067,0
1142348,24153179,0
1142348,24154603,0
1142348,24286825,0
1142348,24375455,0
1142348,24462518,0
1142348,24476918,0
1142348,24487590,0
1142348,24603971,0
1142348,24658003,0
1142348,24670642,0
1142348,24707045,0
1142348,24798377,0
1142348,24843164,0
1142348,24887064,0
1142348,24966054,0
1142348,25058496,0
1142348,25100847,0
1142348,25186909,0
1142348,25215497,0
1142348,25230743,0
1142348,25371314,0
1142348,25382245,0
1142348,25385755,0
1142348,25403753,0
1142348,25492044,0
1142348,25620562,0
1142348,25762628,0
1142348,25810521,0
1142348,25819795,0
1142348,25905672,0
1142348,26072163,0
1142348,26087293,0
1142348,26111978,0
1142348,26248897,0
1142348,26253995,0
1142348,26260970,0
1142348,26284050,0
1142348,26314709,0
1142348,26324762,0
1142348,26465397,0
1142348,26530316,0
1142348,26554028,0
1142348,26573234,0
1142348,26576679,0
1142348,26637796,0
1142348,26748712,0
1142348,26752649,0
1142348,26825461,0
1142348,26858304,0
1142348,26878872,0
1142348,26878873,0
1142348,26884818,0
1142348,26927665,0
1142348,26989253,0
1142348,27010746,0
1142348,27090946,0
1142348,27132592,0
1142348,27194798,0
1142348,27386920,0
1142348,27556946,0
1142348,27568284,0
1142348,27568520,0
1142348,27595405,0
1142348,27702693,0
1142348,27803193,0
1142348,27810920,0
1142348,27824278,0
1142348,27853641,0
1142348,27883312,0
1142348,27941215,0
1142348,28002404,0
1142348,28045137,0
1142348,28158851,0
1142348,28266527,0
1142348,28320307,0
1142348,28472346,0
1142348,28515231,0
1142348,28542170,0
1142348,28617821,0
1142348,28627414,0
1142348,28705662,0
1142348,28723571,0
1142348,28831001,0
1142348,28878772,0
1142348,28898250,0
1142348,28925401,0
1142348,28949959,0
1142348,29016997,0
1142348,29024665,0
1142348,29118979,0
1142348,29180699,0
1142348,29431745,0
1142348,29438740,0
1142348,29511063,0
1142348,29563966,0
1142348,29606099,0
1142348,29678683,0
1142348,29727680,0
1142348,29766641,0
1142348,29867773,0
1142348,29950724,0
1142348,30161141,0
1142348,30228947,0
1142348,30290792,0
1142348,30429332,0
1142348,30455465,0
1142348,30479347,0
1142348,30526862,0
1142348,30559749,0
1142348,30590832,0
1142348,30605676,0
1142348,30619403,0
1142348,30625328,0
1142348,30650361,0
1142348,30659148,0
1142348,30739914,0
1142348,30807115,0
1142348,30882371,0
1142348,30949682,0
1142348,30963110,0
1142348,31024538,0
1142348,31061469,0
1142348,31088495,0
1142348,31111894,0
1142348,31112563,0
1142348,31138136,0
1142348,31138768,0
1142348,31145973,0
1142348,31191544,0
1142348,31238586,0
1142348,31316066,0
1142348,31559901,0
1142348,31666517,0
1142348,31863590,0
1142348,31911274,0
1142348,31925334,0
1142348,31971976,0
1142348,32076030,0
1142348,32153537,0
1142348,32160399,0
1142348,32176716,0
1142348,32378719,0
1142348,32393182,0
1142348,32436772,0
1142348,32439855,0
1142348,32467755,0
1142348,32541956,0
1142348,32622528,0
1142348,32699843,0
1142348,32722783,0
1142348,32764691,0
1142348,32814898,0
1142348,32822602,0
1142348,32839537,0
1142348,32891189,0
1142348,32911536,0
1142348,32978233,0
1142348,32999373,0
1142348,33060802,0
1142348,33158248,0
1142348,33172972,0
1142348,33203444,0
1142348,33235981,0
1142348,33238290,0
1142348,33257861,0
1142348,33306674,0
1142348,33306988,0
1142348,33398982,0
1142348,33445503,0
1142348,33483601,0
1142348,33484480,0
1142348,33558653,0
1142348,33568457,0
1142348,33619282,0
1142348,33691139,0
1142348,33712615,0
1142348,33722704,0
1142348,33753779,0
1142348,33805821,0
1142348,33970999,0
1142348,33997693,0
1142348,34078900,0
1142348,34102100,0
1142348,34105306,0
1142348,34133945,0
1142348,34376651,0
1142348,34418597,0
1142348,34478631,0
1142348,34529715,0
1142348,34599305,0
1142348,34750374,0
1142348,34775600,0
1142348,34793334,0
1142348,34798047,0
1142348,34819374,0
1142348,34830054,0
1142348,34867850,0
1142348,35025731,0
1142348,35038906,0
1142348,35051358,0
1142348,35061545,0
1142348,35081338,0
1142348,35332307,0
1142348,35379995,0
1142348,35413480,0
1142348,35484250,0
1142348,35523141,0
1142348,35563269,0
1142348,35583996,0
1142348,35706367,0
1142348,35730579,0
1142348,35735979,0
1142348,35806108,0
1142348,35847555,0
1142348,35879361,0
1142348,35995800,0
1142348,36007006,0
1142348,36034743,0
1142348,36047744,0
1142348,36085302,0
1142348,36151093,0
1142348,36433992,0
1142348,36581993,0
1142348,36869735,0
1142348,37011211,0
1142348,37017529,0
1142348,37018379,0
1142348,37029425,0
1142348,37042701,0
1142348,37043428,0
1142348,37080971,0
1142348,37148871,0
1142348,37175668,0
1142348,37205380,0
1142348,37250784,0
1142348,37347276,0
1142348,37370820,0
1142348,37406095,0
1142348,37418299,0
1142348,37436901,0
1142348,37612319,0
1142348,37625789,0
1142348,37671566,0
1142348,37686626,0
1142348,37731623,0
1142348,37789352,0
1142348,37801396,0
1142348,37820724,0
1142348,37880368,0
1142348,37974010,0
1142348,37977120,0
1142348,38060615,0
1142348,38096903,0
1142348,38163893,0
1142348,38499565,0
1142348,38499720,0
1142348,38548722,0
1142348,38562878,0
1142348,38636661,0
1142348,38650939,0
1142348,38652140,0
1142348,38664739,0
1142348,38678011,0
1142348,38802512,0
1142348,39048815,0
1142348,39087348,0
1142348,39108501,0
1142348,39117959,0
1142348,39198634,0
1142525,32603655,0
1142525,34156424,0
1142525,38462574,0
1142560,33637999,0
1142560,37159667,0
1142739,35717949,0
1142945,35858559,0
1143205,29024969,0
1143205,33547328,0
1143205,35552703,0
1143205,37003585,0
1143205,37427387,0
1143498,35806779,0
1143498,36009444,0
1143893,36323783,0
1144548,35888078,0
1144684,38015629,0
1145084,29360169,0
1145084,36038904,0
1145084,38169468,0
1145427,32616520,0
1145427,35768279,0
1146179,35704755,0
1146854,35974102,0
1146999,34171263,0
1146999,36526735,0
1146999,36976323,0
1146999,37644220,0
1147597,35980024,0
1147636,24390351,0
1147636,26490224,0
1147636,28054337,0
1147636,30585358,0
1147636,32103173,0
1147636,35978192,0
1147636,37343664,0
1147636,38356058,0
1148010,32277121,0
1148010,35886026,0
1148837,17039238,0
1148837,32669546,0
1148837,35988542,0
1149159,35727638,0
1149288,36777346,0
1150165,35767735,0
1150206,33730555,0
1150206,38215738,0
1150242,31523008,0
1150242,37060905,0
1150372,28953874,0
1150372,29602945,0
1150372,30643281,0
1150372,31611556,0
1150372,37369201,0
1150505,27909050,0
1150505,30702441,0
1150505,31663852,0
1150505,35108537,0
1150505,36040792,0
1150505,36516770,0
1150505,38519468,0
1150581,36216505,0
1150734,22308434,0
1150734,30037855,0
1150734,31914399,0
1150734,33660333,0
1150734,34388375,0
1150734,34621188,0
1150734,36948186,0
1150734,39137778,0
1151102,16204010,0
1151102,18593951,0
1151102,20547991,0
1151102,21354599,1
1151102,22174824,0
1151102,22348014,0
1151102,22445337,0
1151102,24788100,0
1151102,25748237,1
1151102,25804953,0
1151102,27552618,0
1151102,28827520,0
1151102,29042553,0
1151102,29762551,0
1151102,30718512,0
1151102,31155351,0
1151102,31554806,0
1151102,31679176,0
1151102,31772167,0
1151102,32369735,0
1151102,32473302,0
1151102,32943286,0
1151102,33158842,0
1151102,34850543,0
1151102,34903884,0
1151102,35179955,0
1151102,38987605,0
1151394,36583047,0
1151582,26208636,1
1151582,32197070,0
1151582,33971010,1
1151582,36104445,0
1151582,36198801,0
1151582,38980870,0
1152673,37724723,0
1153450,16412049,0
1153450,17984176,0
1153450,20015095,0
1153450,20548029,0
1153450,21041446,0
1153450,21330608,0
1153450,22343897,0
1153450,23646174,0
1153450,23922318,0
1153450,25488987,0
1153450,26278786,0
1153450,26411289,0
1153450,26880761,0
1153450,27935189,0
1153450,28025139,0
1153450,28545780,0
1153450,29078349,0
1153450,29861157,0
1153450,30808771,0
1153450,31327527,0
1153450,33282293,0
1153450,33592174,0
1153450,34087162,0
1153450,34185705,0
1153450,35568035,0
1153450,35704759,0
1153450,36269840,0
1153450,36650150,0
1153450,37493250,0
1153450,37537159,0
1153450,37729919,0
1153450,38478683,1
1153450,38653237,0
1153450,38679799,1
1153450,38847231,0
1153450,39070537,0
1153599,36038602,0
1154275,33990559,0
1154275,38016475,0
1154642,29581865,0
1154642,35947675,0
1154712,30939206,1
1154712,36232439,1
1155755,37648857,0
1156172,36738487,0
1156291,35320727,0
1156291,37993455,0
1156858,36543959,0
1156858,37036425,0
1156963,36765586,0
1157597,26056355,0
1157597,26717982,0
1157597,29320736,0
1157597,32977850,0
1157597,35705375,0
1157597,37794493,0
1157789,33106633,0
1157789,33633365,0
1157789,37085898,0
1157789,37537502,0
1157789,37932847,0
1158390,19706389,0
1158390,22384141,0
1158390,23580553,1
1158390,24120476,0
1158390,25056318,0
1158390,26610607,0
1158390,27353039,0
1158390,27748765,0
1158390,28126920,1
1158390,28199841,0
1158390,29748571,1
1158390,31012849,0
1158390,35840631,0
1158390,38917323,0
1158390,39003349,1
1158390,39039212,0
1159253,34407456,0
1159253,34496239,0
1159253,36394953,0
1159544,38844821,0
1159719,17803905,0
1159719,25778702,0
1159719,28681838,1
1159719,30655599,0
1159719,36851842,0
1159719,37819786,0
1159770,37537841,0
1160158,22432919,0
1160158,22681891,0
1160158,30302725,0
1160158,30539330,0
1160158,32471461,0
1160158,33060580,0
1160158,35318461,0
1160158,36136607,0
1160158,36598943,1
1160158,37566909,1
1160168,36504388,0
1160348,22484851,0
1160348,35289477,0
1160348,36270985,0
1160557,36371333,0
1161052,24572369,0
1161052,30016465,0
1161052,36515553,0
1161851,15163632,0
1161851,15960800,0
1161851,16412049,0
1161851,18419781,0
1161851,19686536,0
1161851,20220049,0
1161851,20368579,0
1161851,21512002,0
1161851,22089643,0
1161851,23832335,0
1161851,24022401,0
1161851,24670763,0
1161851,25003190,0
1161851,25104393,0
1161851,25304510,0
1161851,25604687,0
1161851,25675486,0
1161851,25757744,0
1161851,25858458,1
1161851,25993998,0
1161851,27385817,0
1161851,28031287,0
1161851,28068222,0
1161851,28265057,0
1161851,28924151,0
1161851,29324782,0
1161851,29887522,0
1161851,30235256,0
1161851,30251915,0
1161851,30581080,0
1161851,30771488,0
1161851,30874579,0
1161851,31131231,0
1161851,31136199,0
1161851,31276604,0
1161851,31752022,0
1161851,31979995,0
1161851,32132863,0
1161851,32426945,0
1161851,32497259,0
1161851,33258951,0
1161851,33310192,0
1161851,33542905,0
1161851,33561428,0
1161851,34116023,0
1161851,34671097,0
1161851,35096633,0
1161851,35624089,0
1161851,35816041,0
1161851,35903272,0
1161851,36081509,0
1161851,36212452,0
1161851,36289626,0
1161851,36353180,0
1161851,36395757,0
1161851,36530127,1
1161851,36969081,0
1161851,37738977,0
1161851,38142439,0
1161851,38477771,0
1161851,38968120,0
1162019,37849446,0
1162443,36131013,0
1162539,24810336,0
1162539,36382086,0
1162539,37250301,0
1162811,32948671,0
1163251,26542580,0
1163251,30201971,0
1163251,31155351,0
1163251,31852847,0
1163251,32369735,0
1163251,34903884,0
1163251,35179955,0
1163251,35717025,0
1163251,36807140,0
1163251,38722697,0
1163295,35771990,0
1163295,37429525,0
1164225,22738909,0
1164225,28561063,0
1164225,33941777,0
1164225,34320350,0
1164225,35636967,0
1164225,36722641,0
1164225,36862005,0
1164521,22549466,1
1164521,22961379,0
1164521,23100115,0
1164521,24842994,1
1164521,26566685,1
1164521,27153642,0
1164521,28973446,0
1164521,29932905,0
1164521,30402543,1
1164521,30476274,0
1164521,31616795,1
1164521,31675501,0
1164521,34261657,0
1164521,34637754,0
1164521,36048960,0
1164818,36263780,0
1164899,27875245,0
1164899,30566880,0
1164899,30842629,0
1164899,31091446,0
1164899,34161266,0
1164899,34216540,0
1164899,34717796,0
1164899,36171294,0
1164899,36240286,0
1164899,36732424,0
1164899,36781848,0
1164899,38200005,0
1164988,38253560,0
1165028,23902260,0
1165028,25180572,0
1165028,30967529,0
1165028,31624228,0
1165028,38001542,0
1165069,29113809,0
1165069,29472484,0
1165069,30353166,0
1165069,30609410,0
1165069,32703943,0
1165069,34520743,0
1165069,35833123,0
1165069,36148239,0
1165069,37651534,0
1165069,38418883,0
1165069,39097412,0
1165135,25068119,0
1165135,27020553,0
1165135,28275008,0
1165135,31968258,0
1165135,33328501,0
1165135,35970919,0
1165205,33589527,0
1165205,38168026,0
1165395,16341221,0
1165395,19997486,0
1165395,20363980,0
1165395,20937776,0
1165395,22019781,0
1165395,23523075,0
1165395,23658530,0
1165395,25409824,0
1165395,25437436,0
1165395,25785854,0
1165395,25887447,0
1165395,26248554,0
1165395,28135255,0
1165395,28320934,0
1165395,29654302,0
1165395,30078704,0
1165395,34579774,0
1165395,35288709,0
1165395,35871105,0
1165395,37066300,0
1165395,38355799,0
1165553,16306063,0
1165553,18331641,0
1165553,22247756,0
1165553,22529744,0
1165553,30464347,0
1165553,35149688,0
1165553,38607915,0
1165698,23809164,0
1165698,27622331,0
1165698,37014813,0
1165770,36311783,0
1165931,27056890,0
1165931,29133960,0
1165931,30606845,0
1165931,32193360,0
1165931,33148882,0
1165931,33870722,0
1165931,34788079,0
1165931,36050398,0
1165931,36939205,0
1165931,36999023,0
1165931,37163587,0
1165931,38605083,0
1165934,36939205,0
1166314,37442131,0
1167183,19057703,0
1167183,20508068,0
1167183,21712494,0
1167183,21923909,0
1167183,22108299,0
1167183,24474804,1
1167183,24779708,0
1167183,25360868,0
1167183,26286721,0
1167183,26700766,1
1167183,28802272,0
1167183,28852211,1
1167183,29311116,0
1167183,31842752,0
1167183,32098766,1
1167183,32732285,0
1167183,35584084,1
1167183,38091995,0
1167605,36689623,0
1167605,37350578,0
1167881,36271049,0
1168065,32534961,0
1168065,33654293,0
1168065,36307504,0
1168889,28669602,0
1168889,33284790,0
1168889,36057693,0
1168889,39199549,0
1169044,35650196,0
1169044,36107780,0
1169209,37433783,0
1169682,36316087,0
1169731,22355166,0
1169731,22718948,0
1169731,24173718,1
1169731,24591352,0
1169731,25415230,0
1169731,28404604,1
1169731,28698299,0
1169731,29404483,0
1169731,29932899,0
1169731,30429498,0
1169731,30514397,0
1169731,30696826,0
1169731,31406254,0
1169731,32102997,0
1169731,32826883,0
1169731,33002291,0
1169731,34184765,0
1169731,34389706,0
1169731,35017658,0
1169731,35119366,0
1169731,35614107,0
1169731,35900258,0
1169731,35983805,0
1169731,36349594,1
1169731,37296483,0
1169731,37311769,0
1169731,37821590,0
1169731,38291183,0
1169731,38381785,0
1170201,24855953,1
1170201,25195102,0
1170201,26958833,1
1170201,27830782,0
1170201,36046622,0
1170201,37354902,1
1171108,36891158,0
1171373,26395599,0
1171373,30065723,0
1171373,31611402,0
1171373,32200131,0
1171373,32366868,0
1171373,34707603,0
1171373,36112601,0
1171373,39109392,0
1172420,16352711,0
1172420,22815831,0
1172420,29244071,0
1172420,29259032,0
1172420,31965050,0
1172420,32984350,0
1172420,33764639,0
1172420,34632327,0
1172420,35092277,0
1172420,36968081,0
1172481,29997232,0
1172481,32669548,0
1172481,36918038,0
1172709,22734047,0
1172709,28484260,0
1172709,30327348,0
1172709,30664766,0
1172709,32888433,0
1172709,33318036,0
1172709,33383072,0
1172709,33536616,0
1172709,33688010,0
1172709,34453052,0
1172709,34668757,0
1172709,35789380,0
1172709,35993785,0
1172709,37380764,0
1172709,37729871,0
1172709,38200272,0
1172709,38419111,0
1172740,17505532,0
1172740,23972988,0
1172740,28482026,0
1172740,30154151,0
1172740,35634291,0
1172740,36346347,0
1173302,18647411,0
1173302,19309508,0
1173302,19602709,0
1173302,19939273,0
1173302,20078880,0
1173302,20628641,0
1173302,21250865,0
1173302,21474107,0
1173302,21569348,0
1173302,22011439,0
1173302,22586033,0
1173302,23147403,0
1173302,23352462,0
1173302,23426943,0
1173302,23959330,0
1173302,24270663,0
1173302,24304929,0
1173302,25358764,0
1173302,25882666,0
1173302,26731475,0
1173302,26934227,0
1173302,27070086,0
1173302,27211104,0
1173302,27226436,0
1173302,27694491,0
1173302,28073842,0
1173302,28447618,0
1173302,28877725,0
1173302,29212954,0
1173302,29540180,0
1173302,29562175,0
1173302,29655599,0
1173302,30635013,0
1173302,30764863,0
1173302,31178392,0
1173302,35902861,0
1173302,36099324,0
1173302,36510222,0
1173302,37159663,0
1173840,36795001,0
1173841,36795001,0
1173897,25435137,0
1173897,25855289,0
1173897,29414946,0
1173897,31631013,0
1173897,33008446,0
1173897,33458693,0
1173897,34244384,1
1173897,35263585,0
1173897,36131042,0
1174184,29111977,1
1174184,29183983,0
1174184,31402283,1
1174184,31975687,1
1174184,36196602,1
1174309,32617371,0
1174309,34777354,0
1174309,38110534,0
1174491,20173739,0
1174491,28663935,0
1174491,37311462,0
1174604,36882486,0
1174708,36986706,1
1174762,29606349,0
1174762,35849783,0
1175264,24510342,0
1175264,25462860,0
1175264,25853862,0
1175264,26110809,0
1175264,31085554,0
1175264,33743111,0
1175264,36426871,0
1176061,35588457,0
1176061,36731066,0
1176061,36880581,0
1176061,38553499,0
1176061,38663691,0
1176677,19517021,0
1176677,19712457,0
1176677,19922656,0
1176677,19996289,0
1176677,21172013,0
1176677,21645359,0
1176677,22769017,0
1176677,24398046,0
1176677,24850902,0
1176677,25225614,0
1176677,28159814,0
1176677,28230051,0
1176677,31604914,0
1176677,31619387,0
1176677,35028612,0
1176677,35646902,0
1176677,36256477,0
1177092,11952897,0
1177092,12119387,0
1177092,14981237,0
1177092,22120178,0
1177092,28445465,0
1177092,31820119,0
1177092,32919612,0
1177092,32989314,0
1177092,35051358,0
1177092,35094088,0
1177092,36276299,0
1177092,36800428,0
1177092,38753011,0
1177264,38162899,0
1177644,24616499,1
1177644,26073540,1
1177644,26601269,1
1177644,36809789,0
1178667,36490343,0
1179229,36597549,0
1179523,27814298,0
1179523,30689565,0
1180252,27080129,0
1180252,37038186,0
1180345,34946866,0
1180345,36464714,1
1180345,37435029,1
1180347,33246333,0
1180347,34946866,0
1180347,36464714,0
1180347,37435029,0
1180426,37838732,0
1181223,36459970,0
1181334,36442540,0
1181842,34389722,0
1181842,34559986,0
1181842,34880236,0
1181842,36980717,0
1181842,37156909,0
1181874,38200130,0
1182076,38330097,0
1182401,21777924,0
1182401,22072328,0
1182401,28433800,0
1182401,28708456,0
1182401,28898697,0
1182401,28942919,0
1182401,31300418,0
1182401,31393856,0
1182401,33147444,0
1182401,34001262,0
1182401,34910106,0
1182401,35228745,0
1182401,35396513,0
1182401,35831322,0
1182401,36894709,0
1182401,37245006,0
1182401,37310920,0
1182401,37592014,0
1182401,38191855,0
1182401,38858384,0
1182401,38883705,0
1183291,36161905,0
1183596,29461643,0
1183596,34957478,0
1183596,37006485,1
1183673,37580596,0
1184678,21363891,0
1184678,22253608,0
1184678,22270490,0
1184678,25043817,0
1184678,25158801,0
1184678,25225614,0
1184678,26229149,0
1184678,26602020,0
1184678,28604658,0
1184678,30893613,0
1184678,31096984,0
1184678,31996853,0
1184678,33498271,0
1184678,33558271,1
1184678,33748720,0
1184678,34572872,0
1184678,34686187,1
1184678,35216340,1
1184678,35410412,0
1184678,35657348,0
1184678,35750512,0
1184678,36646721,0
1184678,36694264,0
1184678,36980623,0
1184678,37934799,0
1184678,38509504,0
1184678,39072276,0
1184678,39090283,0
1184794,37239473,0
1184955,29020985,1
1184955,29385124,0
1184955,31126916,0
1184955,32531194,0
1184955,37406085,0
1184997,36427020,0
1185730,16982809,0
1185730,17916165,0
1185730,20305657,0
1185730,22863618,0
1185730,23776209,0
1185730,24377418,0
1185730,25436972,0
1185730,25589068,0
1185730,28394372,0
1185730,30323255,0
1185730,31076528,0
1185730,31119329,0
1185730,31841113,0
1185730,36263021,0
1185759,38355560,0
1185872,16905537,1
1185872,17322880,0
1185872,18252227,0
1185872,19040532,0
1185872,19376880,0
1185872,19843227,0
1185872,21209930,0
1185872,21317538,0
1185872,21562599,1
1185872,21593215,0
1185872,21741598,0
1185872,22139505,0
1185872,22151081,0
1185872,22234560,0
1185872,22760007,0
1185872,24477198,0
1185872,25220462,0
1185872,26039089,1
1185872,26394052,0
1185872,26804915,0
1185872,26857846,0
1185872,27246191,0
1185872,28049849,0
1185872,28137280,0
1185872,28320772,0
1185872,29549331,0
1185872,30111857,0
1185872,30345349,0
1185872,30606845,0
1185872,30788515,0
1185872,31413369,0
1185872,31657982,0
1185872,31798605,0
1185872,32883299,0
1185872,33980863,0
1185872,34316693,0
1185872,35032430,0
1185872,35197051,0
1185872,35314812,0
1185872,36076188,0
1185872,36326727,0
1185872,37380767,0
1185872,37443176,0
1185872,38297352,0
1185872,38760444,0
1186073,12297622,0
1186073,12730368,0
1186073,12963823,0
1186073,14737219,0
1186073,15598610,0
1186073,16518402,1
1186073,16895450,1
1186073,17003113,0
1186073,17515910,0
1186073,17542650,0
1186073,17851529,0
1186073,18055696,1
1186073,18199530,0
1186073,18199546,0
1186073,18245445,0
1186073,18256240,0
1186073,18397753,0
1186073,18497826,0
1186073,18663125,0
1186073,18669862,0
1186073,18687966,0
1186073,19107207,0
1186073,19135889,0
1186073,19180499,0
1186073,19187765,0
1186073,19200802,0
1186073,19477427,0
1186073,19544454,0
1186073,19812599,0
1186073,20123895,0
1186073,20393566,0
1186073,20616235,0
1186073,20811459,0
1186073,21059851,0
1186073,21061432,0
1186073,21423168,0
1186073,21642992,0
1186073,21738489,0
1186073,21753850,1
1186073,21821917,0
1186073,21962918,0
1186073,21963238,0
1186073,22253732,0
1186073,22302877,0
1186073,22728437,0
1186073,22777768,0
1186073,22906315,1
1186073,22929540,0
1186073,22931923,0
1186073,22981864,0
1186073,23063654,1
1186073,23102813,1
1186073,23201690,0
1186073,23291655,0
1186073,23462117,0
1186073,23601105,1
1186073,23898399,0
1186073,24030633,1
1186073,24075995,0
1186073,24097267,0
1186073,24243019,0
1186073,24398052,0
1186073,24476892,0
1186073,24521543,0
1186073,24582499,1
1186073,24609896,0
1186073,24643722,0
1186073,24743648,1
1186073,24927527,0
1186073,24929436,0
1186073,24997788,0
1186073,25167801,0
1186073,25330008,0
1186073,25372592,0
1186073,25410163,0
1186073,25411354,0
1186073,25413326,0
1186073,25456834,0
1186073,25470060,0
1186073,25480299,1
1186073,25639669,0
1186073,25799993,0
1186073,25896322,0
1186073,25979828,1
1186073,26083756,0
1186073,26251845,0
1186073,26294212,0
1186073,26539492,1
1186073,26607380,1
1186073,26633036,0
1186073,26659182,0
1186073,26675721,0
1186073,26683334,0
1186073,26773003,0
1186073,26878240,0
1186073,26883725,0
1186073,26896382,0
1186073,26926107,0
1186073,26965621,0
1186073,27058758,0
1186073,27058786,0
1186073,27111506,0
1186073,27133132,0
1186073,27153541,0
1186073,27167114,0
1186073,27180905,0
1186073,27315481,1
1186073,27397505,0
1186073,27437574,1
1186073,27445395,0
1186073,27526324,0
1186073,27548259,0
1186073,27636101,0
1186073,27643841,0
1186073,27693255,0
1186073,27749837,0
1186073,27829007,0
1186073,27980086,0
1186073,28057004,0
1186073,28112738,1
1186073,28118844,1
1186073,28303927,0
1186073,28397780,0
1186073,28498804,0
1186073,28504679,0
1186073,28575669,0
1186073,28625481,0
1186073,28625551,1
1186073,28640846,0
1186073,28663367,0
1186073,28723571,0
1186073,28792938,0
1186073,28805829,0
1186073,28854172,0
1186073,28945252,1
1186073,28954238,0
1186073,28955911,0
1186073,29033130,0
1186073,29087293,0
1186073,29303144,1
1186073,29335648,0
1186073,29358404,0
1186073,29364875,0
1186073,29625039,1
1186073,29669287,0
1186073,29679008,0
1186073,29702633,1
1186073,29706549,0
1186073,29731168,1
1186073,29804836,0
1186073,29987051,0
1186073,29988122,0
1186073,30003673,0
1186073,30026317,0
1186073,30054515,0
1186073,30144030,0
1186073,30145115,0
1186073,30185226,1
1186073,30212572,0
1186073,30237242,1
1186073,30356216,1
1186073,30361512,0
1186073,30389926,1
1186073,30397335,0
1186073,30472193,0
1186073,30496141,0
1186073,30574141,0
1186073,30580963,1
1186073,30605524,0
1186073,30644360,0
1186073,30673129,0
1186073,30686763,0
1186073,30778241,0
1186073,30867589,0
1186073,30872783,0
1186073,30886404,0
1186073,30936938,0
1186073,30958261,1
1186073,30980673,0
1186073,30987380,0
1186073,31133759,1
1186073,31149730,0
1186073,31230715,0
1186073,31296738,0
1186073,31316208,0
1186073,31324780,0
1186073,31359002,1
1186073,31375813,0
1186073,31406377,0
1186073,31406378,0
1186073,31456285,0
1186073,31474572,1
1186073,31633304,0
1186073,31748743,0
1186073,31792411,0
1186073,31802004,0
1186073,31836708,0
1186073,31862000,0
1186073,31907020,0
1186073,31974223,0
1186073,32158757,0
1186073,32203384,0
1186073,32231311,0
1186073,32238162,0
1186073,32379046,1
1186073,32444631,0
1186073,32451488,0
1186073,32499651,0
1186073,32661364,0
1186073,32755576,0
1186073,32758484,1
1186073,32763147,0
1186073,32791513,0
1186073,32861997,0
1186073,32961131,0
1186073,32966789,0
1186073,33083145,0
1186073,33106633,0
1186073,33176144,0
1186073,33203843,0
1186073,33242392,0
1186073,33246552,0
1186073,33268787,0
1186073,33296081,0
1186073,33309739,0
1186073,33318485,0
1186073,33335034,0
1186073,33633365,0
1186073,33658578,0
1186073,33735607,1
1186073,33743211,0
1186073,33772096,0
1186073,33785765,0
1186073,33795428,0
1186073,33827925,0
1186073,33838111,0
1186073,33852846,0
1186073,33859437,0
1186073,33997809,0
1186073,34036317,0
1186073,34145026,0
1186073,34268123,0
1186073,34285077,0
1186073,34390642,0
1186073,34417449,0
1186073,34433039,0
1186073,34433827,0
1186073,34437836,0
1186073,34485935,0
1186073,34504093,0
1186073,34516825,0
1186073,34593797,0
1186073,34597584,0
1186073,34620713,0
1186073,34650237,0
1186073,34728525,0
1186073,34778803,0
1186073,34818047,0
1186073,34819668,1
1186073,34970543,0
1186073,35093191,0
1186073,35104843,0
1186073,35309349,0
1186073,35395767,0
1186073,35410381,0
1186073,35491423,0
1186073,35617427,1
1186073,35695839,0
1186073,35729111,0
1186073,35757783,1
1186073,35757784,0
1186073,35947672,0
1186073,35963521,0
1186073,35999210,0
1186073,36077904,0
1186073,36130508,0
1186073,36253572,1
1186073,36270275,0
1186073,36277849,0
1186073,36289450,0
1186073,36309699,0
1186073,36356142,0
1186073,36369338,1
1186073,36461076,0
1186073,36463230,0
1186073,36480501,1
1186073,36516854,1
1186073,36575212,0
1186073,36579891,0
1186073,36583990,0
1186073,36759154,0
1186073,36911660,0
1186073,36928415,0
1186073,37090516,0
1186073,37117181,0
1186073,37178919,0
1186073,37587197,0
1186073,37624915,0
1186073,37647592,1
1186073,37749225,0
1186073,37794590,0
1186073,37907741,1
1186073,37925638,0
1186073,37945900,0
1186073,37978295,0
1186073,38165930,0
1186073,38276989,0
1186073,38405932,0
1186073,38574299,0
1186073,38580631,0
1186073,38658612,0
1186073,38758808,0
1186073,38760566,1
1186073,38761795,0
1186073,38776918,0
1186073,38826195,0
1186073,38989021,0
1186073,39034312,0
1186073,39048795,0
1186073,39048815,0
1186123,21619626,0
1186123,22554051,0
1186123,27306610,0
1186123,36359732,0
1186123,39273396,0
1186285,22304924,0
1186285,29942093,0
1186285,30028518,0
1186285,32539073,0
1186285,34741023,0
1186285,34963056,0
1186285,35065713,0
1186285,37031257,0
1186303,34338635,0
1186303,38662826,0
1186327,38662826,0
1186346,31353074,0
1186346,31996670,0
1186346,34162555,1
1186346,34302498,0
1186346,38037472,0
1186346,38503727,0
1186346,38637626,0
1186346,38662826,0
1186428,33017217,0
1186428,33054396,0
1186428,36579645,0
1186428,37308786,0
1186428,37555319,0
1187099,36861964,0
1187433,29972793,0
1187433,36477539,0
1187566,28487411,0
1187566,28607431,0
1187566,30396857,0
1187566,32581127,0
1187566,33584828,0
1187566,37463203,0
1187566,38204971,0
1187566,38961125,0
1187642,27698350,0
1187642,28846746,0
1187642,29129908,0
1187642,29232556,0
1187642,29386185,0
1187642,30814124,0
1187642,30953555,0
1187642,31232447,0
1187642,31311601,0
1187642,31358019,0
1187642,31488827,0
1187642,31599491,0
1187642,36260981,0
1187655,30288342,0
1187655,30413361,0
1187655,34868026,0
1187655,36260981,0
1187655,36384102,0
1187678,36260981,0
1187819,23874205,0
1187819,24403561,0
1187819,25036052,0
1187819,25393535,0
1187819,28192528,0
1187819,29367210,0
1187819,31748229,0
1187819,33793565,0
1187819,37603573,0
1187819,37851822,0
1187819,38709823,0
1187819,38833303,0
1188141,17975176,1
1188141,22182843,0
1188141,29866884,0
1188141,32366930,0
1188141,36922640,0
1188282,32759214,0
1188282,35485993,0
1188282,36587899,0
1190066,37565511,0
1190134,31242409,0
1190134,34599103,0
1190134,34864742,0
1190134,37077887,0
1190287,35024609,0
1190287,37985771,0
1190512,36477533,0
1190629,36384106,0
1191385,26756592,1
1191385,27486903,1
1191385,36408416,0
1191429,38307723,1
1191429,38684886,1
1191571,22286061,0
1191571,23079654,0
1191571,26919435,0
1191571,29539639,0
1191571,33259802,0
1191571,34545083,0
1191571,35802025,0
1191571,36077842,0
1191571,36437415,0
1191571,36928815,0
1191716,23129809,0
1191716,23898205,0
1191716,24995530,0
1191716,25607839,0
1191716,25625625,0
1191716,26484281,0
1191716,31391455,1
1191716,32321567,1
1191716,33075803,1
1191716,33176148,1
1191716,34941867,1
1191716,35326450,1
1191716,35682747,0
1191716,36066972,0
1191716,36153585,1
1191716,36424602,1
1191716,37170094,1
1191815,33762636,0
1191815,37882527,0
1192140,36517594,0
1192563,33228848,0
1192563,36517604,0
1192563,37346371,0
1192921,26716013,0
1192921,33713619,0
1192921,36536106,0
1193195,37045950,0
1193343,36482101,0
1193462,17334370,0
1193462,17965714,0
1193462,18513428,1
1193462,19168627,1
1193462,19357784,0
1193462,21448905,0
1193462,22050602,0
1193462,22276136,0
1193462,22990623,1
1193462,23565148,1
1193462,24465567,0
1193462,25886353,0
1193462,30511964,0
1193462,31534547,0
1193462,33637522,0
1193462,34381049,0
1193462,35413274,0
1193462,36450981,0
1193462,36482101,0
1193462,37071673,0
1193462,37605008,0
1193462,37903791,0
1193462,37945900,0
1193462,38431617,0
1193462,38459052,0
1193668,36768797,0
1193744,37068114,0
1193904,36581694,0
1194565,37152125,0
1194878,31216486,0
1194878,33915568,0
1194878,35446789,0
1194878,37738983,0
1194878,37931099,0
1195290,35750044,0
1195290,35947947,0
1195290,36769164,0
1195981,28759028,0
1195981,34253898,0
1195981,38172382,0
1196168,23616592,0
1196168,33158843,0
1196168,33441767,0
1196168,35552618,0
1196168,37453057,0
1196335,26413508,0
1196335,36414721,0
1196403,32888429,0
1196403,36608654,0
1196673,36712090,0
1196673,37796127,0
1196782,19320992,0
1196782,20049725,0
1196782,37423299,0
1196837,36792604,0
1196847,38291039,0
1196938,36375118,0
1197106,37996952,0
1197415,35209946,1
1197415,36267874,1
1197415,36899402,0
1197415,37147330,0
1197415,37584250,0
1197415,38115140,1
1199003,35669782,0
1199003,37681909,0
1199355,36476868,0
1199387,36528616,0
1200459,36750787,0
1200644,21325893,0
1200644,36995340,0
1200934,38996019,0
1200938,20676099,0
1200938,38996019,0
1200967,22341440,0
1200967,30905761,0
1200967,34006921,0
1200967,37045841,0
1201409,36509746,0
1201635,36700539,0
1201643,36700539,0
1201933,36640455,0
1202112,19350679,1
1202112,23469192,0
1202112,24332837,0
1202112,24744442,1
1202112,26586691,0
1202112,27149838,0
1202112,27840027,0
1202112,29129523,0
1202112,30635375,0
1202112,31378669,0
1202112,33197428,0
1202112,34437124,0
1202112,35105870,0
1202112,35228746,0
1202112,36765089,0
1202112,38345319,0
1202302,36949528,0
1202800,29045843,0
1202800,29808006,1
1202800,31578521,0
1202800,36384095,1
1202800,36650715,0
1202831,37923722,0
1202978,36776784,0
1203235,34242700,0
1203235,37228089,0
1203277,31378673,0
1203277,35490198,0
1203277,37548590,0
1203682,22284968,1
1203682,29305587,0
1203682,34035068,0
1203682,34465601,0
1203682,36670412,0
1203930,16530701,0
1203930,18037961,0
1203930,20068170,0
1203930,20385361,0
1203930,21294158,0
1203930,21559523,0
1203930,22025148,0
1203930,23993863,0
1203930,24005892,0
1203930,26124478,0
1203930,31444215,0
1203930,32897363,0
1203930,33542077,0
1203930,34389722,0
1203930,34880236,0
1203930,36112677,0
1203930,36609611,0
1203930,36635388,0
1203930,38527495,0
1204131,36682412,0
1204525,38048351,0
1204579,36561048,0
1204589,19602279,0
1204589,36620222,0
1204795,37854702,0
1205261,26298234,0
1205261,37555357,0
1205393,32818920,0
1205393,36577402,0
1205426,20957181,0
1205426,21651802,0
1205426,23805307,0
1205426,28515355,0
1205426,29158377,0
1205426,30712990,0
1205426,31390564,0
1205426,31800587,0
1205426,32290274,0
1205426,32818241,0
1205426,32945258,1
1205426,33139574,0
1205426,34316693,0
1205426,34503222,0
1205426,34638443,0
1205426,35013311,0
1205426,35572125,0
1205426,36690642,0
1205426,37212045,0
1205426,37442131,0
1205426,37452013,0
1205426,37815914,0
1205426,38049604,0
1205426,39143086,0
1205672,30610013,0
1205672,32157726,0
1205672,32327756,0
1205672,37042686,0
1205779,36755096,0
1205779,37733872,0
1206139,37301319,0
1206304,36973520,0
1207318,19289832,0
1207318,36497479,0
1207386,36525288,0
1207450,36517593,0
1207450,36525288,0
1207853,38684700,0
1208227,33436641,0
1208227,37352852,0
1208292,33421118,0
1208292,33942716,0
1208292,37409632,0
1208544,32059044,0
1208544,32815516,0
1208544,33495219,0
1208544,35064153,0
1208544,36788578,0
1208623,20023657,0
1208623,31871154,0
1208623,34358448,0
1208623,35705813,0
1208623,38253266,0
1208952,27043410,0
1208952,31126997,0
1208952,31784538,0
1208952,32330454,0
1208952,32796847,0
1208952,37127714,0
1209361,24757178,0
1209361,25971798,0
1209361,28833283,0
1209361,30645971,0
1209361,31123029,0
1209361,38365970,0
1209361,38618957,0
1209820,36620874,0
1209820,37481725,0
1209958,38347920,1
1210612,37235660,0
1210612,38780213,0
1210809,23344526,0
1210809,23735857,0
1210809,24369304,0
1210809,27311934,0
1210809,27699576,0
1210809,28057743,0
1210809,38834613,0
1210842,27653681,0
1210842,28196601,0
1210842,32521267,1
1210842,37963469,0
1210842,38039374,0
1210923,19376150,1
1210923,19664979,0
1210923,20213684,0
1210923,21901105,0
1210923,23326304,0
1210923,23326326,0
1210923,23620402,0
1210923,24269660,0
1210923,25538794,0
1210923,25993322,0
1210923,26787651,0
1210923,26791949,0
1210923,26801061,0
1210923,28413018,0
1210923,28594911,0
1210923,30270043,0
1210923,30917309,0
1210923,32617371,0
1210923,32650803,0
1210923,33597532,0
1210923,33870241,0
1210923,34001247,0
1210923,34225776,0
1210923,34246806,0
1210923,34777354,0
1210923,35810186,0
1210923,36585416,0
1210923,36936082,0
1210923,37974651,0
1210923,38110534,0
1210923,38179063,0
1210923,39097412,0
1211117,30904067,0
1211117,31196980,0
1211117,34921111,0
1211117,38097707,0
1211121,30904067,1
1211121,34921111,0
1211121,38097707,0
1211199,35984907,0
1211365,23357978,1
1211365,24120137,0
1211365,29144460,0
1211365,30449681,0
1211365,33602823,1
1211365,37889967,0
1212322,28716897,0
1212322,32664538,0
1212322,34094709,0
1212322,36632886,1
1212504,37339167,0
1212548,37462076,0
1212548,38324474,0
1212548,38587411,0
1212797,27079612,0
1212797,28221248,0
1212797,37214927,0
1212797,38014192,0
1212797,38063424,0
1212798,28221248,0
1212798,29769727,0
1212798,30559359,0
1212798,30559439,0
1212798,34872593,0
1212798,37214927,0
1212798,38063424,0
1212798,38713722,0
1213215,35974011,0
1213215,37479765,0
1213235,16547197,1
1213235,18559478,1
1213235,18725516,0
1213235,21820164,1
1213235,23042295,1
1213235,23241950,1
1213235,23333148,1
1213235,23913270,0
1213235,24331926,1
1213235,25722368,0
1213235,25800778,1
1213235,26189426,0
1213235,26586842,0
1213235,27926879,0
1213235,28559416,0
1213235,28870993,0
1213235,28981894,0
1213235,32001439,0
1213235,32054698,0
1213235,33079185,0
1213235,35389778,0
1213235,36918927,0
1213235,37671016,0
1213235,37722727,0
1213235,38580899,0
1213235,38703368,0
1213343,37463913,0
1213841,36672198,0
1214254,37260601,0
1214320,22231558,0
1214320,23365422,0
1214320,23597566,0
1214320,25321415,0
1214320,29249653,0
1214320,33761896,0
1214320,34903738,0
1214320,36333737,0
1214320,36715552,0
1214320,38271119,0
1214464,38438734,0
1214612,33762006,0
1214612,36754049,0
1214677,31670864,0
1214677,36552881,0
1214907,25915124,0
1214907,36653345,0
1215210,36542664,0
1215228,19390088,0
1215228,20097869,0
1215228,26023162,0
1215228,27208298,0
1215228,27655893,0
1215228,37824524,0
1215477,23295673,0
1215477,26040288,0
1215477,30827680,0
1215477,32916216,0
1215477,36636818,0
1215477,37263303,0
1215477,38308117,0
1215990,38723194,0
1216421,19805141,0
1216421,22177921,0
1216421,36309495,0
1216421,36753564,0
1216421,36817432,0
1216601,37658791,1
1216808,25981962,0
1216808,29456185,0
1216808,31730624,0
1216808,34033742,0
1216808,34409288,0
1216808,35545674,0
1216808,36596993,0
1216808,37708272,0
1216980,38481808,0
1216980,38794880,0
1217035,37601821,0
1217146,19691111,0
1217146,20473941,0
1217146,20725992,0
1217146,22216762,0
1217146,22850566,0
1217146,23319804,0
1217146,24282287,0
1217146,24732130,1
1217146,25788983,0
1217146,26243311,1
1217146,26400962,1
1217146,29110683,0
1217146,29119627,0
1217146,29396139,0
1217146,29452566,1
1217146,30108162,0
1217146,32375047,1
1217146,32499568,1
1217146,33609440,0
1217146,35066875,0
1217146,36119118,0
1217146,36550535,0
1217146,36732514,0
1217305,36720873,0
1217348,37738562,0
1217349,31618627,1
1217349,37738562,0
1217367,26684414,0
1217367,30209392,0
1217367,37738562,0
1217467,27111144,0
1217467,30409805,0
1217467,30597065,0
1217467,34715055,0
1217467,36808431,0
1217467,38319148,0
1217657,37629141,0
1218330,37347298,0
1218385,31827000,0
1218385,36203187,0
1218385,38060615,0
1218385,38470479,0
1218390,22021236,0
1218390,22347997,0
1218390,29302027,0
1218390,31665133,0
1218390,31733517,0
1218390,32028108,0
1218390,33159718,0
1218390,33818129,0
1218390,36203187,0
1218390,36561310,0
1218390,38470479,0
1218748,38978787,0
1219182,19616448,0
1219182,26173833,0
1219182,26740045,1
1219182,31755865,1
1219182,32492819,0
1219182,33203959,0
1219182,35740984,0
1219182,37445678,0
1219182,37516964,0
1219433,36968212,0
1219769,18613964,0
1219769,27677841,0
1219769,29684358,0
1219769,37732778,0
1219769,38274743,0
1219846,21427231,0
1219846,23754963,0
1219846,23938295,0
1219846,24176123,0
1219846,25602802,0
1219846,26989192,0
1219846,27629381,0
1219846,31253200,0
1219846,31681403,0
1219846,32650713,0
1219846,35851422,0
1219846,37152987,0
1220327,28722653,0
1220327,36103820,0
1220327,37082147,0
1220548,32424276,0
1220548,37043533,0
1220551,37043533,0
1220640,30953787,0
1220640,37429856,0
1221359,31551601,0
1221359,37118429,0
1221857,28679947,0
1221857,32407006,0
1221857,36088459,0
1221857,36988391,0
1221857,38830870,0
1222390,31186409,0
1222390,34415992,0
1222390,36617688,0
1222406,29348496,0
1222406,36617688,0
1222622,27169995,0
1222622,27302840,0
1222622,30143027,0
1222622,31263286,0
1222622,31843922,0
1222622,32620742,0
1222622,32873625,0
1222622,32908007,0
1222622,33547202,0
1222622,35902743,0
1222622,36394951,0
1222622,36749873,0
1222622,37317894,0
1222970,16368969,0
1222970,18725995,0
1222970,19023330,0
1222970,21531336,0
1222970,21778235,0
1222970,23530204,0
1222970,23716692,0
1222970,25294912,0
1222970,25804953,0
1222970,28978469,0
1222970,30270043,0
1222970,30447121,0
1222970,32236524,0
1222970,32814826,0
1222970,33144283,0
1222970,33415077,0
1222970,33707236,0
1222970,33747015,1
1222970,33910993,0
1222970,34741115,0
1222970,35385746,0
1222970,35951767,0
1222970,36747621,0
1222970,36795892,0
1222970,36810872,0
1222970,36914836,0
1222970,36994871,0
1222970,37380767,0
1222970,37957324,0
1222970,38198573,0
1222970,38949179,0
1223009,36848289,0
1223482,36916958,0
1223482,38280869,0
1223487,31513574,0
1223487,35657344,0
1223487,38280869,0
1223488,38280869,0
1223573,15575969,0
1223573,15846362,0
1223573,17472752,0
1223573,19879883,0
1223573,20090835,0
1223573,22400915,0
1223573,30180878,0
1223573,35665306,0
1223573,35773409,0
1223573,36888663,0
1223659,38627364,0
1223659,38809976,0
1223884,33936070,0
1223884,37081976,0
1224260,32179949,0
1224260,33737919,0
1224260,37878651,0
1224310,37643024,0
1224809,37667913,0
1224971,38179939,0
1225100,26912365,1
1225100,33066726,0
1225100,37855606,0
1225445,35179309,0
1225445,37149697,0
1225488,31530725,0
1225488,33495472,0
1225488,33826782,0
1225488,36332011,0
1225488,36797499,0
1225488,37668551,0
1225550,37367205,0
1225603,37880182,0
1225620,32442405,0
1225620,37013819,0
1226265,36857347,0
1226443,34488832,0
1226443,36871219,0
1226451,34488832,0
1226451,36798317,1
1226451,36871219,0
1226583,38383062,0
1227201,36653361,0
1227201,37971144,0
1227227,37587191,0
1227808,33372065,0
1227808,37134161,0
1227833,37069359,0
1227848,37069359,0
1228284,36865165,0
1228320,35139355,0
1228320,36792599,0
1228673,28199309,0
1228673,30510251,0
1228673,31365872,0
1228673,36979867,0
1228732,20448184,0
1228732,21873981,0
1228732,25024434,0
1228732,27897969,0
1228732,28533418,0
1228732,28768717,0
1228732,30539330,0
1228732,33471428,0
1228732,34142063,0
1228732,34633146,0
1228732,38528182,0
1228732,38538785,0
1228922,36923414,0
1228925,37726321,0
1229157,37057593,0
1229157,38839969,0
1229205,29954933,0
1229205,30538293,0
1229205,30952905,0
1229205,33336840,0
1229205,35857500,0
1229205,36882421,0
1229280,17997849,0
1229280,21540552,0
1229280,26391122,0
1229280,37308586,0
1229280,37314125,0
1229280,37929582,0
1229280,38091578,0
1229362,30332658,0
1229362,33397444,0
1229362,38036539,0
1229551,36875753,0
1229831,37397079,0
1229831,37542143,0
1229831,37750583,0
1229843,37397079,0
1229843,37542143,0
1229843,37750583,0
1229914,37232378,0
1230215,19852842,0
1230215,20443905,0
1230215,20820852,0
1230215,23680150,1
1230215,24794443,1
1230215,25176650,0
1230215,26365193,1
1230215,26437366,0
1230215,27482887,0
1230215,27505670,1
1230215,27637145,0
1230215,27733359,0
1230215,28659443,0
1230215,29026085,1
1230215,29335468,1
1230215,30024860,1
1230215,30274972,0
1230215,31076479,1
1230215,31185214,1
1230215,31915197,1
1230215,32396861,0
1230215,32619424,1
1230215,33232656,0
1230215,33299181,1
1230215,33432228,0
1230215,33500244,1
1230215,33569544,1
1230215,35019856,1
1230215,35443279,1
1230215,36264161,1
1230215,36656933,1
1230215,38458187,0
1230215,38458188,0
1230215,38570506,0
1230302,22237106,0
1230302,23153540,0
1230302,32139672,0
1230302,33268382,0
1230302,35608905,0
1230302,38468866,0
1230424,32582229,0
1230424,35092309,0
1230424,36178121,0
1230424,38329875,0
1230686,32370801,0
1230686,37341054,0
1231088,33990693,0
1231088,37311905,0
1231151,36447645,0
1231151,38701780,0
1231367,17589502,0
1231367,19619162,0
1231367,22536829,0
1231367,38143800,0
1232545,39121849,0
1232778,37108716,1
1232778,38203541,0
1233373,37324585,0
1233593,26756417,0
1233593,31733287,0
1233593,34435466,0
1233593,36941703,0
1233593,37883975,0
1234124,36926045,0
1234520,32149608,0
1234520,33602809,0
1234520,38051727,0
1234716,32614830,0
1234716,37887346,0
1235395,36922516,0
1235403,36922516,0
1236121,38070726,0
1236255,34293216,0
1236255,37225696,0
1236539,36747096,0
1236539,37322153,0
1236557,31950077,1
1236557,32220303,0
1236557,37013908,0
1236557,37083536,0
1236557,38658752,1
1236557,38969721,0
1237835,38012636,0
1237964,38098488,0
1238742,32320643,0
1238742,35116043,0
1238742,39214079,0
1239992,31974273,0
1239992,32161189,0
1239992,32503973,0
1239992,32897879,0
1239992,35879302,0
1239992,37171962,0
1239992,37350973,0
1240199,38386110,0
1240826,16319822,0
1240826,22242153,0
1240826,22434908,0
1240826,24290880,0
1240826,24759943,0
1240826,26042473,0
1240826,26153425,0
1240826,26244933,0
1240826,26561853,0
1240826,27667365,0
1240826,28666119,0
1240826,30962421,0
1240826,31527591,0
1240826,31809739,0
1240826,32060266,0
1240826,34462739,0
1240826,34669463,0
1240826,35750043,0
1240826,35803954,0
1240826,36766843,0
1240826,36865221,0
1240826,37009900,0
1240826,37075753,0
1240826,37193769,1
1240826,37339634,0
1240826,37453060,0
1240826,37732504,0
1240826,38683565,0
1240826,38742875,1
1240826,39056803,0
1241036,37188783,0
1241316,38101397,0
1241482,37258566,0
1241598,36943669,0
1241612,36943669,0
1241630,36943669,0
1241640,36943669,0
1241686,18042715,0
1241686,33601919,0
1241686,35137168,0
1241686,37579636,0
1241838,37317894,0
1241884,35588457,0
1241884,38326859,0
1242027,33563697,0
1242027,38079220,0
1242027,38130748,0
1242363,36977781,0
1242519,31740487,0
1242519,33850140,0
1242519,36635388,0
1242519,37198482,0
1243189,24093682,0
1243189,26411290,0
1243189,26675721,0
1243189,29035364,0
1243189,34408322,0
1243189,38091996,0
1244036,35247927,0
1244036,38636522,0
1244216,33420427,0
1244216,37063885,0
1244675,32527837,0
1244675,36690785,0
1244675,36823193,0
1244675,37515158,0
1244675,37915575,0
1245160,37738652,0
1245160,38554704,0
1245306,35920794,0
1245306,37853316,0
1245494,28819201,0
1245494,38662543,0
1245558,31122257,0
1245558,38638443,0
1245651,25984722,0
1245651,27142104,0
1245651,27207528,0
1245651,31702900,0
1245651,34730111,0
1245651,37849042,0
1245869,37996709,1
1245959,29296022,0
1245959,29670099,0
1245959,29769727,0
1245959,34272310,0
1245959,37406115,0
1245959,38987588,0
1246494,30692203,0
1246494,32076263,0
1246494,32572255,0
1246494,34350957,0
1246494,35235783,0
1246494,37522872,0
1246789,36058144,0
1246811,29503225,0
1246811,38242126,0
1246886,38238903,0
1246920,22058113,0
1246920,23390196,0
1246920,26593974,0
1246920,28581502,0
1246920,32818241,0
1246920,37462077,0
1246920,37670779,0
1247039,37526602,0
1247369,33687977,0
1247369,37611581,0
1247455,21911392,0
1247455,24856586,1
1247455,25241037,1
1247455,25704811,1
1247455,26236991,1
1247455,26560028,1
1247455,29669940,1
1247455,32518142,0
1247455,33667385,0
1247455,33855751,0
1247455,34108617,0
1247455,35212000,0
1247455,35348629,0
1247455,37503329,0
1247455,37625401,0
1247455,37625403,0
1247689,37721967,0
1247948,20621051,0
1247948,22160482,0
1247948,25330770,0
1247948,25877919,0
1247948,26724904,0
1247948,26781438,0
1247948,27006494,0
1247948,27571409,0
1247948,28157508,0
1247948,35023164,0
1247948,35914530,0
1247948,37202533,0
1247948,39068192,0
1248097,37445621,1
1248334,25369933,0
1248334,37399593,0
1248334,37925424,0
1248375,33542190,0
1248375,37181876,0
1249086,38914562,0
1249088,25085421,0
1249088,26545077,0
1249088,28341772,0
1249088,30208973,0
1249088,30760640,0
1249088,31331261,0
1249088,38914562,0
1249476,17510436,0
1249476,19118031,0
1249476,21602788,0
1249476,22294438,0
1249476,23518348,0
1249476,24448395,0
1249476,24591637,0
1249476,25155515,0
1249476,25544761,0
1249476,25634993,0
1249476,25693838,0
1249476,26279298,0
1249476,26769750,0
1249476,27198502,0
1249476,27659047,0
1249476,28412251,0
1249476,29487201,0
1249476,30194451,0
1249476,30274982,0
1249476,30655535,0
1249476,30679434,0
1249476,31266892,0
1249476,33750801,0
1249476,33795875,0
1249476,34489572,0
1249476,34711954,0
1249476,35094010,0
1249476,36727462,0
1249476,37831068,0
1249476,37847647,0
1249476,38238517,0
1249576,37457712,0
1249636,38170742,0
1249815,18250226,0
1249815,18282602,0
1249815,18348734,0
1249815,19250903,0
1249815,19679885,0
1249815,20015954,0
1249815,20890043,0
1249815,21124915,0
1249815,22089132,0
1249815,22722849,0
1249815,23585473,0
1249815,23863881,0
1249815,24635121,0
1249815,24725414,0
1249815,25213171,0
1249815,25499762,0
1249815,26417967,0
1249815,26944679,0
1249815,26972611,0
1249815,27108220,0
1249815,27281795,0
1249815,28151558,0
1249815,28630090,0
1249815,29030335,0
1249815,29324392,0
1249815,29419434,0
1249815,29532865,0
1249815,29619268,0
1249815,30545929,0
1249815,31402173,0
1249815,32556286,0
1249815,32858886,0
1249815,33168060,0
1249815,33372598,0
1249815,33919312,0
1249815,33988272,0
1249815,34045355,0
1249815,34242617,0
1249815,34730257,0
1249815,34824242,0
1249815,35411048,0
1249815,35471600,0
1249815,35776908,0
1249815,35895513,0
1249815,36130301,0
1249815,36292775,0
1249815,37586319,0
1249815,37809058,0
1249815,38020974,0
1249815,38152039,0
1249815,38328142,0
1249815,38678237,0
1249828,24986688,0
1249828,25600436,0
1249828,28397821,0
1249828,30804515,0
1249828,35902637,0
1249828,38182585,0
1249843,32579935,0
1249843,37277530,0
1249897,36803626,0
1249897,38750585,0
1249925,36055228,0
1249925,37291189,0
1249925,37345802,0
1249995,37870650,0
1250361,38776917,0
1250490,37559721,0
1251063,29358650,0
1251063,31204170,0
1251063,31444346,0
1251063,31481663,0
1251063,32427842,0
1251063,34197620,0
1251063,37209681,0
1251063,37322110,0
1251248,37886564,0
1251623,37816736,0
1251652,30185909,0
1251652,31950348,0
1251652,33861963,0
1251652,35476977,0
1251652,35752626,0
1251652,38508141,0
1251847,35988542,0
1251847,37673118,0
1252188,24587218,0
1252188,35884472,0
1252188,37074930,0
1252328,21423666,0
1252328,26766587,0
1252328,35798383,0
1252328,37052506,0
1252360,37380764,0
1252360,37838732,0
1252384,37441495,0
1253051,34757783,0
1253051,37822767,0
1253063,33722937,0
1253063,38942020,0
1253235,30228232,0
1253235,33149265,0
1253235,38172260,0
1253274,37225862,0
1253274,37370129,0
1253274,38198277,0
1253417,28192238,0
1253417,37107275,0
1253417,37838725,0
1253922,37178122,0
1254097,27550178,0
1254097,27694442,0
1254097,29728440,0
1254097,37981423,0
1254097,38097562,0
1254257,30804514,0
1254257,34637435,0
1254257,37422456,0
1254257,37679035,0
1254623,28615656,0
1254623,30505294,0
1254623,37701444,0
1255046,37414931,0
1255347,26813254,0
1255347,27623287,0
1255347,29263149,0
1255347,31250031,0
1255347,37962303,0
1255378,38609365,0
1255664,31068579,0
1255664,34479995,0
1255664,35267534,0
1255664,36197007,0
1255664,36450771,0
1255664,36507562,0
1255664,39060233,0
1256184,38692273,0
1256216,34932867,0
1256216,35774589,0
1256216,36475881,0
1256216,37856482,0
1256216,38019905,0
1256272,19269371,0
1256272,19427283,0
1256272,20471072,0
1256272,20682450,0
1256272,22770242,0
1256272,24094325,0
1256272,24440720,0
1256272,25090446,0
1256272,27668937,0
1256272,31772018,0
1256272,34446700,0
1256272,38697112,0
1256500,16953217,0
1256500,23685278,0
1256500,38091578,0
1256555,38141063,0
1256580,31243293,0
1256580,32242051,0
1256580,33431820,0
1256580,33979616,0
1256580,34088716,0
1256580,34108683,0
1256580,34824279,0
1256580,35091682,0
1256580,35357563,0
1256580,37626123,0
1256580,37740239,0
1256580,38500966,0
1257436,21305641,0
1257436,29780577,0
1257436,30410665,0
1257436,32046454,0
1257436,32330423,0
1257436,32818230,0
1257436,32887795,0
1257436,33792219,0
1257436,37595278,0
1257436,38908378,0
1257478,37523551,0
1258098,37849808,0
1258392,37963886,0
1258955,31098403,0
1258955,32210226,0
1258955,38322248,0
1258960,30111840,0
1258960,30831192,0
1258960,33070315,0
1258960,38322248,0
1259001,38280852,0
1259072,18829985,0
1259072,31348492,0
1259072,33208556,0
1259072,37756565,0
1259394,24578530,0
1259394,28265091,0
1259394,39236183,0
1259632,29356198,0
1259632,30949693,0
1259632,30949699,0
1259632,37919659,0
1259683,38228917,0
1259764,34098567,0
1259764,38042809,0
1259820,38136364,0
1259971,38868181,0
1260120,38862786,0
1260742,37306301,0
1260742,39143206,0
1261555,35481783,1
1261555,37751522,1
1261602,33632899,0
1261602,34849795,0
1261602,36408179,1
1261602,37663929,0
1261602,38687617,1
1261602,38851846,0
1261665,22753872,0
1261665,26343801,0
1261665,26424569,0
1261665,28232469,0
1261665,37358260,0
1261847,38321568,0
1261847,38649950,0
1262161,37837383,0
1262186,25390333,0
1262186,25501485,0
1262186,30074477,0
1262186,31813670,0
1262186,31862728,0
1262186,33658193,0
1262186,34011606,0
1262186,34257378,0
1262186,34935134,0
1262186,36649084,0
1262186,37741451,0
1262186,37775438,0
1262186,38557498,0
1262217,37333182,0
1262217,38378993,0
1262231,37999506,0
1262247,38413582,0
1262761,30503770,0
1262761,32302591,0
1262761,34687147,0
1262761,37714135,0
1262875,35032575,0
1262875,37981650,0
1263023,37614064,0
1263191,31205472,1
1263191,37563650,0
1263281,32393731,0
1263281,32997990,0
1263281,33507295,0
1263281,36534518,0
1263281,38058213,0
1263712,26748418,0
1263712,37146152,0
1263712,38349790,0
1264069,37346371,0
1264158,38246584,0
1264251,39085419,0
1264257,27521447,0
1264257,31597643,0
1264257,34162860,0
1264257,36239995,0
1264257,39085419,0
1264599,20702727,0
1264599,23084923,0
1264599,23553052,0
1264599,27533013,0
1264599,28076785,0
1264599,30564233,0
1264599,34426691,0
1264599,34995096,0
1264599,38033053,0
1264629,37494476,0
1265244,23853600,0
1265244,34040255,1
1265244,35768511,0
1265244,37438530,1
1265413,37679820,0
1265456,38307028,0
1265547,24497530,0
1265547,25630241,0
1265547,26936319,0
1265547,27525555,0
1265547,28607484,0
1265547,28930659,0
1265547,31235883,0
1265547,37468627,0
1265547,38577979,0
1265964,35537780,0
1265964,37675124,0
1266154,37349576,0
1266356,32936072,0
1266356,38600112,0
1266463,29491469,0
1266463,37270516,0
1266598,22529286,0
1266598,37208779,0
1266896,31071093,0
1266896,35104835,0
1266896,38458195,0
1266896,38838469,0
1267030,16273092,0
1267030,16899777,0
1267030,17096850,0
1267030,18024211,0
1267030,18167534,0
1267030,18922927,0
1267030,19050079,0
1267030,19147755,0
1267030,19279207,0
1267030,19362539,0
1267030,19805309,0
1267030,19861443,0
1267030,21366430,0
1267030,37377453,0
1267141,33232663,0
1267141,34446707,0
1267141,37803001,1
1267141,37810211,0
1267342,16885540,0
1267342,24549417,0
1267342,24904090,0
1267342,28396539,0
1267342,29232382,0
1267342,29676999,0
1267342,31291576,0
1267342,37925520,0
1267361,37925520,0
1267581,37673914,0
1267772,32398747,0
1267772,37612507,0
1267808,38527495,0
1267922,37478862,0
1268101,38849411,0
1268720,38109538,0
1268749,15466047,0
1268749,15616568,0
1268749,15949447,1
1268749,16087739,0
1268749,16277751,0
1268749,16884916,0
1268749,17157257,0
1268749,17188034,1
1268749,18258921,0
1268749,19620965,0
1268749,19706456,0
1268749,20139302,0
1268749,20385360,1
1268749,20644729,1
1268749,20921369,0
1268749,21084631,0
1268749,22055187,0
1268749,22720264,0
1268749,22722849,0
1268749,22885008,0
1268749,23595228,0
1268749,23776204,0
1268749,24529382,0
1268749,25784959,0
1268749,26687005,0
1268749,26900662,0
1268749,27436900,0
1268749,27773675,0
1268749,28699889,0
1268749,28803729,0
1268749,29802342,0
1268749,30089253,0
1268749,30224479,0
1268749,30318446,0
1268749,30337373,0
1268749,30681409,0
1268749,30910960,0
1268749,32845240,0
1268749,33523865,0
1268749,34463254,0
1268749,35058367,0
1268749,35482762,1
1268749,36421680,0
1268749,37094136,0
1268749,37748648,0
1268749,38748572,0
1269011,35913163,0
1269011,38512984,0
1269434,37106386,0
1269434,37676378,0
1269744,36103539,0
1269744,38213620,0
1270018,37458356,0
1270346,33889540,0
1270346,34956864,0
1270346,37479733,0
1270444,35563008,0
1270444,37715981,0
1270444,38203617,0
1270494,33120014,0
1270494,37131809,0
1270494,38356412,0
1270494,38593809,0
1270623,37535729,0
1270854,37429857,0
1270939,37660780,0
1271152,33164985,0
1271152,33743554,0
1271152,37365374,0
1271152,37869071,0
1271577,37838776,0
1271664,18724805,0
1271664,26258524,0
1271664,27898737,0
1271664,28147284,0
1271664,30785807,0
1271664,31969705,0
1271664,31969707,0
1271664,32102931,0
1271664,35320755,0
1271664,35426377,0
1271664,36590168,0
1271664,37874295,0
1271921,36502939,0
1271921,37120813,0
1271921,37680639,0
1272021,33158843,0
1272021,34162871,0
1272021,35196078,0
1272021,37148882,0
1272021,37922365,0
1272021,38383551,0
1272102,14695408,0
1272102,16616336,0
1272102,16688228,0
1272102,16728703,0
1272102,17023574,0
1272102,17185464,0
1272102,17692804,0
1272102,18337559,0
1272102,18676754,0
1272102,19837979,0
1272102,19965618,0
1272102,20385818,0
1272102,20676074,0
1272102,21188144,0
1272102,22419581,0
1272102,22496154,0
1272102,22855579,0
1272102,23456977,0
1272102,24144643,0
1272102,33572851,0
1272102,35881476,0
1272102,37386588,0
1272102,37794587,0
1272102,38242888,0
1272239,33609461,0
1272239,36417881,0
1272239,36763532,0
1272239,39147780,0
1272243,34031592,0
1272243,37843554,0
1272271,15789058,0
1272271,37490914,0
1272311,38428421,0
1272508,37389981,0
1272630,37935712,0
1272860,37915575,0
1273258,35595980,0
1273258,35764708,0
1273258,38531971,0
1273525,38060659,0
1273807,34737213,0
1273807,34845188,0
1273807,37390336,0
1273807,38191550,0
1273838,37460898,0
1274246,28582527,0
1274246,28763796,0
1274246,29476097,0
1274246,30224649,0
1274246,31391335,0
1274246,31434886,0
1274246,34001893,0
1274246,34017121,0
1274246,34343136,0
1274246,34706228,0
1274246,35168946,0
1274246,36443301,0
1274246,38459032,1
1274875,30643263,0
1274875,33494096,0
1274875,34446707,0
1274875,37810211,0
1274875,38942804,0
1274960,37626055,0
1275100,29755323,0
1275100,30686992,0
1275100,31749671,0
1275100,32999308,0
1275100,33017301,0
1275100,34040261,0
1275100,34271981,0
1275100,34716557,0
1275100,35015830,0
1275100,35111157,0
1275100,36417521,0
1275100,36891903,0
1275100,36932186,0
1275100,37403161,0
1275100,37604687,0
1275918,38781213,0
1275946,15894264,0
1275946,17222789,0
1275946,17394647,0
1275946,17868463,0
1275946,19284540,0
1275946,22609161,0
1275946,22660439,0
1275946,26392177,0
1275946,26944678,0
1275946,28108622,0
1275946,28923859,0
1275946,29237780,0
1275946,29736258,0
1275946,29930101,0
1275946,30016497,0
1275946,30115703,0
1275946,30216339,0
1275946,31142509,1
1275946,31534153,0
1275946,31722205,0
1275946,32195191,0
1275946,32321940,0
1275946,32662516,0
1275946,32686664,0
1275946,33123026,0
1275946,33742099,0
1275946,34181969,0
1275946,35241678,0
1275946,35803545,0
1275946,35835937,0
1275946,37798266,0
1275946,37845689,0
1275946,39025928,0
1275946,39149498,0
1276013,28264028,0
1276013,29021400,0
1276013,29237843,0
1276013,30466390,0
1276013,30621044,0
1276013,30774990,0
1276013,33414433,0
1276013,33831349,0
1276013,34484198,0
1276013,34893914,0
1276013,35180231,0
1276013,35256819,0
1276013,35664000,0
1276013,35700056,0
1276013,36933556,0
1276013,37351176,1
1276013,37460718,0
1276013,37487081,0
1276013,37550304,0
1276013,37908721,0
1276013,38867004,0
1276013,38917002,0
1276354,37486206,0
1276554,32393661,0
1276554,33567812,0
1276554,38632316,0
1277883,34580113,0
1277883,38022530,0
1277942,29149604,0
1277942,34014371,0
1277942,37471539,0
1277942,37671834,0
1278147,37640701,0
1278169,38510129,0
1278244,38452765,0
1278896,37535424,0
1279301,24680886,0
1279301,25907862,0
1279301,27775720,0
1279301,28088670,0
1279301,31856924,0
1279301,32792006,0
1279301,35087040,1
1279301,36001668,0
1279301,37248224,0
1279301,37386131,0
1279301,37693487,0
1279329,34741035,0
1279329,36151395,0
1279329,37794185,0
1279534,22562984,0
1279534,28546545,0
1279534,29618659,0
1279534,37014697,0
1279534,38339863,0
1279924,36266581,0
1279924,36893254,0
1279924,37558878,0
1279924,38509377,0
1280655,26893473,1
1280655,35850762,0
1280655,37721002,0
1281191,35717949,0
1281191,36180927,0
1281191,38368420,0
1281260,28538184,0
1281260,38662435,0
1281840,24569628,0
1281840,37865090,0
1282170,26020271,0
1282170,26965621,0
1282170,27386823,0
1282170,27457926,0
1282170,27511193,0
1282170,28198392,0
1282170,29374233,0
1282170,36064543,0
1282170,37770635,0
1282170,39190705,0
1282172,28017796,0
1282172,28481916,0
1282172,32193374,0
1282172,33362275,0
1282172,34582792,0
1282172,35292083,0
1282172,37486064,0
1282172,39190705,0
1282239,28604675,0
1282239,38196311,0
1282247,29069514,0
1282247,29677493,0
1282247,32454154,0
1282247,34029205,0
1282247,34166567,0
1282247,38196311,0
1282708,38065081,0
1283371,37657440,0
1283474,37917586,0
1283810,21226959,0
1283810,21895812,0
1283810,23180765,0
1283810,23180784,0
1283810,23671674,0
1283810,32976661,0
1283810,36555730,0
1283810,38162643,0
1283823,38181427,0
1283828,38181427,0
1284493,37915582,0
1284688,24713655,0
1284688,29142702,0
1284688,37919293,0
1285278,37726478,0
1285278,38296184,0
1285278,38851302,0
1285995,29670509,0
1285995,34479995,0
1285995,38451736,0
1286192,38626769,0
1286210,31156629,0
1286210,38762882,0
1286323,21258753,0
1286323,23350733,0
1286323,29205032,0
1286323,31536771,0
1286323,32237262,0
1286323,37999377,0
1286498,38028432,0
1286635,19680167,0
1286635,24964229,0
1286635,33408116,0
1286635,34825137,0
1286635,37353110,0
1286635,38984877,0
1287710,22483619,0
1287710,26253027,0
1287710,26412305,0
1287710,27773581,0
1287710,28092684,0
1287710,29408237,0
1287710,32499401,0
1287710,37645788,0
1287710,38194449,0
1287988,37740230,0
1287988,38584493,0
1288260,38315443,0
1288361,38579685,0
1288467,38003603,0
1288496,23422812,0
1288496,25484259,0
1288496,27876072,1
1288496,28196884,0
1288496,29730990,0
1288496,29921915,0
1288496,30882958,0
1288496,31053557,0
1288496,31146783,0
1288496,31300673,0
1288496,31427643,0
1288496,31672995,0
1288496,31682608,0
1288496,32972203,0
1288496,33051686,0
1288496,34285924,0
1288496,35094644,0
1288496,36629404,0
1288496,36928817,0
1288496,37021532,0
1288496,39060501,0
1289020,31474513,0
1289020,32976798,0
1289020,34077752,0
1289020,34331874,0
1289020,36525505,0
1289020,37279110,0
1289020,37914940,0
1289784,24151430,1
1289784,24338599,1
1289784,37646165,0
1289800,21738486,0
1289800,23570689,0
1289800,25424692,0
1289800,34775384,0
1289800,36063138,0
1289800,37646165,0
1289998,17635928,0
1289998,35301011,0
1289998,36303071,0
1289998,37214956,0
1289998,38066314,0
1290174,37819236,0
1290324,37837188,0
1290324,38761287,0
1290406,33269701,0
1290406,34010142,0
1290406,36167073,0
1290406,38935789,0
1290483,26884818,0
1290483,30703341,0
1290483,37984408,0
1291307,25698924,0
1291307,25762685,0
1291307,28377822,0
1291307,30116021,1
1291307,38589879,0
1291514,34270823,0
1291514,38458428,1
1291651,38898005,0
1291662,38898005,0
1291811,38510131,0
1291870,37815869,0
1292034,38179044,1
1292435,38905335,0
1292830,19883615,0
1292830,26152724,0
1292830,26411342,0
1292830,27398620,0
1292830,27720451,0
1292830,28768181,0
1292830,28901330,0
1292830,29077773,0
1292830,29634950,0
1292830,29874595,0
1292830,29925501,0
1292830,31126966,0
1292830,32005798,0
1292830,32694784,0
1292830,32780722,0
1292830,33505018,0
1292830,34271221,0
1292830,34552271,0
1292830,35802021,0
1292830,37864798,0
1293424,38693412,0
1293955,23219392,0
1293955,25876765,0
1293955,26163371,0
1293955,26883725,0
1293955,28890086,0
1293955,29870118,0
1293955,30173917,0
1293955,30397205,0
1293955,31355779,0
1293955,31435009,0
1293955,31801887,0
1293955,31932810,0
1293955,32102931,1
1293955,32276965,0
1293955,32313246,0
1293955,32668198,0
1293955,33278339,0
1293955,33571538,0
1293955,33691139,0
1293955,33795674,0
1293955,33930309,0
1293955,33951416,0
1293955,34489438,0
1293955,34687652,0
1293955,34810198,0
1293955,35857578,0
1293955,35950218,0
1293955,36153349,0
1293955,36879169,0
1293955,36921033,0
1293955,37162929,0
1293955,37294749,0
1293955,37746718,0
1293955,37849753,0
1293955,37868811,1
1293955,38712036,0
1293955,38741011,0
1294134,38280896,0
1294514,19741609,0
1294514,33046882,0
1294514,34931081,0
1294514,35961752,0
1294514,37974970,0
1294514,38388710,0
1295390,27356879,0
1295390,28745585,0
1295390,30526862,0
1295390,34748562,0
1295390,34774131,0
1295390,35136065,0
1295390,35177605,0
1295390,36470976,0
1295390,36823193,0
1295390,36827974,0
1295390,38969660,0
1295427,27299852,0
1295427,32589966,1
1295427,32938922,1
1295427,34871442,1
1295427,35869369,0
1295427,36736301,0
1295427,36819665,0
1295427,36869665,1
1295427,38157855,0
1295489,36436489,0
1295489,38344273,0
1295489,38886396,0
1295556,37989873,0
1295738,27759021,0
1295738,33207201,0
1295738,34367159,0
1295738,37438758,0
1295738,38110059,1
1295896,21070396,0
1295896,21098654,0
1295896,26004179,0
1295896,28337978,0
1295896,35743252,0
1295896,37774892,0
1295896,38575728,0
1296045,38114474,0
1296045,38360882,0
1296415,12050664,0
1296415,14594838,0
1296415,39138169,0
1296508,38175729,0
1296509,23143595,0
1296509,24179151,0
1296509,24398325,0
1296509,26192440,0
1296509,28535374,0
1296509,38066546,0
1296509,38175729,0
1296509,38319732,0
1296969,30054204,0
1296969,30872492,0
1296969,32125036,0
1296969,35245124,0
1296969,35477960,0
1296969,36708514,0
1296969,37914940,0
1296969,38207030,0
1297198,38092806,0
1297785,38554115,0
1298039,37952849,0
1298203,15054142,0
1298203,15088380,0
1298203,15291962,0
1298203,16424807,0
1298203,16788005,0
1298203,16894589,0
1298203,16924177,0
1298203,17205564,0
1298203,17260206,0
1298203,17398174,0
1298203,21326234,0
1298203,22075475,0
1298203,22108803,1
1298203,22944139,1
1298203,23297133,0
1298203,24424412,0
1298203,24434208,0
1298203,24764292,1
1298203,24877565,1
1298203,24891508,1
1298203,25082815,0
1298203,25242144,0
1298203,25460572,1
1298203,25497836,0
1298203,26041780,1
1298203,26490646,0
1298203,26771498,0
1298203,27177310,0
1298203,27191603,0
1298203,27216180,0
1298203,27376576,0
1298203,27402842,1
1298203,27474899,0
1298203,27903529,0
1298203,28216144,0
1298203,28457705,0
1298203,28808057,1
1298203,29158377,0
1298203,29593283,0
1298203,30455249,0
1298203,30568303,0
1298203,30932294,0
1298203,31053643,1
1298203,31439663,1
1298203,31451483,0
1298203,31505254,0
1298203,31582559,0
1298203,31749151,0
1298203,32022326,0
1298203,32720440,0
1298203,32814027,0
1298203,32857768,0
1298203,33063451,0
1298203,33099406,0
1298203,33163396,0
1298203,34449440,0
1298203,34678206,0
1298203,35468973,0
1298203,36183832,1
1298203,36653804,0
1298203,36862513,0
1298203,36875643,0
1298203,37330071,1
1298203,37543250,0
1298203,37729412,1
1298203,38022639,0
1298203,38528148,0
1298203,38957986,0
1298203,39068155,0
1298327,19190334,0
1298327,24563408,0
1298327,25818297,0
1298327,27333046,1
1298327,29713087,0
1298327,32164626,0
1298327,36223740,1
1298327,37423299,0
1298327,38622115,0
1298327,38717161,0
1298460,34413140,0
1298460,35896748,0
1298460,38422122,0
1298714,17881745,0
1298714,20040766,0
1298714,23440042,0
1298714,23804391,0
1298714,24159173,0
1298714,26457731,0
1298714,27401342,0
1298714,30018075,0
1298714,34623902,0
1298714,34644563,0
1298714,34657245,0
1298714,38696257,0
1298839,29924995,0
1298839,31249870,0
1298839,32504069,0
1298839,32709847,0
1298839,33730567,0
1298839,33773029,0
1298839,34845392,0
1298839,36603581,0
1298839,36738487,0
1298839,36841868,0
1298839,37749325,0
1298839,38489358,0
1298839,39021294,0
1298878,37858465,0
1299372,38020974,0
1299456,19008212,0
1299456,22223661,1
1299456,22738990,0
1299456,22879202,0
1299456,24425788,0
1299456,27237739,0
1299456,28235783,0
1299456,28365150,0
1299456,28801231,0
1299456,29898962,0
1299456,31385572,0
1299456,34516753,1
1299456,34712237,0
1299456,37292918,1
1299456,38684783,0
1299526,34240701,0
1299526,38352301,0
1300056,37989315,0
1300273,38889724,0
1300314,38099492,0
1300462,18385073,0
1300462,30050033,0
1300462,38518837,0
1301235,25035395,1
1301235,25470663,1
1301235,29229600,0
1301235,31840082,0
1301235,32606006,0
1301235,33172933,0
1301235,33289590,0
1301235,34593619,0
1301235,35671108,0
1301235,35931676,0
1301235,36197994,0
1301235,38263873,0
1301235,38344207,0
1301638,37846809,1
1301707,38860845,0
1301802,38719469,0
1302064,24700874,0
1302064,37558130,0
1302198,18354476,0
1302198,19706770,0
1302198,32199616,0
1302198,35834333,0
1302198,37306101,0
1302198,37980406,0
1302383,12042773,0
1302383,14594838,0
1302383,15102809,0
1302383,19712482,1
1302383,30745086,0
1302383,31131328,0
1302383,31582744,0
1302383,31784359,0
1302383,32049053,0
1302383,32376827,0
1302383,32841603,0
1302383,35726060,0
1302383,36449519,0
1302383,36691074,0
1302383,37438531,0
1302383,37901245,0
1302383,38134876,0
1302383,38655899,0
1302383,38866555,0
1302444,38409164,0
1302576,38246514,0
1302731,29907691,0
1302731,33956074,0
1302731,34937930,0
1302731,35303419,0
1302731,36282598,0
1302731,38388531,0
1303175,30867051,0
1303175,38259467,0
1303490,23071754,0
1303490,37653039,0
1303590,38877170,0
1303643,38519468,0
1304547,38383456,0
1305173,38692412,0
1305368,38383483,0
1305798,12651607,0
1305798,18059179,0
1305798,22699621,0
1305798,24942756,0
1305798,25557080,0
1305798,25719666,0
1305798,26260970,0
1305798,26288179,0
1305798,26909576,0
1305798,28193624,0
1305798,28272465,0
1305798,29017057,0
1305798,29132146,0
1305798,31406163,0
1305798,32042151,0
1305798,36989344,0
1305798,37971875,0
1305798,38262672,0
1305810,29180726,0
1305810,35857588,0
1305810,38354738,0
1305995,23894440,0
1305995,37962958,0
1306035,37962958,0
1306251,33501759,0
1306251,34433918,0
1306251,34548630,0
1306251,37384409,1
1306251,38016472,0
1306696,38355749,0
1307630,21847114,0
1307630,21964263,1
1307630,23868065,0
1307630,26769127,1
1307630,27160912,0
1307630,28167789,0
1307630,29706544,1
1307630,31531882,1
1307630,31752957,1
1307630,32205878,1
1307630,32997974,1
1307630,34529467,1
1307630,35568393,1
1307630,37399271,1
1307630,37776595,0
1307630,37863068,0
1307630,37868997,1
1307630,38039364,0
1307850,15782197,0
1307850,16791208,0
1307850,26727548,0
1307850,29120328,0
1307850,29748285,0
1307850,30382198,0
1307850,30586455,0
1307850,34004146,0
1307850,34113805,0
1307850,34473054,0
1307850,34616062,0
1307850,38092916,0
1308385,27089380,0
1308385,28628092,0
1308385,31028100,0
1308385,31043609,0
1308385,31152140,0
1308385,34288360,0
1308385,34937926,0
1308385,38313292,0
1308511,26755332,0
1308511,33148654,0
1308511,33658347,0
1308511,34377368,0
1308511,35952673,0
1308511,38009950,0
1308511,38319104,0
1309096,38993727,0
1309373,38189137,1
1309430,17724127,0
1309430,23562160,0
1309430,23601689,0
1309430,24495909,0
1309430,24725414,0
1309430,25335753,0
1309430,27091841,0
1309430,31105698,0
1309430,32747814,0
1309430,33377660,0
1309430,33857287,0
1309430,34282143,0
1309430,35438006,0
1309430,35584631,0
1309430,36149794,0
1309430,37520727,0
1309430,37845713,0
1309430,38182669,0
1309491,38160941,0
1309643,24835589,0
1309643,31690660,0
1309643,37036005,0
1309643,38135757,0
1309700,30575716,0
1309700,31253778,0
1309700,33382972,0
1309700,34910930,0
1309700,35500226,0
1309700,37160121,0
1309700,37952848,0
1309700,38409190,0
1309706,25296918,0
1309706,30962586,0
1309706,37952848,0
1309706,38246920,0
1309857,28331091,0
1309857,29706541,0
1309857,32231668,0
1309857,32855215,0
1309857,32979316,0
1309857,33852884,0
1309857,34969849,0
1309857,35020534,0
1309857,36839614,0
1309857,38251369,0
1310202,23874706,0
1310202,38216617,0
1310807,32471474,0
1310807,38002344,0
1310882,39164752,0
1311235,38155930,0
1311668,38678564,0
1311668,38768074,0
1311798,38637625,0
1311966,38684650,0
1313293,12075054,0
1313293,20124476,0
1313293,21546504,0
1313293,21603610,0
1313293,24145436,0
1313293,24799524,0
1313293,24997154,0
1313293,26305789,0
1313293,26701728,0
1313293,28522579,0
1313293,28804123,0
1313293,29687884,0
1313293,32898249,0
1313293,33046520,0
1313293,33731849,0
1313293,34189576,0
1313293,34632572,0
1313293,38233586,0
1313437,38976323,0
1313453,35523177,0
1313453,38748874,0
1313973,29298817,0
1313973,29472356,0
1313973,30737083,0
1313973,32967703,0
1313973,37046805,0
1314194,25758528,0
1314194,26828195,0
1314194,29051323,0
1314194,39029464,0
1314228,39025915,0
1314484,38200184,0
1314689,39169056,0
1314963,39093977,0
1314968,34061778,0
1314968,37463454,0
1314968,38171360,0
1314968,39093977,0
1315001,20044575,0
1315001,31495563,0
1315001,31747589,0
1315001,33654095,0
1315001,37490914,0
1315001,38272035,0
1315262,38270272,0
1315347,38147543,0
1315378,27207647,0
1315378,27354116,0
1315378,30352428,0
1315378,30582655,0
1315378,31159814,0
1315378,31209222,0
1315378,32005248,0
1315378,32819367,0
1315378,35833708,0
1315378,36923308,0
1315378,37620362,0
1315378,38182647,0
1315499,38347148,0
1315499,39191261,1
1315774,26239292,0
1315774,38561465,0
1316318,38354231,0
1316617,38207055,0
1316698,34716325,0
1316698,34769061,1
1316698,35278628,0
1316698,36333467,0
1316698,37111549,0
1316698,37913832,0
1316698,39043661,0
1316698,39071799,0
1316748,34922263,0
1316765,22118467,0
1316765,23744951,0
1316765,27198226,0
1316765,27977683,0
1316765,29042517,0
1316765,30223853,0
1316765,31209053,0
1316765,32301703,0
1316765,33229569,0
1316765,33497014,0
1316765,34408147,0
1316765,34711654,0
1316765,35715427,0
1316765,37322110,0
1316765,38585989,0
1317183,22693458,1
1317183,23874220,0
1317183,24317396,1
1317183,29165587,1
1317183,30420454,1
1317183,31067455,1
1317183,31492856,0
1317183,32753408,1
1317183,32839274,1
1317183,33177090,0
1317183,34170902,1
1317183,34327153,0
1317183,34936433,1
1317183,34961960,1
1317183,36279294,0
1317183,36786566,1
1317183,36951889,0
1317183,38260642,0
1317272,38908378,0
1317306,29136163,0
1317306,38481989,0
1317570,29753320,0
1317570,35258392,0
1317570,36074819,0
1317570,36899442,0
1317570,37689751,0
1317570,38505753,0
1317959,33823870,0
1317959,34635729,0
1317959,35438176,0
1317959,38289252,0
1317965,38289252,0
1318053,38388736,0
1318172,16910979,0
1318172,37488355,0
1318172,37650637,0
1318172,38376465,0
1318172,38580649,0
1318526,37037941,0
1318526,38260476,0
1318554,29428674,0
1318554,31288860,0
1318554,32197073,1
1318554,36720500,0
1318554,38412125,0
1319291,18351644,0
1319291,18928525,0
1319291,21743474,0
1319291,23645591,0
1319291,24056715,0
1319291,24145441,0
1319291,25439725,0
1319291,25749076,0
1319291,25799105,0
1319291,26400062,0
1319291,26549411,0
1319291,26884600,0
1319291,27880765,0
1319291,28235197,0
1319291,30827684,0
1319291,30961659,0
1319291,31818324,0
1319291,33007869,0
1319291,33128789,0
1319291,33931637,0
1319291,34001972,0
1319291,34512724,0
1319291,35985530,0
1319291,36303224,0
1319291,38066332,0
1319291,38227896,0
1319291,38293053,0
1319291,38811945,0
1319291,38908378,0
1319565,29180631,0
1319565,33833454,0
1319565,35210624,1
1319565,38340731,0
1319790,19350679,0
1319790,25865356,0
1319790,29303477,0
1319790,32214220,0
1319790,34661337,0
1319790,35319724,0
1319790,36071032,0
1319790,36104564,0
1319790,37058558,0
1319790,37198149,0
1319790,38003720,0
1319790,38180972,0
1319790,38502704,0
1319790,38822028,0
1319790,38876796,0
1320303,38176627,0
1320981,19109899,0
1320981,21455274,0
1320981,22545247,0
1320981,22767372,0
1320981,22999937,0
1320981,23299892,1
1320981,24441423,0
1320981,24516132,0
1320981,24997521,0
1320981,25258083,0
1320981,25258085,0
1320981,26095365,1
1320981,27499199,0
1320981,28386004,0
1320981,29453249,1
1320981,29907650,0
1320981,30392830,0
1320981,30395284,0
1320981,32541654,0
1320981,34654425,0
1320981,35158371,0
1320981,35961968,0
1320981,36997670,0
1320981,37075128,0
1320981,37774678,0
1320981,38402617,0
1320981,38437679,0
1320981,38457494,1
1320981,38755290,0
1320981,39156641,0
1321034,33149302,0
1321034,38509366,0
1321744,33055221,0
1321744,38937629,0
1321874,30940805,0
1321874,32732875,0
1321874,38570691,0
1321967,38755258,0
1322104,22748967,0
1322104,26651603,0
1322104,32451460,0
1322104,33661764,0
1322104,33670495,0
1322104,35621025,0
1322104,36912927,0
1322104,37363990,0
1322104,37925421,0
1322104,37938972,0
1322104,38420756,0
1322104,38428409,0
1322112,33771899,0
1322112,38366623,0
1322112,39283487,0
1322529,24191696,0
1322529,28696309,1
1322529,34899694,0
1322529,35360677,0
1322529,36797287,0
1322529,37596606,1
1322529,39104416,1
1322919,18694566,0
1322919,25296024,0
1322919,26718006,0
1322919,29689192,0
1322919,31201182,0
1322919,32059772,0
1322919,32552404,0
1322919,33367832,0
1322919,35137168,0
1322919,35747128,0
1322919,38012001,0
1322983,38375080,0
1323153,38765984,0
1323284,34188173,0
1323284,34758300,0
1323284,38394242,0
1323358,38917323,0
1323492,38994683,0
1323492,39009280,0
1323513,38866588,0
1323596,18802101,0
1323596,22629382,0
1323596,23499443,0
1323596,26404698,0
1323596,26950238,0
1323596,27412700,0
1323596,31027998,0
1323596,35901960,0
1323596,36870611,0
1323596,37224925,0
1323596,37883227,0
1323596,38427718,0
1323596,38821174,0
1323746,31006590,0
1323746,31848250,0
1323746,33598660,0
1323746,34059820,0
1323746,34968386,0
1323746,35977481,0
1323746,37967106,0
1323746,39106859,0
1323845,22992520,0
1323845,24097067,0
1323845,27656675,0
1323845,30046115,1
1323845,32366252,0
1323845,33597588,0
1323845,33607115,0
1323845,34663594,0
1323845,38389303,1
1323953,33893290,0
1323953,39048800,0
1323998,24121022,0
1323998,24657575,0
1323998,26022315,0
1323998,26484095,0
1323998,26484136,0
1323998,27489776,0
1323998,27720625,0
1323998,36170207,1
1323998,38657065,0
1324080,38378758,0
1324080,38740822,0
1324094,39060446,0
1324812,38502193,0
1324958,38673963,0
1324968,38673963,1
1325069,38469237,0
1325238,35831503,0
1325238,36071169,0
1325238,36323778,0
1325238,36323781,0
1325238,38506708,0
1325238,38867048,0
1325240,38506708,0
1325240,38867048,0
1325375,21559371,0
1325375,37807875,0
1325375,37823593,0
1325375,38566989,0
1325375,38730056,0
1325479,37640929,0
1325479,38718791,0
1325780,39085346,0
1325869,26291246,0
1325869,27012812,0
1325869,38475968,0
1326090,38655836,0
1326226,35784283,0
1326226,38165930,0
1326226,38571958,0
1326226,38586200,0
1326226,39122676,0
1326226,39160575,0
1326500,38871845,0
1326568,23632417,0
1326568,28810146,0
1326568,36816948,1
1326568,38589650,0
1326814,39075073,0
1326877,16707698,0
1326877,17545284,0
1326877,18983675,0
1326877,19939278,0
1326877,20038696,0
1326877,20118358,0
1326877,20445634,0
1326877,20482586,0
1326877,21239580,0
1326877,22038610,0
1326877,22993086,0
1326877,23575373,0
1326877,24142050,0
1326877,25370492,0
1326877,25922532,0
1326877,28323063,0
1326877,29530749,0
1326877,37991384,0
1326877,38609677,0
1326920,17015706,1
1326920,21636294,0
1326920,23027924,0
1326920,24710513,0
1326920,33469078,0
1326920,38832131,0
1326965,38431222,0
1327148,39294186,0
1327234,38623341,0
1327418,39000594,0
1327637,33768568,0
1327637,39164619,0
1327697,34733307,0
1327697,38976088,0
1327907,25026212,0
1327907,25351346,0
1327907,25351418,0
1327907,26655797,0
1327907,27041221,0
1327907,29777108,0
1327907,30855280,0
1327907,31519896,0
1327907,33465699,0
1327907,38716730,0
1327958,23319047,0
1327958,23587301,0
1327958,30405152,1
1327958,38758779,0
1327958,38758782,0
1327961,26463167,0
1327961,33469587,0
1327961,34267262,0
1327961,38540156,0
1327980,36738733,0
1327980,38236896,0
1327980,39259805,0
1328520,22423052,0
1328520,23600803,0
1328520,26050930,0
1328520,27345838,0
1328520,27750280,0
1328520,27866876,0
1328520,31147464,0
1328520,31249869,0
1328520,31562139,0
1328520,32214314,0
1328520,34437124,0
1328520,35029669,0
1328520,36922585,0
1328520,38573813,0
1328730,18025183,0
1328730,20007534,0
1328730,25548216,0
1328730,25681333,0
1328730,29889098,0
1328730,33854495,0
1328730,34618691,0
1328730,35833127,0
1328730,38625791,0
1328880,37807017,0
1328880,38734851,0
1329159,16822846,0
1329159,16829574,0
1329159,17510436,0
1329159,17932364,0
1329159,20516122,0
1329159,20801882,0
1329159,20935156,0
1329159,20976218,0
1329159,21156972,1
1329159,21177791,0
1329159,21406397,1
1329159,21813625,0
1329159,22334418,0
1329159,22623957,0
1329159,22701306,0
1329159,23265908,0
1329159,23796154,0
1329159,24009147,0
1329159,24231354,0
1329159,24670651,0
1329159,24952746,0
1329159,25155515,0
1329159,25443836,0
1329159,25544761,0
1329159,25835000,0
1329159,25859291,0
1329159,25877876,0
1329159,25990700,0
1329159,26050039,0
1329159,26847029,0
1329159,26934001,0
1329159,27058444,0
1329159,27196599,0
1329159,27531910,0
1329159,27749841,0
1329159,27767028,0
1329159,27819679,0
1329159,28145099,0
1329159,28194033,0
1329159,28302680,0
1329159,28356518,0
1329159,28469201,0
1329159,28805822,0
1329159,28904384,0
1329159,28920934,0
1329159,28951465,0
1329159,29109286,0
1329159,29198524,0
1329159,29217659,0
1329159,29454790,0
1329159,29487201,0
1329159,29544736,0
1329159,29700467,0
1329159,29757368,0
1329159,29930735,0
1329159,30190462,0
1329159,30274982,0
1329159,30496486,0
1329159,30655535,0
1329159,30770823,0
1329159,30936474,0
1329159,31015415,0
1329159,31110180,0
1329159,31361600,0
1329159,31551365,0
1329159,31684108,0
1329159,31784286,0
1329159,31822798,0
1329159,31962291,0
1329159,32017896,0
1329159,32164155,0
1329159,32332020,0
1329159,32512818,0
1329159,32540494,0
1329159,32619460,0
1329159,32705161,0
1329159,32719562,0
1329159,33038264,0
1329159,33080033,0
1329159,33151971,0
1329159,33184237,0
1329159,33257699,0
1329159,33402390,0
1329159,33471819,0
1329159,33647277,0
1329159,33750801,0
1329159,33889575,0
1329159,33912565,0
1329159,34133934,0
1329159,34158490,0
1329159,34229732,0
1329159,34272396,0
1329159,34290732,0
1329159,34312180,0
1329159,34369094,0
1329159,34394120,0
1329159,34426439,0
1329159,34489433,0
1329159,34734806,0
1329159,34741033,0
1329159,34818047,0
1329159,34956138,0
1329159,35082166,0
1329159,35216965,0
1329159,35536873,0
1329159,35589753,0
1329159,35710943,0
1329159,35732814,0
1329159,35757538,0
1329159,35803227,0
1329159,35963521,0
1329159,36071173,0
1329159,36195603,1
1329159,36369237,0
1329159,36437988,0
1329159,36449602,0
1329159,36450256,0
1329159,36638333,0
1329159,36720443,0
1329159,36841178,0
1329159,36967990,0
1329159,37335463,0
1329159,37339216,0
1329159,37347559,0
1329159,37425353,1
1329159,37470704,0
1329159,37535729,0
1329159,37620896,0
1329159,37670087,0
1329159,37796107,0
1329159,37823778,0
1329159,37904244,0
1329159,37924814,0
1329159,38097539,0
1329159,38117035,0
1329159,38289962,0
1329159,38373993,0
1329159,38509096,0
1329159,38561334,0
1329159,38816360,0
1329159,38834752,0
1329159,38866484,0
1329159,38900797,0
1329159,38974097,1
1329159,39303041,0
1329573,38727310,0
1329630,38602876,0
1329744,21266330,0
1329744,22208362,0
1329744,26584636,0
1329744,26848154,0
1329744,30332637,0
1329744,30553769,0
1329744,31145872,0
1329744,31248899,0
1329744,31418690,0
1329744,32439336,0
1329744,32460431,0
1329744,32694734,0
1329744,33239297,0
1329744,33268509,0
1329744,33484195,0
1329744,33606988,0
1329744,34475432,0
1329744,34531575,0
1329744,35072021,0
1329744,37121509,0
1329744,37250773,0
1329744,37673898,0
1329744,38833481,0
1330013,38955423,0
1330030,39086373,0
1330211,39176088,0
1330212,39176088,0
1330823,38628155,0
1330877,38688280,0
1331155,31050699,0
1331487,36942484,0
1331487,37858472,0
1331487,38585916,1
1331664,30850393,0
1331664,34852222,0
1331664,35446789,0
1331664,37133746,0
1331664,37421943,1
1331664,37460638,0
1331664,38848342,0
1331664,38905110,1
1331921,25804953,0
1331921,33144283,0
1331921,39062774,0
1332802,35294501,0
1332802,39095597,0
1332967,29720215,0
1332967,37393374,0
1332967,39275801,0
1333103,38775664,0
1333205,38835076,0
1333221,34874940,0
1333221,36808555,0
1333221,37566052,0
1333221,39133697,0
1333284,38902687,0
1334106,38834758,0
1334214,15692568,0
1334214,15834136,0
1334214,16258012,0
1334214,16352711,0
1334214,16434403,0
1334214,17222352,0
1334214,17397913,1
1334214,17468215,0
1334214,17558387,0
1334214,17905992,0
1334214,17974019,0
1334214,18172304,0
1334214,18270328,0
1334214,18270589,0
1334214,18292748,0
1334214,18394996,0
1334214,18552508,1
1334214,18568446,0
1334214,18590051,0
1334214,18593563,0
1334214,18649363,0
1334214,18676811,0
1334214,18823559,0
1334214,18983962,0
1334214,19240692,0
1334214,19377048,0
1334214,19476540,0
1334214,19651600,0
1334214,19748469,0
1334214,19789312,0
1334214,19952713,0
1334214,20064375,0
1334214,20068076,0
1334214,20176801,0
1334214,20430781,0
1334214,20436463,0
1334214,20508068,0
1334214,20511191,0
1334214,20835245,0
1334214,21177969,0
1334214,21177974,0
1334214,21186366,0
1334214,21368758,0
1334214,21569348,0
1334214,21573164,0
1334214,21712494,0
1334214,21760907,0
1334214,21799842,0
1334214,21829477,1
1334214,21925322,0
1334214,21936662,0
1334214,21952137,0
1334214,21976537,0
1334214,21980417,0
1334214,22010005,0
1334214,22072553,0
1334214,22138974,1
1334214,22324391,0
1334214,22529986,0
1334214,22652664,0
1334214,22745804,0
1334214,22808193,0
1334214,22978491,0
1334214,23028751,0
1334214,23147403,0
1334214,23175708,0
1334214,23317700,0
1334214,23344998,0
1334214,23354101,0
1334214,23392257,1
1334214,23449625,0
1334214,23535375,0
1334214,23544090,0
1334214,23634996,0
1334214,23671131,0
1334214,23706735,0
1334214,23749191,0
1334214,23772040,0
1334214,23812355,0
1334214,23825566,0
1334214,23839787,0
1334214,23868920,0
1334214,23884607,0
1334214,23915008,0
1334214,23921131,0
1334214,23942234,0
1334214,23948639,1
1334214,23959330,0
1334214,24003136,0
1334214,24162736,0
1334214,24183664,0
1334214,24280387,0
1334214,24304929,0
1334214,24363811,0
1334214,24401939,0
1334214,24407421,0
1334214,24465220,0
1334214,24465953,0
1334214,24481529,1
1334214,24498407,1
1334214,24522499,0
1334214,24533144,1
1334214,24586676,0
1334214,24594098,0
1334214,24630997,0
1334214,24713300,1
1334214,24747435,0
1334214,24779708,0
1334214,24794706,0
1334214,24916103,0
1334214,24939742,1
1334214,24992598,0
1334214,25034661,0
1334214,25038515,1
1334214,25079600,0
1334214,25141350,0
1334214,25155613,0
1334214,25236801,0
1334214,25263553,0
1334214,25266797,0
1334214,25276247,0
1334214,25280221,0
1334214,25300954,0
1334214,25327398,0
1334214,25374487,1
1334214,25502837,1
1334214,25525793,0
1334214,25527293,0
1334214,25600436,0
1334214,25664725,0
1334214,25795740,0
1334214,25818647,0
1334214,25856272,0
1334214,25857266,0
1334214,25859288,0
1334214,25891907,0
1334214,25928405,0
1334214,25957386,0
1334214,25998508,0
1334214,26020271,0
1334214,26023795,0
1334214,26040697,0
1334214,26046443,0
1334214,26070317,0
1334214,26071365,0
1334214,26078720,0
1334214,26147687,0
1334214,26173605,0
1334214,26248649,0
1334214,26253201,0
1334214,26265072,0
1334214,26317340,1
1334214,26324326,0
1334214,26328764,0
1334214,26354680,0
1334214,26384355,0
1334214,26400170,0
1334214,26459632,0
1334214,26472973,0
1334214,26497311,0
1334214,26525672,0
1334214,26526858,0
1334214,26556537,0
1334214,26608094,0
1334214,26636539,0
1334214,26658965,0
1334214,26674380,1
1334214,26676643,0
1334214,26704449,0
1334214,26719341,0
1334214,26748758,0
1334214,26750429,0
1334214,26763747,0
1334214,26826238,0
1334214,26832419,0
1334214,26876937,0
1334214,26900848,0
1334214,26900923,0
1334214,26925321,0
1334214,26940097,0
1334214,26971878,0
1334214,26981420,0
1334214,26987697,0
1334214,27002220,0
1334214,27009811,0
1334214,27034986,0
1334214,27044474,0
1334214,27064252,1
1334214,27068475,0
1334214,27093186,0
1334214,27105113,0
1334214,27105114,0
1334214,27105115,1
1334214,27111144,0
1334214,27147566,0
1334214,27197225,0
1334214,27208249,0
1334214,27211104,0
1334214,27221037,0
1334214,27221067,1
1334214,27221711,0
1334214,27279541,0
1334214,27322469,0
1334214,27349893,0
1334214,27354218,0
1334214,27388239,0
1334214,27462457,0
1334214,27486872,0
1334214,27492902,1
1334214,27498870,0
1334214,27535791,0
1334214,27587343,0
1334214,27591185,0
1334214,27608715,0
1334214,27612429,0
1334214,27617035,0
1334214,27626379,0
1334214,27626382,0
1334214,27725812,0
1334214,27760318,0
1334214,27791169,0
1334214,27797721,1
1334214,27825136,0
1334214,27911772,0
1334214,27938667,0
1334214,28031467,0
1334214,28061857,0
1334214,28091529,0
1334214,28139706,0
1334214,28209615,0
1334214,28242755,0
1334214,28258196,0
1334214,28292424,0
1334214,28326190,0
1334214,28418038,0
1334214,28419088,0
1334214,28424819,0
1334214,28452714,0
1334214,28457750,0
1334214,28460090,0
1334214,28476045,0
1334214,28487409,0
1334214,28497787,1
1334214,28575289,0
1334214,28614298,0
1334214,28636595,0
1334214,28649425,0
1334214,28675158,0
1334214,28716713,0
1334214,28754678,0
1334214,28775168,0
1334214,28803728,0
1334214,28805822,0
1334214,28830102,0
1334214,28851814,0
1334214,28892060,0
1334214,28920956,1
1334214,28923857,0
1334214,28925386,0
1334214,28944870,0
1334214,28981098,0
1334214,29033306,0
1334214,29084509,0
1334214,29110684,1
1334214,29141446,0
1334214,29267318,0
1334214,29281840,0
1334214,29282124,0
1334214,29305506,0
1334214,29315726,0
1334214,29337117,0
1334214,29337183,0
1334214,29361035,0
1334214,29396184,0
1334214,29415894,0
1334214,29433542,0
1334214,29434377,0
1334214,29440379,0
1334214,29467665,0
1334214,29486586,0
1334214,29497140,0
1334214,29508278,1
1334214,29518357,0
1334214,29549331,0
1334214,29568956,0
1334214,29626186,0
1334214,29655599,0
1334214,29679004,0
1334214,29686265,0
1334214,29688430,1
1334214,29706629,0
1334214,29794169,0
1334214,29848492,1
1334214,29849141,0
1334214,29867213,0
1334214,29883638,0
1334214,29887318,0
1334214,29898403,1
1334214,29930735,0
1334214,29968710,0
1334214,29982688,0
1334214,30014619,0
1334214,30021166,0
1334214,30026340,0
1334214,30061746,0
1334214,30135584,0
1334214,30139328,0
1334214,30146410,0
1334214,30154464,0
1334214,30166344,0
1334214,30237493,0
1334214,30253806,0
1334214,30257209,0
1334214,30262994,0
1334214,30270106,0
1334214,30286088,0
1334214,30297778,0
1334214,30315101,0
1334214,30327994,0
1334214,30335165,0
1334214,30348622,0
1334214,30355619,0
1334214,30373821,0
1334214,30408051,0
1334214,30451863,0
1334214,30474258,0
1334214,30485816,0
1334214,30511962,0
1334214,30536898,0
1334214,30564271,0
1334214,30588557,0
1334214,30635013,0
1334214,30638736,0
1334214,30668923,0
1334214,30686581,0
1334214,30715466,0
1334214,30723117,0
1334214,30778087,0
1334214,30779711,0
1334214,30779940,0
1334214,30805632,0
1334214,30814741,0
1334214,30826177,0
1334214,30852379,0
1334214,30853353,0
1334214,30862719,0
1334214,30867303,0
1334214,30893315,0
1334214,30902986,0
1334214,30911006,0
1334214,30979776,0
1334214,30986246,0
1334214,30987380,0
1334214,31015298,0
1334214,31030944,0
1334214,31043582,1
1334214,31053165,0
1334214,31060542,0
1334214,31073224,0
1334214,31101825,0
1334214,31110217,0
1334214,31110243,1
1334214,31112137,0
1334214,31127138,0
1334214,31140921,0
1334214,31142655,0
1334214,31151404,0
1334214,31151460,0
1334214,31182587,0
1334214,31188901,0
1334214,31189876,0
1334214,31201211,0
1334214,31218107,0
1334214,31234785,1
1334214,31281898,0
1334214,31294790,0
1334214,31296250,1
1334214,31319606,0
1334214,31332313,0
1334214,31336727,0
1334214,31337978,0
1334214,31353224,0
1334214,31357577,0
1334214,31358969,0
1334214,31379949,0
1334214,31412686,1
1334214,31416833,0
1334214,31422869,0
1334214,31433977,0
1334214,31434869,0
1334214,31484061,0
1334214,31488567,0
1334214,31497001,0
1334214,31553907,0
1334214,31568691,0
1334214,31588021,0
1334214,31591446,0
1334214,31625810,0
1334214,31640782,1
1334214,31645732,0
1334214,31669422,0
1334214,31695197,0
1334214,31695787,0
1334214,31715132,0
1334214,31736098,0
1334214,31747613,0
1334214,31754642,0
1334214,31759129,0
1334214,31780728,0
1334214,31792212,0
1334214,31794598,0
1334214,31801070,0
1334214,31801076,0
1334214,31815181,0
1334214,31840109,0
1334214,31847788,0
1334214,31857580,0
1334214,31900405,1
1334214,31915379,0
1334214,31959746,0
1334214,32024826,0
1334214,32061262,0
1334214,32086523,0
1334214,32090859,0
1334214,32170165,0
1334214,32187572,1
1334214,32194870,1
1334214,32228459,0
1334214,32246150,0
1334214,32271880,0
1334214,32272893,0
1334214,32286279,0
1334214,32290071,0
1334214,32320667,0
1334214,32345215,0
1334214,32354235,0
1334214,32393888,0
1334214,32396938,0
1334214,32415222,0
1334214,32423473,0
1334214,32445454,0
1334214,32457162,0
1334214,32457396,0
1334214,32468058,0
1334214,32483152,0
1334214,32487761,0
1334214,32494026,0
1334214,32502463,0
1334214,32540599,0
1334214,32541956,0
1334214,32552779,0
1334214,32579914,0
1334214,32586406,0
1334214,32589942,0
1334214,32603604,0
1334214,32615088,0
1334214,32626660,0
1334214,32649877,0
1334214,32671793,0
1334214,32678909,0
1334214,32711581,1
1334214,32730745,0
1334214,32753619,0
1334214,32769171,0
1334214,32772918,0
1334214,32787523,0
1334214,32795319,0
1334214,32814028,0
1334214,32817651,0
1334214,32819190,0
1334214,32849388,0
1334214,32863958,0
1334214,32868912,0
1334214,32907836,0
1334214,32929374,0
1334214,32948591,0
1334214,32962996,0
1334214,32986841,0
1334214,32990380,0
1334214,33035480,1
1334214,33042275,0
1334214,33045726,0
1334214,33049217,0
1334214,33096483,0
1334214,33099088,0
1334214,33123010,1
1334214,33128002,0
1334214,33177495,0
1334214,33178684,0
1334214,33184486,0
1334214,33251041,0
1334214,33268787,0
1334214,33287707,0
1334214,33294796,0
1334214,33311456,0
1334214,33311847,0
1334214,33357405,0
1334214,33359755,0
1334214,33388094,0
1334214,33391210,0
1334214,33391480,0
1334214,33397927,0
1334214,33411695,0
1334214,33414433,0
1334214,33414472,0
1334214,33425485,0
1334214,33450185,0
1334214,33476374,0
1334214,33482742,0
1334214,33483496,0
1334214,33484110,0
1334214,33507881,0
1334214,33511777,0
1334214,33538776,0
1334214,33558705,0
1334214,33574265,0
1334214,33588838,1
1334214,33593877,0
1334214,33619534,0
1334214,33621485,0
1334214,33622974,1
1334214,33634966,0
1334214,33636112,0
1334214,33636116,0
1334214,33658714,0
1334214,33661764,0
1334214,33674273,0
1334214,33679894,0
1334214,33692103,0
1334214,33718351,1
1334214,33719314,0
1334214,33731701,0
1334214,33740162,0
1334214,33740891,0
1334214,33741710,0
1334214,33742149,0
1334214,33748146,0
1334214,33755662,0
1334214,33762571,0
1334214,33769968,0
1334214,33796004,0
1334214,33798424,0
1334214,33808696,0
1334214,33839696,0
1334214,33842376,0
1334214,33850120,0
1334214,33852831,0
1334214,33852834,0
1334214,33869219,0
1334214,33869230,0
1334214,33875594,0
1334214,33876188,0
1334214,33886094,0
1334214,33892077,0
1334214,33895780,0
1334214,33898319,0
1334214,33906919,0
1334214,33909998,0
1334214,33970124,1
1334214,33983114,0
1334214,33996909,0
1334214,33996965,0
1334214,34022742,0
1334214,34031618,0
1334214,34056657,0
1334214,34060483,1
1334214,34068244,1
1334214,34095155,0
1334214,34112753,0
1334214,34149906,0
1334214,34150759,0
1334214,34165176,0
1334214,34168367,0
1334214,34216724,0
1334214,34218273,1
1334214,34240584,0
1334214,34244823,0
1334214,34248943,0
1334214,34254999,0
1334214,34276703,0
1334214,34278249,1
1334214,34285077,0
1334214,34315861,0
1334214,34320364,0
1334214,34340996,0
1334214,34344973,1
1334214,34348759,0
1334214,34365503,0
1334214,34365742,0
1334214,34376576,1
1334214,34380613,0
1334214,34385434,0
1334214,34411391,0
1334214,34413292,0
1334214,34429546,0
1334214,34457045,0
1334214,34479564,0
1334214,34523252,0
1334214,34526716,0
1334214,34534448,0
1334214,34546071,1
1334214,34551807,0
1334214,34556881,1
1334214,34556885,0
1334214,34585448,0
1334214,34593792,0
1334214,34605607,0
1334214,34608846,0
1334214,34610961,0
1334214,34611130,0
1334214,34613814,0
1334214,34653365,0
1334214,34663976,0
1334214,34691553,0
1334214,34697315,0
1334214,34707642,0
1334214,34731001,0
1334214,34732721,0
1334214,34739170,0
1334214,34743552,0
1334214,34781022,0
1334214,34795238,0
1334214,34805176,0
1334214,34827757,0
1334214,34853721,0
1334214,34876587,0
1334214,34879244,0
1334214,34893641,0
1334214,34893754,0
1334214,34917657,0
1334214,34921145,0
1334214,34975749,0
1334214,34983631,0
1334214,34992217,0
1334214,34992422,0
1334214,35013139,1
1334214,35015026,0
1334214,35038906,0
1334214,35121645,0
1334214,35150568,0
1334214,35155868,0
1334214,35165388,0
1334214,35189026,0
1334214,35190532,0
1334214,35191504,1
1334214,35192684,0
1334214,35210361,0
1334214,35241665,0
1334214,35247891,0
1334214,35265620,0
1334214,35267590,0
1334214,35274380,0
1334214,35281000,0
1334214,35281512,0
1334214,35288749,0
1334214,35293598,0
1334214,35294884,0
1334214,35297980,0
1334214,35309301,0
1334214,35323972,0
1334214,35344764,0
1334214,35346019,0
1334214,35354792,0
1334214,35371477,0
1334214,35372436,0
1334214,35390162,0
1334214,35394046,0
1334214,35396276,0
1334214,35399519,0
1334214,35404079,0
1334214,35418124,0
1334214,35422502,0
1334214,35428760,0
1334214,35428874,0
1334214,35432468,0
1334214,35446112,1
1334214,35446923,1
1334214,35449309,0
1334214,35464065,0
1334214,35464860,0
1334214,35468731,1
1334214,35483745,0
1334214,35491423,0
1334214,35502319,0
1334214,35508139,0
1334214,35511947,0
1334214,35513850,0
1334214,35534729,1
1334214,35570408,0
1334214,35573776,0
1334214,35580607,0
1334214,35627218,0
1334214,35637194,0
1334214,35645831,0
1334214,35654861,0
1334214,35658596,0
1334214,35661831,0
1334214,35675522,0
1334214,35675771,0
1334214,35681201,0
1334214,35683981,1
1334214,35701843,0
1334214,35729093,0
1334214,35760883,0
1334214,35800778,0
1334214,35834269,0
1334214,35840558,0
1334214,35851726,0
1334214,35854322,0
1334214,35863348,1
1334214,35867177,0
1334214,35879545,0
1334214,35881538,0
1334214,35899427,1
1334214,35912104,1
1334214,35913115,0
1334214,35916406,0
1334214,35917517,0
1334214,35931682,1
1334214,35935956,0
1334214,35947961,0
1334214,35968152,0
1334214,35982235,0
1334214,36005555,0
1334214,36008383,0
1334214,36057605,0
1334214,36066968,0
1334214,36071975,1
1334214,36072977,0
1334214,36099047,0
1334214,36102738,0
1334214,36138187,0
1334214,36163326,0
1334214,36171606,0
1334214,36175407,0
1334214,36184650,0
1334214,36195598,0
1334214,36199571,0
1334214,36214691,1
1334214,36229481,0
1334214,36261019,0
1334214,36267574,0
1334214,36274943,0
1334214,36276964,0
1334214,36290085,0
1334214,36309484,0
1334214,36310139,0
1334214,36316968,0
1334214,36319643,0
1334214,36323259,0
1334214,36331122,0
1334214,36341374,0
1334214,36342127,0
1334214,36355429,1
1334214,36362052,0
1334214,36365352,0
1334214,36400926,0
1334214,36427317,0
1334214,36443310,0
1334214,36467040,0
1334214,36475797,0
1334214,36503893,1
1334214,36511116,1
1334214,36511706,1
1334214,36522426,0
1334214,36525966,0
1334214,36540608,0
1334214,36579891,0
1334214,36602025,0
1334214,36606322,0
1334214,36620547,0
1334214,36625344,0
1334214,36627643,0
1334214,36634204,0
1334214,36641456,0
1334214,36643544,0
1334214,36656789,0
1334214,36658614,0
1334214,36674797,0
1334214,36680774,0
1334214,36683218,0
1334214,36698218,0
1334214,36715552,0
1334214,36726756,0
1334214,36742369,0
1334214,36744963,0
1334214,36754052,0
1334214,36779841,0
1334214,36795805,0
1334214,36800432,0
1334214,36800907,0
1334214,36801005,0
1334214,36802267,0
1334214,36810573,0
1334214,36825001,0
1334214,36830716,1
1334214,36834506,1
1334214,36858042,0
1334214,36876119,0
1334214,36897957,0
1334214,36913357,1
1334214,36921033,1
1334214,36934083,0
1334214,36938886,0
1334214,36939772,0
1334214,36949076,0
1334214,36959757,0
1334214,36964140,0
1334214,36973261,0
1334214,36973268,0
1334214,37023372,0
1334214,37038094,0
1334214,37075701,0
1334214,37084418,0
1334214,37117763,0
1334214,37126714,0
1334214,37138676,0
1334214,37175530,0
1334214,37192170,0
1334214,37198486,0
1334214,37209997,0
1334214,37223244,0
1334214,37235474,0
1334214,37258666,0
1334214,37264282,0
1334214,37280224,0
1334214,37291118,0
1334214,37316926,1
1334214,37344477,0
1334214,37363990,0
1334214,37409632,0
1334214,37421620,0
1334214,37426531,0
1334214,37441604,0
1334214,37452037,0
1334214,37452367,0
1334214,37478857,0
1334214,37508475,0
1334214,37516843,0
1334214,37523551,1
1334214,37534988,0
1334214,37542720,0
1334214,37545495,0
1334214,37558705,0
1334214,37558707,0
1334214,37561875,0
1334214,37563120,0
1334214,37563227,0
1334214,37595039,0
1334214,37604818,0
1334214,37649077,0
1334214,37651203,0
1334214,37652986,0
1334214,37657757,0
1334214,37661576,0
1334214,37662558,0
1334214,37668356,1
1334214,37673856,0
1334214,37674079,0
1334214,37691541,0
1334214,37694285,0
1334214,37705115,0
1334214,37723279,0
1334214,37724373,0
1334214,37737027,0
1334214,37751306,0
1334214,37768825,1
1334214,37772822,1
1334214,37782439,0
1334214,37815732,0
1334214,37821954,0
1334214,37823268,0
1334214,37834462,0
1334214,37852796,0
1334214,37864206,0
1334214,37874309,0
1334214,37891516,0
1334214,37898598,0
1334214,37903887,0
1334214,37914731,0
1334214,37937441,0
1334214,37944511,0
1334214,37944512,0
1334214,37944526,0
1334214,37954242,0
1334214,37958523,0
1334214,37961903,0
1334214,37967174,1
1334214,37972953,0
1334214,37973845,0
1334214,37992083,0
1334214,37995683,0
1334214,38000033,0
1334214,38014192,1
1334214,38020894,0
1334214,38020967,0
1334214,38020969,0
1334214,38035793,0
1334214,38048968,0
1334214,38052795,1
1334214,38056513,0
1334214,38077137,0
1334214,38077333,0
1334214,38082211,0
1334214,38089590,0
1334214,38136560,0
1334214,38144457,0
1334214,38167059,0
1334214,38168040,0
1334214,38168677,0
1334214,38168996,1
1334214,38169284,0
1334214,38175751,0
1334214,38194275,0
1334214,38195860,0
1334214,38196272,0
1334214,38205248,0
1334214,38259324,0
1334214,38271119,1
1334214,38282893,1
1334214,38305985,0
1334214,38317006,0
1334214,38321024,0
1334214,38327665,0
1334214,38338939,0
1334214,38344825,0
1334214,38373953,0
1334214,38397385,0
1334214,38410440,0
1334214,38414241,0
1334214,38416644,0
1334214,38418394,0
1334214,38418917,0
1334214,38428409,0
1334214,38438896,0
1334214,38446877,0
1334214,38459511,1
1334214,38503283,0
1334214,38510108,0
1334214,38512058,0
1334214,38516885,0
1334214,38519480,0
1334214,38530808,0
1334214,38540020,0
1334214,38544573,0
1334214,38565140,0
1334214,38566207,0
1334214,38575728,0
1334214,38604387,0
1334214,38609488,0
1334214,38624230,0
1334214,38643480,0
1334214,38646531,0
1334214,38655196,0
1334214,38687617,0
1334214,38713438,0
1334214,38740087,0
1334214,38744839,0
1334214,38745274,0
1334214,38781032,0
1334214,38782199,0
1334214,38824179,0
1334214,38849358,0
1334214,38868202,0
1334214,38875317,0
1334214,38931108,0
1334214,38937512,0
1334214,38951159,0
1334214,38971151,0
1334214,38982480,0
1334214,39000139,0
1334214,39022746,0
1334214,39043703,0
1334214,39060269,0
1334214,39086373,0
1334214,39090109,0
1334214,39091296,0
1334214,39107881,0
1334214,39174739,1
1334214,39188951,0
1334214,39195240,0
1334214,39198433,0
1334214,39233335,0
1334214,39260063,0
1334214,39265577,0
1334214,39280612,0
1334214,39286508,0
1335009,38870309,0
1335009,38876105,0
1335165,38979427,0
1335436,26287681,0
1335436,35618311,0
1335436,36178457,0
1335436,38787961,0
1335436,39028828,0
1336002,38912578,0
1336114,20956346,0
1336114,21270393,0
1336114,21479552,0
1336114,24065129,0
1336114,25028470,1
1336114,27852626,0
1336114,28018974,0
1336114,28855340,0
1336114,29229854,0
1336114,30355451,0
1336114,32759968,0
1336114,35584120,0
1336114,38876998,0
1336126,38876998,0
1336193,22955828,0
1336193,28094016,0
1336193,28279351,0
1336193,28663436,0
1336193,29233477,0
1336193,31094678,0
1336193,32023475,0
1336193,32413319,0
1336193,33184180,0
1336193,33184181,0
1336193,33654293,0
1336193,36131015,0
1336193,37647896,0
1336193,37820724,0
1336193,38096824,0
1336193,38480572,0
1336194,33440998,0
1336194,38480572,0
1336251,31041561,0
1336251,36897941,0
1336251,39261580,0
1336267,29140244,0
1336267,39261580,0
1336347,27681425,0
1336347,28440341,0
1336347,29438977,0
1336347,31334126,0
1336347,32418995,0
1336347,39282497,0
1336646,23723424,0
1336646,25595792,0
1336646,29288198,0
1336646,32873799,0
1336646,33402335,1
1336646,33979654,0
1336646,37922907,0
1336646,38897168,0
1336655,36715552,0
1336655,38897168,0
1336727,21372301,0
1336727,26657868,0
1336727,28230051,0
1336727,28711779,0
1336727,29263300,0
1336727,31527052,0
1336727,33493091,0
1336727,33561015,0
1336727,33625469,0
1336727,35879310,0
1336727,38937456,0
1336727,38965683,0
1336729,20335527,0
1336729,26669670,0
1336729,28245863,0
1336729,28248553,0
1336729,28870693,0
1336729,32508810,0
1336729,35879310,0
1336729,38937456,0
1336729,38965683,1
1336798,36438452,0
1336798,38838017,1
1336948,38961228,0
1337674,32407670,0
1337674,33539777,0
1337674,34675436,0
1337674,36048943,0
1337674,36949050,0
1337674,39095587,0
1338624,25,0
1338769,28694385,0
1338769,30318339,0
1338769,30554520,0
1338769,33429418,0
1338769,33586677,0
1338769,35443793,0
1338769,37161053,0
1338769,38634175,0
1338769,39048801,0
1339236,22247430,0
1339236,23467089,0
1339236,23685454,1
1339236,23685885,0
1339236,24269006,0
1339236,24919153,1
1339236,24981863,0
1339236,25219674,0
1339236,25471879,0
1339236,25745177,0
1339236,25867923,1
1339236,26000488,0
1339236,26189680,0
1339236,26343579,0
1339236,26607794,0
1339236,27212234,0
1339236,27806376,0
1339236,27864467,0
1339236,27939218,0
1339236,28192419,0
1339236,28428369,0
1339236,28759029,0
1339236,29513653,0
1339236,29545397,0
1339236,29608179,0
1339236,29909983,0
1339236,30291161,0
1339236,30567574,0
1339236,30971824,0
1339236,31011186,0
1339236,31160712,0
1339236,31178118,0
1339236,32615085,0
1339236,33127880,0
1339236,33649593,0
1339236,34062119,0
1339236,34083792,0
1339236,35419551,0
1339236,36536150,0
1339236,36550277,0
1339236,37468583,0
1339236,38925112,0
1339284,22312110,0
1339284,29985392,0
1339284,33980589,0
1339284,37916875,0
1339284,39264480,0
1339521,38906711,0
1340311,24136200,0
1340311,24317040,0
1340311,24530056,0
1340311,25378309,0
1340311,25443294,0
1340311,25497086,0
1340311,26057209,0
1340311,26516201,0
1340311,26716013,0
1340311,26729620,0
1340311,26959607,0
1340311,27053774,0
1340311,27312099,0
1340311,27412700,0
1340311,27601670,0
1340311,27720483,0
1340311,28123869,0
1340311,28459433,0
1340311,28481360,0
1340311,28507805,0
1340311,29262348,0
1340311,29275859,0
1340311,29328911,0
1340311,29643512,0
1340311,29653252,0
1340311,29653584,0
1340311,29875316,0
1340311,30333121,0
1340311,30585358,0
1340311,30809231,0
1340311,30867424,0
1340311,30886344,0
1340311,30930171,0
1340311,31027998,0
1340311,31201646,0
1340311,31665635,0
1340311,31906585,0
1340311,31918046,0
1340311,32231867,0
1340311,33169013,0
1340311,33296687,0
1340311,33372158,0
1340311,33773996,0
1340311,33975917,0
1340311,34040261,0
1340311,34549824,0
1340311,34715039,0
1340311,34916498,0
1340311,35379995,0
1340311,36043458,0
1340311,36305367,0
1340311,37243592,0
1340311,38821174,0
1340311,38964327,0
1340714,24486028,0
1340714,25052466,0
1340714,25502694,0
1340714,25635753,0
1340714,25689160,0
1340714,26026730,0
1340714,26993211,0
1340714,28012437,0
1340714,28041875,0
1340714,28302587,0
1340714,29506076,0
1340714,29675264,0
1340714,29779019,0
1340714,30466060,0
1340714,32350368,0
1340714,32453450,0
1340714,33289480,0
1340714,33660785,0
1340714,35163149,0
1340714,35742976,0
1340714,37468555,0
1340714,38345344,0
1340714,38578073,0
1340714,38719621,0
1340714,38938681,0
1340730,39103322,0
1340749,26528939,0
1340749,39103322,0
1341143,18264110,0
1341143,18376406,0
1341143,20382889,0
1341143,23490254,0
1341143,24823639,0
1341143,24958709,0
1341143,25141009,0
1341143,26071205,0
1341143,26442449,0
1341143,26571397,0
1341143,27814401,0
1341143,28193481,0
1341143,28552348,0
1341143,29051379,0
1341143,30282819,0
1341143,30967541,0
1341143,30995102,0
1341143,31064740,0
1341143,31168092,0
1341143,31484742,1
1341143,31747600,1
1341143,32213713,1
1341143,32991819,1
1341143,33431657,1
1341143,33491669,1
1341143,33852838,0
1341143,33905739,0
1341143,34195684,0
1341143,34335981,1
1341143,34516780,1
1341143,34669442,1
1341143,34691074,0
1341143,35081371,0
1341143,35235782,0
1341143,36602878,0
1341143,36893735,0
1341143,37200193,0
1341143,37726288,0
1341143,37737611,1
1341143,38092883,1
1341143,38117035,1
1341143,38182037,0
1341143,38446446,1
1341143,38594380,1
1341143,38675952,1
1341143,38842383,0
1341143,39011095,0
1341143,39066335,0
1341143,39070292,1
1341224,36150502,0
1341224,38458566,0
1341224,38912733,0
1341629,39117038,0
1342799,13130080,0
1342799,16788005,0
1342799,27272143,0
1342825,14555471,0
1342875,12865428,0
1343142,12697073,0
1343365,15155910,0
1343394,12937414,0
1343394,18506362,0
1343412,14665430,0
1343412,18039671,0
1343412,24573390,0
1343412,31073028,0
1343412,31118289,0
1343412,31906131,0
1343412,34391780,0
1344002,11124023,1
1344002,17405863,1
1344002,17620128,0
1345872,23877693,0
1345872,24841271,0
1345872,25941225,0
1345872,27067329,0
1345872,28968425,0
1345872,31733138,0
1345872,37775438,0
1345873,22310293,1
1345873,22691140,1
1345873,23446348,0
1345873,24417896,0
1345873,24726324,0
1345873,31104839,0
1345873,31519522,0
1345873,36640322,1
1347918,24165159,1
1347918,26318045,1
1347918,26413813,0
1347918,26744317,0
1347918,31805186,0
1348110,15155529,0
1348110,15834410,0
1348110,16782810,1
1348110,17397913,0
1348110,18028541,0
1348110,19208343,0
1348110,19597497,0
1348110,21443790,0
1348110,22826236,1
1348110,23021952,0
1348110,23463007,0
1348110,23469939,0
1348110,23673632,0
1348110,24421904,0
1348110,24585688,0
1348110,25985394,0
1348110,25998228,0
1348110,26220749,0
1348110,26507712,0
1348110,26526858,0
1348110,26935106,0
1348110,26935107,0
1348110,27825136,0
1348110,28600325,0
1348110,29111199,0
1348110,29404495,0
1348110,29891551,0
1348110,31206195,0
1348110,31519912,0
1348110,31649152,0
1348110,32289375,0
1348110,32416070,0
1348110,32511403,0
1348110,32839764,0
1348110,32908310,0
1348110,33116299,0
1348110,33236003,0
1348110,33601339,0
1348110,33853355,0
1348110,33915568,0
1348110,34081913,0
1348110,34411378,0
1348110,34523966,0
1348110,34879241,0
1348110,35133984,0
1348110,35233546,0
1348110,35255712,0
1348110,35364013,0
1348110,35787684,0
1348110,36083891,0
1348110,36206731,0
1348110,36918693,0
1348110,37195197,0
1348110,37225988,0
1348110,37597510,0
1348110,38237586,0
1348110,38693412,0
1348110,38948765,0
1348677,22454234,0
1348677,26599327,0
1348677,28032673,0
1348677,29423132,0
1348677,34776864,0
1348677,37234859,0
1352661,24192833,0
1352661,25153325,0
1352661,33402536,0
1352661,34718550,0
1352661,37744107,0
1353104,22013162,0
1353104,23377542,0
1353104,27026076,1
1353104,27576952,1
1353104,34385420,0
1353603,20431086,0
1353603,22279145,0
1354137,25915600,1
1354137,28797240,0
1354137,30305427,1
1354137,30742630,0
1354137,30996346,0
1354137,31530843,0
1355554,12840040,0
1355554,15867382,0
1355554,16357179,0
1355554,17233922,1
1355554,17685434,1
1355554,18593933,1
1355554,18980691,1
1355554,20069569,1
1355554,22123828,1
1355554,22438570,1
1355554,23036268,1
1355554,24503136,1
1355554,25406666,0
1355554,26319495,1
1355554,26475477,1
1356284,19272164,1
1356284,21935428,1
1356284,30065029,0
1356284,30833353,0
1356284,30941426,0
1356284,31329973,0
1356284,34570834,0
1356284,37126720,0
1356964,23093778,1
1356964,23406356,0
1356964,26961242,0
1356964,28779136,0
1357105,24939058,1
1357105,26953603,1
1357105,27997543,1
1358085,24332033,0
1358085,25147232,0
1358085,26549455,1
1358085,26611474,0
1358085,27746097,1
1358085,29642015,0
1358085,32641748,1
1358085,34555356,0
1358085,35042798,0
1358085,36690626,0
1358085,39048817,0
1358085,39097198,0
1359757,27926516,1
1359772,19635926,1
1359772,20443905,1
1359772,20693378,1
1359772,20705797,1
1359772,20820852,1
1359772,21034448,1
1359772,21349909,1
1359772,21490961,1
1359772,21829517,1
1359772,22375630,1
1359772,22676183,1
1359772,22855713,1
1359772,23842454,1
1359772,23857717,1
1359772,24039793,1
1359772,24307700,1
1359772,24498427,1
1359772,25886353,1
1359772,26771416,1
1359772,26927796,1
1359772,28273093,1
1359772,28345955,1
1359772,28548877,1
1359772,29581847,1
1359772,29897792,1
1359772,32277131,1
1359772,32432483,1
1359772,32727470,1
1359772,32749854,1
1359772,34233672,1
1359772,34497273,1
1360341,32679107,0
1360373,37996443,0
1360539,21394097,0
1360539,22320325,0
1360539,24569712,0
1360539,24890018,0
1361438,21931769,0
1361438,21952072,0
1361438,22782891,0
1361438,24141779,0
1361438,25122745,0
1361438,33772001,1
1361438,35883107,0
1361438,36207293,0
1361438,37120619,0
1361438,37217832,0
1362158,17041601,0
1362158,17565378,0
1362158,17660535,0
1362158,19924793,0
1362158,20015954,0
1362158,21227998,0
1362158,21430154,0
1362158,22523571,0
1362158,22580345,0
1362158,24599453,1
1362158,24845860,1
1362158,32366993,0
1362757,22174314,0
1362757,26288846,0
1363384,24879114,0
1363384,38877290,0
1365314,18550839,1
1365314,19222804,1
1365314,20407027,0
1365314,20870966,1
1365314,21536901,0
1365314,30152752,1
1365314,30309899,0
1365314,32060173,1
1365682,24735877,1
1365682,25192463,1
1365682,25192464,0
1365682,25368381,0
1365682,26412562,0
1365682,27027282,1
1365682,28746311,0
1365682,30392959,0
1365682,32051560,1
1365682,32497523,0
1365682,32669713,1
1365682,34974159,0
1365682,36823172,0
1365682,37541244,0
1365682,37742191,0
1365682,38300709,0
1366060,19826428,0
1366060,20711236,0
1366060,21976543,0
1366060,22689993,0
1366060,22806580,1
1366060,23031258,0
1366060,24571673,0
1366060,24886537,1
1366060,25810463,0
1366060,26167915,1
1366060,26560356,0
1366060,27195705,0
1366060,27241552,0
1366060,27480274,0
1366060,27991928,0
1366060,28649985,0
1366060,28924151,0
1366060,32400970,1
1366060,34031589,0
1366060,34378323,1
1366060,34732895,0
1366060,35393420,1
1366060,36928661,0
1366060,37697435,0
1366060,38308367,1
1366137,34644150,0
1366823,28991266,0
1366823,29754954,0
1366823,32130917,1
1366823,33127955,0
1366823,33370286,0
1366823,35258704,0
1366823,38839949,1
1366823,38996918,0
1368141,21701487,0
1368141,26096065,0
1368141,27385100,0
1368141,27483382,0
1368141,28252645,0
1368141,29421152,0
1368141,29939160,0
1368141,30443311,0
1368141,31831875,0
1368141,32012890,0
1368141,33668084,0
1368141,34584066,0
1368184,27568558,0
1368184,33771887,0
1368184,37595589,0
1370046,31552482,1
1370046,32703941,0
1370046,32938979,0
1370680,21829537,0
1370680,24936470,0
1370680,26344044,0
1370680,26732624,0
1370680,31015529,1
1370680,33290741,0
1370680,37333155,0
1370680,38092041,0
1370847,21980173,0
1370847,29334373,0
1370847,30446660,0
1370847,31308078,0
1370847,33414138,0
1370847,34272475,0
1370847,34326198,0
1370847,34489456,0
1370847,35710867,0
1370847,36202854,0
1370847,38327800,0
1370847,38561804,0
1370847,38585916,0
1371696,35398222,0
1372048,21334429,0
1372048,22593193,0
1372048,26282327,0
1372048,27442111,0
1372048,28408459,0
1372048,28698620,0
1372048,29343721,0
1372048,29514634,0
1372048,29719259,0
1372048,29901772,0
1372048,30209397,0
1372048,30728292,0
1372048,31287994,0
1372048,31698461,0
1372048,32514071,0
1372048,32948837,0
1372048,34796552,0
1372048,34909713,0
1372048,35167498,0
1372048,36309522,1
1372048,37082139,0
1372048,37258521,0
1372048,37729615,0
1372048,38838225,0
1372091,23524971,0
1372091,24857656,0
1372091,25340504,0
1372091,26553210,1
1372091,27602759,0
1372091,28106309,0
1372091,28298438,0
1372091,28653111,0
1372091,29901136,0
1372091,30236109,0
1372091,31106149,0
1372091,31380274,0
1372091,31578346,0
1372091,31685921,0
1372091,32730293,0
1372091,33513359,0
1372091,34139149,0
1372091,34281396,1
1372091,35004673,0
1372091,35495953,0
1372091,36544159,0
1372091,36839265,0
1372091,37769108,0
1372091,37814815,0
1372091,38048222,0
1372091,38813868,0
1372255,22096101,0
1372255,23776209,0
1372255,23975027,1
1372255,26039282,1
1372255,26484126,1
1372255,26612583,1
1372255,26613016,1
1372255,27172225,1
1372255,27768893,1
1372255,28030832,1
1372255,30240750,1
1372255,30323285,0
1372255,30875235,0
1372255,31217904,0
1372255,31229557,0
1372255,31851934,0
1372255,32351541,1
1372255,32541879,0
1372255,32707573,0
1372255,32888486,0
1372255,33148325,0
1372255,33282720,0
1372255,33417778,0
1372255,34079898,0
1372255,34083527,0
1372255,34696474,1
1372255,34707105,0
1372255,34848712,0
1372255,35393414,0
1372255,35604506,0
1372255,36248850,0
1372255,36329447,0
1372255,37070173,0
1372255,37378317,1
1372255,37392167,0
1372255,37399395,0
1372255,38431383,0
1372255,38528952,0
1372255,38609156,0
1372255,38839956,0
1372255,39068433,0
1374332,28775249,0
1374332,34433969,0
1374332,36629912,0
1374499,28105698,1
1374499,28807940,0
1374499,29208650,0
1374499,32533805,0
1374499,33451349,0
1374557,12651607,0
1374557,18057241,0
1374557,18367535,0
1374557,18950829,0
1374557,26718060,0
1374557,27015311,0
1374557,28351917,0
1374557,28664171,0
1374557,29373746,0
1374557,32753502,0
1375665,20519630,1
1375665,22935140,0
1375665,25232062,1
1375665,28035374,1
1375665,29622548,1
1375665,31557894,1
1375665,35013097,1
1375689,27518660,0
1375689,29656941,0
1375689,29727685,0
1375689,39067718,0
1375734,29057876,0
1375734,33883687,0
1375734,34195686,0
1375734,34272228,0
1375734,34446707,0
1375734,34867983,0
1375734,35799782,0
1375734,36172600,0
1375734,37146076,0
1375734,37587191,0
1375980,35242938,1
1375980,35563635,0
1375980,37038186,1
1375980,38898005,1
1376475,22074760,0
1376475,24474804,0
1376475,32916131,0
1376475,33469030,0
1376475,39294368,0
1376907,34802521,1
1377112,24391219,0
1377112,36319622,0
1379189,33552094,0
1379443,31434869,1
1379443,32176820,0
1379443,33446752,0
1379443,37209997,0
1379443,37429863,0
1379443,37562294,0
1379443,37938576,0
1379443,37973845,0
1379443,38000033,0
1379443,38482753,0
1379443,39043703,0
1380080,10725359,0
1380080,17785431,0
1380080,18998772,0
1380080,21098123,0
1380080,21467572,0
1380080,24100010,0
1380080,26281848,1
1380080,28366642,0
1380080,30318445,1
1380080,30793188,0
1380080,32941642,1
1380080,34543624,1
1380080,36924499,0
1380087,34216539,0
1380849,34817551,1
1380849,35135958,0
1380849,37266426,1
1381980,34764253,0
1381980,36947858,1
1383416,24115267,0
1383416,24439387,0
1383416,24929828,0
1383416,25053977,0
1383416,26628922,0
1383416,27723719,1
1383416,27821408,0
1383416,29615514,0
1383416,30111840,0
1383416,30655337,1
1383416,30846691,1
1383416,31599722,1
1383416,33402679,0
1383416,34397088,1
1383416,35762231,1
1383416,35976266,1
1383416,36330771,1
1383416,36765091,0
1385171,21984916,0
1385171,23028969,1
1385171,30371824,1
1385345,21670738,0
1385345,23162540,0
1385345,26888865,0
1385345,27539849,0
1385345,29330205,0
1385345,30355484,0
1385345,30536754,0
1385345,30582219,0
1385345,31418690,0
1385345,33484195,0
1385345,33510216,0
1385345,33619282,0
1385345,34288010,0
1385345,35025731,0
1385345,36215509,0
1385345,38736550,0
1385345,39172838,0
1385544,20193684,0
1385544,21364009,0
1385544,28974560,0
1385544,37746265,1
1385544,38115217,0
1385614,29682174,0
1385614,31426508,0
1385614,32660606,1
1385614,33088283,0
1385614,34208581,0
1385614,35807851,0
1385854,30455465,0
1385854,32891189,0
1387059,29360169,0
1387059,36038904,0
1387059,38432633,1
1387532,31053162,0
1387532,36639926,1
1388057,27044867,0
1388057,28249168,0
1388057,30955884,0
1388057,32928922,0
1388057,36653361,0
1388057,37802055,1
1388057,38733583,0
1389243,26650186,0
1390150,12893945,0
1390150,14593172,0
1390150,15310842,0
1390150,15314653,0
1390150,15659631,0
1390150,15753290,0
1390150,15890899,0
1390150,16107481,0
1390150,16284307,0
1390150,16311605,0
1390150,16920797,1
1390150,16949657,1
1390150,18160042,1
1390150,18423832,1
1390150,18486559,1
1390150,19196655,1
1390150,19210792,0
1390150,19752216,0
1390150,19829295,0
1390150,20452322,0
1390150,20944595,0
1390150,21289626,0
1390150,21552279,0
1390150,22136931,0
1390150,22156296,0
1390150,22540040,0
1390150,23467092,1
1390150,23739894,1
1390150,23828890,1
1390150,24711395,0
1390150,24992598,0
1390150,25008523,0
1390150,25122152,0
1390150,25170028,0
1390150,25192464,0
1390150,25215497,0
1390150,25413365,0
1390150,25693564,0
1390150,25693566,0
1390150,25865501,0
1390150,25945737,0
1390150,26030523,0
1390150,26087164,0
1390150,26261339,0
1390150,26724867,0
1390150,26784972,0
1390150,26928226,0
1390150,26949250,0
1390150,27203113,1
1390150,27243651,1
1390150,27419873,1
1390150,27424783,1
1390150,27540173,1
1390150,27694846,0
1390150,27811239,1
1390150,27840020,1
1390150,27859855,0
1390150,28009303,1
1390150,28106918,0
1390150,28320934,0
1390150,28798132,1
1390150,28911331,0
1390150,29686312,1
1390150,30188322,0
1390150,30237449,1
1390150,30325306,0
1390150,30644360,1
1390150,30657772,1
1390150,31418686,1
1390150,31501549,1
1390150,31585079,0
1390150,31662474,1
1390150,31755159,0
1390150,31802000,0
1390150,32086365,0
1390150,32159514,0
1390150,32170290,1
1390150,32396852,0
1390150,32822486,0
1390150,33046443,0
1390150,33462491,0
1390150,33479225,0
1390150,33637727,0
1390150,33976139,0
1390150,34140685,1
1390150,34494546,0
1390150,34545083,0
1390150,34616061,1
1390150,34616062,1
1390150,34616065,0
1390150,34616068,0
1390150,35027454,0
1390150,35411591,0
1390150,35419551,1
1390150,35604009,1
1390150,35666176,0
1390150,36437415,0
1390150,36945593,0
1390150,37131654,1
1390150,37183219,0
1390150,37500667,0
1390150,37783879,1
1390150,37824643,0
1390150,37824674,1
1390150,38092917,0
1390150,38092918,0
1390150,38092919,1
1390150,38200311,0
1391078,16965766,1
1391078,27071537,0
1391078,31257073,0
1391078,32034154,0
1391078,35857848,1
1391113,25519955,0
1391113,26278040,0
1391113,29290627,0
1391113,30590035,0
1391113,35679863,0
1391455,25157170,0
1391455,27113499,0
1391455,28439016,0
1391455,31348890,0
1391455,33750804,0
1391455,36261025,0
1391455,37684234,0
1392192,23000141,0
1392192,26950362,0
1392192,27941241,0
1392192,31187215,0
1392192,31242426,0
1392192,36503150,0
1392727,37729871,0
1392946,22445484,1
1392946,23352430,1
1392946,25079327,1
1392946,28607076,1
1392946,29045844,0
1392946,29958801,0
1392946,30745086,0
1392946,32049053,0
1392946,32123397,1
1392946,32150623,0
1392946,34358447,0
1392946,34433064,1
1392946,35182476,0
1392946,35228745,0
1392946,37527035,0
1392946,37592014,0
1392946,39110799,1
1392965,30118678,0
1392965,30833784,0
1392965,35914133,1
1392965,36747093,0
1393659,30733330,0
1393659,31447324,0
1393659,32272082,1
1393659,32460431,0
1393659,33606988,1
1393659,33691105,1
1393659,35430298,0
1393820,22194415,0
1393820,22529382,0
1393820,23104559,0
1393820,23284171,0
1393820,23716604,1
1393820,26451606,1
1393820,27151938,0
1393820,27158133,0
1393820,27869162,0
1393820,28232602,1
1393820,28760966,0
1393820,29634432,0
1393820,32513715,0
1393820,32631996,0
1393820,33495575,1
1393820,33741948,1
1393820,34546377,0
1393820,34766154,0
1393820,35084807,0
1393820,35093590,0
1393820,35177031,1
1393820,35850385,0
1393820,35984304,1
1393820,36037374,1
1393820,36282915,1
1393820,36778348,0
1393820,37334609,1
1393820,37405912,1
1393820,39071312,1
1393820,39289471,0
1394741,26190106,0
1394741,26321254,1
1394741,26603343,0
1394741,26671237,1
1394741,26902285,1
1394741,27065194,1
1394741,27315811,1
1394741,27993988,1
1394741,28457705,0
1394741,28831102,0
1394741,29361555,0
1394741,29367615,1
1394741,29423270,0
1394741,30008324,0
1394741,30042384,0
1394741,30472193,0
1394741,30570107,0
1394741,30700908,0
1394741,31073028,0
1394741,31450981,1
1394741,31802519,0
1394741,31979107,0
1394741,32112110,0
1394741,32144352,1
1394741,32290278,1
1394741,32479508,0
1394741,33552118,0
1394741,33692994,0
1394741,33763686,0
1394741,33899080,0
1394741,33993190,0
1394741,34520261,0
1394741,34534335,0
1394741,34671010,0
1394741,34709113,0
1394741,35155564,0
1394741,35333354,0
1394741,35469026,0
1394741,35575026,0
1394741,35788719,0
1394741,36071055,0
1394741,36219398,0
1394741,36319643,0
1394741,38169284,1
1394741,38281188,0
1394741,38649617,0
1394741,39106166,0
