author_id,series_id,contact
403,GSE679,0
403,GSE76510,0
2048,GSE5845,0
2048,GSE5846,0
3235,GSE6048,0
3974,GSE6199,0
3974,GSE6200,0
4533,GSE6304,0
4763,GSE6340,0
5517,GSE53357,0
7159,GSE53588,0
10196,GSE6645,0
10606,GSE6732,0
11362,GSE6063,0
11362,GSE6853,0
12026,GSE6965,0
12159,GSE125040,0
12159,GSE6988,0
14192,GSE7364,0
14470,GSE7405,0
14470,GSE7406,0
15267,GSE7553,0
15285,GSE7554,0
16644,GSE207003,0
16644,GSE7814,0
16987,GSE7852,0
17703,GSE7985,0
17703,GSE7986,0
18089,GSE12623,0
18089,GSE133110,0
18089,GSE153648,0
18089,GSE159648,0
18089,GSE197703,0
18089,GSE20117,0
18089,GSE20118,0
18089,GSE28656,0
18089,GSE38500,0
18089,GSE39404,0
18089,GSE8052,0
18089,GSE99475,0
18153,GSE8061,0
18902,GSE8239,0
19128,GSE8300,0
19240,GSE8327,0
19240,GSE8846,0
19270,GSE107764,0
19270,GSE108979,0
19270,GSE108980,0
19270,GSE108981,0
19270,GSE142221,0
19270,GSE146911,0
19270,GSE150683,0
19270,GSE155684,0
19270,GSE155685,0
19270,GSE155686,0
19270,GSE160186,0
19270,GSE168509,0
19270,GSE168510,0
19270,GSE184869,0
19270,GSE200300,0
19270,GSE200435,0
19270,GSE204825,0
19270,GSE23120,0
19270,GSE235052,0
19270,GSE236749,0
19270,GSE236750,0
19270,GSE24277,0
19270,GSE27375,0
19270,GSE43702,0
19270,GSE6028,0
19270,GSE8332,0
19270,GSE93204,0
20521,GSE8565,0
20661,GSE7879,0
20661,GSE8590,0
20689,GSE122148,0
20689,GSE214033,0
20689,GSE8596,0
20689,GSE8665,0
20924,GSE8644,0
22289,GSE8886,0
22760,GSE103912,0
22760,GSE104274,0
22760,GSE127004,0
22760,GSE127060,0
22760,GSE133090,0
22760,GSE35918,0
22760,GSE8967,0
23021,GSE9004,0
23577,GSE9115,0
23665,GSE174252,0
23665,GSE9128,0
24789,GSE9349,0
25107,GSE9423,0
26412,GSE9613,0
27333,GSE48216,0
27333,GSE9782,0
27357,GSE9784,0
29882,GSE10172,0
29882,GSE22470,0
29882,GSE4475,0
30258,GSE10211,0
32133,GSE10547,0
33127,GSE10716,0
33874,GSE10845,0
34303,GSE10902,0
34941,GSE11038,0
36445,GSE1158,0
37497,GSE115098,0
37497,GSE1506,0
37497,GSE155468,0
37497,GSE1560,0
37497,GSE178598,0
37497,GSE17901,0
37497,GSE19873,0
37497,GSE2143,0
37497,GSE36875,0
37497,GSE39477,0
37497,GSE51226,0
37497,GSE51227,0
37497,GSE51228,0
37497,GSE51229,0
37497,GSE515,0
37497,GSE56105,0
37497,GSE62992,0
37497,GSE72773,0
37497,GSE72775,0
37497,GSE72777,0
37497,GSE78874,0
37497,GSE89465,0
37854,GSE1585,0
37854,GSE1586,0
38178,GSE1674,0
38178,GSE19342,0
38973,GSE11321,0
38973,GSE905,0
39046,GSE11331,0
40041,GSE11488,0
41899,GSE103665,0
41899,GSE11836,0
41899,GSE54691,0
41948,GSE11845,0
42080,GSE11864,0
43193,GSE11986,0
43193,GSE9792,0
43522,GSE12034,0
43617,GSE12050,0
44232,GSE12140,0
45637,GSE12350,1
45678,GSE12358,0
45678,GSE12359,0
45678,GSE12365,0
46105,GSE12422,0
46105,GSE205523,0
46105,GSE205525,0
46105,GSE205527,0
46105,GSE86633,0
46105,GSE86634,0
46105,GSE86635,0
46105,GSE86636,0
46105,GSE86637,0
46105,GSE86638,0
46105,GSE86639,0
46105,GSE86640,0
46352,GSE12457,0
46831,GSE12540,0
47237,GSE12612,0
47237,GSE12632,0
48019,GSE12743,0
48019,GSE12744,0
48019,GSE12745,0
48019,GSE12746,0
48019,GSE12747,0
48019,GSE16466,0
48622,GSE12866,0
49390,GSE109372,1
49390,GSE12988,0
49390,GSE52718,0
49390,GSE52719,0
49390,GSE52720,0
49465,GSE13002,1
49465,GSE9520,1
50330,GSE13163,0
50677,GSE13229,0
51910,GSE13417,0
53022,GSE13601,0
53087,GSE13611,0
53087,GSE13612,0
53087,GSE15093,0
53087,GSE7182,0
54329,GSE13835,0
54329,GSE13836,0
54329,GSE13865,0
54329,GSE1478,0
54413,GSE13501,0
54413,GSE13849,0
54413,GSE7753,0
54757,GSE13899,0
55708,GSE14049,0
56188,GSE14221,0
56188,GSE7396,0
58113,GSE14480,0
58113,GSE33240,0
58277,GSE11661,0
58277,GSE12959,0
58277,GSE14339,0
58277,GSE14512,0
58277,GSE90073,0
58277,GSE90074,0
58277,GSE90076,0
59292,GSE14668,0
59537,GSE14700,0
60211,GSE12941,0
60211,GSE14827,0
60211,GSE8167,0
60466,GSE14860,0
63628,GSE106156,0
63628,GSE11513,0
63628,GSE118337,0
63628,GSE15390,0
63628,GSE155867,0
63628,GSE169683,0
63628,GSE208579,0
63628,GSE4018,0
63628,GSE45980,0
63628,GSE60807,0
63628,GSE60860,0
63628,GSE60861,0
63628,GSE95026,0
64183,GSE15477,0
64195,GSE136313,0
64195,GSE136568,0
64195,GSE141114,0
64195,GSE142223,0
64195,GSE142834,0
64195,GSE150468,0
64195,GSE15479,0
64195,GSE179006,0
64195,GSE179515,0
64195,GSE19595,0
64195,GSE47025,0
64195,GSE56542,0
64195,GSE56543,0
64195,GSE56544,0
64195,GSE72998,0
64195,GSE98646,0
64195,GSE98648,0
64524,GSE15543,0
64987,GSE15614,0
66645,GSE15852,0
66658,GSE15856,0
66658,GSE46019,0
66658,GSE57563,0
66658,GSE64767,0
66749,GSE15876,0
66749,GSE21338,0
67472,GSE15930,0
68185,GSE103321,0
68185,GSE117315,0
68185,GSE117316,0
68185,GSE117318,0
68185,GSE120664,0
68185,GSE120668,0
68185,GSE120669,0
68185,GSE137887,0
68185,GSE141154,0
68185,GSE144899,0
68185,GSE144900,0
68185,GSE146126,0
68185,GSE155958,0
68185,GSE157670,0
68185,GSE16071,0
68185,GSE184738,0
68185,GSE190317,0
68185,GSE231563,0
68185,GSE231564,0
68185,GSE231565,0
68185,GSE47126,0
68185,GSE82199,0
68237,GSE12768,0
68237,GSE16079,0
68237,GSE57733,0
68237,GSE57831,0
68237,GSE57832,0
68362,GSE16111,0
69104,GSE16214,0
69492,GSE16267,0
69622,GSE16348,0
70378,GSE16461,0
70799,GSE16529,0
70799,GSE23931,0
71852,GSE102498,0
71852,GSE153613,0
71852,GSE16716,0
71852,GSE20194,0
71852,GSE24061,0
71852,GSE24080,0
71852,GSE242179,0
71852,GSE24363,0
71852,GSE24417,0
71852,GSE260704,0
71852,GSE78944,0
71852,GSE87534,0
71852,GSE99180,0
72926,GSE1762,0
73047,GSE1791,0
73120,GSE1803,0
73161,GSE1813,0
73374,GSE1854,0
74395,GSE2052,0
76673,GSE17029,0
76692,GSE17032,0
76774,GSE153017,0
76774,GSE17046,0
78072,GSE17266,0
78072,GSE17794,0
78072,GSE17796,0
78072,GSE17880,0
78105,GSE17269,0
79924,GSE11350,0
79924,GSE17579,0
80129,GSE17614,0
80202,GSE11869,0
80202,GSE17624,0
80202,GSE71717,0
80223,GSE17630,0
80793,GSE104712,0
80793,GSE104713,0
80793,GSE106649,0
80793,GSE17725,0
80793,GSE254310,0
80793,GSE72381,0
80793,GSE72382,0
80793,GSE72479,0
80793,GSE72493,0
80793,GSE72499,0
80793,GSE86307,0
80793,GSE86325,0
80988,GSE17753,0
80988,GSE22442,0
81584,GSE17828,0
81670,GSE17844,0
81802,GSE1483,0
81802,GSE17858,0
81882,GSE17873,0
81882,GSE26071,0
81882,GSE39232,0
81937,GSE17886,0
82697,GSE18009,1
83758,GSE18157,0
84694,GSE18313,0
85158,GSE18388,1
85233,GSE18397,0
86028,GSE18553,0
86310,GSE18592,0
86730,GSE18664,0
87174,GSE101592,1
87174,GSE105226,0
87174,GSE10685,0
87174,GSE107455,0
87174,GSE107456,0
87174,GSE110464,0
87174,GSE110465,0
87174,GSE110985,1
87174,GSE110986,1
87174,GSE123543,0
87174,GSE124930,1
87174,GSE128357,1
87174,GSE129107,1
87174,GSE129393,0
87174,GSE133535,0
87174,GSE133536,0
87174,GSE133537,0
87174,GSE133538,0
87174,GSE133539,0
87174,GSE133540,0
87174,GSE133541,0
87174,GSE133542,0
87174,GSE133543,0
87174,GSE133544,0
87174,GSE133545,0
87174,GSE133546,0
87174,GSE133547,0
87174,GSE133548,0
87174,GSE133549,0
87174,GSE136869,0
87174,GSE141469,0
87174,GSE148343,1
87174,GSE156196,1
87174,GSE156318,0
87174,GSE156611,1
87174,GSE161467,0
87174,GSE164722,0
87174,GSE164723,0
87174,GSE166356,0
87174,GSE172488,0
87174,GSE182455,0
87174,GSE18732,0
87174,GSE197665,0
87174,GSE199851,0
87174,GSE205157,0
87174,GSE205158,0
87174,GSE205162,0
87174,GSE25720,1
87174,GSE25929,0
87174,GSE33717,0
87174,GSE39371,1
87174,GSE55934,0
87174,GSE60751,0
87174,GSE60847,0
87174,GSE69402,0
87174,GSE71155,0
87174,GSE74062,0
87174,GSE85955,0
87174,GSE97657,0
88222,GSE18919,0
88222,GSE27858,0
88603,GSE115477,0
88603,GSE116299,0
88603,GSE117271,0
88603,GSE117403,0
88603,GSE120716,0
88603,GSE121086,0
88603,GSE145838,0
88603,GSE145843,0
88603,GSE145861,0
88603,GSE145865,0
88603,GSE145928,0
88603,GSE145929,0
88603,GSE166395,0
88603,GSE172301,0
88603,GSE172316,0
88603,GSE172347,0
88603,GSE172352,0
88603,GSE172357,0
88603,GSE172515,0
88603,GSE173096,0
88603,GSE178934,0
88603,GSE18976,0
88603,GSE196305,0
88603,GSE196306,0
88603,GSE196308,0
88603,GSE196309,0
88603,GSE196310,0
88603,GSE250370,0
88603,GSE36924,0
88603,GSE49149,0
88603,GSE61502,0
88603,GSE62400,0
88751,GSE19014,0
90907,GSE19367,0
91047,GSE19391,0
91344,GSE102020,0
91344,GSE144547,0
91344,GSE19418,0
91344,GSE41484,0
91344,GSE63733,1
91344,GSE67659,1
93495,GSE19729,0
93495,GSE2192,0
94796,GSE19912,0
94919,GSE19340,0
94919,GSE19926,0
95261,GSE19984,0
95505,GSE20016,0
96312,GSE20142,0
96312,GSE20332,0
96633,GSE20178,0
97841,GSE20329,0
98385,GSE20420,0
98929,GSE20501,0
98965,GSE20504,0
99777,GSE20628,0
99864,GSE110893,0
99864,GSE156002,0
99864,GSE157947,0
99864,GSE160732,0
99864,GSE17187,0
99864,GSE20643,0
99864,GSE207077,0
99864,GSE230073,0
99864,GSE26274,0
99864,GSE26441,0
99864,GSE42013,0
99864,GSE50937,0
99864,GSE5451,0
99864,GSE54997,0
99864,GSE54998,0
99864,GSE54999,0
99864,GSE55197,0
99864,GSE55328,0
99864,GSE59876,0
99864,GSE63246,0
99864,GSE87335,0
99864,GSE90150,0
100995,GSE20930,0
101134,GSE120774,0
101134,GSE15773,0
101134,GSE20950,0
101134,GSE28440,0
101134,GSE76319,0
102539,GSE21164,1
102868,GSE21221,0
103219,GSE21266,0
104059,GSE21415,0
104441,GSE21499,0
104847,GSE21545,0
105323,GSE21614,0
105323,GSE21621,0
105582,GSE21651,0
105821,GSE21687,0
108029,GSE129545,0
108029,GSE14069,0
108029,GSE153929,0
108029,GSE159345,0
108029,GSE167080,0
108029,GSE178562,0
108029,GSE178758,0
108029,GSE179745,0
108029,GSE186527,0
108029,GSE212461,0
108029,GSE212482,0
108029,GSE22060,1
108029,GSE23143,0
108029,GSE24797,0
108029,GSE248247,0
108029,GSE25265,0
108029,GSE25268,0
108029,GSE25274,0
108029,GSE29257,0
108029,GSE29258,0
108029,GSE78077,1
108212,GSE111368,0
108212,GSE11244,0
108212,GSE133253,0
108212,GSE2096,1
108212,GSE220520,0
108212,GSE22083,0
108212,GSE26506,1
108212,GSE30179,0
108212,GSE4460,1
108212,GSE68449,0
108212,GSE95682,0
108746,GSE22141,0
108746,GSE22142,0
108746,GSE22143,0
108746,GSE22144,0
108746,GSE22145,0
108746,GSE22146,0
108746,GSE22147,0
109215,GSE2444,0
109502,GSE2502,0
109743,GSE2535,0
109743,GSE72634,0
109846,GSE1,0
109846,GSE2553,0
110796,GSE2719,0
111353,GSE2847,0
111353,GSE2848,0
111353,GSE7587,0
111933,GSE2988,0
112380,GSE22229,0
112380,GSE66612,0
112475,GSE22245,0
112663,GSE22277,0
112724,GSE22284,0
113300,GSE20396,0
113300,GSE22338,0
113409,GSE18967,0
113409,GSE22358,0
113721,GSE22410,0
114282,GSE22506,0
114479,GSE22528,0
116201,GSE22857,0
118349,GSE23183,0
118889,GSE17055,0
118889,GSE17056,0
118889,GSE17057,0
118889,GSE23342,0
118978,GSE115908,0
118978,GSE11972,0
118978,GSE127987,0
118978,GSE128983,0
118978,GSE13095,0
118978,GSE138580,0
118978,GSE155501,1
118978,GSE162591,0
118978,GSE162592,0
118978,GSE162593,0
118978,GSE171407,0
118978,GSE171408,0
118978,GSE171409,0
118978,GSE171410,0
118978,GSE17429,1
118978,GSE17958,0
118978,GSE181143,0
118978,GSE190703,0
118978,GSE196135,0
118978,GSE196142,0
118978,GSE196143,0
118978,GSE196508,0
118978,GSE199828,0
118978,GSE199829,0
118978,GSE199830,0
118978,GSE199831,0
118978,GSE201080,0
118978,GSE201807,0
118978,GSE201812,0
118978,GSE201813,0
118978,GSE201814,0
118978,GSE201815,0
118978,GSE201816,0
118978,GSE201817,0
118978,GSE203568,0
118978,GSE203569,0
118978,GSE203570,0
118978,GSE203571,0
118978,GSE21122,0
118978,GSE21123,0
118978,GSE21124,0
118978,GSE229232,0
118978,GSE23351,0
118978,GSE26760,0
118978,GSE26849,0
118978,GSE26863,0
118978,GSE273063,0
118978,GSE32301,0
118978,GSE36458,0
118978,GSE36459,0
118978,GSE36460,0
118978,GSE42363,0
118978,GSE45277,0
118978,GSE45278,0
118978,GSE45279,0
118978,GSE45280,0
118978,GSE45281,0
118978,GSE45282,0
118978,GSE52939,0
118978,GSE56835,0
118978,GSE65542,0
118978,GSE71199,0
118978,GSE76892,0
118978,GSE77342,0
118978,GSE81062,0
118978,GSE86151,0
118978,GSE90742,0
118978,GSE96990,0
118978,GSE9829,0
118978,GSE9843,0
118978,GSE9845,0
119373,GSE100467,0
119373,GSE106648,0
119373,GSE12038,0
119373,GSE121212,0
119373,GSE122933,0
119373,GSE13355,0
119373,GSE133758,0
119373,GSE135770,0
119373,GSE136262,0
119373,GSE138318,0
119373,GSE145474,0
119373,GSE150051,0
119373,GSE150202,0
119373,GSE150836,0
119373,GSE153815,0
119373,GSE154650,0
119373,GSE160432,0
119373,GSE161678,0
119373,GSE161777,0
119373,GSE161778,0
119373,GSE162086,0
119373,GSE163733,0
119373,GSE169568,0
119373,GSE169569,0
119373,GSE169570,0
119373,GSE177044,0
119373,GSE179923,0
119373,GSE181261,0
119373,GSE188509,0
119373,GSE190482,0
119373,GSE191297,0
119373,GSE191328,0
119373,GSE191331,0
119373,GSE196410,0
119373,GSE196411,0
119373,GSE196481,0
119373,GSE19767,0
119373,GSE20142,0
119373,GSE20332,0
119373,GSE206337,0
119373,GSE210714,0
119373,GSE210721,0
119373,GSE210763,0
119373,GSE21699,0
119373,GSE21746,0
119373,GSE22619,0
119373,GSE226701,0
119373,GSE227638,0
119373,GSE227847,0
119373,GSE23394,0
119373,GSE27899,0
119373,GSE28207,0
119373,GSE31568,0
119373,GSE37916,0
119373,GSE42861,0
119373,GSE43976,0
119373,GSE61741,0
119373,GSE75152,0
119373,GSE88826,0
119373,GSE89051,0
119373,GSE94402,0
119766,GSE23495,0
119791,GSE23499,0
120475,GSE23601,0
121843,GSE23834,0
121843,GSE241786,0
123162,GSE24084,1
124180,GSE24252,0
124324,GSE19612,0
124324,GSE24282,0
124324,GSE24283,0
124324,GSE24284,0
124324,GSE6887,0
124863,GSE111120,0
124863,GSE143367,0
124863,GSE222044,0
124863,GSE24368,0
124863,GSE261983,0
124863,GSE32239,0
125092,GSE24418,0
125560,GSE24489,0
126487,GSE24625,0
126487,GSE50245,0
126622,GSE24646,0
126622,GSE24647,0
126622,GSE24648,0
126622,GSE24649,0
126622,GSE24650,0
126622,GSE24651,0
126622,GSE24652,0
126622,GSE24653,0
126622,GSE24654,0
126622,GSE24655,0
126622,GSE24656,0
126622,GSE24657,0
126622,GSE24658,0
126622,GSE24659,0
126622,GSE24660,0
126622,GSE24661,0
126622,GSE24662,0
126622,GSE24663,0
126622,GSE24664,0
126622,GSE24665,0
126622,GSE24710,0
128608,GSE25016,0
128615,GSE25016,0
128900,GSE25071,0
130759,GSE25373,0
132256,GSE245661,0
132256,GSE251790,0
132256,GSE251792,0
132256,GSE251872,0
132256,GSE254030,0
132256,GSE25580,0
132256,GSE30724,0
132723,GSE25656,0
133289,GSE25757,0
133289,GSE74068,0
133636,GSE25823,0
133636,GSE25841,0
133636,GSE25843,0
133636,GSE25845,0
133636,GSE25850,0
133636,GSE25851,0
133636,GSE25852,0
133636,GSE25855,0
133636,GSE25856,0
133655,GSE25823,0
133655,GSE25841,0
133655,GSE25843,0
133655,GSE25845,0
133655,GSE25850,0
133655,GSE25851,0
133655,GSE25852,0
133655,GSE25855,0
133655,GSE25856,0
134980,GSE26072,0
134980,GSE26109,0
134980,GSE26118,0
135907,GSE26239,0
135958,GSE26250,0
136133,GSE26279,0
136134,GSE26279,0
136557,GSE26343,0
137246,GSE10388,0
137246,GSE15073,0
137246,GSE17831,0
137246,GSE26448,0
137246,GSE30831,0
137246,GSE8137,0
138462,GSE26626,0
138526,GSE26636,0
138548,GSE26638,0
139491,GSE26787,0
140451,GSE26943,0
141742,GSE27145,0
141742,GSE27216,0
141742,GSE27229,0
141742,GSE27251,0
141742,GSE27364,0
141742,GSE27367,0
142125,GSE27212,0
142876,GSE17053,0
142876,GSE19773,0
142876,GSE19794,0
142876,GSE19795,0
142876,GSE22830,0
142876,GSE27314,0
142876,GSE40629,0
143627,GSE3113,0
144017,GSE3193,0
145060,GSE196843,0
145060,GSE3313,0
145060,GSE3383,0
145101,GSE3399,0
145684,GSE3499,0
145740,GSE16003,0
145740,GSE1646,0
145740,GSE3508,0
145740,GSE3509,0
146624,GSE27476,1
147877,GSE27706,0
148309,GSE27838,0
148621,GSE27883,0
148996,GSE27931,0
149945,GSE28094,0
150122,GSE28133,0
150624,GSE28217,0
151004,GSE28275,0
152338,GSE28510,0
152724,GSE28579,0
153408,GSE28681,0
153711,GSE28719,1
154039,GSE28790,0
154860,GSE11211,0
154860,GSE13156,0
154860,GSE28999,0
154860,GSE29014,0
154860,GSE29015,0
155852,GSE29188,0
155919,GSE29204,0
155919,GSE29268,0
155919,GSE29269,0
156707,GSE20943,0
156707,GSE29353,1
156776,GSE29365,0
157968,GSE29579,0
158039,GSE29593,0
159340,GSE29811,0
159500,GSE29859,0
159722,GSE29909,0
160016,GSE29980,0
160574,GSE29585,0
160574,GSE30085,0
160984,GSE30159,0
161129,GSE30183,0
161345,GSE30219,0
162920,GSE16256,0
162920,GSE30434,0
163079,GSE30459,0
164055,GSE30610,0
164107,GSE30615,0
164521,GSE30663,0
164863,GSE30700,0
165337,GSE30774,0
165486,GSE118615,0
165486,GSE225593,0
165486,GSE30806,0
165904,GSE14544,0
165904,GSE30874,0
166113,GSE30914,0
167117,GSE31061,0
168940,GSE31312,0
170162,GSE31553,0
170684,GSE31622,0
171736,GSE31790,0
171841,GSE31812,0
172860,GSE32035,0
173133,GSE32062,0
173133,GSE32063,0
173544,GSE32124,0
173544,GSE32258,0
173544,GSE32259,0
176197,GSE32516,0
176504,GSE32567,0
176557,GSE32575,0
178098,GSE3876,0
178145,GSE23332,0
178145,GSE2657,0
178145,GSE26769,0
178145,GSE3807,0
178145,GSE3882,0
178145,GSE4571,0
178376,GSE3928,0
178432,GSE21816,0
178432,GSE3933,0
178562,GSE19274,0
178562,GSE3960,0
178690,GSE154166,0
178690,GSE3982,0
178690,GSE4014,0
179063,GSE4048,0
179637,GSE32645,0
180658,GSE32896,1
180784,GSE32915,0
180931,GSE32936,0
181096,GSE32967,0
181096,GSE33053,0
181096,GSE33054,0
181711,GSE33058,0
182024,GSE33128,0
182857,GSE33269,0
182857,GSE6335,0
182857,GSE8789,0
184023,GSE127760,1
184023,GSE33442,0
184023,GSE82172,0
184023,GSE82173,0
184054,GSE33446,0
184614,GSE28851,0
184614,GSE33527,0
184648,GSE33536,0
184760,GSE33561,0
185188,GSE33636,0
185188,GSE33637,0
185188,GSE33638,0
185188,GSE67165,0
185188,GSE67166,0
185188,GSE67167,0
185268,GSE33650,0
185309,GSE33655,0
191611,GSE12040,0
191611,GSE34759,0
191826,GSE16658,0
191826,GSE18838,0
191826,GSE20141,0
191826,GSE20146,0
191826,GSE20153,0
191826,GSE20159,0
191826,GSE20163,0
191826,GSE20164,0
191826,GSE20168,0
191826,GSE20186,0
191826,GSE20291,0
191826,GSE20292,0
191826,GSE20295,0
191826,GSE20314,0
191826,GSE220048,0
191826,GSE220049,0
191826,GSE220050,0
191826,GSE24378,0
191826,GSE34788,0
191826,GSE6613,0
191826,GSE72916,0
191984,GSE34816,0
191988,GSE34817,0
192952,GSE34964,1
192952,GSE8912,0
192952,GSE8913,0
192952,GSE8925,0
192952,GSE8926,0
192952,GSE8927,0
193141,GSE35002,0
193880,GSE35124,0
194441,GSE35213,0
195242,GSE12971,0
195242,GSE13449,0
195242,GSE13458,0
195242,GSE13459,0
195242,GSE13577,0
195242,GSE35358,0
195381,GSE123112,0
195381,GSE35381,0
195848,GSE110617,0
195848,GSE35460,0
196046,GSE35487,0
196046,GSE35488,0
196046,GSE35489,0
196916,GSE35640,0
196933,GSE35643,1
197131,GSE35677,0
197460,GSE35740,0
199939,GSE36122,0
200243,GSE36172,0
200243,GSE42595,0
201367,GSE202723,0
201367,GSE36355,0
202447,GSE36082,0
202447,GSE36266,0
202447,GSE36267,0
202447,GSE36530,0
202447,GSE38044,0
202933,GSE14206,0
202933,GSE16120,0
202933,GSE17630,0
202933,GSE30903,0
202933,GSE36622,0
203316,GSE15885,0
203316,GSE204836,0
203316,GSE236713,0
203316,GSE36705,0
203316,GSE36706,0
203316,GSE36707,0
203316,GSE36708,0
203316,GSE36709,0
203316,GSE36711,0
203316,GSE36712,0
203316,GSE36734,0
203316,GSE36738,0
203316,GSE36739,0
203316,GSE36740,0
203316,GSE36742,0
203316,GSE36744,0
203316,GSE36746,0
203316,GSE36747,0
203316,GSE36748,0
203316,GSE46355,1
203316,GSE47695,0
203316,GSE47970,0
203316,GSE47972,0
203316,GSE74030,0
203316,GSE76703,0
203597,GSE36787,0
203597,GSE61932,0
203597,GSE61933,0
203597,GSE62879,0
203849,GSE36830,0
204994,GSE36950,0
204994,GSE37141,0
204994,GSE37142,0
204994,GSE37654,0
204994,GSE37656,0
204994,GSE37657,0
205122,GSE30615,0
205122,GSE36959,0
207173,GSE106548,0
207173,GSE37273,0
207236,GSE37283,0
207644,GSE29060,0
207644,GSE37364,0
207745,GSE10109,0
207745,GSE15353,0
207745,GSE37382,0
207745,GSE37384,0
207745,GSE37385,0
207745,GSE4726,0
207745,GSE49618,0
210710,GSE12647,1
210710,GSE4226,1
210710,GSE4227,1
210710,GSE4229,1
212952,GSE37853,0
213389,GSE37916,0
213597,GSE37916,0
213690,GSE37935,0
215477,GSE38265,0
215735,GSE38267,0
215779,GSE38267,0
215984,GSE38312,0
216437,GSE38402,0
216437,GSE75387,0
216805,GSE38467,0
217798,GSE38642,0
217798,GSE44035,0
217835,GSE38645,0
217958,GSE38665,0
218067,GSE38680,0
218249,GSE38705,0
219774,GSE38978,0
219774,GSE39254,0
219774,GSE39255,0
219774,GSE39258,0
220033,GSE39010,0
221325,GSE39213,0
222133,GSE39342,0
222367,GSE35332,0
222367,GSE39382,0
222632,GSE33131,0
222632,GSE39439,0
222632,GSE8725,0
222632,GSE9862,0
222656,GSE18358,0
222656,GSE39441,0
223170,GSE108034,0
223170,GSE10841,0
223170,GSE113087,0
223170,GSE2900,0
223170,GSE39525,0
223170,GSE39850,0
223170,GSE39875,0
223170,GSE84849,0
223170,GSE95341,0
223908,GSE39640,0
223920,GSE39642,0
223920,GSE39643,0
223920,GSE39644,0
224556,GSE39717,0
224556,GSE42738,0
224556,GSE42739,0
224556,GSE42740,0
224679,GSE39745,0
224725,GSE39752,0
226629,GSE40048,0
226629,GSE40074,0
226629,GSE40089,0
227481,GSE40197,0
228147,GSE30154,0
228147,GSE40303,0
229088,GSE40447,0
230264,GSE17007,0
230264,GSE40618,0
230264,GSE40619,0
230264,GSE40624,0
232523,GSE40922,0
232523,GSE40923,0
232523,GSE40924,0
232523,GSE40926,0
232966,GSE38003,0
232966,GSE38994,0
232966,GSE40996,0
233199,GSE41037,0
233199,GSE41169,0
233444,GSE41089,0
234017,GSE41164,0
234852,GSE41284,0
235017,GSE16732,0
235017,GSE16795,1
235017,GSE41313,0
236461,GSE41599,0
237686,GSE41822,1
238045,GSE15173,0
238045,GSE36367,0
238045,GSE41903,0
238838,GSE42019,0
238838,GSE42020,0
238838,GSE42145,0
238838,GSE42150,0
238838,GSE42163,0
238838,GSE42175,0
238838,GSE42176,0
238838,GSE42179,0
238838,GSE42184,0
239443,GSE42113,0
239551,GSE42133,0
239835,GSE42190,0
239884,GSE34157,0
239884,GSE35042,0
239884,GSE42198,0
241164,GSE100903,0
241164,GSE42392,0
241164,GSE7823,0
241273,GSE42406,0
241800,GSE42510,0
242329,GSE159892,0
242329,GSE172422,0
242329,GSE175623,0
242329,GSE42593,0
242329,GSE42613,0
242329,GSE42614,0
242329,GSE55839,0
242329,GSE86029,1
242329,GSE86313,0
242329,GSE98832,0
242329,GSE98833,0
242329,GSE99673,0
242386,GSE42605,0
242589,GSE13114,0
242589,GSE42642,0
242897,GSE29782,0
242897,GSE42699,0
243861,GSE17850,0
243861,GSE17851,0
243861,GSE17974,0
243861,GSE18017,0
243861,GSE35103,0
243861,GSE35819,0
243861,GSE42864,0
243861,GSE87629,0
244839,GSE4763,0
245250,GSE12991,0
245250,GSE13377,0
245250,GSE32880,0
245250,GSE37453,0
245250,GSE4863,0
245250,GSE52809,0
245250,GSE53268,0
245250,GSE53310,0
245250,GSE53313,0
245568,GSE28342,0
245568,GSE41162,0
245568,GSE4938,0
245568,GSE4940,0
245568,GSE4950,0
245622,GSE4963,0
245622,GSE602,0
246049,GSE10714,0
246049,GSE10715,0
246049,GSE15799,0
246049,GSE15960,0
246049,GSE29060,0
246049,GSE37267,0
246049,GSE37364,0
246049,GSE4183,0
246049,GSE5081,0
246511,GSE5172,0
247023,GSE5281,0
247163,GSE28975,0
247163,GSE42954,0
247280,GSE19109,0
247280,GSE27857,0
247280,GSE42968,0
247681,GSE43046,1
248246,GSE43133,0
248382,GSE43151,0
248382,GSE6978,0
248851,GSE43243,0
250039,GSE43436,0
252514,GSE43848,0
252899,GSE43894,0
252899,GSE43895,0
254320,GSE44108,0
255607,GSE44318,0
255716,GSE44335,0
257233,GSE25915,1
257233,GSE37543,1
257233,GSE44666,0
259506,GSE20453,0
259506,GSE34432,0
259506,GSE45131,0
259693,GSE32512,0
259693,GSE45159,0
259808,GSE45171,0
259872,GSE45178,0
259889,GSE45181,0
261851,GSE109933,0
261851,GSE109935,0
261851,GSE109971,0
261851,GSE120208,0
261851,GSE14905,0
261851,GSE39454,0
261851,GSE45535,0
261851,GSE45536,0
261851,GSE45537,0
261851,GSE59762,0
261851,GSE64761,0
262801,GSE25013,0
262801,GSE45703,0
263371,GSE45807,0
263371,GSE45808,0
263371,GSE45809,0
263510,GSE45836,0
263510,GSE46953,0
263510,GSE46954,0
263951,GSE24534,0
263951,GSE33400,0
263951,GSE33842,0
263951,GSE45918,0
263951,GSE45919,0
263951,GSE45924,0
264038,GSE45935,0
265179,GSE46143,0
265179,GSE89759,0
265179,GSE89760,0
265729,GSE46225,0
266454,GSE46341,0
267013,GSE46430,0
267054,GSE18489,0
267054,GSE30569,0
267054,GSE30570,0
267054,GSE30571,0
267054,GSE31068,0
267054,GSE3795,0
267054,GSE46436,0
267213,GSE46471,0
267516,GSE46537,1
268315,GSE41957,0
268315,GSE46648,0
268736,GSE124610,0
268736,GSE126823,0
268736,GSE46699,0
268736,GSE85258,0
269101,GSE46743,0
269286,GSE46754,0
269823,GSE20666,0
269823,GSE46873,0
269945,GSE41258,0
269945,GSE46884,0
269945,GSE53604,0
269945,GSE68468,0
269991,GSE46890,0
270044,GSE26971,0
270044,GSE40692,0
270044,GSE46896,0
270044,GSE48388,0
270044,GSE53780,0
270593,GSE46977,0
270857,GSE15966,1
270857,GSE17018,1
270857,GSE18454,0
270857,GSE18573,0
270857,GSE186705,0
270857,GSE197949,0
270857,GSE21483,0
270857,GSE24787,1
270857,GSE32975,0
270857,GSE33202,1
270857,GSE33205,1
270857,GSE33229,1
270857,GSE33232,1
270857,GSE33308,0
270857,GSE34496,1
270857,GSE40080,1
270857,GSE47018,0
270857,GSE62027,0
270857,GSE80667,0
270857,GSE96642,0
271057,GSE47048,0
271058,GSE129389,0
271058,GSE136315,0
271058,GSE136384,0
271058,GSE136385,0
271058,GSE149402,0
271058,GSE152029,1
271058,GSE167276,0
271058,GSE167279,0
271058,GSE168095,0
271058,GSE173175,0
271058,GSE173177,0
271058,GSE173178,0
271058,GSE230803,0
271058,GSE231391,0
271058,GSE234332,0
271058,GSE241794,0
271058,GSE47048,0
271058,GSE49033,0
271058,GSE79100,1
271058,GSE96879,1
271219,GSE47072,0
271524,GSE47112,1
271524,GSE47113,1
272005,GSE104635,0
272005,GSE39888,0
272005,GSE47204,0
272005,GSE72809,0
272005,GSE72810,0
272005,GSE72829,0
272005,GSE80412,0
272005,GSE80496,0
272005,GSE91018,0
272005,GSE91019,0
272005,GSE91020,0
272417,GSE47380,0
272417,GSE47381,0
272417,GSE47382,0
272417,GSE47383,0
272417,GSE47384,0
272417,GSE47385,0
272823,GSE47443,0
273516,GSE47539,0
275601,GSE47864,0
277384,GSE5322,1
277384,GSE5330,1
278049,GSE12395,0
278049,GSE22069,0
278049,GSE36175,0
278049,GSE4564,0
278049,GSE5089,0
278049,GSE5445,0
278049,GSE8854,0
278999,GSE5660,0
278999,GSE5661,0
279026,GSE5665,0
279555,GSE5810,0
279741,GSE48116,0
280612,GSE48240,0
281309,GSE25938,0
281309,GSE27528,0
281309,GSE37976,0
281309,GSE48337,0
281612,GSE48387,0
281895,GSE48430,0
281991,GSE159984,0
281991,GSE48439,0
287028,GSE174569,0
287028,GSE49311,0
287064,GSE49315,0
287078,GSE14458,0
287078,GSE14459,0
287078,GSE15587,0
287078,GSE15741,0
287078,GSE19091,0
287078,GSE46869,0
287078,GSE49315,0
287621,GSE49406,0
287907,GSE49430,0
288139,GSE49472,0
288785,GSE49599,0
288796,GSE24012,0
288796,GSE4624,0
288796,GSE49601,0
288838,GSE249720,0
288838,GSE49603,0
288838,GSE61437,0
289104,GSE49636,0
289395,GSE49680,1
290707,GSE49961,0
290843,GSE111310,0
290843,GSE118948,0
290843,GSE121007,0
290843,GSE125508,0
290843,GSE130784,0
290843,GSE131963,0
290843,GSE133323,0
290843,GSE13739,0
290843,GSE14680,1
290843,GSE148046,0
290843,GSE148047,0
290843,GSE148048,0
290843,GSE153710,0
290843,GSE159472,0
290843,GSE160255,0
290843,GSE164551,0
290843,GSE168967,1
290843,GSE171339,0
290843,GSE171340,0
290843,GSE171341,0
290843,GSE171837,0
290843,GSE173456,1
290843,GSE17385,0
290843,GSE173961,1
290843,GSE173962,1
290843,GSE17407,0
290843,GSE174299,0
290843,GSE183888,1
290843,GSE186445,0
290843,GSE186447,0
290843,GSE186448,0
290843,GSE191027,0
290843,GSE197486,0
290843,GSE197487,0
290843,GSE197492,0
290843,GSE200111,0
290843,GSE201580,1
290843,GSE205303,0
290843,GSE213215,0
290843,GSE217363,0
290843,GSE218574,0
290843,GSE218577,0
290843,GSE218578,0
290843,GSE218579,0
290843,GSE218581,0
290843,GSE221290,0
290843,GSE228771,0
290843,GSE230178,0
290843,GSE232797,0
290843,GSE232799,0
290843,GSE242872,0
290843,GSE344,0
290843,GSE35414,0
290843,GSE39571,0
290843,GSE39754,0
290843,GSE4204,0
290843,GSE44029,0
290843,GSE4452,0
290843,GSE49982,0
290843,GSE55667,0
290843,GSE5900,0
290843,GSE60423,0
290843,GSE7116,0
290843,GSE86147,0
290843,GSE93395,0
290843,GSE9738,0
290843,GSE9739,0
290843,GSE9740,0
290843,GSE9744,0
291433,GSE50053,0
293390,GSE244906,0
293390,GSE50487,0
295158,GSE50759,0
295657,GSE50826,0
296391,GSE50948,1
296743,GSE30169,0
296743,GSE38120,0
296743,GSE39264,1
296743,GSE51009,0
296930,GSE51034,0
297296,GSE51068,0
297839,GSE10199,0
297839,GSE13338,0
297839,GSE51135,0
298585,GSE51286,0
298714,GSE51305,0
298714,GSE76990,0
298869,GSE51332,0
299348,GSE27237,0
299348,GSE28703,0
299348,GSE33315,0
299348,GSE38463,0
299348,GSE51402,0
299348,GSE52991,0
299348,GSE57795,0
299348,GSE74460,0
299349,GSE43226,0
299349,GSE51402,0
299728,GSE51472,0
302010,GSE51846,0
302010,GSE51937,0
302010,GSE51939,0
302013,GSE51846,0
302013,GSE51937,0
302013,GSE51939,0
302522,GSE51935,0
302782,GSE23432,0
302782,GSE51994,0
302782,GSE54216,0
303835,GSE33198,0
303835,GSE52158,0
303835,GSE52657,0
303835,GSE52658,0
303889,GSE166321,0
303889,GSE172104,0
303889,GSE172105,0
303889,GSE172106,0
303889,GSE52171,0
304448,GSE52249,0
304448,GSE52250,0
304448,GSE52251,0
305342,GSE14951,1
305342,GSE173930,0
305342,GSE173931,0
305342,GSE173932,0
305342,GSE173933,0
305342,GSE173934,0
305342,GSE173935,0
305342,GSE173936,0
305342,GSE1789,1
305342,GSE217448,0
305342,GSE217449,0
305342,GSE217450,0
305342,GSE29341,1
305342,GSE52400,0
305342,GSE54312,0
306408,GSE52563,0
307813,GSE10368,0
307813,GSE10369,0
307813,GSE10370,0
307813,GSE10371,0
307813,GSE10548,0
307813,GSE11671,0
307813,GSE16954,0
307813,GSE16955,0
307813,GSE16978,0
307813,GSE19508,0
307813,GSE19509,0
307813,GSE19521,0
307813,GSE19723,0
307813,GSE19747,0
307813,GSE19758,0
307813,GSE19759,0
307813,GSE19839,0
307813,GSE20900,0
307813,GSE21183,0
307813,GSE21184,0
307813,GSE21185,0
307813,GSE21186,0
307813,GSE21195,0
307813,GSE21196,0
307813,GSE21197,0
307813,GSE21198,0
307813,GSE21199,0
307813,GSE21288,0
307813,GSE21289,0
307813,GSE21290,0
307813,GSE21430,0
307813,GSE21432,0
307813,GSE21433,0
307813,GSE21434,0
307813,GSE21435,0
307813,GSE21436,0
307813,GSE21453,0
307813,GSE21456,0
307813,GSE21457,0
307813,GSE21459,0
307813,GSE21460,0
307813,GSE21461,0
307813,GSE21462,0
307813,GSE21464,0
307813,GSE21466,0
307813,GSE21470,0
307813,GSE21471,0
307813,GSE21472,0
307813,GSE21473,0
307813,GSE21474,0
307813,GSE21617,0
307813,GSE21875,0
307813,GSE22348,0
307813,GSE22349,0
307813,GSE22350,0
307813,GSE22567,0
307813,GSE22962,0
307813,GSE24184,0
307813,GSE27818,0
307813,GSE31463,0
307813,GSE36881,0
307813,GSE36883,0
307813,GSE36884,0
307813,GSE36909,0
307813,GSE36912,0
307813,GSE52792,0
309702,GSE44783,0
309702,GSE51355,0
309702,GSE51356,0
309702,GSE51357,0
309702,GSE51358,0
309702,GSE53082,0
309702,GSE53083,0
309702,GSE53084,0
309702,GSE53085,0
309702,GSE67943,0
309702,GSE68110,0
309702,GSE68387,0
310635,GSE26635,0
310635,GSE29283,0
310635,GSE53224,0
310635,GSE57370,0
310635,GSE60081,0
310635,GSE7959,0
312110,GSE43456,0
312110,GSE45805,0
312110,GSE54015,0
312179,GSE54025,1
312506,GSE102884,0
312506,GSE126990,0
312506,GSE138405,0
312506,GSE140975,0
312506,GSE235770,0
312506,GSE235771,0
312506,GSE235772,0
312506,GSE54079,0
313384,GSE54228,0
313384,GSE54229,0
313865,GSE14370,0
313865,GSE17319,1
313865,GSE17627,0
313865,GSE17629,0
313865,GSE46422,1
313865,GSE46423,1
313865,GSE46424,1
313865,GSE4932,0
313865,GSE53913,1
313865,GSE53915,1
313865,GSE53917,1
313865,GSE53919,1
313865,GSE54288,0
313865,GSE57241,1
313904,GSE54292,0
313904,GSE54680,0
313904,GSE65685,0
313904,GSE66017,0
314257,GSE54350,0
314257,GSE9017,0
314257,GSE9157,0
315973,GSE155956,0
315973,GSE188283,0
315973,GSE188284,0
315973,GSE188285,0
315973,GSE201256,0
315973,GSE206114,0
315973,GSE206115,0
315973,GSE228586,0
315973,GSE229279,0
315973,GSE33019,0
315973,GSE54612,0
316144,GSE54633,0
316452,GSE54706,0
316828,GSE38243,0
316828,GSE53475,0
316828,GSE54789,0
316828,GSE56863,0
316828,GSE56864,0
316828,GSE56865,0
316828,GSE9784,0
316863,GSE54795,0
316863,GSE64452,0
316863,GSE64526,0
316863,GSE70133,0
317599,GSE54917,0
318365,GSE140994,0
318365,GSE141001,0
318365,GSE141003,0
318365,GSE141004,0
318365,GSE154824,0
318365,GSE154827,0
318365,GSE154828,0
318365,GSE155232,0
318365,GSE155233,0
318365,GSE155234,0
318365,GSE155236,0
318365,GSE171265,0
318365,GSE171774,0
318365,GSE235629,0
318365,GSE34297,0
318365,GSE55036,0
319090,GSE37536,0
319090,GSE55151,0
320003,GSE55288,0
320068,GSE128648,1
320068,GSE130608,1
320068,GSE15950,0
320068,GSE55295,0
320192,GSE55296,0
321299,GSE55488,0
322487,GSE55663,0
324040,GSE30487,1
324040,GSE55902,0
324099,GSE17765,0
324099,GSE45467,0
324099,GSE49054,1
324099,GSE53770,0
324099,GSE55921,0
324099,GSE55922,0
324099,GSE55923,0
324576,GSE55996,0
324589,GSE55998,0
324589,GSE68896,0
324589,GSE70828,0
324589,GSE70874,0
324589,GSE70875,0
324589,GSE83864,0
324589,GSE85307,0
324589,GSE86200,0
326714,GSE113712,0
326714,GSE114906,0
326714,GSE114914,0
326714,GSE126388,0
326714,GSE126536,0
326714,GSE126537,0
326714,GSE126538,0
326714,GSE126539,0
326714,GSE168490,0
326714,GSE176122,1
326714,GSE191306,0
326714,GSE226435,0
326714,GSE226436,0
326714,GSE226437,0
326714,GSE227905,0
326714,GSE241226,0
326714,GSE241233,0
326714,GSE246727,0
326714,GSE246786,0
326714,GSE246787,0
326714,GSE249634,0
326714,GSE51730,0
326714,GSE56300,0
326714,GSE64051,0
326714,GSE67796,1
326714,GSE93311,1
327342,GSE56387,0
327867,GSE56443,0
327867,GSE57270,0
327867,GSE57276,0
327867,GSE57279,0
327867,GSE57280,0
328058,GSE35804,0
328058,GSE56487,0
328448,GSE41104,0
328448,GSE49619,0
328448,GSE49653,0
328448,GSE49655,0
328448,GSE56542,0
328448,GSE56543,0
328448,GSE56544,0
330131,GSE17453,0
330131,GSE56830,0
330644,GSE52252,0
330644,GSE52257,0
330644,GSE52323,0
330644,GSE56900,0
330806,GSE10848,0
330806,GSE10849,0
330806,GSE56918,0
331137,GSE56959,0
331528,GSE57019,0
331528,GSE57021,0
331714,GSE114609,0
331714,GSE119322,0
331714,GSE125158,0
331714,GSE148350,0
331714,GSE163706,0
331714,GSE17183,0
331714,GSE211345,0
331714,GSE254592,0
331714,GSE261938,0
331714,GSE29302,0
331714,GSE41804,0
331714,GSE57046,0
331714,GSE61708,0
331714,GSE68914,0
331714,GSE77224,0
332152,GSE57119,0
333300,GSE57294,0
333993,GSE57239,0
333993,GSE57401,0
334249,GSE57446,0
334468,GSE57477,0
334501,GSE204862,0
334501,GSE21774,0
334501,GSE43409,0
334501,GSE57479,0
334889,GSE57554,0
334984,GSE33612,1
334984,GSE33613,1
334984,GSE57566,1
335821,GSE57710,0
335821,GSE59327,0
335949,GSE57729,0
336591,GSE20142,0
336591,GSE20332,0
336591,GSE33321,0
336591,GSE33828,0
336591,GSE36382,0
336591,GSE47727,0
336591,GSE47728,0
336591,GSE47729,0
336591,GSE48152,0
336591,GSE48348,0
336591,GSE57802,0
336780,GSE57823,0
336780,GSE58437,0
336809,GSE31820,0
336809,GSE57830,0
337650,GSE57961,0
339057,GSE58171,0
339289,GSE58197,0
339922,GSE58288,0
339922,GSE58289,0
339922,GSE58293,0
339922,GSE58333,0
340857,GSE58404,0
341251,GSE58454,0
341251,GSE65648,0
341973,GSE50010,0
341973,GSE58589,0
342455,GSE58660,0
342884,GSE58724,0
343750,GSE51430,0
343750,GSE58852,0
343750,GSE87568,0
345953,GSE59202,0
345953,GSE71572,0
346023,GSE59221,0
346140,GSE36928,0
346140,GSE37323,0
346140,GSE39417,0
346140,GSE39418,0
346140,GSE59242,0
346140,GSE59810,0
346235,GSE59253,0
347144,GSE59415,0
347144,GSE59416,0
347144,GSE59417,0
347144,GSE65249,0
349011,GSE59728,0
349372,GSE59799,0
349719,GSE59852,0
349719,GSE59853,0
349719,GSE59854,0
349817,GSE59866,0
350077,GSE59922,0
350302,GSE59958,0
350672,GSE60034,0
350672,GSE64168,0
350672,GSE64169,0
350672,GSE69139,0
350672,GSE69140,0
350672,GSE69141,0
350672,GSE69142,0
350672,GSE69143,0
350672,GSE72599,0
350760,GSE60045,0
350769,GSE109220,0
350769,GSE151279,0
350769,GSE152413,0
350769,GSE159930,0
350769,GSE1621,0
350769,GSE179857,0
350769,GSE180313,1
350769,GSE183257,0
350769,GSE184237,0
350769,GSE184238,0
350769,GSE184301,0
350769,GSE189143,0
350769,GSE19301,0
350769,GSE220933,0
350769,GSE23524,0
350769,GSE45674,0
350769,GSE45731,0
350769,GSE45733,0
350769,GSE49716,0
350769,GSE60047,0
350769,GSE63161,0
350769,GSE66456,1
350769,GSE69595,1
350769,GSE75077,0
350769,GSE76314,0
350769,GSE79413,0
350769,GSE85251,0
350769,GSE93506,0
350769,GSE97363,0
351641,GSE18672,1
351641,GSE19536,0
351641,GSE19783,0
351641,GSE32017,0
351641,GSE37745,0
351641,GSE60185,0
351641,GSE66863,0
351869,GSE272234,0
351869,GSE60229,1
352174,GSE60295,0
352372,GSE60326,0
352440,GSE60345,1
352449,GSE60347,0
352452,GSE60349,0
352960,GSE60413,0
352960,GSE60414,0
353105,GSE38394,0
353105,GSE60438,0
354070,GSE181374,0
354070,GSE60612,0
355804,GSE60926,0
356217,GSE60979,0
356217,GSE60980,0
357890,GSE12767,0
357890,GSE33179,0
357890,GSE48149,0
357890,GSE61243,0
357890,GSE61244,0
357890,GSE61245,0
357890,GSE61246,0
357890,GSE76809,0
359240,GSE61462,0
360118,GSE61550,0
360122,GSE61550,0
360766,GSE61583,0
362085,GSE61828,0
362112,GSE61829,0
362592,GSE100687,0
362592,GSE107199,0
362592,GSE114814,0
362592,GSE118814,0
362592,GSE122044,0
362592,GSE123395,0
362592,GSE129539,0
362592,GSE130559,0
362592,GSE142316,0
362592,GSE147996,0
362592,GSE150513,0
362592,GSE163347,0
362592,GSE163984,0
362592,GSE173465,0
362592,GSE174462,0
362592,GSE178826,0
362592,GSE179709,0
362592,GSE182323,0
362592,GSE182403,0
362592,GSE196797,0
362592,GSE201899,0
362592,GSE207467,0
362592,GSE208224,0
362592,GSE217277,0
362592,GSE217278,0
362592,GSE217279,0
362592,GSE220918,0
362592,GSE220919,0
362592,GSE220920,0
362592,GSE227103,0
362592,GSE227104,0
362592,GSE227105,0
362592,GSE243222,1
362592,GSE252369,0
362592,GSE39345,0
362592,GSE61926,0
362592,GSE70409,0
362592,GSE72631,0
362592,GSE76065,0
362592,GSE80506,0
362592,GSE87908,0
364266,GSE62194,0
364285,GSE222249,0
364285,GSE222251,0
364285,GSE222252,0
364285,GSE62198,0
364285,GSE62437,0
364644,GSE120314,0
364644,GSE45017,0
364644,GSE53113,0
364644,GSE62114,0
364644,GSE62238,0
364644,GSE85956,0
365701,GSE62398,0
365701,GSE62509,0
365745,GSE62407,0
366325,GSE62510,0
366325,GSE62748,0
366432,GSE11868,0
366432,GSE13716,0
366432,GSE15492,0
366432,GSE22857,0
366432,GSE35764,0
366432,GSE62524,0
367133,GSE123886,0
367133,GSE123887,0
367133,GSE123888,0
367133,GSE62579,0
367933,GSE161986,0
367933,GSE161997,0
367933,GSE161999,0
367933,GSE62699,0
369252,GSE62908,0
370028,GSE63030,0
370028,GSE63113,0
372264,GSE38005,0
372264,GSE53955,0
372264,GSE63350,0
372818,GSE166712,0
372818,GSE63439,0
373059,GSE58771,1
373059,GSE63500,0
373499,GSE135855,0
373499,GSE144315,0
373499,GSE144316,0
373499,GSE184396,0
373499,GSE63571,0
373818,GSE63614,0
373818,GSE63646,0
374013,GSE240439,0
374013,GSE240570,0
374013,GSE35645,0
374013,GSE40668,0
374013,GSE42249,0
374013,GSE46048,0
374013,GSE49834,0
374013,GSE52254,0
374013,GSE52448,0
374013,GSE63639,0
374074,GSE63656,0
374722,GSE63754,0
375188,GSE63806,0
375262,GSE63815,0
375517,GSE119825,0
375517,GSE119979,0
375517,GSE126574,0
375517,GSE269845,0
375517,GSE44562,0
375517,GSE52753,0
375517,GSE53291,0
375517,GSE63850,1
375517,GSE65466,0
375665,GSE63868,0
375665,GSE93184,0
377199,GSE56265,1
377199,GSE64100,1
377472,GSE42898,0
377472,GSE64186,0
377766,GSE64245,0
377804,GSE61206,0
377804,GSE64248,0
378688,GSE64391,0
378688,GSE65446,0
378688,GSE65447,0
378862,GSE64410,0
378862,GSE68190,0
378862,GSE68363,0
378865,GSE64410,0
379532,GSE64472,0
379613,GSE64478,0
379700,GSE64485,0
380090,GSE64533,0
380246,GSE112364,1
380246,GSE12613,1
380246,GSE195635,0
380246,GSE235682,0
380246,GSE23844,0
380246,GSE32331,1
380246,GSE32452,1
380246,GSE59309,0
380246,GSE64551,0
380246,GSE76342,0
380246,GSE76363,0
380246,GSE78176,0
380246,GSE89271,0
380522,GSE64618,0
380604,GSE64620,0
380660,GSE64631,0
380660,GSE64632,0
380660,GSE64633,0
381017,GSE109933,0
381017,GSE109935,0
381017,GSE109971,0
381017,GSE23929,0
381017,GSE23948,0
381017,GSE64703,0
381817,GSE44261,0
381817,GSE64855,0
382318,GSE64930,0
382347,GSE64932,0
383244,GSE65071,0
383244,GSE65236,0
383275,GSE65074,0
384460,GSE65274,0
384460,GSE74339,0
385122,GSE11152,0
385122,GSE25273,0
385122,GSE2591,0
385122,GSE26088,0
385122,GSE26089,0
385122,GSE28866,0
385122,GSE29953,0
385122,GSE30026,0
385122,GSE30181,0
385122,GSE30182,0
385122,GSE30475,0
385122,GSE39287,1
385122,GSE45133,1
385122,GSE45137,1
385122,GSE6469,0
385122,GSE65368,0
385372,GSE65414,0
386191,GSE65540,0
386191,GSE66306,0
386265,GSE42972,0
386265,GSE65559,0
387171,GSE162806,0
387171,GSE65682,0
387908,GSE65540,0
387908,GSE65802,0
387908,GSE66306,0
387908,GSE72158,0
387908,GSE84821,0
387908,GSE84822,0
387908,GSE84823,0
388085,GSE65827,0
388585,GSE65903,0
389107,GSE65986,0
389888,GSE66130,0
389888,GSE66131,0
389888,GSE66132,0
389888,GSE74576,0
389934,GSE11568,1
389934,GSE28906,0
389934,GSE38754,0
389934,GSE52356,0
389934,GSE66136,0
390083,GSE66158,0
390206,GSE66174,0
390206,GSE71362,0
390854,GSE47080,0
390854,GSE66280,0
391110,GSE66319,0
391110,GSE66901,0
391598,GSE14613,0
391598,GSE14615,0
391598,GSE14618,0
391598,GSE27237,1
391598,GSE28703,0
391598,GSE29849,0
391598,GSE33315,0
391598,GSE38463,1
391598,GSE56689,0
391598,GSE56690,0
391598,GSE56691,0
391598,GSE56692,0
391598,GSE56693,0
391598,GSE56694,0
391598,GSE56696,0
391598,GSE66400,0
391598,GSE66702,0
391598,GSE66705,0
391598,GSE66708,0
391598,GSE67042,0
391598,GSE67043,0
391598,GSE67044,0
391598,GSE67045,0
391598,GSE67046,0
392561,GSE66499,0
394353,GSE66795,0
394373,GSE66795,0
394672,GSE115473,0
394672,GSE169084,0
394672,GSE173671,0
394672,GSE66841,0
394672,GSE66842,0
394672,GSE66843,0
394672,GSE81040,0
394672,GSE81801,0
394959,GSE26391,0
394959,GSE48422,0
394959,GSE5588,0
394959,GSE66881,0
395087,GSE66918,0
395384,GSE134201,0
395384,GSE221804,0
395384,GSE222667,0
395384,GSE222668,0
395384,GSE56246,0
395384,GSE66984,0
395384,GSE84693,1
395467,GSE224254,0
395467,GSE66995,0
395937,GSE67069,0
397463,GSE67306,0
397786,GSE67345,0
398077,GSE33341,0
398077,GSE52428,0
398077,GSE63042,0
398077,GSE63990,0
398077,GSE67401,0
399079,GSE17723,0
399079,GSE67543,0
399646,GSE67627,0
400004,GSE67678,0
400004,GSE67679,0
400004,GSE67680,0
400501,GSE60527,0
400501,GSE65976,0
400501,GSE67780,0
400923,GSE67848,0
401977,GSE46998,0
401977,GSE46999,0
401977,GSE47000,0
401977,GSE55286,0
401977,GSE68036,0
402257,GSE12453,0
402257,GSE14879,0
402257,GSE19069,0
402257,GSE30442,0
402257,GSE34860,0
402257,GSE40160,0
402257,GSE50253,0
402257,GSE6184,0
402257,GSE62014,0
402257,GSE6338,0
402257,GSE63790,1
402257,GSE65823,0
402257,GSE68078,0
402257,GSE83441,0
402979,GSE41726,0
402979,GSE68162,0
403856,GSE68317,0
405003,GSE37931,0
405003,GSE46870,0
405003,GSE68501,0
405003,GSE68502,0
405003,GSE68504,0
406553,GSE68759,0
406852,GSE65805,0
406852,GSE68802,0
407115,GSE68839,0
407115,GSE68840,0
407115,GSE68841,0
407562,GSE68893,0
407812,GSE68923,0
407812,GSE68937,0
407812,GSE90450,0
407847,GSE68927,0
408647,GSE69041,0
408887,GSE69082,1
409805,GSE112173,0
409805,GSE26494,0
409805,GSE69224,0
409805,GSE69243,0
409805,GSE69268,0
409805,GSE69279,0
409877,GSE69229,0
411069,GSE69418,0
411700,GSE110914,0
411700,GSE69517,0
412968,GSE69715,0
412968,GSE78736,0
412968,GSE78737,0
413329,GSE64403,0
413329,GSE69775,0
413527,GSE68762,0
413527,GSE69802,0
413618,GSE69813,0
414539,GSE69974,0
415288,GSE22165,0
415288,GSE70107,0
415562,GSE70156,0
416660,GSE70387,0
416660,GSE70388,0
416660,GSE70402,0
418053,GSE36939,0
418053,GSE70584,1
418592,GSE46302,0
418592,GSE46307,0
418592,GSE51033,0
418592,GSE52928,0
418592,GSE70686,0
419098,GSE20478,0
419098,GSE48448,0
419098,GSE49402,0
419098,GSE51142,0
419098,GSE51234,0
419098,GSE51290,0
419098,GSE70770,0
419171,GSE70782,0
419171,GSE70783,0
419171,GSE70787,0
419456,GSE70817,1
420076,GSE70943,0
420204,GSE70970,0
420727,GSE71059,0
420727,GSE71060,0
420727,GSE71061,0
420727,GSE71062,0
420727,GSE71105,0
421219,GSE71127,0
422451,GSE71330,0
424092,GSE39685,0
424092,GSE53626,0
424092,GSE67220,0
424092,GSE71603,0
424827,GSE71735,0
425003,GSE71761,0
425088,GSE173985,0
425088,GSE71770,0
425399,GSE71825,0
425577,GSE71854,0
425994,GSE71934,0
426778,GSE72076,0
427698,GSE43220,0
427698,GSE72169,0
427698,GSE72231,0
430143,GSE72664,0
430654,GSE111889,0
430654,GSE121755,0
430654,GSE126464,0
430654,GSE160478,0
430654,GSE160479,0
430654,GSE160480,0
430654,GSE163426,0
430654,GSE163668,0
430654,GSE166241,0
430654,GSE173554,0
430654,GSE180677,0
430654,GSE180747,0
430654,GSE180749,0
430654,GSE188283,0
430654,GSE188284,0
430654,GSE188285,0
430654,GSE189024,0
430654,GSE193169,0
430654,GSE195811,0
430654,GSE199142,0
430654,GSE201471,0
430654,GSE206114,0
430654,GSE206115,0
430654,GSE218693,0
430654,GSE221430,0
430654,GSE224985,0
430654,GSE226525,0
430654,GSE226526,0
430654,GSE226527,0
430654,GSE232567,0
430654,GSE234002,0
430654,GSE238262,0
430654,GSE239377,0
430654,GSE239378,0
430654,GSE248176,0
430654,GSE248177,0
430654,GSE248178,0
430654,GSE248182,0
430654,GSE248183,0
430654,GSE266860,0
430654,GSE54001,0
430654,GSE72737,0
430654,GSE72882,0
430654,GSE72883,0
430654,GSE83315,0
430654,GSE84070,0
430654,GSE86827,0
430654,GSE89190,0
433558,GSE73146,0
433604,GSE68591,0
433604,GSE69470,0
433604,GSE69524,0
433604,GSE73160,0
433604,GSE73161,0
433604,GSE73162,0
433646,GSE73167,0
433655,GSE73167,0
433906,GSE30179,0
433906,GSE58684,0
433906,GSE59846,0
433906,GSE59858,0
433906,GSE59860,0
433906,GSE73212,0
433906,GSE73213,0
433906,GSE73214,0
434841,GSE115645,0
434841,GSE121906,0
434841,GSE1366,0
434841,GSE150201,0
434841,GSE220615,0
434841,GSE38467,0
434841,GSE73374,0
434841,GSE73375,0
434841,GSE73377,0
435100,GSE73413,0
435364,GSE73436,0
435635,GSE73478,0
435635,GSE73502,0
435635,GSE73765,0
435635,GSE81046,0
436710,GSE64045,0
436710,GSE73654,0
437037,GSE73710,0
437406,GSE73761,0
437440,GSE15602,0
437440,GSE15615,0
437440,GSE73764,0
437679,GSE73832,0
438308,GSE73922,0
438854,GSE58824,0
438854,GSE59035,0
438854,GSE74012,0
438965,GSE74030,0
439795,GSE111668,0
439795,GSE113657,0
439795,GSE2469,0
439795,GSE61842,0
439795,GSE74168,0
439795,GSE74171,0
439795,GSE74172,0
440148,GSE74224,0
440187,GSE74230,0
440325,GSE103232,0
440325,GSE46916,0
440325,GSE60672,0
440325,GSE74244,0
440325,GSE75192,0
440325,GSE75337,0
440325,GSE78130,0
440470,GSE104583,0
440470,GSE109318,0
440470,GSE121462,0
440470,GSE125424,0
440470,GSE126587,0
440470,GSE130525,0
440470,GSE131550,0
440470,GSE1322,0
440470,GSE159759,0
440470,GSE161462,0
440470,GSE188306,0
440470,GSE224277,0
440470,GSE224278,0
440470,GSE224279,0
440470,GSE224281,0
440470,GSE23969,0
440470,GSE240322,0
440470,GSE243179,1
440470,GSE74265,0
440470,GSE77994,0
440470,GSE77995,0
442224,GSE155832,0
442224,GSE46904,0
442224,GSE47476,0
442224,GSE47477,0
442224,GSE57749,0
442224,GSE57750,0
442224,GSE57754,0
442224,GSE74555,0
443113,GSE22954,0
443113,GSE32700,0
443113,GSE32701,0
443113,GSE33103,0
443113,GSE47404,0
443113,GSE47630,0
443113,GSE69925,0
443113,GSE74693,0
444523,GSE74904,0
444523,GSE74905,0
444523,GSE74906,0
444905,GSE74964,0
444905,GSE74965,0
444905,GSE74966,0
444905,GSE74971,0
444929,GSE74970,0
445011,GSE10546,0
445011,GSE74981,0
445420,GSE39827,0
445420,GSE39828,0
445420,GSE39829,0
445420,GSE75029,0
446019,GSE102260,1
446019,GSE125765,1
446019,GSE131821,0
446019,GSE134331,0
446019,GSE149494,0
446019,GSE151074,0
446019,GSE152611,0
446019,GSE160009,0
446019,GSE182829,0
446019,GSE269845,0
446019,GSE27160,0
446019,GSE39697,0
446019,GSE75123,0
446019,GSE79264,0
447265,GSE75373,0
447265,GSE96734,0
447373,GSE43440,0
447373,GSE48678,0
447373,GSE75398,0
447931,GSE38645,0
447931,GSE75488,0
448932,GSE21546,0
448932,GSE45888,0
448932,GSE59145,0
448932,GSE59146,0
448932,GSE59147,0
448932,GSE63820,0
448932,GSE75667,0
449791,GSE75813,0
450857,GSE68058,0
450857,GSE75987,0
450954,GSE31901,0
450954,GSE32357,0
450954,GSE42432,0
450954,GSE71614,0
450954,GSE76003,0
451006,GSE34363,0
451006,GSE34364,0
451006,GSE34365,0
451006,GSE76005,0
451388,GSE21125,0
451388,GSE76065,0
451920,GSE126814,1
451920,GSE128367,0
451920,GSE205800,0
451920,GSE209992,0
451920,GSE59685,0
451920,GSE76105,0
451920,GSE80437,0
451920,GSE84422,0
452236,GSE36435,0
452236,GSE76150,0
453422,GSE52442,0
453422,GSE53837,0
453422,GSE54252,0
453422,GSE61254,0
453422,GSE76270,0
454553,GSE76436,0
454553,GSE76437,0
454553,GSE76438,0
455549,GSE16673,0
455549,GSE76590,0
457019,GSE19011,0
457019,GSE20867,0
457019,GSE2684,0
457019,GSE62973,0
457019,GSE76837,0
457089,GSE29061,0
457089,GSE69091,0
457089,GSE76843,0
457962,GSE76968,0
458329,GSE77021,0
458952,GSE77106,0
459815,GSE77240,0
462480,GSE77685,1
463956,GSE13646,0
463956,GSE36367,0
463956,GSE4914,0
463956,GSE77913,0
463956,GSE77914,0
463956,GSE77915,0
463956,GSE77917,0
464331,GSE77959,0
465079,GSE78047,0
465251,GSE69078,0
465251,GSE78069,0
466631,GSE38176,0
466631,GSE78498,0
466719,GSE35079,0
466719,GSE78507,0
466719,GSE78508,0
466719,GSE78509,0
466907,GSE78696,0
468404,GSE78922,0
468687,GSE21551,0
468687,GSE66175,0
468687,GSE78958,0
469198,GSE79029,0
469198,GSE79030,0
469198,GSE79032,0
469533,GSE79071,0
471244,GSE50693,0
471244,GSE50694,0
471244,GSE50695,0
471244,GSE51022,0
471244,GSE79378,0
471749,GSE79450,0
474094,GSE79861,0
474094,GSE79966,0
474094,GSE79967,0
474986,GSE62210,0
474986,GSE80004,0
474986,GSE80093,0
474986,GSE80109,0
475741,GSE152142,0
475741,GSE162821,0
475741,GSE207157,0
475741,GSE80120,0
475741,GSE80121,0
475741,GSE80224,0
475741,GSE95028,0
475741,GSE96815,0
475741,GSE99071,0
476138,GSE80185,0
476387,GSE156868,0
476387,GSE246740,0
476387,GSE246741,0
476387,GSE246742,0
476387,GSE246743,0
476387,GSE246744,0
476387,GSE32485,0
476387,GSE80233,1
476387,GSE96104,0
476387,GSE96105,0
476596,GSE43106,0
476596,GSE48615,0
476596,GSE80259,0
477437,GSE12684,0
477437,GSE2105,0
477437,GSE22403,0
477437,GSE22407,0
477437,GSE22408,0
477437,GSE22412,0
477437,GSE22413,0
477437,GSE22414,0
477437,GSE22419,0
477437,GSE22422,0
477437,GSE22424,0
477437,GSE22425,0
477437,GSE22458,0
477437,GSE31176,0
477437,GSE4794,0
477437,GSE71433,0
477437,GSE80394,0
477437,GSE959,0
477437,GSE960,0
477437,GSE961,0
477437,GSE962,0
477437,GSE963,0
477437,GSE964,0
477437,GSE965,0
477437,GSE966,0
477437,GSE9930,0
477437,GSE9931,0
477437,GSE9932,0
477437,GSE9933,0
477437,GSE9934,0
477574,GSE55561,0
477574,GSE69893,0
477574,GSE80410,0
478052,GSE80470,0
478052,GSE80471,0
478052,GSE80472,0
478466,GSE102639,0
478466,GSE121276,0
478466,GSE121277,0
478466,GSE122784,0
478466,GSE130246,0
478466,GSE145022,0
478466,GSE14627,0
478466,GSE157905,0
478466,GSE159546,0
478466,GSE182288,0
478466,GSE183751,0
478466,GSE191255,0
478466,GSE199842,0
478466,GSE200280,0
478466,GSE200281,0
478466,GSE20361,0
478466,GSE210987,0
478466,GSE213580,0
478466,GSE217810,0
478466,GSE221914,0
478466,GSE221915,0
478466,GSE221916,0
478466,GSE221917,0
478466,GSE222376,0
478466,GSE222728,0
478466,GSE222798,0
478466,GSE222799,0
478466,GSE237953,0
478466,GSE32595,0
478466,GSE38829,0
478466,GSE47708,0
478466,GSE50535,0
478466,GSE61125,0
478466,GSE61826,0
478466,GSE80550,0
478466,GSE94682,0
478503,GSE80559,0
479826,GSE80787,0
479826,GSE80788,0
479826,GSE80789,0
479836,GSE39531,0
479836,GSE80791,0
479836,GSE80792,0
479836,GSE80793,0
479836,GSE80795,0
479836,GSE80797,0
479836,GSE80799,0
480725,GSE12540,0
480725,GSE14734,0
480725,GSE14735,0
480725,GSE14736,0
480725,GSE15595,0
480725,GSE2000,0
480725,GSE21171,0
480725,GSE27693,0
480725,GSE27941,0
480725,GSE29656,0
480725,GSE29659,0
480725,GSE52922,0
480725,GSE69004,1
480725,GSE69008,1
480725,GSE69012,1
480725,GSE81039,0
481160,GSE81094,0
482748,GSE16913,0
482748,GSE46128,0
482748,GSE81347,0
482834,GSE10646,0
482834,GSE81361,0
482934,GSE100026,1
482934,GSE100206,0
482934,GSE101074,0
482934,GSE101081,1
482934,GSE101124,0
482934,GSE101741,1
482934,GSE102485,1
482934,GSE102925,0
482934,GSE102926,0
482934,GSE102929,0
482934,GSE102931,0
482934,GSE103159,0
482934,GSE104238,1
482934,GSE104577,0
482934,GSE106090,0
482934,GSE106420,0
482934,GSE106942,1
482934,GSE106943,1
482934,GSE106944,1
482934,GSE107277,1
482934,GSE107285,1
482934,GSE107310,1
482934,GSE107676,0
482934,GSE10780,1
482934,GSE107967,0
482934,GSE108438,0
482934,GSE108439,0
482934,GSE108440,0
482934,GSE108441,0
482934,GSE108578,0
482934,GSE110500,1
482934,GSE110510,1
482934,GSE110539,1
482934,GSE111241,0
482934,GSE111496,0
482934,GSE111655,0
482934,GSE112965,1
482934,GSE112970,0
482934,GSE113244,1
482934,GSE113400,1
482934,GSE115107,0
482934,GSE115856,1
482934,GSE116096,0
482934,GSE116521,0
482934,GSE116720,0
482934,GSE116721,0
482934,GSE116722,0
482934,GSE116723,0
482934,GSE118011,1
482934,GSE119485,0
482934,GSE120241,0
482934,GSE120248,1
482934,GSE120251,1
482934,GSE120252,1
482934,GSE120648,0
482934,GSE120693,1
482934,GSE122027,0
482934,GSE122043,0
482934,GSE122876,0
482934,GSE123100,1
482934,GSE124102,0
482934,GSE126799,0
482934,GSE128931,0
482934,GSE130053,1
482934,GSE131598,1
482934,GSE131739,0
482934,GSE131740,0
482934,GSE131741,0
482934,GSE13375,0
482934,GSE133787,0
482934,GSE133905,0
482934,GSE134284,0
482934,GSE134285,0
482934,GSE13456,0
482934,GSE135637,0
482934,GSE136360,1
482934,GSE136373,0
482934,GSE136713,0
482934,GSE137470,0
482934,GSE137733,0
482934,GSE137953,0
482934,GSE139327,0
482934,GSE139350,1
482934,GSE139406,0
482934,GSE139407,0
482934,GSE139488,0
482934,GSE139518,0
482934,GSE139874,1
482934,GSE139875,1
482934,GSE139876,1
482934,GSE139969,0
482934,GSE139970,0
482934,GSE139971,0
482934,GSE140021,0
482934,GSE140057,0
482934,GSE14026,1
482934,GSE140949,0
482934,GSE141090,0
482934,GSE141445,0
482934,GSE142203,0
482934,GSE142237,0
482934,GSE142263,0
482934,GSE143018,0
482934,GSE143233,0
482934,GSE143234,0
482934,GSE143235,0
482934,GSE143356,0
482934,GSE143380,0
482934,GSE143381,0
482934,GSE143821,0
482934,GSE144580,1
482934,GSE145899,0
482934,GSE146222,1
482934,GSE146223,1
482934,GSE146237,1
482934,GSE146280,0
482934,GSE14697,0
482934,GSE147056,0
482934,GSE147385,1
482934,GSE147535,0
482934,GSE147564,0
482934,GSE147641,0
482934,GSE148385,1
482934,GSE149049,0
482934,GSE149694,0
482934,GSE149763,1
482934,GSE150291,0
482934,GSE150311,0
482934,GSE150430,0
482934,GSE150565,1
482934,GSE150590,0
482934,GSE150616,0
482934,GSE150637,0
482934,GSE150773,1
482934,GSE150779,1
482934,GSE150780,1
482934,GSE150781,1
482934,GSE150847,0
482934,GSE151580,0
482934,GSE151605,1
482934,GSE151860,0
482934,GSE152217,0
482934,GSE152931,0
482934,GSE153137,0
482934,GSE153138,0
482934,GSE153139,0
482934,GSE153140,0
482934,GSE154451,0
482934,GSE154494,0
482934,GSE154645,1
482934,GSE156207,0
482934,GSE157125,1
482934,GSE157677,1
482934,GSE158579,0
482934,GSE159028,0
482934,GSE160287,0
482934,GSE160601,0
482934,GSE160602,0
482934,GSE160603,0
482934,GSE160650,0
482934,GSE161506,0
482934,GSE161632,1
482934,GSE161633,1
482934,GSE161634,1
482934,GSE161635,1
482934,GSE161696,1
482934,GSE161722,1
482934,GSE162328,0
482934,GSE162351,0
482934,GSE162354,0
482934,GSE162355,0
482934,GSE162944,0
482934,GSE162945,0
482934,GSE162946,0
482934,GSE164047,0
482934,GSE16454,0
482934,GSE164908,1
482934,GSE165021,0
482934,GSE165324,0
482934,GSE166169,1
482934,GSE166345,0
482934,GSE169339,0
482934,GSE169538,1
482934,GSE169671,0
482934,GSE169673,0
482934,GSE169675,0
482934,GSE169678,0
482934,GSE169760,0
482934,GSE171042,0
482934,GSE171046,0
482934,GSE171168,1
482934,GSE171194,0
482934,GSE171465,0
482934,GSE171479,0
482934,GSE171480,0
482934,GSE171640,0
482934,GSE171896,0
482934,GSE172146,0
482934,GSE173531,0
482934,GSE174023,0
482934,GSE174602,0
482934,GSE174748,0
482934,GSE176204,0
482934,GSE176214,1
482934,GSE176263,0
482934,GSE177042,0
482934,GSE17745,1
482934,GSE178781,0
482934,GSE17923,0
482934,GSE179267,0
482934,GSE180813,0
482934,GSE180814,0
482934,GSE180815,0
482934,GSE181095,0
482934,GSE181202,0
482934,GSE182102,0
482934,GSE182897,0
482934,GSE183300,0
482934,GSE184209,0
482934,GSE18423,1
482934,GSE184362,0
482934,GSE184507,0
482934,GSE185122,0
482934,GSE18517,1
482934,GSE18518,1
482934,GSE185323,0
482934,GSE185465,0
482934,GSE185633,0
482934,GSE185865,1
482934,GSE186143,0
482934,GSE186144,0
482934,GSE18647,0
482934,GSE18648,0
482934,GSE18649,0
482934,GSE18691,0
482934,GSE188607,0
482934,GSE188711,0
482934,GSE188954,0
482934,GSE189125,0
482934,GSE189126,0
482934,GSE189425,0
482934,GSE190451,1
482934,GSE190452,1
482934,GSE190453,1
482934,GSE190572,0
482934,GSE190573,0
482934,GSE190574,0
482934,GSE190882,0
482934,GSE191164,1
482934,GSE191225,0
482934,GSE192505,0
482934,GSE192506,0
482934,GSE192507,0
482934,GSE192508,0
482934,GSE192509,0
482934,GSE193729,0
482934,GSE193975,0
482934,GSE196055,0
482934,GSE196221,0
482934,GSE196222,0
482934,GSE196223,0
482934,GSE196224,0
482934,GSE196258,0
482934,GSE196600,1
482934,GSE196791,1
482934,GSE196792,1
482934,GSE196794,1
482934,GSE197015,1
482934,GSE197177,1
482934,GSE197365,0
482934,GSE197381,0
482934,GSE197522,0
482934,GSE197559,0
482934,GSE197999,0
482934,GSE19815,0
482934,GSE198346,0
482934,GSE198347,0
482934,GSE198348,0
482934,GSE199687,0
482934,GSE199958,0
482934,GSE200916,0
482934,GSE200972,0
482934,GSE201336,0
482934,GSE201348,0
482934,GSE201349,0
482934,GSE201537,1
482934,GSE20193,0
482934,GSE201970,0
482934,GSE202158,0
482934,GSE202161,0
482934,GSE205503,0
482934,GSE205936,1
482934,GSE206409,0
482934,GSE206471,1
482934,GSE206662,0
482934,GSE207323,0
482934,GSE207431,0
482934,GSE207868,0
482934,GSE208248,0
482934,GSE208293,0
482934,GSE208690,0
482934,GSE208691,0
482934,GSE208692,0
482934,GSE209792,0
482934,GSE210764,0
482934,GSE211885,0
482934,GSE212039,0
482934,GSE212042,0
482934,GSE212045,0
482934,GSE212046,0
482934,GSE212047,0
482934,GSE212334,0
482934,GSE213607,0
482934,GSE213799,0
482934,GSE214515,0
482934,GSE216237,0
482934,GSE216239,0
482934,GSE216241,0
482934,GSE216314,0
482934,GSE216868,1
482934,GSE216962,1
482934,GSE216996,1
482934,GSE21710,1
482934,GSE217685,0
482934,GSE217687,0
482934,GSE218751,0
482934,GSE218753,0
482934,GSE218754,0
482934,GSE220041,0
482934,GSE220042,0
482934,GSE220043,0
482934,GSE220613,0
482934,GSE221947,0
482934,GSE221971,0
482934,GSE222092,0
482934,GSE222242,1
482934,GSE222634,0
482934,GSE222635,0
482934,GSE222636,0
482934,GSE222662,0
482934,GSE222663,0
482934,GSE222664,0
482934,GSE222665,0
482934,GSE222858,0
482934,GSE223646,0
482934,GSE223773,0
482934,GSE223886,0
482934,GSE223965,0
482934,GSE224425,0
482934,GSE224494,1
482934,GSE224628,0
482934,GSE225568,0
482934,GSE225588,0
482934,GSE225762,1
482934,GSE226159,0
482934,GSE226180,0
482934,GSE226182,0
482934,GSE226183,0
482934,GSE226184,0
482934,GSE226297,0
482934,GSE227634,0
482934,GSE227911,0
482934,GSE228171,0
482934,GSE228193,0
482934,GSE228380,0
482934,GSE228381,0
482934,GSE228546,0
482934,GSE228627,0
482934,GSE228669,0
482934,GSE229033,0
482934,GSE229034,0
482934,GSE229038,0
482934,GSE229750,0
482934,GSE229791,0
482934,GSE23006,0
482934,GSE232594,0
482934,GSE232805,0
482934,GSE233806,0
482934,GSE233807,0
482934,GSE233808,0
482934,GSE234647,0
482934,GSE235280,0
482934,GSE235311,0
482934,GSE235367,0
482934,GSE23553,0
482934,GSE23554,0
482934,GSE23603,0
482934,GSE236257,1
482934,GSE237166,0
482934,GSE238091,0
482934,GSE238164,0
482934,GSE239307,0
482934,GSE239346,0
482934,GSE240418,0
482934,GSE240770,0
482934,GSE240813,0
482934,GSE24466,0
482934,GSE244755,0
482934,GSE245016,0
482934,GSE248938,0
482934,GSE252239,1
482934,GSE253302,0
482934,GSE254802,0
482934,GSE255690,0
482934,GSE256301,1
482934,GSE256409,0
482934,GSE256462,0
482934,GSE263907,1
482934,GSE264103,1
482934,GSE264674,0
482934,GSE26502,0
482934,GSE267657,0
482934,GSE268310,1
482934,GSE27157,1
482934,GSE272311,1
482934,GSE274350,1
482934,GSE27520,0
482934,GSE276438,1
482934,GSE28665,0
482934,GSE29621,1
482934,GSE29622,1
482934,GSE29623,1
482934,GSE30025,0
482934,GSE30160,1
482934,GSE30295,1
482934,GSE32887,0
482934,GSE33316,0
482934,GSE33317,0
482934,GSE34252,0
482934,GSE34615,0
482934,GSE34669,0
482934,GSE37587,0
482934,GSE39051,0
482934,GSE39335,0
482934,GSE39338,0
482934,GSE39339,0
482934,GSE40286,0
482934,GSE40369,0
482934,GSE4050,0
482934,GSE41613,0
482934,GSE41797,0
482934,GSE43727,0
482934,GSE44619,0
482934,GSE46202,0
482934,GSE46678,1
482934,GSE46747,0
482934,GSE46764,0
482934,GSE46765,0
482934,GSE47596,0
482934,GSE48848,0
482934,GSE48998,0
482934,GSE49436,0
482934,GSE49958,0
482934,GSE51103,0
482934,GSE51448,0
482934,GSE51977,0
482934,GSE52340,1
482934,GSE53159,1
482934,GSE53354,0
482934,GSE53790,0
482934,GSE53791,0
482934,GSE53792,0
482934,GSE54135,1
482934,GSE54810,0
482934,GSE56135,0
482934,GSE56676,0
482934,GSE57495,1
482934,GSE58594,0
482934,GSE59655,0
482934,GSE61639,0
482934,GSE62511,0
482934,GSE62823,0
482934,GSE62824,0
482934,GSE62825,0
482934,GSE63102,0
482934,GSE63104,0
482934,GSE63105,0
482934,GSE63138,0
482934,GSE63139,0
482934,GSE63140,0
482934,GSE63154,0
482934,GSE66698,0
482934,GSE66699,0
482934,GSE66700,0
482934,GSE67051,0
482934,GSE67705,0
482934,GSE69230,0
482934,GSE69231,0
482934,GSE69232,0
482934,GSE69580,0
482934,GSE70112,0
482934,GSE72094,0
482934,GSE72275,0
482934,GSE72627,1
482934,GSE73481,0
482934,GSE73893,0
482934,GSE73984,0
482934,GSE74280,0
482934,GSE75050,1
482934,GSE75063,0
482934,GSE75459,0
482934,GSE76244,0
482934,GSE76538,1
482934,GSE76740,0
482934,GSE76970,0
482934,GSE77109,0
482934,GSE77110,0
482934,GSE77111,0
482934,GSE77555,1
482934,GSE79543,0
482934,GSE79661,0
482934,GSE81189,0
482934,GSE81373,0
482934,GSE81751,1
482934,GSE83360,0
482934,GSE84947,1
482934,GSE85377,1
482934,GSE85659,0
482934,GSE86077,0
482934,GSE86795,0
482934,GSE86974,0
482934,GSE87176,1
482934,GSE87182,1
482934,GSE87541,0
482934,GSE87570,0
482934,GSE88860,0
482934,GSE89549,0
482934,GSE9015,0
482934,GSE91029,0
482934,GSE93090,0
482934,GSE93126,0
482934,GSE93226,1
482934,GSE93372,0
482934,GSE93674,1
482934,GSE93711,0
482934,GSE93712,0
482934,GSE93727,0
482934,GSE93737,0
482934,GSE93847,0
482934,GSE93983,1
482934,GSE94027,1
482934,GSE94098,0
482934,GSE95102,0
482934,GSE95195,0
482934,GSE95197,0
482934,GSE95288,1
482934,GSE95423,1
482934,GSE95730,0
482934,GSE95736,0
482934,GSE97214,0
482934,GSE97898,0
482934,GSE99390,0
482934,GSE99391,0
483267,GSE81420,0
483267,GSE81421,0
483267,GSE81422,0
483413,GSE77745,0
483413,GSE81448,0
483413,GSE97642,0
483413,GSE97643,0
484348,GSE35262,0
484348,GSE81628,0
484984,GSE19305,0
484984,GSE22254,0
484984,GSE28161,0
484984,GSE28162,0
484984,GSE38101,0
484984,GSE46056,0
484984,GSE5985,0
484984,GSE6945,0
484984,GSE76943,0
484984,GSE81741,0
486782,GSE77368,0
486782,GSE77624,0
486782,GSE82071,0
486926,GSE58979,0
486926,GSE59045,0
486926,GSE62813,0
486926,GSE82104,0
486926,GSE82110,0
486926,GSE82293,0
486926,GSE82299,0
487812,GSE82229,0
487812,GSE82230,0
487929,GSE14524,0
487929,GSE150617,0
487929,GSE176469,0
487929,GSE200506,0
487929,GSE218998,0
487929,GSE2265,0
487929,GSE31274,0
487929,GSE59015,0
487929,GSE82269,0
488056,GSE82287,0
488584,GSE129507,0
488584,GSE24240,0
488584,GSE25090,0
488584,GSE32054,0
488584,GSE43257,1
488584,GSE80985,0
488584,GSE83098,0
488584,GSE83099,0
488584,GSE99204,0
489079,GSE83223,0
489165,GSE83231,0
489165,GSE83614,0
489165,GSE83678,0
489165,GSE88741,0
489925,GSE83350,0
489925,GSE90057,0
490897,GSE102208,0
490897,GSE107433,0
490897,GSE178336,0
490897,GSE31598,0
490897,GSE31725,0
490897,GSE53680,0
490897,GSE79111,0
490897,GSE83512,0
490897,GSE9241,0
491219,GSE157246,0
491219,GSE157247,0
491219,GSE157248,0
491219,GSE24756,0
491219,GSE51270,0
491219,GSE66771,0
491219,GSE75085,0
491219,GSE83553,0
491219,GSE84300,0
491727,GSE134308,0
491727,GSE15532,0
491727,GSE207373,0
491727,GSE214471,0
491727,GSE215214,0
491727,GSE227643,0
491727,GSE245557,0
491727,GSE248437,1
491727,GSE249966,0
491727,GSE5014,0
491727,GSE5083,0
491727,GSE83635,0
492047,GSE83673,0
492892,GSE83811,0
492944,GSE49966,0
492944,GSE52878,0
492944,GSE70378,0
492944,GSE83821,0
493020,GSE83834,0
493530,GSE101340,0
493530,GSE83918,0
493755,GSE83953,0
493982,GSE208147,0
493982,GSE64941,0
493982,GSE83999,0
494046,GSE117869,0
494046,GSE197402,0
494046,GSE231577,0
494046,GSE71001,0
494046,GSE84009,0
494152,GSE84019,0
494152,GSE85673,0
497510,GSE58493,0
497510,GSE58498,0
497510,GSE58500,0
497510,GSE58501,0
497510,GSE84589,0
497546,GSE84598,0
498125,GSE84682,0
498257,GSE138740,0
498257,GSE159177,0
498257,GSE84697,0
499566,GSE84893,0
501200,GSE85176,0
501221,GSE85179,0
501221,GSE85645,0
501221,GSE85654,0
501221,GSE85658,0
501221,GSE85661,0
501221,GSE85662,0
501221,GSE85663,0
501221,GSE85664,0
501221,GSE85665,0
501221,GSE85666,0
501221,GSE85667,0
501221,GSE85668,0
501221,GSE85669,0
501221,GSE85700,0
501221,GSE85862,0
501221,GSE85865,0
501221,GSE85866,0
501221,GSE85869,0
501221,GSE86119,0
501221,GSE86120,0
501221,GSE86121,0
501221,GSE86122,0
501221,GSE86123,0
501221,GSE86124,0
501221,GSE86125,0
501221,GSE86126,0
501221,GSE86127,0
501221,GSE86129,0
501221,GSE86130,0
501221,GSE86131,0
501221,GSE86132,0
501221,GSE86133,0
501221,GSE86134,0
501221,GSE86135,0
501221,GSE86136,0
501221,GSE86137,0
501221,GSE86138,0
501684,GSE151813,0
501684,GSE85230,0
502160,GSE85307,0
502908,GSE85422,0
504617,GSE60695,0
504617,GSE85732,0
504617,GSE85733,0
504617,GSE85734,0
504940,GSE25684,0
504940,GSE25769,0
504940,GSE40617,0
504940,GSE55783,0
504940,GSE56134,0
504940,GSE64590,0
504940,GSE85796,0
505513,GSE85899,0
505711,GSE80583,0
505711,GSE85938,0
505711,GSE85939,0
505711,GSE85940,0
505711,GSE85941,0
505711,GSE85942,0
506405,GSE104215,0
506405,GSE104216,0
506405,GSE104217,0
506405,GSE137957,0
506405,GSE7396,0
506405,GSE85325,0
506405,GSE86058,0
506405,GSE86059,0
506405,GSE87744,0
506405,GSE87752,0
506405,GSE87769,0
506422,GSE11113,0
506422,GSE75371,0
506422,GSE86063,0
507389,GSE86242,0
507668,GSE86300,0
507847,GSE86328,0
507847,GSE86333,0
507847,GSE86334,0
507847,GSE86335,0
508275,GSE55291,0
508275,GSE58396,0
508275,GSE86417,0
511048,GSE119029,0
511048,GSE121467,0
511048,GSE123922,0
511048,GSE15445,0
511048,GSE182508,0
511048,GSE197513,0
511048,GSE21249,0
511048,GSE253223,0
511048,GSE253224,0
511048,GSE253225,0
511048,GSE253226,0
511048,GSE25671,0
511048,GSE31002,0
511048,GSE43082,0
511048,GSE46219,0
511048,GSE64485,0
511048,GSE86960,0
511048,GSE87068,0
511048,GSE87198,0
511048,GSE92938,0
511048,GSE93657,0
511368,GSE87019,0
512175,GSE87110,0
512179,GSE196105,0
512179,GSE22339,0
512179,GSE54336,0
512179,GSE87110,0
512299,GSE236849,0
512299,GSE34211,0
512299,GSE69896,0
512299,GSE87136,0
512299,GSE87153,0
512418,GSE87175,0
513911,GSE87448,0
513923,GSE87449,0
513923,GSE87468,0
514037,GSE87463,1
514109,GSE87472,0
515054,GSE87622,0
515230,GSE86997,0
515230,GSE87647,0
515511,GSE87697,0
515700,GSE59285,0
515700,GSE87743,0
515983,GSE87786,0
516918,GSE88724,0
516925,GSE88725,1
517783,GSE124392,0
517783,GSE124472,0
517783,GSE127344,0
517783,GSE164564,0
517783,GSE195717,0
517783,GSE230707,0
517783,GSE238005,0
517783,GSE251862,0
517783,GSE88835,0
517783,GSE98890,0
518629,GSE88988,0
518711,GSE89000,0
519172,GSE89082,0
520128,GSE63332,0
520128,GSE89249,0
520346,GSE86355,0
520346,GSE89287,0
521172,GSE24881,0
521172,GSE68078,0
521172,GSE89447,0
522277,GSE89581,0
522277,GSE89582,0
522277,GSE89583,0
522277,GSE89584,0
522277,GSE89717,0
523226,GSE89747,0
523226,GSE89748,0
523226,GSE89749,0
523226,GSE89803,0
524107,GSE160291,0
524107,GSE89856,0
524400,GSE89915,0
524481,GSE89918,0
525129,GSE108102,0
525129,GSE108424,0
525129,GSE68800,0
525129,GSE71468,0
525129,GSE71569,0
525129,GSE76475,0
525129,GSE76476,0
525129,GSE90016,0
527084,GSE77746,0
527084,GSE77798,0
527084,GSE77799,0
527084,GSE90595,0
528360,GSE90795,0
529003,GSE27149,0
529003,GSE85339,0
529003,GSE90897,0
529042,GSE40313,0
529042,GSE90902,1
529049,GSE55464,0
529049,GSE55465,0
529049,GSE55466,0
529049,GSE90904,0
529455,GSE73302,0
529455,GSE90967,0
529883,GSE104635,0
529883,GSE72809,0
529883,GSE72810,0
529883,GSE72829,0
529883,GSE80412,0
529883,GSE80496,0
529883,GSE91018,0
529883,GSE91019,0
529883,GSE91020,0
530270,GSE12851,1
530270,GSE13878,0
530270,GSE2886,1
530270,GSE45167,0
530270,GSE46601,1
530270,GSE91049,1
530639,GSE91379,0
530973,GSE92262,0
531100,GSE92289,0
531328,GSE128494,0
531328,GSE81276,0
531328,GSE92331,0
531440,GSE92340,0
531818,GSE92391,0
531823,GSE92391,0
533732,GSE237018,1
533732,GSE92719,0
534013,GSE160885,0
534013,GSE161351,0
534013,GSE161353,0
534013,GSE92763,0
534013,GSE92764,0
534013,GSE92765,0
534787,GSE47460,0
534787,GSE92938,0
535010,GSE92973,1
535046,GSE92977,0
537248,GSE93385,0
537791,GSE135411,0
537791,GSE153282,0
537791,GSE168487,0
537791,GSE185687,0
537791,GSE185688,0
537791,GSE185689,0
537791,GSE185690,0
537791,GSE245954,0
537791,GSE93543,0
538504,GSE93655,0
539092,GSE93760,0
541273,GSE94111,0
541944,GSE127079,0
541944,GSE128115,0
541944,GSE58340,0
541944,GSE94273,0
541944,GSE94274,0
542081,GSE94304,0
542278,GSE27315,0
542278,GSE52914,0
542278,GSE72698,0
542278,GSE94330,0
542591,GSE61594,0
542591,GSE94378,0
542890,GSE94415,0
543637,GSE94517,0
543637,GSE94602,0
543637,GSE94604,0
546828,GSE94969,0
549542,GSE95470,0
550037,GSE95579,0
550422,GSE112147,0
550422,GSE95648,0
550422,GSE96624,0
551624,GSE95860,0
552490,GSE58721,0
552490,GSE65503,0
552490,GSE83847,0
552490,GSE83848,0
552490,GSE83850,0
552490,GSE96578,0
552639,GSE68626,0
552639,GSE96598,0
553206,GSE96678,0
553248,GSE96684,0
554578,GSE96949,0
555251,GSE49274,0
555251,GSE97048,0
555251,GSE97085,0
557548,GSE111326,0
557548,GSE112776,0
557548,GSE113177,0
557548,GSE123560,0
557548,GSE147190,0
557548,GSE150962,0
557548,GSE153981,0
557548,GSE157144,0
557548,GSE168070,0
557548,GSE17515,0
557548,GSE176454,0
557548,GSE188635,0
557548,GSE200039,0
557548,GSE220048,0
557548,GSE220049,0
557548,GSE220050,0
557548,GSE234560,0
557548,GSE234628,0
557548,GSE234629,0
557548,GSE242161,0
557548,GSE248376,0
557548,GSE31853,0
557548,GSE47690,0
557548,GSE58766,0
557548,GSE78070,0
557548,GSE82004,0
557548,GSE83699,0
557548,GSE85168,0
557548,GSE85169,0
557548,GSE85170,0
557548,GSE85171,0
557548,GSE97355,0
558005,GSE121729,0
558005,GSE18696,0
558005,GSE47036,0
558005,GSE47038,0
558005,GSE57359,0
558005,GSE57360,0
558005,GSE57361,0
558005,GSE97423,0
558488,GSE106708,0
558488,GSE97478,0
558576,GSE37645,0
558576,GSE9599,0
558576,GSE97488,0
559813,GSE97679,0
559813,GSE97680,0
559813,GSE97681,0
559813,GSE97682,0
560200,GSE97750,0
560200,GSE97751,0
560676,GSE112827,0
560676,GSE12033,0
560676,GSE12035,0
560676,GSE14477,0
560676,GSE34812,0
560676,GSE34814,0
560676,GSE34815,0
560676,GSE34818,0
560676,GSE97823,0
560676,GSE97824,0
560676,GSE97825,0
560676,GSE97826,0
560676,GSE97829,0
560676,GSE97832,0
560676,GSE97833,0
560676,GSE97834,0
561920,GSE98062,0
562911,GSE98230,0
563217,GSE153097,0
563217,GSE26155,0
563217,GSE28073,0
563217,GSE98278,0
563479,GSE98329,0
563585,GSE98342,0
564372,GSE98482,0
564576,GSE98523,0
565038,GSE119311,1
565038,GSE98572,0
566154,GSE128459,0
566154,GSE44106,0
566154,GSE98708,0
567069,GSE98877,0
567083,GSE98878,0
567083,GSE98879,0
567083,GSE98881,0
567083,GSE98882,0
567083,GSE98883,0
567133,GSE24146,0
567133,GSE98888,0
567576,GSE98965,0
568257,GSE55854,0
568257,GSE55856,0
568257,GSE55857,0
568257,GSE66258,0
568257,GSE99070,0
568415,GSE99084,0
568419,GSE99084,0
569072,GSE69206,0
569072,GSE99210,1
569475,GSE63348,0
569475,GSE99275,0
569475,GSE99284,0
569475,GSE99310,0
569475,GSE99311,0
571539,GSE99593,0
571617,GSE99614,0
571617,GSE99724,0
571642,GSE20628,0
571642,GSE99617,0
572838,GSE10910,0
572838,GSE11336,0
572838,GSE22152,0
572838,GSE22779,0
572838,GSE23842,0
572838,GSE29639,0
572838,GSE83142,0
572838,GSE99813,0
573116,GSE106631,0
573116,GSE156103,0
573116,GSE166609,1
573116,GSE193168,1
573116,GSE235201,1
573116,GSE255459,1
573116,GSE78824,0
573116,GSE86839,0
573116,GSE99869,0
573420,GSE102848,0
573420,GSE103362,0
573420,GSE103370,0
573420,GSE99924,0
573986,GSE100024,0
574062,GSE100029,0
574062,GSE126772,0
574550,GSE100104,0
574621,GSE100117,0
575009,GSE100191,0
575117,GSE100210,0
575117,GSE1676,0
575117,GSE18108,0
575117,GSE18893,0
575117,GSE19719,0
575117,GSE2118,0
575117,GSE27629,0
575117,GSE30240,0
575117,GSE34044,0
575117,GSE3534,0
575117,GSE36958,0
575117,GSE37001,0
575117,GSE37002,0
575117,GSE37003,0
575117,GSE37004,0
575117,GSE37005,0
575117,GSE4612,0
575117,GSE47945,0
575117,GSE47997,0
575117,GSE47998,0
575117,GSE61994,0
575117,GSE61995,0
575117,GSE61996,0
575117,GSE61997,0
575117,GSE61998,0
575117,GSE63678,0
575117,GSE6783,0
575117,GSE6784,0
575117,GSE6786,0
575117,GSE68468,0
575117,GSE70485,0
575117,GSE76057,0
575117,GSE76058,0
575117,GSE8642,0
575117,GSE90164,0
576012,GSE100319,0
576786,GSE100436,0
577048,GSE100475,0
577048,GSE100476,0
577048,GSE100477,0
577419,GSE100540,0
577559,GSE100571,0
577559,GSE100572,0
577559,GSE100573,0
577559,GSE106579,0
578097,GSE100669,0
578333,GSE100697,0
578333,GSE100698,0
578333,GSE100699,0
578505,GSE100716,0
578505,GSE105402,0
578505,GSE38264,0
580052,GSE101058,0
580052,GSE80957,0
580160,GSE101075,0
580759,GSE101198,0
583181,GSE101678,0
583387,GSE101704,0
583387,GSE101707,0
583387,GSE101711,0
583523,GSE101721,0
583523,GSE52906,0
583523,GSE52907,0
583523,GSE52908,0
583523,GSE52909,0
583626,GSE101740,0
584768,GSE101892,0
584870,GSE101907,0
584884,GSE101910,1
586175,GSE102128,0
586175,GSE11557,0
586175,GSE14016,0
586175,GSE244986,0
586175,GSE244987,0
586175,GSE244988,0
586175,GSE245063,0
586175,GSE7784,0
586580,GSE102180,0
587052,GSE102249,0
587362,GSE102299,0
587362,GSE18932,0
587362,GSE20975,0
587362,GSE21732,0
587362,GSE60991,0
587362,GSE68610,0
587362,GSE89991,0
588015,GSE102403,0
588348,GSE102478,0
588509,GSE102495,0
588612,GSE102513,0
588612,GSE102514,0
588612,GSE102515,0
588879,GSE102558,0
588879,GSE82058,0
588879,GSE84216,1
590311,GSE102838,0
590311,GSE113846,0
590311,GSE133601,0
590311,GSE133994,0
590311,GSE134048,0
590311,GSE144575,0
590311,GSE144709,0
590311,GSE15029,0
590311,GSE15632,0
590311,GSE16598,0
590311,GSE16599,0
590311,GSE16600,0
590311,GSE16601,0
590311,GSE16602,0
590311,GSE16603,0
590311,GSE16604,0
590311,GSE16605,0
590311,GSE16606,0
590311,GSE16607,0
590311,GSE16608,0
590311,GSE16609,0
590311,GSE16610,0
590311,GSE16611,0
590311,GSE16663,0
590311,GSE16664,0
590311,GSE16665,0
590311,GSE16667,0
590311,GSE16668,0
590311,GSE16669,0
590311,GSE16672,0
590311,GSE186047,0
590311,GSE19198,0
590311,GSE197289,0
590311,GSE199250,1
590311,GSE205031,0
590311,GSE214506,0
590311,GSE214529,0
590311,GSE21507,0
590311,GSE215164,0
590311,GSE215166,0
590311,GSE221681,0
590311,GSE22589,0
590311,GSE23682,0
590311,GSE25044,0
590311,GSE30499,0
590311,GSE31757,0
590311,GSE31942,0
590311,GSE33828,0
590311,GSE35112,0
590311,GSE35113,0
590311,GSE35114,0
590311,GSE35115,0
590311,GSE35116,0
590311,GSE35117,0
590311,GSE39232,0
590311,GSE48152,0
590311,GSE56105,0
590311,GSE62992,0
590311,GSE65348,1
590311,GSE69860,0
590311,GSE69949,0
590311,GSE69950,0
590311,GSE94543,0
590491,GSE102870,0
592023,GSE103119,0
592039,GSE103123,0
592039,GSE216701,0
592039,GSE216704,0
592039,GSE216705,0
593013,GSE103278,0
593236,GSE103324,0
593670,GSE103417,0
593670,GSE126529,0
593670,GSE146867,0
593670,GSE155164,0
593670,GSE199880,0
593670,GSE209546,0
593670,GSE218730,0
593670,GSE236919,0
593723,GSE103429,0
593723,GSE122489,0
593723,GSE4330,0
593723,GSE86550,0
594033,GSE103473,0
594605,GSE103569,0
594605,GSE24321,0
594605,GSE65043,0
594605,GSE65044,0
594605,GSE65045,0
595805,GSE103769,0
596678,GSE103930,0
596786,GSE10172,0
596786,GSE103944,0
596786,GSE21597,0
596786,GSE22470,0
596786,GSE44164,0
596786,GSE4475,0
596786,GSE47506,0
596786,GSE47507,0
596786,GSE47508,0
596786,GSE57277,0
596786,GSE57611,0
596786,GSE57612,0
597285,GSE104022,0
598668,GSE104244,0
599914,GSE104451,0
600934,GSE104634,0
600934,GSE115447,0
601041,GSE104651,0
601085,GSE104661,1
601089,GSE104661,0
601215,GSE104687,0
601215,GSE107558,0
601215,GSE107559,0
601215,GSE107560,0
601250,GSE104687,0
601250,GSE11981,0
601250,GSE30615,0
601250,GSE37450,0
601250,GSE39230,0
601250,GSE6871,0
601250,GSE6873,0
601250,GSE6874,0
601434,GSE104721,0
601434,GSE108677,0
601434,GSE110012,0
601434,GSE110013,0
601434,GSE110015,0
601434,GSE110037,0
601434,GSE110038,0
601434,GSE131600,0
601434,GSE133995,0
601434,GSE134175,0
601434,GSE141927,0
601434,GSE141928,0
601434,GSE141929,0
601434,GSE155678,0
601434,GSE198054,0
601434,GSE198055,0
601434,GSE198057,0
601434,GSE210748,0
601434,GSE212371,0
601434,GSE212372,0
601434,GSE212373,0
601434,GSE221096,0
601434,GSE241832,0
601617,GSE104740,0
602774,GSE104897,0
602774,GSE104898,0
602774,GSE104899,0
602781,GSE104897,0
602781,GSE104898,0
602781,GSE104899,0
602781,GSE80061,1
603128,GSE104943,0
603134,GSE104943,0
603134,GSE111487,0
603134,GSE146028,0
603134,GSE176311,0
603134,GSE3292,0
603245,GSE104961,0
604120,GSE105094,0
604442,GSE105142,0
604442,GSE11202,0
604442,GSE15416,1
604442,GSE16465,0
604442,GSE30849,0
604442,GSE57032,0
604442,GSE70429,0
604442,GSE99609,0
604570,GSE105152,0
604570,GSE105153,0
604570,GSE105154,0
605202,GSE105772,0
605988,GSE106148,0
605988,GSE116559,0
605988,GSE120299,0
605988,GSE43128,0
605988,GSE65361,0
606119,GSE106175,0
606651,GSE106257,0
606651,GSE92709,0
606651,GSE92710,0
606651,GSE92711,0
607062,GSE106320,0
608228,GSE106483,0
608253,GSE106486,0
608253,GSE54057,0
609036,GSE106588,0
609163,GSE106604,0
609335,GSE106643,0
611918,GSE107063,0
612047,GSE107093,0
612047,GSE88835,1
612047,GSE98890,1
612539,GSE107173,0
612560,GSE107176,0
612624,GSE107189,0
613729,GSE107374,0
613812,GSE107392,0
613812,GSE107397,0
613812,GSE107507,0
613812,GSE107510,0
613812,GSE107513,0
614109,GSE100721,0
614109,GSE104927,0
614109,GSE107439,0
614109,GSE145360,0
614109,GSE217102,0
614109,GSE27491,0
614109,GSE56291,0
614109,GSE59013,0
614109,GSE62885,0
614109,GSE81240,1
614409,GSE107477,0
614409,GSE112793,0
614409,GSE113135,0
614409,GSE114432,0
614409,GSE141937,1
614409,GSE153495,1
614409,GSE153498,1
614409,GSE158128,1
614409,GSE162735,1
614409,GSE194041,1
614409,GSE194305,1
614409,GSE196750,1
614409,GSE198043,1
614409,GSE230543,1
614409,GSE269311,1
614409,GSE64285,1
614409,GSE64289,1
614409,GSE89162,1
614409,GSE94004,1
615533,GSE107650,0
615533,GSE83322,0
615819,GSE107704,0
616944,GSE107878,0
616944,GSE250371,0
616944,GSE27516,0
616944,GSE29683,0
616944,GSE29684,0
616944,GSE29685,0
616944,GSE29686,0
616944,GSE92860,0
616944,GSE95109,0
617765,GSE108008,0
617765,GSE108009,0
617765,GSE108010,0
617910,GSE108021,0
618098,GSE108050,0
618098,GSE108052,0
618278,GSE108085,0
618278,GSE108088,0
618278,GSE108089,0
618278,GSE228100,0
618386,GSE108101,0
618386,GSE55517,0
618948,GSE108192,0
618956,GSE108193,0
618956,GSE108217,0
618956,GSE108219,0
619084,GSE108203,0
619084,GSE11117,0
619084,GSE1487,0
619084,GSE1488,0
619084,GSE1489,0
619084,GSE1490,0
619084,GSE154286,0
619084,GSE17483,0
619084,GSE1907,0
619084,GSE21660,0
619084,GSE24216,0
619084,GSE37138,0
619084,GSE40299,0
619084,GSE90778,0
619459,GSE108261,0
619459,GSE31468,0
619459,GSE53463,0
619459,GSE73890,0
620374,GSE108406,0
622516,GSE108740,0
622858,GSE108811,0
622858,GSE89997,0
623247,GSE108867,0
623247,GSE32208,0
623247,GSE33636,0
623247,GSE33637,0
623247,GSE33638,0
623247,GSE67165,0
623247,GSE67166,0
623247,GSE67167,0
624091,GSE108999,0
625141,GSE109178,0
625178,GSE109183,0
627327,GSE109508,0
627327,GSE109509,0
627327,GSE109511,0
627327,GSE109513,0
627327,GSE109514,0
627327,GSE112947,0
627327,GSE139369,0
627327,GSE152329,0
627327,GSE174072,0
627327,GSE178707,0
627327,GSE234329,0
627327,GSE234330,0
627327,GSE234331,0
627327,GSE248159,0
627327,GSE266569,0
627327,GSE42890,0
627327,GSE45892,0
627327,GSE55581,0
627327,GSE64768,0
627327,GSE64769,0
627327,GSE64770,0
627327,GSE64908,0
627327,GSE65540,0
627327,GSE66306,0
627327,GSE70353,0
627327,GSE75770,0
627327,GSE79551,0
628686,GSE109704,0
628940,GSE109743,0
628940,GSE111091,0
628940,GSE79209,0
628940,GSE79210,0
628940,GSE79315,0
631610,GSE110168,0
631658,GSE110178,0
632551,GSE110302,0
632551,GSE184107,0
632770,GSE110331,0
632770,GSE110751,0
632792,GSE10186,0
632792,GSE110333,0
632792,GSE110794,0
632792,GSE110796,0
632792,GSE33432,0
633384,GSE110426,0
634112,GSE110550,0
634721,GSE110648,0
634721,GSE205668,0
634721,GSE205740,0
634721,GSE205741,0
634721,GSE214118,1
634721,GSE224058,0
634721,GSE224059,0
634721,GSE224060,0
634721,GSE224061,0
634721,GSE225436,0
634721,GSE59192,0
634721,GSE62668,0
634721,GSE99068,0
634731,GSE106594,0
634731,GSE110650,0
634731,GSE46003,0
635229,GSE110725,0
635244,GSE110726,0
636121,GSE110914,0
636130,GSE110914,0
636130,GSE92439,0
636134,GSE110914,0
636134,GSE38642,0
636134,GSE44035,0
636134,GSE74163,0
636493,GSE109248,0
636493,GSE110999,0
636493,GSE83862,0
636808,GSE111043,0
636994,GSE111074,0
636994,GSE38041,0
637201,GSE111109,0
637201,GSE77651,0
637707,GSE111177,0
638202,GSE111269,0
638708,GSE111354,0
638708,GSE29903,0
638861,GSE111368,0
638861,GSE130476,0
638861,GSE205498,0
638861,GSE236919,0
639587,GSE111478,0
641032,GSE111717,0
641032,GSE77057,0
642321,GSE111914,0
642321,GSE208663,0
643504,GSE110041,0
643504,GSE112087,0
643504,GSE231686,0
643504,GSE242152,0
644199,GSE112215,0
644609,GSE112291,0
645030,GSE112361,0
645030,GSE134068,0
645404,GSE112422,1
645404,GSE37442,1
645541,GSE112448,0
645962,GSE112510,0
645962,GSE97661,0
646621,GSE101794,0
646621,GSE112611,0
646621,GSE21231,0
646621,GSE57945,0
646621,GSE93624,0
646621,GSE94578,0
646723,GSE112629,0
646723,GSE130604,0
646864,GSE112652,0
648235,GSE112846,0
649462,GSE104948,0
649462,GSE104954,0
649462,GSE106156,0
649462,GSE108109,0
649462,GSE108112,0
649462,GSE108113,0
649462,GSE113024,0
649462,GSE140989,0
649462,GSE151484,0
649462,GSE155407,0
649462,GSE163576,0
649462,GSE163675,0
649462,GSE164432,0
649462,GSE164433,0
649462,GSE165374,0
649462,GSE166763,0
649462,GSE168297,0
649462,GSE174399,0
649462,GSE180393,0
649462,GSE180394,0
649462,GSE180395,0
649462,GSE189954,0
649462,GSE208354,1
649462,GSE212186,0
649462,GSE212187,0
649462,GSE212188,0
649462,GSE212189,0
649462,GSE213030,0
649462,GSE213972,0
649462,GSE219185,0
649462,GSE47183,0
649462,GSE47184,0
649462,GSE47185,0
649462,GSE50879,0
649462,GSE64713,0
649462,GSE69438,0
649462,GSE93798,0
649462,GSE96972,0
649586,GSE106269,0
649586,GSE113036,0
649593,GSE113036,0
649593,GSE74991,0
649776,GSE113069,0
649776,GSE3335,0
650293,GSE113144,0
650396,GSE113155,0
650396,GSE53235,0
650396,GSE53236,0
650396,GSE53270,0
650677,GSE113185,0
651401,GSE100770,0
651401,GSE111362,0
651401,GSE113275,0
651401,GSE186557,0
651401,GSE22380,0
651401,GSE87082,0
651401,GSE88874,0
651686,GSE113327,0
652133,GSE113427,0
652498,GSE113518,1
652498,GSE72388,0
652498,GSE89414,0
652733,GSE113556,0
652733,GSE113557,0
652733,GSE113558,0
652887,GSE113581,0
653364,GSE107975,0
653364,GSE110696,0
653364,GSE110697,0
653364,GSE110699,0
653364,GSE113660,0
653364,GSE169156,0
653364,GSE197674,0
653364,GSE197675,0
653364,GSE197676,0
653364,GSE197678,0
653364,GSE199754,0
653364,GSE211310,0
653364,GSE224660,0
653364,GSE224731,0
653364,GSE224732,0
653364,GSE226234,0
653364,GSE226478,0
653364,GSE226480,0
653364,GSE35201,0
653364,GSE35202,0
653364,GSE35203,0
653364,GSE41762,0
653364,GSE42682,0
653903,GSE113730,0
654300,GSE113805,0
654737,GSE102044,0
654737,GSE113850,0
654737,GSE113851,0
654737,GSE113852,0
654737,GSE137380,0
654737,GSE154928,0
654737,GSE154929,0
654908,GSE113875,0
655440,GSE113943,0
655440,GSE123375,0
655440,GSE123377,0
655440,GSE123378,0
655440,GSE215118,0
655440,GSE63243,0
655440,GSE73741,0
656943,GSE114168,0
656943,GSE114183,0
656943,GSE114269,0
656943,GSE185507,0
657101,GSE114192,0
657331,GSE114225,0
657331,GSE114518,0
657331,GSE119474,0
657494,GSE114251,0
658908,GSE114480,0
660321,GSE114707,0
661865,GSE114927,0
662421,GSE107840,0
662421,GSE114998,0
662961,GSE115098,0
662961,GSE156112,0
662961,GSE223987,0
662961,GSE223988,0
662961,GSE223989,0
663065,GSE115112,1
663065,GSE24727,0
663065,GSE33526,0
663065,GSE39173,0
663065,GSE43973,0
663065,GSE6624,0
663065,GSE6625,0
663065,GSE6627,0
663065,GSE6634,0
663065,GSE70552,0
663065,GSE70554,0
663065,GSE70555,0
663065,GSE8096,0
663857,GSE115267,0
665378,GSE104897,0
665378,GSE104898,0
665378,GSE104899,0
665378,GSE115500,0
665378,GSE50540,0
665404,GSE115503,0
666576,GSE115725,0
666600,GSE115729,0
667097,GSE115797,0
667166,GSE115810,0
667173,GSE115811,0
668487,GSE10956,0
668487,GSE116022,0
668487,GSE30369,0
668487,GSE33733,0
668487,GSE8648,0
669224,GSE116138,0
669224,GSE20392,0
669224,GSE42912,0
669224,GSE87069,0
669890,GSE116246,0
669890,GSE116505,0
669890,GSE144820,0
670103,GSE116280,0
670103,GSE11633,0
670103,GSE2806,0
670103,GSE4144,0
670103,GSE5973,0
670401,GSE116331,0
670441,GSE10886,0
670441,GSE116335,0
670441,GSE13397,0
670441,GSE13398,0
670441,GSE13399,0
670441,GSE136148,0
670441,GSE165336,0
670441,GSE1992,0
670441,GSE20160,0
670441,GSE20234,0
670441,GSE21501,0
670441,GSE28644,0
670441,GSE4335,0
670441,GSE4336,0
670441,GSE4382,0
670959,GSE116428,0
670959,GSE33389,0
670959,GSE56048,0
672511,GSE116672,0
673074,GSE116780,0
673074,GSE183847,0
673074,GSE38567,0
673074,GSE55763,0
673074,GSE59524,0
673074,GSE75679,0
673074,GSE76270,0
673074,GSE90124,0
673344,GSE116835,0
673344,GSE142748,0
674343,GSE117011,0
674384,GSE117015,0
674897,GSE117106,0
674897,GSE117224,0
674897,GSE50932,0
675525,GSE117183,1
675610,GSE117193,0
676245,GSE101794,0
676245,GSE112611,0
676245,GSE117309,0
676245,GSE121349,0
676245,GSE121350,0
676245,GSE121352,0
676245,GSE153851,0
676245,GSE175569,0
676245,GSE183821,0
676245,GSE21231,0
676245,GSE57945,0
676245,GSE92496,0
676245,GSE93624,0
676245,GSE94578,0
676250,GSE117310,0
676250,GSE48813,0
676250,GSE80605,0
676496,GSE117374,0
676496,GSE69930,0
676500,GSE117374,0
676500,GSE69930,0
676558,GSE1097,0
676558,GSE117391,0
676558,GSE166229,0
676558,GSE22885,0
676558,GSE5285,0
676558,GSE918,0
676833,GSE108970,0
676833,GSE108974,0
676833,GSE108977,0
676833,GSE109033,0
676833,GSE109037,0
676833,GSE109049,0
676833,GSE117437,0
676833,GSE83311,0
676833,GSE83422,0
676835,GSE117437,0
677032,GSE115652,0
677032,GSE115757,0
677032,GSE117456,0
677032,GSE117460,0
677503,GSE117538,0
677697,GSE117578,0
678169,GSE117639,0
679461,GSE117870,0
679516,GSE117872,0
679642,GSE117895,0
679642,GSE75048,0
679942,GSE104753,0
679942,GSE104754,0
679942,GSE104755,0
679942,GSE109756,0
679942,GSE110996,0
679942,GSE114105,0
679942,GSE114106,0
679942,GSE114109,0
679942,GSE114111,0
679942,GSE117953,0
679942,GSE118391,0
679942,GSE118392,0
679942,GSE118491,0
679942,GSE118492,0
679942,GSE119051,0
679942,GSE119832,0
679942,GSE12113,1
679942,GSE124885,0
679942,GSE12515,0
679942,GSE131276,0
679942,GSE131671,0
679942,GSE133529,0
679942,GSE134520,0
679942,GSE140417,0
679942,GSE144282,0
679942,GSE145996,0
679942,GSE152077,0
679942,GSE157845,0
679942,GSE159679,0
679942,GSE159680,0
679942,GSE159681,0
679942,GSE159901,0
679942,GSE160631,0
679942,GSE162996,0
679942,GSE165019,0
679942,GSE168526,0
679942,GSE173986,0
679942,GSE178757,0
679942,GSE184303,0
679942,GSE185431,0
679942,GSE186597,0
679942,GSE188496,0
679942,GSE190702,0
679942,GSE199240,0
679942,GSE199371,0
679942,GSE202963,0
679942,GSE202964,0
679942,GSE202965,0
679942,GSE202966,0
679942,GSE202967,0
679942,GSE203611,0
679942,GSE205001,0
679942,GSE211956,0
679942,GSE225157,0
679942,GSE230724,0
679942,GSE230852,0
679942,GSE23739,0
679942,GSE237595,0
679942,GSE239349,0
679942,GSE266293,1
679942,GSE28094,0
679942,GSE28287,0
679942,GSE28658,0
679942,GSE30687,0
679942,GSE31168,0
679942,GSE31192,0
679942,GSE31870,0
679942,GSE33002,0
679942,GSE36006,1
679942,GSE36593,0
679942,GSE39305,0
679942,GSE39539,1
679942,GSE47864,1
679942,GSE53266,0
679942,GSE53267,0
679942,GSE53320,0
679942,GSE53335,0
679942,GSE54505,0
679942,GSE56305,0
679942,GSE57678,1
679942,GSE57689,0
679942,GSE58560,0
679942,GSE60939,0
679942,GSE61172,0
679942,GSE61241,0
679942,GSE61602,0
679942,GSE62126,1
679942,GSE63766,0
679942,GSE65200,1
679942,GSE65677,1
679942,GSE67127,0
679942,GSE67200,0
679942,GSE67500,0
679942,GSE67684,0
679942,GSE67827,0
679942,GSE71088,0
679942,GSE72788,1
679942,GSE74925,0
679942,GSE75137,0
679942,GSE75654,0
679942,GSE79688,0
679942,GSE8054,1
679942,GSE8055,1
679942,GSE80802,0
679942,GSE82047,1
679942,GSE87208,1
679942,GSE94349,0
679942,GSE9596,1
679942,GSE9599,1
679942,GSE98030,1
680338,GSE118036,0
680338,GSE47218,0
680649,GSE118090,0
680649,GSE48949,0
680649,GSE90622,0
681538,GSE118238,0
682002,GSE118311,0
682002,GSE38765,0
682002,GSE58722,0
682033,GSE118313,0
682033,GSE121376,0
682196,GSE118345,0
682196,GSE17595,0
682196,GSE17601,0
682196,GSE17602,0
682578,GSE118433,0
682578,GSE51502,1
682578,GSE52747,0
682733,GSE118450,0
682838,GSE118468,0
683460,GSE118549,0
684213,GSE118677,0
684213,GSE118679,0
684213,GSE118680,0
684253,GSE118686,0
684253,GSE166209,0
684560,GSE118748,0
684761,GSE118773,0
686544,GSE119066,0
686544,GSE137722,0
686544,GSE150120,0
686544,GSE153948,0
686544,GSE154008,0
686544,GSE154009,0
686544,GSE165266,0
686544,GSE166145,0
686544,GSE166146,0
686544,GSE166147,0
686544,GSE246633,0
686544,GSE246634,0
686544,GSE246638,0
686544,GSE246640,0
686544,GSE246641,0
686544,GSE246642,0
686544,GSE246643,0
686758,GSE119117,0
686925,GSE119140,0
686925,GSE134243,0
688146,GSE10358,0
688146,GSE11233,0
688146,GSE113931,0
688146,GSE119352,0
688146,GSE12667,0
688146,GSE130772,0
688146,GSE130773,0
688146,GSE130774,0
688146,GSE130775,0
688146,GSE145927,0
688146,GSE14686,0
688146,GSE14709,0
688146,GSE14737,0
688146,GSE16136,0
688146,GSE16868,0
688146,GSE16916,0
688146,GSE171221,0
688146,GSE17339,0
688146,GSE19308,0
688146,GSE20634,0
688146,GSE26128,0
688146,GSE26130,0
688146,GSE26131,0
688146,GSE27237,0
688146,GSE28703,0
688146,GSE29442,0
688146,GSE30195,0
688146,GSE33315,0
688146,GSE35186,0
688146,GSE35189,0
688146,GSE35191,0
688146,GSE37418,0
688146,GSE38463,0
688146,GSE46604,0
688146,GSE49618,0
688146,GSE52478,0
688146,GSE53250,0
688146,GSE53251,0
688146,GSE62142,0
688146,GSE66793,0
688146,GSE89834,0
689435,GSE119518,0
689883,GSE119600,0
690143,GSE119641,0
690358,GSE114199,0
690358,GSE114665,0
690358,GSE115473,0
690358,GSE118874,0
690358,GSE119688,0
690358,GSE129303,0
690358,GSE129343,0
690358,GSE134028,0
690358,GSE134856,0
690358,GSE134857,0
690358,GSE134858,0
690358,GSE134859,0
690358,GSE134860,0
690358,GSE134861,0
690358,GSE152564,0
690358,GSE152565,0
690358,GSE152566,0
690358,GSE152567,0
690358,GSE152568,0
690358,GSE152569,0
690358,GSE152570,0
690358,GSE164800,0
690358,GSE164831,0
690358,GSE164833,0
690358,GSE169084,0
690358,GSE172115,0
690358,GSE173671,0
690358,GSE174640,0
690358,GSE189686,0
690358,GSE203128,0
690358,GSE246717,0
690358,GSE66841,0
690358,GSE66842,0
690358,GSE66843,0
690358,GSE81040,0
690358,GSE81801,0
690473,GSE119709,0
690554,GSE119719,0
690584,GSE119724,0
690933,GSE119772,0
690935,GSE119772,0
691266,GSE119824,0
691525,GSE116687,0
691525,GSE119871,0
692345,GSE120003,0
692588,GSE120047,0
692859,GSE120121,0
693170,GSE120181,0
693170,GSE51466,0
693170,GSE68010,0
693170,GSE73680,0
693170,GSE95214,0
693595,GSE120250,0
693599,GSE101895,0
693599,GSE103183,0
693599,GSE120250,0
693599,GSE47193,0
693599,GSE50674,0
693599,GSE53191,0
693599,GSE53192,0
693599,GSE53193,0
693599,GSE55580,0
695051,GSE120514,0
695233,GSE120559,0
695233,GSE120568,0
695233,GSE120572,0
695233,GSE120650,0
696001,GSE120660,0
696001,GSE133876,0
696254,GSE120697,0
696254,GSE120698,0
696505,GSE114737,0
696505,GSE117429,0
696505,GSE117430,0
696505,GSE117431,0
696505,GSE120738,0
696505,GSE120741,0
696505,GSE120742,0
696505,GSE121880,0
696505,GSE123333,0
696505,GSE126852,0
696505,GSE130246,0
696505,GSE131381,0
696505,GSE133094,0
696505,GSE137527,0
696505,GSE138168,0
696505,GSE138460,0
696505,GSE144960,0
696505,GSE144961,0
696505,GSE144962,0
696505,GSE148806,0
696505,GSE148807,0
696505,GSE148808,0
696505,GSE151064,0
696505,GSE151619,0
696505,GSE152230,0
696505,GSE152231,0
696505,GSE154632,0
696505,GSE154633,0
696505,GSE178818,0
696505,GSE178819,0
696505,GSE178820,0
696505,GSE179133,0
696505,GSE180372,0
696505,GSE180373,0
696505,GSE197774,0
696505,GSE197776,0
696505,GSE197780,0
696505,GSE197781,0
696505,GSE198799,0
696505,GSE217319,0
696505,GSE21949,0
696505,GSE21950,0
696505,GSE21953,0
696505,GSE229976,0
696505,GSE2352,0
696505,GSE2373,0
696505,GSE255243,0
696505,GSE255720,0
696505,GSE32124,0
696505,GSE32258,0
696505,GSE32259,0
696505,GSE35379,0
696505,GSE35384,0
696505,GSE35385,0
696505,GSE48764,0
696505,GSE65478,0
696505,GSE72341,0
696505,GSE94682,0
696583,GSE119453,0
696583,GSE120755,0
698515,GSE121077,0
699058,GSE121172,0
699237,GSE121192,0
699243,GSE121192,0
699344,GSE121212,0
699344,GSE173706,0
699932,GSE120370,0
699932,GSE121286,0
699932,GSE29751,0
699932,GSE35378,0
699932,GSE3603,0
699932,GSE55345,0
699932,GSE70283,0
699932,GSE70342,0
699932,GSE70343,0
699932,GSE70593,0
699932,GSE99619,0
700009,GSE110440,0
700009,GSE121301,1
700009,GSE132336,1
700108,GSE121316,0
700108,GSE121317,0
700108,GSE121321,0
700879,GSE121423,0
701423,GSE121541,0
701423,GSE121542,0
701423,GSE121734,0
701423,GSE121735,0
701423,GSE30221,0
701716,GSE121588,0
702885,GSE121803,0
702885,GSE133036,0
702912,GSE121810,0
702912,GSE154795,0
703152,GSE119422,1
703152,GSE121857,0
703152,GSE54197,0
703152,GSE83218,1
703606,GSE107808,0
703606,GSE121923,0
703606,GSE121935,0
703606,GSE122113,0
703606,GSE122119,0
703606,GSE145822,0
703606,GSE168341,0
703606,GSE168835,0
703606,GSE175569,0
703606,GSE176522,0
703606,GSE176523,0
703606,GSE176524,0
703606,GSE182463,0
703606,GSE185685,0
703606,GSE186433,0
703606,GSE188490,0
703606,GSE205925,0
703606,GSE205926,0
703606,GSE227942,0
703606,GSE242382,0
703606,GSE248424,0
703606,GSE5030,0
703606,GSE51300,0
703606,GSE61189,0
703606,GSE81017,0
703606,GSE93056,0
703770,GSE121957,0
704664,GSE122067,0
704715,GSE122071,0
705455,GSE122189,0
705538,GSE122200,0
705538,GSE144271,0
705969,GSE122261,0
706331,GSE122314,0
706761,GSE122400,0
707033,GSE122438,0
707105,GSE122457,0
707105,GSE128935,0
707367,GSE10049,0
707367,GSE10189,0
707367,GSE104096,0
707367,GSE116992,0
707367,GSE122494,0
707367,GSE130551,0
707367,GSE139320,0
707367,GSE145710,0
707367,GSE145711,0
707367,GSE20503,0
707367,GSE217486,0
707367,GSE64244,0
707367,GSE6983,0
707367,GSE7470,0
707367,GSE9143,0
707857,GSE122531,0
707876,GSE122538,0
707876,GSE20920,0
707975,GSE122557,0
707975,GSE122573,0
707975,GSE122574,0
707975,GSE122575,0
708307,GSE122624,0
708686,GSE122677,0
708982,GSE122724,0
709047,GSE121740,0
709047,GSE121741,0
709047,GSE121742,0
709047,GSE122735,0
709047,GSE122826,0
709047,GSE122958,0
709047,GSE134382,0
709161,GSE122752,0
711076,GSE123068,0
711076,GSE124199,0
712926,GSE111069,1
712926,GSE111933,0
712926,GSE123408,0
712926,GSE126725,0
712926,GSE126914,0
712926,GSE128655,0
712926,GSE130362,0
712926,GSE138211,0
712926,GSE14319,0
712926,GSE144459,0
712926,GSE145081,0
712926,GSE147368,0
712926,GSE152040,0
712926,GSE15330,0
712926,GSE155353,0
712926,GSE156770,0
712926,GSE156771,0
712926,GSE156772,0
712926,GSE156773,0
712926,GSE160929,0
712926,GSE167863,0
712926,GSE168042,0
712926,GSE176465,0
712926,GSE17780,0
712926,GSE18105,0
712926,GSE183468,0
712926,GSE186055,0
712926,GSE188684,0
712926,GSE190139,0
712926,GSE190141,0
712926,GSE190473,0
712926,GSE194330,0
712926,GSE194336,0
712926,GSE194337,0
712926,GSE197166,0
712926,GSE20196,0
712926,GSE205058,1
712926,GSE205059,1
712926,GSE205060,1
712926,GSE210284,0
712926,GSE215817,0
712926,GSE215818,0
712926,GSE215819,0
712926,GSE215820,0
712926,GSE220218,0
712926,GSE223027,0
712926,GSE223554,0
712926,GSE223777,1
712926,GSE227234,1
712926,GSE227235,1
712926,GSE22954,0
712926,GSE233287,0
712926,GSE242860,0
712926,GSE245358,0
712926,GSE245359,0
712926,GSE26952,0
712926,GSE31749,0
712926,GSE32311,0
712926,GSE32700,0
712926,GSE32701,0
712926,GSE33103,0
712926,GSE47007,0
712926,GSE48515,0
712926,GSE48516,0
712926,GSE48517,0
712926,GSE48518,0
712926,GSE49578,0
712926,GSE53276,0
712926,GSE53401,0
712926,GSE57758,0
712926,GSE63223,0
712926,GSE63607,0
712926,GSE6481,0
712926,GSE65233,1
712926,GSE6638,0
712926,GSE69925,0
712926,GSE71587,1
712926,GSE79533,0
712926,GSE86897,0
712926,GSE89852,0
712926,GSE90881,0
712926,GSE9213,0
712926,GSE93829,0
712926,GSE93980,0
712926,GSE93982,0
712926,GSE93988,0
712926,GSE93989,0
713157,GSE123449,0
713231,GSE123459,0
713611,GSE113810,1
713611,GSE123522,1
713611,GSE49226,0
713611,GSE67409,1
713611,GSE67432,1
713611,GSE67433,1
713611,GSE81176,1
714075,GSE123594,0
714293,GSE123630,0
714474,GSE123646,0
714474,GSE36924,0
714474,GSE49149,0
714474,GSE61502,0
714474,GSE89997,0
714686,GSE123680,0
714686,GSE124653,0
714686,GSE4151,0
715010,GSE123729,0
715010,GSE123730,0
715010,GSE123731,0
715387,GSE123802,0
715387,GSE123803,0
715387,GSE123804,0
715387,GSE123876,0
715387,GSE123963,0
716029,GSE120571,0
716029,GSE123911,0
716029,GSE123912,0
716029,GSE130734,0
716029,GSE59137,0
716197,GSE123937,0
716197,GSE69653,0
716801,GSE109124,0
716801,GSE109126,0
716801,GSE109127,0
716801,GSE109128,0
716801,GSE109129,0
716801,GSE11811,0
716801,GSE124021,0
716801,GSE13982,0
716801,GSE149468,0
716801,GSE164345,0
716801,GSE166872,0
716801,GSE166873,0
716801,GSE167185,0
716801,GSE184875,0
716801,GSE184876,0
716801,GSE184877,0
716801,GSE217835,0
716801,GSE217836,0
716801,GSE218162,0
716801,GSE262441,0
716801,GSE87695,0
716801,GSE92707,0
716801,GSE99563,0
716905,GSE124044,0
717413,GSE124161,0
718552,GSE124346,1
719028,GSE102253,0
719028,GSE102254,0
719028,GSE102255,0
719028,GSE124420,0
719028,GSE83368,0
719028,GSE96518,0
719160,GSE102443,1
719160,GSE115661,0
719160,GSE124443,0
720125,GSE124579,0
720787,GSE124704,0
720927,GSE111153,0
720927,GSE124719,0
720927,GSE1803,0
720927,GSE29818,0
720927,GSE7119,0
721403,GSE124791,0
721409,GSE124791,0
721409,GSE64230,0
721805,GSE118967,0
721805,GSE124870,0
721969,GSE124891,0
721969,GSE124892,0
721969,GSE124893,0
722806,GSE125051,0
722829,GSE125054,0
723830,GSE125205,0
723830,GSE185726,0
723830,GSE212238,0
723830,GSE212239,0
723830,GSE212241,0
723830,GSE212242,0
723830,GSE212243,0
724393,GSE125295,0
724707,GSE125354,0
725115,GSE125424,0
725115,GSE36153,0
725115,GSE37190,0
725309,GSE125460,0
725745,GSE109585,0
725745,GSE125519,0
727026,GSE125733,0
727085,GSE125740,0
727085,GSE128174,0
727085,GSE143318,0
727085,GSE168484,0
727085,GSE176379,0
727085,GSE176557,0
727085,GSE211161,0
727085,GSE44284,0
727085,GSE51331,0
727085,GSE67319,0
727085,GSE69493,0
727085,GSE69495,0
727085,GSE69496,0
727085,GSE69590,0
727085,GSE77271,1
727137,GSE125747,0
727401,GSE125794,0
727401,GSE65856,0
727416,GSE125797,1
728455,GSE125982,0
728455,GSE75164,0
728539,GSE112355,0
728539,GSE115732,0
728539,GSE125989,0
728539,GSE141608,0
728539,GSE155641,0
728539,GSE189713,0
728539,GSE206135,0
728539,GSE22093,0
728539,GSE22597,0
728539,GSE23988,0
728539,GSE25066,0
728539,GSE30543,0
728539,GSE31519,0
728539,GSE32072,0
728539,GSE32518,0
728539,GSE48826,0
728539,GSE52492,0
728539,GSE6367,0
728539,GSE80077,0
729358,GSE126124,0
730127,GSE126269,0
730127,GSE126273,0
730127,GSE126274,0
730127,GSE126287,0
730127,GSE126288,0
730127,GSE151611,0
730230,GSE126297,0
730230,GSE161802,0
730230,GSE70840,0
730230,GSE82175,0
730620,GSE126353,0
730868,GSE126386,0
732181,GSE126574,0
734194,GSE126903,0
734194,GSE126904,0
734194,GSE126905,0
734956,GSE127165,0
734956,GSE130605,0
737385,GSE127884,0
737385,GSE127892,0
737385,GSE127893,0
737784,GSE127948,0
737784,GSE143754,0
737784,GSE145136,0
737784,GSE37350,0
737784,GSE57042,0
737784,GSE92287,0
737784,GSE92292,0
737784,GSE92295,0
737918,GSE116964,0
737918,GSE124290,0
737918,GSE127972,0
737918,GSE44053,0
737918,GSE51859,0
738316,GSE128020,0
738443,GSE128040,0
739629,GSE128213,0
739704,GSE128223,0
739704,GSE72267,0
740066,GSE128295,0
741641,GSE128523,0
741919,GSE128569,0
741919,GSE31152,0
741919,GSE48301,0
741919,GSE57356,0
741919,GSE73622,0
741919,GSE78851,0
741919,GSE97163,0
741951,GSE128571,0
741951,GSE132050,0
741951,GSE177057,0
742180,GSE128614,0
742180,GSE128621,0
742180,GSE128622,0
742180,GSE237371,0
742180,GSE237374,0
742180,GSE237375,0
742180,GSE237376,0
742180,GSE237377,0
742180,GSE237378,0
742791,GSE128696,0
742791,GSE129044,0
743310,GSE128783,1
743310,GSE128784,1
743310,GSE128786,1
743310,GSE128789,1
743310,GSE128795,1
743310,GSE34460,1
743310,GSE34535,0
743310,GSE34536,1
743310,GSE74756,1
743310,GSE74758,1
743310,GSE74858,1
743310,GSE74859,1
743353,GSE128801,0
743469,GSE128816,0
743712,GSE128833,0
743712,GSE128834,0
743712,GSE128835,0
743712,GSE128836,0
743712,GSE128837,0
743712,GSE43098,0
743762,GSE107127,0
743762,GSE121325,0
743762,GSE126425,0
743762,GSE128845,0
743762,GSE128846,0
743762,GSE128847,0
743762,GSE129491,0
743762,GSE94772,0
745751,GSE129166,0
746028,GSE129219,0
746429,GSE129290,0
746429,GSE97324,0
746734,GSE129334,1
746734,GSE153299,0
746734,GSE216312,0
746734,GSE72047,0
746770,GSE129347,0
746770,GSE19340,0
746770,GSE19926,0
746836,GSE129363,0
746836,GSE135775,0
746836,GSE135776,0
746836,GSE136229,0
746836,GSE136230,0
746836,GSE209664,0
746993,GSE12172,0
746993,GSE129380,0
746993,GSE129381,0
746993,GSE129382,0
746993,GSE13813,0
746993,GSE29251,0
746993,GSE30780,0
746993,GSE49602,1
746993,GSE51105,0
746993,GSE59283,0
746993,GSE61568,0
746993,GSE61594,0
746993,GSE65819,0
746993,GSE65820,0
746993,GSE65821,0
746993,GSE85035,0
746993,GSE87050,0
746993,GSE94378,0
746993,GSE9890,0
746993,GSE9891,0
746993,GSE9899,0
747461,GSE129471,0
747461,GSE75044,0
748318,GSE100469,0
748318,GSE100576,0
748318,GSE100611,0
748318,GSE101731,0
748318,GSE128322,0
748318,GSE128323,0
748318,GSE128324,0
748318,GSE128880,0
748318,GSE129582,0
748318,GSE129715,0
748318,GSE132920,0
748318,GSE140068,0
748318,GSE20372,0
748318,GSE30457,0
748318,GSE59717,0
748318,GSE60040,0
748318,GSE89393,0
748318,GSE97009,0
749792,GSE100194,0
749792,GSE100195,0
749792,GSE100196,0
749792,GSE111077,0
749792,GSE111233,0
749792,GSE111234,0
749792,GSE129836,0
749792,GSE164849,0
749792,GSE174805,0
749792,GSE174806,0
749792,GSE174807,0
749792,GSE182816,0
749792,GSE183266,0
749792,GSE183267,0
749792,GSE183268,0
749792,GSE218881,0
749792,GSE81951,0
749792,GSE83215,0
749792,GSE83285,0
749792,GSE84188,0
749792,GSE99389,0
749905,GSE129852,0
749905,GSE129853,0
749905,GSE129854,0
749905,GSE129855,0
749905,GSE129856,0
749905,GSE71751,0
749905,GSE71752,0
749905,GSE71753,0
749905,GSE76348,0
749905,GSE85369,0
749905,GSE85370,0
749905,GSE85371,0
749905,GSE85372,0
749905,GSE85373,0
749951,GSE129864,0
752070,GSE130186,0
752284,GSE130226,0
752284,GSE181574,0
752472,GSE117759,0
752472,GSE117760,0
752472,GSE117761,0
752472,GSE130251,0
752472,GSE43403,0
752472,GSE55708,0
752472,GSE61224,0
752472,GSE79195,0
752472,GSE92633,0
752472,GSE92634,0
752472,GSE92635,0
752472,GSE97080,0
752472,GSE99562,0
753389,GSE115867,0
753389,GSE130385,0
755558,GSE130720,0
755558,GSE133697,0
755558,GSE234743,0
755558,GSE255217,0
755558,GSE255245,0
755558,GSE34965,0
755558,GSE75086,0
755558,GSE92778,0
756031,GSE130803,0
756031,GSE180344,0
756031,GSE180345,0
756189,GSE130838,0
756189,GSE130839,0
756189,GSE130840,0
756189,GSE75879,0
756189,GSE75914,0
756189,GSE76052,0
756189,GSE76053,0
756189,GSE76054,0
756189,GSE76055,0
756229,GSE130857,0
756600,GSE10091,0
756600,GSE130935,0
756600,GSE155598,0
756600,GSE155600,0
756600,GSE155601,0
756600,GSE155603,0
756600,GSE155604,0
756600,GSE155664,0
756600,GSE167867,0
756600,GSE200580,0
756600,GSE200581,0
756600,GSE200582,0
756600,GSE200586,0
756600,GSE217213,0
756600,GSE224589,0
756600,GSE227696,0
756600,GSE227806,0
756600,GSE227807,0
756600,GSE51215,0
756600,GSE80459,0
756600,GSE96942,1
757009,GSE130984,0
757574,GSE131077,0
757574,GSE87175,0
758226,GSE131201,0
759148,GSE131359,0
759281,GSE126852,0
759281,GSE131381,0
759281,GSE133094,0
759324,GSE131388,0
759324,GSE131389,0
759324,GSE131390,0
759324,GSE134534,0
759324,GSE152093,0
759324,GSE152094,0
759324,GSE152095,0
759605,GSE131432,0
759605,GSE133406,0
760210,GSE131534,0
761862,GSE131807,0
762488,GSE131905,0
762753,GSE131941,0
764547,GSE132172,0
764587,GSE132178,0
764956,GSE132237,0
764956,GSE132238,0
764956,GSE132248,0
764956,GSE132250,0
764956,GSE139537,0
764956,GSE139538,0
765126,GSE129205,0
765126,GSE132265,0
765257,GSE11092,0
765257,GSE120099,0
765257,GSE132290,0
765257,GSE132291,0
765257,GSE132292,0
765257,GSE132293,0
765257,GSE16893,0
765257,GSE19542,0
765257,GSE29772,0
765257,GSE29773,0
765257,GSE29774,0
765257,GSE47014,0
765257,GSE56930,0
765462,GSE132338,0
765727,GSE132342,0
765727,GSE209964,0
765727,GSE35783,0
765727,GSE61568,0
765727,GSE65819,0
765727,GSE65820,0
765727,GSE65821,0
766371,GSE132458,0
766812,GSE132554,0
766812,GSE18345,0
768919,GSE132927,0
771458,GSE133391,0
771458,GSE135762,0
771545,GSE133405,0
771900,GSE133477,0
771900,GSE97474,0
771900,GSE97475,0
771900,GSE97476,0
771900,GSE97810,0
771900,GSE97948,0
772778,GSE133587,0
772778,GSE239894,0
772778,GSE266406,0
772778,GSE29191,0
772778,GSE96832,0
773874,GSE133774,0
773874,GSE153211,0
774070,GSE13151,0
774070,GSE133807,0
774070,GSE41469,0
774070,GSE84027,0
774076,GSE133807,0
774096,GSE133813,0
774585,GSE133913,0
774894,GSE133975,0
774894,GSE167117,0
774894,GSE201259,0
775312,GSE134027,0
776184,GSE134155,0
776708,GSE114468,0
776708,GSE134254,0
776708,GSE134359,0
776708,GSE86277,0
776708,GSE86278,0
776708,GSE86281,0
776708,GSE86945,0
776708,GSE86946,0
776708,GSE86948,0
776708,GSE87048,0
776708,GSE87049,0
777178,GSE110795,0
777178,GSE134330,0
777178,GSE44560,0
777178,GSE45487,0
777180,GSE10216,0
777180,GSE125158,0
777180,GSE134330,0
777180,GSE21362,0
777180,GSE233287,0
777180,GSE268418,0
777180,GSE40856,0
777180,GSE45487,0
777180,GSE51828,1
777219,GSE128553,0
777219,GSE131498,0
777219,GSE134339,0
777235,GSE134340,0
777235,GSE28986,0
777235,GSE72010,0
777235,GSE72012,0
777235,GSE72013,0
777235,GSE76950,0
777235,GSE76951,0
777235,GSE76952,0
777235,GSE76953,0
777623,GSE104612,0
777623,GSE104613,0
777623,GSE104779,0
777623,GSE108254,0
777623,GSE108255,0
777623,GSE108256,0
777623,GSE134395,0
777623,GSE69533,1
777623,GSE80279,0
777723,GSE134410,0
778331,GSE134499,0
778331,GSE134500,0
778331,GSE148013,0
778331,GSE148016,0
778472,GSE112885,0
778472,GSE112929,0
778472,GSE113029,0
778472,GSE134516,0
778612,GSE134550,0
778612,GSE134564,0
778612,GSE134565,0
778612,GSE134566,0
779292,GSE134688,0
779292,GSE134738,0
779292,GSE134740,0
779475,GSE134705,0
779475,GSE134706,0
779475,GSE134707,0
779857,GSE134783,0
780849,GSE134955,0
780849,GSE154619,0
780968,GSE134985,0
781796,GSE135108,0
781796,GSE138611,0
782350,GSE135189,0
782350,GSE64512,0
782633,GSE135225,0
782633,GSE135226,0
782633,GSE135227,0
782674,GSE135230,0
783452,GSE135338,0
783995,GSE135406,0
783995,GSE239410,0
784295,GSE135449,0
784295,GSE98816,0
784295,GSE99058,0
784295,GSE99235,0
784594,GSE135517,0
784594,GSE135518,0
784594,GSE135519,0
784594,GSE34675,0
784697,GSE135539,0
785384,GSE118048,0
785384,GSE135643,0
785384,GSE81315,0
785384,GSE81451,0
786688,GSE133456,0
786688,GSE135863,0
786688,GSE51727,0
786688,GSE51728,0
786688,GSE51729,0
786688,GSE59728,0
786688,GSE59947,0
786971,GSE135897,0
786971,GSE136005,0
787144,GSE104341,0
787144,GSE105068,0
787144,GSE116354,0
787144,GSE117377,0
787144,GSE117379,0
787144,GSE124745,0
787144,GSE125683,0
787144,GSE135925,0
787144,GSE136092,0
787144,GSE34794,0
787144,GSE40121,0
787144,GSE40122,0
787144,GSE40123,0
787144,GSE49581,0
787144,GSE56785,0
787144,GSE61716,0
787144,GSE73472,0
787144,GSE83631,0
787144,GSE88819,0
788533,GSE108897,0
788533,GSE136172,0
788797,GSE115155,0
788797,GSE136210,1
788797,GSE83736,0
790099,GSE136439,0
790099,GSE136440,0
790223,GSE136535,0
790223,GSE136927,0
790263,GSE118657,0
790263,GSE119808,0
790263,GSE119813,0
790263,GSE121370,0
790263,GSE121984,0
790263,GSE121985,0
790263,GSE121986,0
790263,GSE121987,0
790263,GSE122841,0
790263,GSE124285,0
790263,GSE128062,0
790263,GSE131778,0
790263,GSE136543,0
790263,GSE141503,0
790263,GSE168656,0
790263,GSE168952,0
790263,GSE168953,0
790263,GSE168954,0
790263,GSE172130,0
790263,GSE180864,0
790263,GSE185043,0
790263,GSE185044,0
790263,GSE185045,0
790263,GSE196943,0
790263,GSE197960,0
790263,GSE20217,0
790263,GSE208034,0
790263,GSE209694,0
790263,GSE21911,0
790263,GSE22248,0
790263,GSE224539,0
790263,GSE22846,0
790263,GSE22847,0
790263,GSE22848,0
790263,GSE22849,0
790263,GSE229295,1
790263,GSE229296,1
790263,GSE229297,1
790263,GSE229448,0
790263,GSE241830,0
790263,GSE25543,0
790263,GSE26712,0
790263,GSE30108,0
790263,GSE30109,0
790263,GSE30237,0
790263,GSE30333,0
790263,GSE30342,0
790263,GSE31245,0
790263,GSE33980,0
790263,GSE39160,0
790263,GSE46383,0
790263,GSE52210,0
790263,GSE58825,0
790263,GSE63311,0
790263,GSE64763,0
790263,GSE68630,0
790263,GSE69377,0
790263,GSE71289,0
790263,GSE75168,0
790263,GSE75169,0
790263,GSE77772,0
790263,GSE82007,0
790263,GSE85379,0
790263,GSE85536,0
790263,GSE90656,0
790263,GSE90659,0
790263,GSE90666,0
790263,GSE90670,0
790263,GSE98551,0
790263,GSE98552,0
790536,GSE130499,0
790536,GSE136587,0
790536,GSE43696,0
790777,GSE121326,0
790777,GSE136628,0
790777,GSE219271,0
790777,GSE64444,0
790777,GSE64449,0
790777,GSE66876,0
790777,GSE68919,0
790777,GSE9012,0
791449,GSE136729,0
791985,GSE106581,0
791985,GSE136812,0
791985,GSE136815,0
791985,GSE136816,0
791985,GSE137429,0
791985,GSE178840,0
792606,GSE136923,0
792979,GSE136977,0
792979,GSE85914,0
793480,GSE136536,0
793480,GSE137073,0
793480,GSE137076,0
793480,GSE137077,0
793480,GSE97309,0
793584,GSE137101,0
793584,GSE137127,0
793817,GSE137129,0
794306,GSE137205,0
795030,GSE100681,0
795030,GSE137328,0
796110,GSE137498,0
796110,GSE146924,0
796110,GSE180206,0
796110,GSE180217,0
796110,GSE180218,0
796110,GSE200685,0
796110,GSE223707,0
796110,GSE223708,0
796110,GSE223709,0
796110,GSE223710,0
796110,GSE223711,0
796110,GSE229367,0
796110,GSE229368,0
796110,GSE229369,0
796110,GSE229370,0
796110,GSE230019,0
796319,GSE137535,0
796319,GSE152201,0
796319,GSE152202,0
796319,GSE152203,0
796319,GSE152205,0
796319,GSE17182,0
796319,GSE21507,0
796375,GSE137541,0
796375,GSE137663,0
796375,GSE137668,0
798179,GSE137851,0
798179,GSE74642,1
798179,GSE74700,1
798688,GSE137939,0
798716,GSE100578,0
798716,GSE134718,0
798716,GSE134719,0
798716,GSE134720,0
798716,GSE134721,0
798716,GSE137945,0
798716,GSE245380,0
798716,GSE245515,0
798716,GSE69556,0
798716,GSE89764,0
799596,GSE138097,0
799596,GSE54084,0
799596,GSE61406,0
800386,GSE138233,0
800386,GSE31611,0
800386,GSE31636,0
800386,GSE31637,0
800656,GSE138269,0
800656,GSE142775,0
801279,GSE138404,0
801279,GSE138433,0
801279,GSE138664,0
801279,GSE138665,0
801279,GSE163034,0
801279,GSE92494,0
801566,GSE109410,0
801566,GSE125945,0
801566,GSE137424,0
801566,GSE138438,0
801566,GSE138696,0
801566,GSE140347,0
801566,GSE143306,0
801566,GSE143439,0
801566,GSE162415,0
801566,GSE171053,0
801566,GSE181960,0
801566,GSE184282,0
801566,GSE184324,0
801566,GSE188364,0
801566,GSE190878,0
801566,GSE213189,0
801566,GSE215956,0
801566,GSE97965,0
801671,GSE138458,0
801671,GSE181044,0
801671,GSE244592,0
801671,GSE253877,0
801671,GSE253878,0
801953,GSE115959,0
801953,GSE115960,0
801953,GSE115961,0
801953,GSE138490,0
801953,GSE14536,0
801953,GSE148983,0
801953,GSE182696,0
801953,GSE49231,0
801953,GSE53322,0
801953,GSE53324,0
801953,GSE66479,0
801953,GSE76545,0
801953,GSE76547,0
801953,GSE76551,0
801953,GSE97261,0
801953,GSE97409,0
801953,GSE97560,0
802036,GSE138503,0
802110,GSE138519,0
802110,GSE166141,1
802110,GSE67391,0
802395,GSE131410,0
802395,GSE138563,0
802395,GSE138564,0
802395,GSE138565,0
802395,GSE141837,0
802395,GSE141838,0
802559,GSE138602,0
802667,GSE138633,0
803426,GSE138765,0
803426,GSE58471,0
803426,GSE90941,0
803957,GSE137041,0
803957,GSE138840,0
804044,GSE138856,0
804044,GSE138885,0
804044,GSE80673,0
804044,GSE88778,0
804044,GSE88779,0
804044,GSE90766,0
804046,GSE138856,0
804046,GSE138885,0
804123,GSE138875,0
804123,GSE62693,0
804766,GSE120648,0
804766,GSE138982,0
804766,GSE139115,0
804766,GSE93126,0
805222,GSE113040,0
805222,GSE113041,0
805222,GSE113042,0
805222,GSE117301,0
805222,GSE117311,0
805222,GSE117734,0
805222,GSE117735,0
805222,GSE124903,0
805222,GSE139053,0
805222,GSE139054,0
805222,GSE139055,0
805222,GSE23035,0
805400,GSE100578,0
805400,GSE102872,0
805400,GSE122934,0
805400,GSE126680,0
805400,GSE132516,0
805400,GSE134406,0
805400,GSE139082,0
805400,GSE150096,0
805400,GSE153703,0
805400,GSE157399,0
805400,GSE20244,0
805400,GSE22851,0
805400,GSE23110,0
805400,GSE245380,0
805400,GSE245515,0
805400,GSE254200,0
805400,GSE34723,0
805400,GSE40425,0
805400,GSE53294,0
805400,GSE54609,0
805400,GSE56928,0
805400,GSE79779,0
805400,GSE90156,0
806113,GSE139184,0
806113,GSE33663,0
806949,GSE139303,0
807935,GSE129378,0
807935,GSE137114,0
807935,GSE137199,0
807935,GSE137476,0
807935,GSE137477,0
807935,GSE139434,0
807935,GSE139435,0
807935,GSE139436,0
807935,GSE139437,0
807935,GSE159229,0
807935,GSE160229,0
807935,GSE42075,0
807935,GSE74812,0
807935,GSE76978,0
807935,GSE83671,0
807935,GSE84116,0
807935,GSE85988,0
807935,GSE95370,0
807935,GSE95511,0
807935,GSE96768,0
807999,GSE139448,0
808380,GSE139511,0
809449,GSE112208,0
809449,GSE114654,0
809449,GSE114655,0
809449,GSE114873,0
809449,GSE127186,0
809449,GSE139675,0
809449,GSE56566,0
809449,GSE77722,0
809707,GSE106335,0
809707,GSE111292,0
809707,GSE136064,0
809707,GSE139832,0
809707,GSE140208,0
809707,GSE162166,1
809707,GSE189706,0
809707,GSE2160,0
809707,GSE222554,0
809707,GSE222555,0
809707,GSE222556,0
809707,GSE222557,0
809707,GSE269793,0
809707,GSE2707,0
809707,GSE3302,0
809707,GSE47116,0
809707,GSE57133,0
809707,GSE57177,0
809707,GSE76719,0
809707,GSE9790,0
809738,GSE103778,0
809738,GSE113112,0
809738,GSE132107,0
809738,GSE132149,0
809738,GSE137031,0
809738,GSE137032,0
809738,GSE137033,0
809738,GSE137034,0
809738,GSE139079,0
809738,GSE139834,0
809738,GSE139952,0
809738,GSE44814,0
809738,GSE44815,0
809738,GSE44816,0
809738,GSE70882,0
809738,GSE74975,0
809738,GSE75956,0
809738,GSE92740,0
809738,GSE96534,0
810142,GSE104560,0
810142,GSE107490,0
810142,GSE109379,0
810142,GSE109381,0
810142,GSE128580,0
810142,GSE128582,0
810142,GSE139913,0
810142,GSE168808,0
810142,GSE169265,0
810142,GSE185041,0
810142,GSE189778,0
810142,GSE196227,0
810142,GSE196228,0
810142,GSE202900,0
810142,GSE203413,0
810142,GSE212838,1
810142,GSE215240,0
810142,GSE222404,0
810142,GSE222405,0
810142,GSE222406,0
810142,GSE222850,0
810142,GSE228091,0
810142,GSE228100,0
810142,GSE228101,0
810142,GSE228103,0
810142,GSE22853,0
810142,GSE236909,0
810142,GSE255044,0
810142,GSE28045,0
810142,GSE31714,0
810142,GSE41170,0
810142,GSE45251,0
810142,GSE45891,0
810142,GSE52748,0
810142,GSE5550,0
810142,GSE58207,0
810142,GSE59561,0
810142,GSE65995,0
810142,GSE70178,0
810142,GSE72245,0
810142,GSE72251,0
810142,GSE72254,0
810142,GSE72308,0
810142,GSE90496,0
810142,GSE93548,0
810621,GSE139993,0
810621,GSE140078,0
810621,GSE140079,0
810621,GSE140295,0
810621,GSE142224,0
811021,GSE140063,0
811021,GSE157838,0
813448,GSE140481,1
813448,GSE140482,1
813448,GSE140484,1
814018,GSE140600,0
814872,GSE140757,0
814872,GSE44609,0
815040,GSE140772,0
815040,GSE140773,0
815040,GSE140774,0
815040,GSE16259,0
815040,GSE20145,1
815040,GSE22402,0
815040,GSE3119,0
815040,GSE38686,0
815040,GSE43880,0
815040,GSE45632,0
815040,GSE45633,0
815040,GSE45634,0
815040,GSE51780,0
815040,GSE55664,0
815040,GSE55749,0
815040,GSE55750,0
815040,GSE55751,0
815495,GSE134241,0
815495,GSE13685,0
815495,GSE140839,0
815495,GSE143358,0
815495,GSE143703,0
815495,GSE146283,0
815495,GSE181222,1
815495,GSE50809,0
815495,GSE62129,0
815495,GSE62134,0
815495,GSE62148,0
815495,GSE63905,0
815495,GSE9174,0
816238,GSE140969,0
816435,GSE117759,0
816435,GSE117760,0
816435,GSE117761,0
816435,GSE140995,0
816729,GSE141048,0
817513,GSE106535,0
817513,GSE141167,0
817513,GSE22253,0
817513,GSE6663,0
817513,GSE6671,0
817513,GSE6703,0
817513,GSE69688,0
817923,GSE141232,0
818005,GSE112925,0
818005,GSE112966,0
818005,GSE112968,0
818005,GSE112971,0
818005,GSE112972,0
818005,GSE141237,0
818005,GSE34506,0
818005,GSE40748,0
818005,GSE60972,0
818005,GSE60973,0
818005,GSE60974,0
818005,GSE83234,0
818005,GSE83235,0
818005,GSE83236,0
818005,GSE83238,0
818203,GSE100716,0
818203,GSE103467,1
818203,GSE105402,0
818203,GSE121574,0
818203,GSE141276,0
818203,GSE151237,0
818203,GSE181597,0
818477,GSE141326,0
818690,GSE141352,0
818966,GSE141432,0
819551,GSE141526,0
819551,GSE21802,0
821159,GSE10240,0
821159,GSE141767,0
821168,GSE141769,0
821321,GSE104602,0
821321,GSE119420,0
821321,GSE141798,0
821321,GSE141799,0
821321,GSE141800,0
821321,GSE142045,0
821321,GSE143830,0
821321,GSE144510,0
821321,GSE156185,1
821321,GSE156214,1
821321,GSE165748,0
821321,GSE165749,0
821321,GSE165750,0
821321,GSE16674,0
821321,GSE167310,0
821321,GSE168279,0
821321,GSE168338,0
821321,GSE168395,0
821321,GSE17828,0
821321,GSE186794,0
821321,GSE190602,0
821321,GSE190608,0
821321,GSE196060,0
821321,GSE199272,0
821321,GSE200562,0
821321,GSE200900,0
821321,GSE22229,0
821321,GSE234917,1
821321,GSE237028,0
821321,GSE42802,0
821321,GSE42803,0
821321,GSE44105,0
821321,GSE44256,0
821321,GSE48444,0
821321,GSE49971,0
821321,GSE72207,0
821321,GSE75841,0
821321,GSE75842,0
821321,GSE76975,0
821321,GSE76984,0
821321,GSE79879,0
821321,GSE93719,0
821321,GSE93741,0
821321,GSE98587,0
821446,GSE141831,0
821446,GSE150654,0
821468,GSE141835,0
821757,GSE133511,0
821757,GSE141873,0
821757,GSE207345,0
821757,GSE30321,0
821757,GSE37251,0
822330,GSE141955,0
822330,GSE144372,0
822538,GSE142013,0
822749,GSE142044,0
822749,GSE146085,0
823039,GSE102316,0
823039,GSE110374,0
823039,GSE131455,0
823039,GSE137515,0
823039,GSE142096,0
823039,GSE142099,0
823039,GSE142107,0
823039,GSE142576,0
823039,GSE26350,0
823271,GSE142155,0
823728,GSE142220,0
824507,GSE142339,0
824911,GSE142424,0
824981,GSE142437,0
824981,GSE80273,0
825013,GSE142442,0
825806,GSE117385,0
825806,GSE142543,0
826101,GSE142612,0
826101,GSE67905,0
826196,GSE142627,0
827703,GSE143143,0
827704,GSE143143,0
827704,GSE29142,0
828122,GSE100227,0
828122,GSE143209,0
828122,GSE153712,0
828122,GSE77378,1
828127,GSE143210,0
828246,GSE143231,0
828255,GSE109669,0
828255,GSE109670,0
828255,GSE109678,0
828255,GSE109880,0
828255,GSE123686,0
828255,GSE13599,0
828255,GSE143231,0
828255,GSE48071,1
828255,GSE95281,0
828255,GSE95816,0
828306,GSE111166,0
828306,GSE113576,0
828306,GSE138082,0
828306,GSE143239,0
828306,GSE143747,0
828306,GSE157204,1
828306,GSE160006,0
828306,GSE160871,0
828306,GSE171163,0
828306,GSE174697,0
828306,GSE182291,0
828306,GSE197375,0
828306,GSE19911,0
828306,GSE21483,0
828306,GSE218079,0
828306,GSE221015,0
828306,GSE221016,0
828306,GSE221017,0
828306,GSE249927,1
828306,GSE36110,0
828306,GSE61597,0
828306,GSE61650,0
828306,GSE61651,0
828306,GSE62027,0
828306,GSE67556,0
828306,GSE7460,0
828306,GSE80667,0
828306,GSE99759,0
830176,GSE143518,0
830176,GSE143529,0
830176,GSE143537,0
830176,GSE143542,0
830176,GSE69676,0
830176,GSE94941,0
830176,GSE94942,0
830176,GSE94944,0
830186,GSE143519,0
830956,GSE143649,0
831348,GSE143734,0
833749,GSE144118,0
833952,GSE144142,0
834271,GSE144208,0
834911,GSE144311,0
834911,GSE43694,0
834911,GSE44022,0
834911,GSE88728,0
834911,GSE88913,0
834911,GSE88914,0
834911,GSE88915,0
835009,GSE104009,0
835009,GSE104081,0
835009,GSE104082,0
835009,GSE104134,0
835009,GSE104135,0
835009,GSE127940,0
835009,GSE128221,0
835009,GSE128225,0
835009,GSE128227,0
835009,GSE128236,0
835009,GSE128238,0
835009,GSE131558,0
835009,GSE144321,0
835009,GSE190125,0
835009,GSE218883,0
835009,GSE218885,0
835009,GSE218887,0
835009,GSE218888,0
835009,GSE218889,0
835009,GSE218890,0
835009,GSE219039,0
835009,GSE32443,0
835009,GSE32444,0
835009,GSE32445,0
835009,GSE33804,0
835009,GSE87311,0
835802,GSE144473,0
835802,GSE18433,0
835802,GSE24092,0
835802,GSE83583,0
836375,GSE144560,0
836375,GSE144674,0
836412,GSE144567,0
836412,GSE145393,0
836412,GSE150162,0
836412,GSE157921,0
836412,GSE157929,0
836412,GSE157931,0
836412,GSE162392,0
836412,GSE167948,0
836412,GSE168757,0
836412,GSE184413,0
836412,GSE203624,0
836412,GSE213406,0
836412,GSE218103,1
836412,GSE219099,1
836412,GSE219100,1
836412,GSE220899,0
836412,GSE229134,0
836412,GSE245715,0
836412,GSE273053,0
837066,GSE144675,0
837066,GSE147722,0
837066,GSE66360,0
837451,GSE144748,0
837451,GSE87289,0
837836,GSE144794,0
837836,GSE19305,0
837836,GSE43828,0
837836,GSE43885,0
838617,GSE144917,0
838617,GSE148905,0
838617,GSE149139,0
838617,GSE38467,0
838859,GSE144952,0
839384,GSE125547,0
839384,GSE145038,0
839447,GSE145043,0
839819,GSE145100,0
840071,GSE128661,0
840071,GSE145136,0
840071,GSE86940,0
840431,GSE145191,0
841131,GSE145310,0
842089,GSE145460,0
842266,GSE145492,0
842273,GSE145495,0
842725,GSE102558,0
842725,GSE11725,0
842725,GSE131796,0
842725,GSE145573,0
842725,GSE213468,0
842725,GSE23077,0
842725,GSE33832,0
842725,GSE58486,0
842725,GSE9275,0
842725,GSE9276,0
842725,GSE9277,0
842725,GSE9298,0
842725,GSE95783,0
843261,GSE145678,0
843321,GSE145687,0
843321,GSE145688,0
843321,GSE145689,0
843321,GSE145690,0
843486,GSE130551,0
843486,GSE145710,0
843486,GSE145711,0
844217,GSE145833,0
844217,GSE218664,0
845567,GSE146036,0
845567,GSE70386,0
845981,GSE146080,0
846129,GSE146101,0
846206,GSE118920,0
846206,GSE118921,0
846206,GSE146113,0
846206,GSE146294,0
846206,GSE146295,0
846206,GSE71082,0
846206,GSE71083,0
846206,GSE71084,0
846623,GSE106291,0
846623,GSE12417,0
846623,GSE137851,0
846623,GSE146173,0
846623,GSE15210,0
846623,GSE22762,0
846623,GSE25571,0
846623,GSE37642,0
846623,GSE45328,0
847101,GSE146251,0
847607,GSE146347,0
847787,GSE119793,0
847787,GSE146378,0
848297,GSE146472,0
848334,GSE146477,0
849042,GSE146623,0
849042,GSE146624,0
849042,GSE146625,0
849042,GSE155196,0
849042,GSE157944,0
849042,GSE188393,0
849042,GSE199443,0
849042,GSE206170,0
849042,GSE245488,0
849171,GSE146652,0
849171,GSE146654,0
849171,GSE146655,0
849433,GSE146696,0
850167,GSE101746,0
850167,GSE108199,0
850167,GSE108221,0
850167,GSE108230,0
850167,GSE121131,0
850167,GSE146809,0
850592,GSE102675,0
850592,GSE120678,0
850592,GSE146883,0
850592,GSE146898,0
850592,GSE146957,0
850592,GSE146958,0
850592,GSE147285,0
850592,GSE31160,0
851378,GSE146980,0
851378,GSE171439,0
851378,GSE55736,0
851378,GSE72040,0
851423,GSE146988,0
851423,GSE147525,0
851430,GSE109804,0
851430,GSE130926,0
851430,GSE146988,0
851430,GSE147525,0
852497,GSE147153,0
852786,GSE147197,0
853639,GSE147336,0
853641,GSE147336,0
853798,GSE147361,0
853798,GSE147362,0
853798,GSE147363,0
853798,GSE53278,0
853798,GSE53279,0
853798,GSE53280,0
853798,GSE53281,0
853798,GSE75746,0
853798,GSE75747,0
854058,GSE101587,0
854058,GSE102064,0
854058,GSE104536,0
854058,GSE107100,0
854058,GSE107101,0
854058,GSE107102,0
854058,GSE128822,0
854058,GSE139184,0
854058,GSE146348,0
854058,GSE147394,0
854058,GSE147395,0
854058,GSE147397,0
854058,GSE147398,0
854058,GSE149395,0
854058,GSE152674,0
854058,GSE179273,0
854058,GSE196596,0
854058,GSE196597,0
854058,GSE230868,0
854058,GSE25859,0
854058,GSE36924,0
854058,GSE41970,0
854058,GSE49149,0
854058,GSE56560,0
854058,GSE61502,0
854058,GSE63111,0
854058,GSE63158,0
854058,GSE73338,0
854058,GSE73339,0
854058,GSE73350,0
854058,GSE77346,0
854058,GSE78911,0
854058,GSE78912,0
854058,GSE89747,0
854058,GSE89748,0
854058,GSE89749,0
854058,GSE89803,0
854058,GSE89997,0
854310,GSE147436,0
854346,GSE147445,0
854843,GSE105131,0
854843,GSE120597,0
854843,GSE12923,0
854843,GSE130688,0
854843,GSE13150,0
854843,GSE144952,0
854843,GSE145195,0
854843,GSE147527,0
854843,GSE149884,0
854843,GSE157148,0
854843,GSE15788,0
854843,GSE178671,0
854843,GSE182813,0
854843,GSE31308,0
854843,GSE3238,0
854843,GSE45988,0
854843,GSE53544,0
854843,GSE8493,0
855991,GSE103477,0
855991,GSE113703,0
855991,GSE127793,0
855991,GSE128657,0
855991,GSE128658,0
855991,GSE128659,0
855991,GSE128662,0
855991,GSE134203,0
855991,GSE147707,0
855991,GSE89008,0
855991,GSE97672,0
856189,GSE147745,0
856259,GSE147762,0
856371,GSE147779,0
856833,GSE147848,0
856833,GSE36096,0
856833,GSE81730,0
857055,GSE147883,0
857250,GSE126005,0
857250,GSE146286,0
857250,GSE147930,0
857250,GSE147931,0
857250,GSE147932,0
857250,GSE147933,0
857250,GSE18497,1
857250,GSE22601,1
857250,GSE31634,0
857250,GSE55372,0
857250,GSE69606,1
857250,GSE79751,0
857250,GSE79752,0
857250,GSE79753,0
857250,GSE79754,0
857250,GSE79755,0
858057,GSE148057,0
858156,GSE148069,0
858292,GSE148080,0
858845,GSE148163,0
858845,GSE148338,0
858845,GSE181739,0
859106,GSE148209,0
859106,GSE225295,0
859762,GSE148309,0
862004,GSE100865,0
862004,GSE123476,1
862004,GSE148678,0
862004,GSE148679,0
862004,GSE148680,0
862004,GSE154600,1
862004,GSE165020,0
862004,GSE53013,0
862004,GSE68514,0
862004,GSE68516,0
862004,GSE68517,0
862004,GSE68869,0
862004,GSE75996,0
862004,GSE76095,0
862004,GSE76096,0
862087,GSE148688,0
862267,GSE148702,0
864049,GSE137089,0
864049,GSE138980,0
864049,GSE139041,0
864049,GSE148955,0
864335,GSE114885,0
864335,GSE118320,0
864335,GSE142068,0
864335,GSE149015,0
864335,GSE172168,0
864335,GSE185118,0
864335,GSE42437,0
864335,GSE42440,0
864335,GSE42441,0
864335,GSE53055,0
864335,GSE9765,0
864335,GSE98242,0
864337,GSE149015,0
864337,GSE79751,0
864337,GSE79752,0
864337,GSE79753,0
864337,GSE79754,0
864337,GSE79755,0
864380,GSE149023,0
864552,GSE149050,0
864841,GSE149099,0
864841,GSE149100,0
865846,GSE149248,0
866017,GSE149274,0
866136,GSE149297,0
866146,GSE149297,0
866395,GSE149322,0
866395,GSE150575,0
866395,GSE150576,0
866395,GSE22226,0
866395,GSE32603,0
866556,GSE10750,0
866556,GSE109903,0
866556,GSE109954,0
866556,GSE109955,0
866556,GSE114808,0
866556,GSE116198,0
866556,GSE129578,0
866556,GSE145502,0
866556,GSE145988,0
866556,GSE149366,0
866556,GSE149652,0
866556,GSE152862,0
866556,GSE164430,0
866556,GSE222531,0
866556,GSE248774,0
866556,GSE65063,0
866556,GSE81100,0
866556,GSE89891,0
866837,GSE122703,0
866837,GSE124898,0
866837,GSE124899,0
866837,GSE13730,0
866837,GSE149413,0
866837,GSE262954,0
866837,GSE264192,0
866886,GSE149419,0
866918,GSE149422,0
867883,GSE100227,0
867883,GSE100772,0
867883,GSE101498,0
867883,GSE101713,0
867883,GSE101714,0
867883,GSE101715,0
867883,GSE101717,0
867883,GSE101938,0
867883,GSE101960,0
867883,GSE102395,0
867883,GSE102862,0
867883,GSE103949,0
867883,GSE104130,0
867883,GSE105001,0
867883,GSE106107,0
867883,GSE106305,0
867883,GSE107278,0
867883,GSE107281,0
867883,GSE107289,0
867883,GSE107373,0
867883,GSE107395,0
867883,GSE107521,0
867883,GSE107607,0
867883,GSE107766,0
867883,GSE107767,0
867883,GSE107768,0
867883,GSE107867,0
867883,GSE107895,0
867883,GSE107896,0
867883,GSE107926,0
867883,GSE108092,0
867883,GSE109073,0
867883,GSE110368,0
867883,GSE110369,0
867883,GSE110370,0
867883,GSE111120,0
867883,GSE111431,0
867883,GSE111582,0
867883,GSE111662,0
867883,GSE111999,0
867883,GSE112219,0
867883,GSE112230,0
867883,GSE112722,0
867883,GSE112825,0
867883,GSE112846,0
867883,GSE112986,0
867883,GSE113277,0
867883,GSE113348,0
867883,GSE113377,0
867883,GSE113947,0
867883,GSE114988,0
867883,GSE115317,0
867883,GSE115318,0
867883,GSE115319,0
867883,GSE115438,0
867883,GSE115746,0
867883,GSE115871,0
867883,GSE116999,0
867883,GSE117776,0
867883,GSE118089,0
867883,GSE118843,0
867883,GSE118878,0
867883,GSE118911,0
867883,GSE118912,0
867883,GSE119182,0
867883,GSE119270,0
867883,GSE119655,0
867883,GSE120207,0
867883,GSE120711,0
867883,GSE121597,0
867883,GSE121598,0
867883,GSE121599,0
867883,GSE122314,0
867883,GSE122756,0
867883,GSE122757,0
867883,GSE122758,0
867883,GSE123454,0
867883,GSE123984,0
867883,GSE124011,0
867883,GSE124191,0
867883,GSE124193,0
867883,GSE126066,0
867883,GSE126316,0
867883,GSE126348,0
867883,GSE126349,0
867883,GSE126350,0
867883,GSE126351,0
867883,GSE126470,0
867883,GSE126471,0
867883,GSE126472,0
867883,GSE126613,0
867883,GSE127852,0
867883,GSE128245,0
867883,GSE128641,0
867883,GSE131041,0
867883,GSE131636,1
867883,GSE131776,0
867883,GSE131777,0
867883,GSE131778,0
867883,GSE131779,0
867883,GSE131780,0
867883,GSE131988,0
867883,GSE132724,0
867883,GSE132990,0
867883,GSE134139,0
867883,GSE134385,0
867883,GSE134413,0
867883,GSE13514,0
867883,GSE135354,0
867883,GSE135355,0
867883,GSE135356,0
867883,GSE135357,0
867883,GSE136121,0
867883,GSE136125,0
867883,GSE136126,0
867883,GSE136184,0
867883,GSE138950,0
867883,GSE139659,0
867883,GSE140209,1
867883,GSE140459,0
867883,GSE141303,0
867883,GSE141499,0
867883,GSE141603,0
867883,GSE141604,0
867883,GSE141748,0
867883,GSE141749,0
867883,GSE141751,0
867883,GSE141752,0
867883,GSE142136,1
867883,GSE142140,1
867883,GSE143291,0
867883,GSE144654,0
867883,GSE144883,1
867883,GSE145573,0
867883,GSE146864,0
867883,GSE146865,0
867883,GSE146866,0
867883,GSE148854,0
867883,GSE149573,0
867883,GSE149734,0
867883,GSE150233,0
867883,GSE150234,0
867883,GSE150235,0
867883,GSE150237,0
867883,GSE150403,0
867883,GSE150768,0
867883,GSE150818,0
867883,GSE151695,0
867883,GSE151834,0
867883,GSE152122,0
867883,GSE153511,0
867883,GSE153512,0
867883,GSE15389,0
867883,GSE15392,0
867883,GSE153940,0
867883,GSE15395,0
867883,GSE15396,0
867883,GSE154221,0
867883,GSE155555,0
867883,GSE155972,0
867883,GSE156339,0
867883,GSE156340,0
867883,GSE156341,0
867883,GSE157467,0
867883,GSE157990,0
867883,GSE157994,0
867883,GSE157998,0
867883,GSE157999,0
867883,GSE158060,1
867883,GSE158116,0
867883,GSE158438,0
867883,GSE159114,0
867883,GSE159296,0
867883,GSE159297,0
867883,GSE159718,0
867883,GSE159754,0
867883,GSE16028,0
867883,GSE160816,0
867883,GSE160885,0
867883,GSE160933,0
867883,GSE161046,0
867883,GSE161351,0
867883,GSE161353,0
867883,GSE161575,0
867883,GSE162720,0
867883,GSE163028,0
867883,GSE16431,0
867883,GSE164564,0
867883,GSE165257,0
867883,GSE165258,0
867883,GSE165259,0
867883,GSE165891,0
867883,GSE166156,0
867883,GSE166159,0
867883,GSE166446,0
867883,GSE166447,0
867883,GSE166459,0
867883,GSE167506,0
867883,GSE168095,0
867883,GSE168905,0
867883,GSE169132,0
867883,GSE169133,0
867883,GSE169134,0
867883,GSE169363,0
867883,GSE169365,0
867883,GSE169367,0
867883,GSE171216,0
867883,GSE171217,0
867883,GSE171218,0
867883,GSE171246,0
867883,GSE171464,0
867883,GSE171557,0
867883,GSE172020,0
867883,GSE172026,0
867883,GSE172401,0
867883,GSE173462,0
867883,GSE173544,0
867883,GSE173713,0
867883,GSE173714,0
867883,GSE173715,0
867883,GSE174066,0
867883,GSE174067,0
867883,GSE174069,0
867883,GSE174073,0
867883,GSE174079,0
867883,GSE174086,0
867883,GSE174090,0
867883,GSE174113,0
867883,GSE17440,0
867883,GSE174604,0
867883,GSE17486,0
867883,GSE17491,0
867883,GSE174923,0
867883,GSE175825,0
867883,GSE175885,0
867883,GSE175886,0
867883,GSE176045,0
867883,GSE176060,0
867883,GSE178303,0
867883,GSE178368,0
867883,GSE178373,0
867883,GSE178779,0
867883,GSE179148,0
867883,GSE179174,0
867883,GSE179986,0
867883,GSE181363,0
867883,GSE182008,0
867883,GSE182211,0
867883,GSE182323,0
867883,GSE182700,1
867883,GSE182701,1
867883,GSE183552,1
867883,GSE183976,0
867883,GSE184426,0
867883,GSE184929,0
867883,GSE185289,1
867883,GSE185862,0
867883,GSE186316,0
867883,GSE186428,0
867883,GSE189889,0
867883,GSE190616,0
867883,GSE192613,1
867883,GSE193249,0
867883,GSE195717,0
867883,GSE197623,0
867883,GSE197806,0
867883,GSE198275,0
867883,GSE198481,0
867883,GSE198482,0
867883,GSE200141,0
867883,GSE201333,0
867883,GSE201999,0
867883,GSE203028,0
867883,GSE204847,0
867883,GSE204848,0
867883,GSE205405,0
867883,GSE206225,0
867883,GSE206694,0
867883,GSE206695,0
867883,GSE206706,0
867883,GSE206856,0
867883,GSE207158,0
867883,GSE207347,0
867883,GSE207533,0
867883,GSE207765,0
867883,GSE207766,0
867883,GSE207768,0
867883,GSE208176,0
867883,GSE208372,0
867883,GSE210203,0
867883,GSE210489,0
867883,GSE210491,0
867883,GSE210522,0
867883,GSE210523,0
867883,GSE210681,0
867883,GSE212229,0
867883,GSE212396,0
867883,GSE213465,0
867883,GSE213468,0
867883,GSE213977,0
867883,GSE214065,0
867883,GSE214093,0
867883,GSE214094,0
867883,GSE214423,0
867883,GSE21545,0
867883,GSE215790,1
867883,GSE215791,1
867883,GSE215796,0
867883,GSE216012,0
867883,GSE217405,0
867883,GSE217656,0
867883,GSE218693,0
867883,GSE220081,0
867883,GSE22059,0
867883,GSE220747,0
867883,GSE221268,1
867883,GSE221565,0
867883,GSE22173,0
867883,GSE221996,1
867883,GSE222971,0
867883,GSE22352,0
867883,GSE223594,0
867883,GSE223595,0
867883,GSE223596,0
867883,GSE223597,0
867883,GSE225157,0
867883,GSE225683,0
867883,GSE225721,0
867883,GSE226063,0
867883,GSE226874,0
867883,GSE228672,0
867883,GSE228673,0
867883,GSE228674,0
867883,GSE229575,0
867883,GSE230447,0
867883,GSE230450,0
867883,GSE230519,0
867883,GSE230520,0
867883,GSE231638,0
867883,GSE231639,0
867883,GSE231640,0
867883,GSE232149,0
867883,GSE232365,0
867883,GSE232400,0
867883,GSE232651,0
867883,GSE233642,0
867883,GSE235231,0
867883,GSE235830,0
867883,GSE236920,0
867883,GSE237001,0
867883,GSE23846,0
867883,GSE239579,0
867883,GSE239589,0
867883,GSE239612,0
867883,GSE239799,0
867883,GSE240007,0
867883,GSE240008,0
867883,GSE240010,0
867883,GSE240011,0
867883,GSE240013,0
867883,GSE240052,0
867883,GSE240323,0
867883,GSE241460,0
867883,GSE243000,0
867883,GSE243329,0
867883,GSE245477,0
867883,GSE246103,0
867883,GSE246153,0
867883,GSE246685,0
867883,GSE246717,0
867883,GSE246805,0
867883,GSE246806,0
867883,GSE246807,0
867883,GSE247113,0
867883,GSE247114,0
867883,GSE247119,0
867883,GSE247952,0
867883,GSE247974,0
867883,GSE248104,0
867883,GSE248483,0
867883,GSE250450,0
867883,GSE252397,0
867883,GSE252972,0
867883,GSE253754,0
867883,GSE255718,0
867883,GSE2655,0
867883,GSE26888,0
867883,GSE274928,0
867883,GSE275337,0
867883,GSE28750,0
867883,GSE3284,0
867883,GSE35258,0
867883,GSE36602,0
867883,GSE36603,0
867883,GSE36604,0
867883,GSE36605,0
867883,GSE36617,0
867883,GSE36628,0
867883,GSE36848,1
867883,GSE40256,0
867883,GSE40258,0
867883,GSE40259,0
867883,GSE4625,0
867883,GSE4626,0
867883,GSE4628,0
867883,GSE46493,0
867883,GSE46641,0
867883,GSE46642,0
867883,GSE48148,0
867883,GSE4871,0
867883,GSE48827,0
867883,GSE490,0
867883,GSE50670,0
867883,GSE50671,0
867883,GSE50672,0
867883,GSE50673,0
867883,GSE51366,0
867883,GSE51678,0
867883,GSE53740,0
867883,GSE54964,0
867883,GSE54966,0
867883,GSE54968,0
867883,GSE54969,0
867883,GSE55514,0
867883,GSE56452,0
867883,GSE58211,0
867883,GSE60274,0
867883,GSE61489,0
867883,GSE61931,0
867883,GSE65849,0
867883,GSE68727,0
867883,GSE69343,0
867883,GSE7000,0
867883,GSE71237,0
867883,GSE71585,0
867883,GSE72285,0
867883,GSE72406,0
867883,GSE72696,0
867883,GSE72800,0
867883,GSE76033,0
867883,GSE7696,0
867883,GSE77213,1
867883,GSE77339,0
867883,GSE77629,0
867883,GSE77633,0
867883,GSE77634,0
867883,GSE79045,0
867883,GSE79047,0
867883,GSE79048,0
867883,GSE79108,1
867883,GSE79902,0
867883,GSE80039,0
867883,GSE80823,0
867883,GSE81204,0
867883,GSE81206,0
867883,GSE81207,0
867883,GSE81388,0
867883,GSE83126,0
867883,GSE83127,0
867883,GSE83128,0
867883,GSE83311,0
867883,GSE83422,0
867883,GSE84192,0
867883,GSE84193,0
867883,GSE84194,0
867883,GSE84292,0
867883,GSE84293,0
867883,GSE84559,0
867883,GSE84827,0
867883,GSE84943,0
867883,GSE85517,0
867883,GSE85565,0
867883,GSE86153,0
867883,GSE8704,0
867883,GSE87548,0
867883,GSE89107,0
867883,GSE8988,0
867883,GSE90657,0
867883,GSE92345,0
867883,GSE94460,0
867883,GSE95773,0
867883,GSE97672,0
867883,GSE98204,0
867883,GSE99632,0
868110,GSE149602,0
868283,GSE131935,0
868283,GSE131937,0
868283,GSE149617,0
868283,GSE149618,0
868283,GSE149619,0
868283,GSE56929,0
868283,GSE69969,0
868283,GSE72005,0
868283,GSE85044,0
868283,GSE85520,0
868528,GSE149654,0
868528,GSE35700,0
868528,GSE45728,0
869081,GSE149734,0
869664,GSE149833,0
869836,GSE149870,0
870008,GSE108356,1
870008,GSE129150,0
870008,GSE133357,0
870008,GSE133360,0
870008,GSE133362,0
870008,GSE149897,0
870008,GSE42880,0
870008,GSE72149,0
870008,GSE95583,0
870008,GSE95599,0
870008,GSE95600,0
870008,GSE95622,0
870008,GSE95627,0
870008,GSE95628,0
870337,GSE120270,1
870337,GSE149952,0
870337,GSE76703,0
870496,GSE108399,0
870496,GSE115001,0
870496,GSE122677,0
870496,GSE147200,0
870496,GSE149995,0
870496,GSE149996,0
870496,GSE149997,0
870496,GSE3350,0
870496,GSE42896,0
870496,GSE45691,0
870496,GSE52640,0
870496,GSE55140,0
870496,GSE55222,0
870496,GSE56868,0
870496,GSE59426,0
870496,GSE6349,0
870663,GSE150027,0
870808,GSE150043,0
870808,GSE77693,0
871101,GSE150085,0
871101,GSE150086,0
871101,GSE150087,0
871410,GSE150144,0
871616,GSE150174,0
872579,GSE130684,0
872579,GSE150358,0
872579,GSE152004,0
872579,GSE166841,0
872597,GSE150363,0
872597,GSE150806,0
872725,GSE137756,0
872725,GSE150382,0
872725,GSE230804,0
872725,GSE72259,0
872725,GSE74282,0
872775,GSE150393,0
873604,GSE150564,0
873604,GSE174627,0
873604,GSE174628,0
873604,GSE38720,0
874322,GSE148729,0
874322,GSE150686,0
874824,GSE104008,0
874824,GSE142175,0
874824,GSE150753,0
874834,GSE150758,0
875571,GSE150859,0
875620,GSE116613,0
875620,GSE141297,0
875620,GSE148500,0
875620,GSE150861,0
875620,GSE158210,0
875620,GSE168937,1
875620,GSE21326,0
875620,GSE222530,0
875620,GSE225588,0
875620,GSE232472,0
875620,GSE241713,1
875620,GSE261983,0
875620,GSE39093,0
875620,GSE96996,0
876003,GSE150932,0
876010,GSE150932,0
876323,GSE101409,0
876323,GSE142503,0
876323,GSE150979,0
876336,GSE109292,0
876336,GSE150981,0
876336,GSE150982,0
876336,GSE150984,0
876414,GSE150991,0
876414,GSE97939,0
877572,GSE127332,0
877572,GSE151154,0
877801,GSE129516,0
877801,GSE143207,0
877801,GSE151182,0
877801,GSE157201,0
877801,GSE157203,0
877801,GSE89571,0
877956,GSE150805,1
877956,GSE151204,1
877956,GSE159406,1
877956,GSE56955,0
878096,GSE151236,0
878362,GSE151278,0
879341,GSE151415,0
879341,GSE29536,0
879341,GSE30059,0
879341,GSE30101,0
879341,GSE48762,0
879341,GSE54480,0
879494,GSE151443,0
879573,GSE151455,0
881389,GSE146371,0
881389,GSE149776,0
881389,GSE151733,0
881509,GSE103183,0
881509,GSE119998,0
881509,GSE151761,0
881932,GSE151826,0
882439,GSE135826,0
882439,GSE151920,0
882856,GSE152001,0
882856,GSE220268,0
883525,GSE152090,0
883525,GSE152092,0
883525,GSE152097,0
883525,GSE152098,0
883525,GSE160750,0
883525,GSE160751,0
883525,GSE160752,0
883525,GSE160753,0
883525,GSE160754,0
883525,GSE160755,0
883525,GSE171513,0
883525,GSE171514,0
883525,GSE171515,0
883525,GSE171516,0
883525,GSE18154,0
883525,GSE18373,0
883525,GSE18520,0
883525,GSE18521,0
883525,GSE198650,0
883525,GSE22421,0
883525,GSE37648,0
883525,GSE39130,0
883525,GSE94533,0
883657,GSE108226,0
883657,GSE136836,0
883657,GSE136837,0
883657,GSE136909,0
883657,GSE152118,0
883657,GSE7222,0
885011,GSE102580,0
885011,GSE111269,0
885011,GSE115690,0
885011,GSE115955,0
885011,GSE115956,0
885011,GSE115958,0
885011,GSE130365,1
885011,GSE134306,1
885011,GSE135675,0
885011,GSE135676,0
885011,GSE135677,0
885011,GSE135679,0
885011,GSE135680,0
885011,GSE152329,0
885011,GSE24731,0
885011,GSE29213,0
885011,GSE30963,0
885011,GSE31093,0
885011,GSE31094,0
885011,GSE31147,0
885011,GSE33178,0
885011,GSE34191,0
885011,GSE61852,0
885212,GSE152380,0
885212,GSE16510,0
885218,GSE152380,0
886300,GSE152564,0
886300,GSE152565,0
886300,GSE152566,0
886300,GSE152567,0
886300,GSE152568,0
886300,GSE152569,0
886300,GSE152570,0
886984,GSE108265,0
886984,GSE122922,0
886984,GSE122923,0
886984,GSE122924,0
886984,GSE152681,0
886984,GSE152734,0
886984,GSE152735,0
886984,GSE222244,0
886984,GSE222245,0
886984,GSE51432,0
887853,GSE152821,0
887853,GSE152822,0
887853,GSE152823,0
887853,GSE152824,0
887853,GSE152826,0
887853,GSE152833,0
887853,GSE152834,0
887853,GSE152835,0
887853,GSE152837,0
887853,GSE152838,0
887853,GSE152839,0
887853,GSE152840,0
887853,GSE152843,0
887853,GSE152844,0
887853,GSE152847,0
887853,GSE152848,0
887853,GSE152964,0
887853,GSE152966,0
887853,GSE152967,0
887853,GSE152968,0
887853,GSE152969,0
888209,GSE152914,0
888624,GSE11262,0
888624,GSE12402,0
888624,GSE12403,0
888624,GSE12404,0
888624,GSE14090,0
888624,GSE147587,0
888624,GSE15160,0
888624,GSE15165,0
888624,GSE152995,0
888624,GSE20039,0
888624,GSE24644,0
888624,GSE41391,0
888624,GSE47722,0
888624,GSE680,0
888656,GSE130657,0
888656,GSE136095,0
888656,GSE153002,0
888656,GSE153228,0
888656,GSE153230,0
888656,GSE34816,0
888656,GSE76094,0
888656,GSE88804,0
890153,GSE116904,0
890153,GSE153262,0
890422,GSE153320,0
890422,GSE3879,0
891853,GSE119488,0
891853,GSE153566,1
892095,GSE153610,0
892095,GSE155897,0
892451,GSE122329,0
892451,GSE122330,0
892451,GSE122331,0
892451,GSE122332,0
892451,GSE153643,0
892451,GSE161381,0
892451,GSE161382,0
892451,GSE161383,0
892612,GSE112973,0
892612,GSE136619,0
892612,GSE153650,0
892612,GSE50470,0
894205,GSE153921,0
894205,GSE153922,0
894205,GSE167419,0
894205,GSE167422,0
894205,GSE167423,0
894205,GSE214990,0
895022,GSE104293,0
895022,GSE107850,0
895022,GSE122920,0
895022,GSE122994,0
895022,GSE143755,0
895022,GSE143842,0
895022,GSE143843,0
895022,GSE154041,0
895022,GSE154042,0
895022,GSE154043,0
895022,GSE237103,0
895187,GSE154077,0
895326,GSE149036,0
895326,GSE154104,0
895932,GSE134509,0
895932,GSE154203,0
895932,GSE87085,0
896923,GSE154405,0
897594,GSE154532,0
897594,GSE196170,0
897821,GSE105018,0
897821,GSE138740,0
897821,GSE154566,0
897821,GSE159177,0
898205,GSE154650,0
898340,GSE154676,0
898340,GSE154682,0
900345,GSE107849,0
900345,GSE108175,0
900345,GSE114477,0
900345,GSE141344,0
900345,GSE154998,0
900345,GSE223347,0
900345,GSE246100,0
900345,GSE246101,0
900345,GSE246102,0
900345,GSE28621,0
900345,GSE30177,0
900345,GSE30555,0
900345,GSE31553,0
900345,GSE47049,0
900345,GSE53911,0
900345,GSE79006,1
900345,GSE80442,1
901008,GSE155126,0
901008,GSE155127,0
901008,GSE155128,0
901321,GSE155175,0
901807,GSE155242,0
902451,GSE155328,0
902508,GSE113818,0
902508,GSE155328,0
902508,GSE68104,0
903040,GSE155405,0
904041,GSE112883,0
904041,GSE136823,0
904041,GSE155558,0
904041,GSE155559,0
904041,GSE155592,0
904041,GSE176559,0
904041,GSE57475,0
904041,GSE58982,0
904041,GSE59040,0
905185,GSE155789,0
905433,GSE155840,0
906293,GSE107319,0
906293,GSE107320,0
906293,GSE107321,0
906293,GSE113542,0
906293,GSE113577,0
906293,GSE113578,0
906293,GSE138486,0
906293,GSE156011,0
906293,GSE156977,0
906293,GSE172288,0
906293,GSE59942,0
906293,GSE65474,0
906293,GSE87053,0
906451,GSE156035,0
906451,GSE193273,0
906500,GSE156044,0
906500,GSE156776,0
906500,GSE157026,0
907638,GSE156209,0
908325,GSE156318,1
908833,GSE130195,0
908833,GSE156395,0
908833,GSE27869,0
908833,GSE27870,0
908833,GSE27871,0
908966,GSE156416,0
908966,GSE156417,0
908966,GSE156418,0
908966,GSE161426,0
909640,GSE118928,0
909640,GSE119829,1
909640,GSE119830,1
909640,GSE119831,1
909640,GSE140520,0
909640,GSE143203,1
909640,GSE144867,1
909640,GSE144868,1
909640,GSE144869,1
909640,GSE156542,0
909640,GSE161262,0
909640,GSE161263,0
909640,GSE161264,0
909640,GSE162696,0
909640,GSE164015,0
909640,GSE164119,0
909640,GSE164448,0
909640,GSE171204,0
909640,GSE183433,0
909640,GSE185199,0
909640,GSE185200,0
909640,GSE185201,0
909640,GSE185202,0
909640,GSE197696,0
909640,GSE198016,0
909640,GSE207569,0
909640,GSE214828,0
909640,GSE214829,0
909640,GSE214830,0
909640,GSE214844,0
909640,GSE214845,0
909640,GSE216414,0
909640,GSE222561,0
909640,GSE227231,0
909640,GSE227233,0
909640,GSE227236,0
909640,GSE228711,0
909640,GSE24375,0
909640,GSE250241,0
909640,GSE25706,0
909640,GSE26900,1
909640,GSE41263,0
909640,GSE42958,0
909640,GSE50166,0
909640,GSE61464,0
909640,GSE65884,0
909640,GSE71398,0
909640,GSE71399,0
909640,GSE71400,0
909640,GSE71401,0
909640,GSE71402,0
909640,GSE71403,0
909640,GSE71744,0
909640,GSE7579,0
909640,GSE76802,0
909640,GSE79533,0
909640,GSE81517,0
909640,GSE81518,0
909640,GSE81519,0
910124,GSE156663,0
910191,GSE141942,0
910191,GSE156677,0
912018,GSE156972,0
912127,GSE149574,1
912127,GSE156988,1
912127,GSE196130,1
912127,GSE53016,0
912158,GSE147289,0
912158,GSE147296,0
912158,GSE147301,0
912158,GSE156990,0
912158,GSE156991,0
912158,GSE156992,0
912158,GSE178354,0
912394,GSE103734,0
912394,GSE157037,0
913090,GSE157161,0
913090,GSE157766,0
913090,GSE173955,0
913090,GSE36980,0
913090,GSE36981,0
913090,GSE92926,0
913504,GSE157233,0
913504,GSE157516,0
913504,GSE34492,0
913653,GSE157246,0
913653,GSE157247,0
913653,GSE157248,0
913808,GSE118959,0
913808,GSE119260,0
913808,GSE13808,0
913808,GSE157272,0
913808,GSE157273,0
913808,GSE159472,0
913808,GSE17032,0
913808,GSE37663,0
913808,GSE46763,1
913808,GSE59566,0
913808,GSE69857,1
913808,GSE7562,0
913808,GSE97284,0
913995,GSE130974,0
913995,GSE138487,0
913995,GSE138680,0
913995,GSE157294,0
913995,GSE157295,0
913995,GSE157296,0
913995,GSE157298,0
913995,GSE57561,0
913995,GSE77128,0
914135,GSE157322,0
914229,GSE157332,1
914229,GSE51537,1
914229,GSE78511,1
914229,GSE78727,1
914229,GSE94926,1
914229,GSE9605,1
914252,GSE157342,0
914252,GSE157345,0
914252,GSE166467,0
914252,GSE166502,0
914252,GSE166587,0
914252,GSE166652,0
914252,GSE166787,0
914474,GSE121978,0
914474,GSE123864,0
914474,GSE123865,0
914474,GSE123866,0
914474,GSE137830,0
914474,GSE138113,0
914474,GSE138114,0
914474,GSE138115,0
914474,GSE148205,0
914474,GSE148780,0
914474,GSE157362,0
914886,GSE157436,1
914886,GSE4327,0
914886,GSE9885,1
915671,GSE151699,0
915671,GSE157574,0
915671,GSE48253,0
915671,GSE75170,1
916534,GSE132089,0
916534,GSE157696,0
916534,GSE196573,0
916541,GSE157699,0
916541,GSE167522,0
916541,GSE254945,0
916541,GSE81664,0
916670,GSE157716,0
917169,GSE157800,0
917169,GSE87522,0
917169,GSE87523,0
917169,GSE87524,0
917187,GSE123751,0
917187,GSE153717,0
917187,GSE153718,0
917187,GSE153750,0
917187,GSE157802,0
917187,GSE26156,0
917187,GSE26157,0
917187,GSE26158,0
917187,GSE3920,0
917187,GSE69346,0
917187,GSE9481,0
917300,GSE140070,0
917300,GSE157823,0
917300,GSE60958,0
917300,GSE66967,0
917300,GSE80026,0
917300,GSE80027,0
917806,GSE101780,0
917806,GSE101978,0
917806,GSE103425,0
917806,GSE103426,0
917806,GSE103427,0
917806,GSE111077,0
917806,GSE111233,0
917806,GSE111234,0
917806,GSE111339,0
917806,GSE115456,0
917806,GSE115457,0
917806,GSE115458,0
917806,GSE117579,0
917806,GSE11784,0
917806,GSE117926,0
917806,GSE118002,0
917806,GSE118003,0
917806,GSE123405,0
917806,GSE123951,0
917806,GSE124253,0
917806,GSE124258,0
917806,GSE124265,0
917806,GSE12514,0
917806,GSE128565,0
917806,GSE135188,0
917806,GSE136932,0
917806,GSE138273,0
917806,GSE142042,0
917806,GSE14373,0
917806,GSE144347,0
917806,GSE14559,0
917806,GSE14586,0
917806,GSE146320,0
917806,GSE151374,0
917806,GSE152420,0
917806,GSE154136,0
917806,GSE154245,0
917806,GSE155546,0
917806,GSE155547,0
917806,GSE155832,0
917806,GSE157904,0
917806,GSE158075,0
917806,GSE159161,0
917806,GSE16148,0
917806,GSE16375,0
917806,GSE166197,0
917806,GSE171459,0
917806,GSE173523,0
917806,GSE179448,0
917806,GSE181472,0
917806,GSE182024,0
917806,GSE184145,0
917806,GSE189901,0
917806,GSE190269,0
917806,GSE190566,0
917806,GSE191147,0
917806,GSE194136,0
917806,GSE197181,0
917806,GSE19806,0
917806,GSE19814,0
917806,GSE198623,0
917806,GSE201160,0
917806,GSE202364,0
917806,GSE202368,0
917806,GSE202369,0
917806,GSE202788,0
917806,GSE206298,0
917806,GSE206299,0
917806,GSE206300,0
917806,GSE206301,0
917806,GSE206412,0
917806,GSE21090,0
917806,GSE212041,0
917806,GSE218997,0
917806,GSE22151,0
917806,GSE22261,0
917806,GSE225740,0
917806,GSE229663,0
917806,GSE229664,0
917806,GSE229666,0
917806,GSE23093,0
917806,GSE233400,0
917806,GSE233810,0
917806,GSE242943,0
917806,GSE242944,0
917806,GSE242945,0
917806,GSE245035,0
917806,GSE24565,0
917806,GSE246169,0
917806,GSE246709,0
917806,GSE24713,0
917806,GSE253748,0
917806,GSE253750,0
917806,GSE253752,0
917806,GSE253753,0
917806,GSE265801,0
917806,GSE268630,0
917806,GSE28750,0
917806,GSE28910,0
917806,GSE28913,0
917806,GSE29868,0
917806,GSE30525,0
917806,GSE30567,0
917806,GSE30917,0
917806,GSE31374,0
917806,GSE31381,0
917806,GSE31920,1
917806,GSE32126,1
917806,GSE32305,1
917806,GSE32526,0
917806,GSE33222,1
917806,GSE33349,1
917806,GSE33384,1
917806,GSE33386,1
917806,GSE34894,0
917806,GSE36971,0
917806,GSE49060,0
917806,GSE49061,0
917806,GSE49149,0
917806,GSE50046,0
917806,GSE50948,0
917806,GSE52405,0
917806,GSE53057,0
917806,GSE53993,0
917806,GSE55023,0
917806,GSE55480,0
917806,GSE56845,0
917806,GSE57214,0
917806,GSE57763,0
917806,GSE60888,0
917806,GSE61502,0
917806,GSE64538,0
917806,GSE72790,0
917806,GSE7394,1
917806,GSE74064,0
917806,GSE7408,0
917806,GSE74224,0
917806,GSE75008,0
917806,GSE76148,0
917806,GSE7677,1
917806,GSE7679,1
917806,GSE7680,1
917806,GSE7681,1
917806,GSE7747,1
917806,GSE7749,1
917806,GSE7750,1
917806,GSE7751,1
917806,GSE7752,1
917806,GSE7758,1
917806,GSE78875,0
917806,GSE80635,1
917806,GSE8368,0
917806,GSE8389,1
917806,GSE8445,1
917806,GSE9107,0
917806,GSE94528,0
917806,GSE94999,0
917806,GSE95011,0
917806,GSE95536,0
917806,GSE9878,0
918323,GSE115257,0
918323,GSE157961,0
918323,GSE157962,0
918323,GSE157963,0
918323,GSE157964,0
918323,GSE208110,0
918897,GSE104378,0
918897,GSE104466,0
918897,GSE104467,0
918897,GSE104469,0
918897,GSE104470,0
918897,GSE107229,0
918897,GSE158054,1
918897,GSE66213,0
918897,GSE67646,0
919004,GSE158057,0
919004,GSE190029,0
920423,GSE14721,0
920423,GSE158277,0
920769,GSE104994,1
920769,GSE146525,0
920769,GSE146561,0
920769,GSE146608,0
920769,GSE146633,0
920769,GSE154181,0
920769,GSE158325,0
920769,GSE18111,0
920769,GSE18226,0
920769,GSE18227,0
920769,GSE241339,0
920769,GSE24820,0
920769,GSE36650,1
920790,GSE114374,0
920790,GSE116222,0
920790,GSE148505,0
920790,GSE148837,0
920790,GSE158328,0
920790,GSE158702,0
920790,GSE158704,0
920790,GSE95435,0
920790,GSE95446,0
920790,GSE95450,0
920790,GSE95459,0
921493,GSE122877,0
921493,GSE153260,0
921493,GSE158463,0
921493,GSE35297,0
921493,GSE47799,0
921493,GSE52042,0
921493,GSE79377,0
922599,GSE158645,0
922599,GSE158661,0
922599,GSE158671,0
922599,GSE158673,0
922599,GSE158827,0
922684,GSE158665,0
923289,GSE158764,0
923521,GSE158803,0
924214,GSE158904,0
924580,GSE158953,0
924850,GSE102556,0
924850,GSE110344,0
924850,GSE110725,0
924850,GSE118317,0
924850,GSE121199,0
924850,GSE138677,0
924850,GSE158993,0
924850,GSE54263,0
924950,GSE159011,0
926020,GSE153550,0
926020,GSE159187,0
926532,GSE159280,0
927528,GSE148462,0
927528,GSE159433,0
928000,GSE130554,0
928000,GSE159497,0
928000,GSE159498,0
928000,GSE18558,0
928000,GSE33198,0
928000,GSE77309,0
928000,GSE98628,0
928120,GSE153319,0
928120,GSE159514,0
928152,GSE159517,0
928152,GSE159518,0
928152,GSE250437,0
928422,GSE159547,0
930650,GSE141681,1
930650,GSE159901,1
930913,GSE118587,0
930913,GSE159949,0
931141,GSE104190,0
931141,GSE104195,0
931141,GSE104196,0
931141,GSE104322,0
931141,GSE104328,0
931141,GSE108413,0
931141,GSE143209,0
931141,GSE159984,0
931141,GSE21232,0
931141,GSE25724,1
931141,GSE34008,0
931141,GSE53949,0
931141,GSE76894,0
931141,GSE76895,0
931141,GSE76896,0
931141,GSE94505,0
931141,GSE98485,0
931141,GSE98501,0
932237,GSE160180,1
932432,GSE160208,0
932432,GSE79671,0
932740,GSE100273,0
932740,GSE101765,0
932740,GSE102009,0
932740,GSE102010,0
932740,GSE102011,0
932740,GSE10235,0
932740,GSE102897,1
932740,GSE102912,0
932740,GSE103220,0
932740,GSE103795,0
932740,GSE104833,0
932740,GSE104836,0
932740,GSE104910,0
932740,GSE10500,0
932740,GSE10694,0
932740,GSE107358,0
932740,GSE107359,0
932740,GSE107360,0
932740,GSE107542,0
932740,GSE108330,0
932740,GSE108331,0
932740,GSE108332,0
932740,GSE108333,0
932740,GSE108502,0
932740,GSE108879,0
932740,GSE108961,0
932740,GSE108963,0
932740,GSE108989,0
932740,GSE109131,0
932740,GSE109489,1
932740,GSE110243,0
932740,GSE110279,0
932740,GSE110395,0
932740,GSE110403,0
932740,GSE110456,0
932740,GSE111169,0
932740,GSE111742,0
932740,GSE111811,0
932740,GSE111812,0
932740,GSE111813,0
932740,GSE111814,0
932740,GSE112038,0
932740,GSE113128,0
932740,GSE114159,0
932740,GSE114729,0
932740,GSE118527,0
932740,GSE11864,0
932740,GSE119143,0
932740,GSE119567,0
932740,GSE119568,0
932740,GSE119569,0
932740,GSE120022,0
932740,GSE120399,1
932740,GSE120836,0
932740,GSE120837,0
932740,GSE120838,0
932740,GSE120856,0
932740,GSE120857,0
932740,GSE120858,0
932740,GSE120859,0
932740,GSE121168,0
932740,GSE121768,0
932740,GSE122292,0
932740,GSE122300,0
932740,GSE122344,0
932740,GSE122710,0
932740,GSE123250,0
932740,GSE123370,0
932740,GSE123557,0
932740,GSE124275,0
932740,GSE124278,0
932740,GSE124279,0
932740,GSE124280,0
932740,GSE126888,0
932740,GSE127912,0
932740,GSE127913,0
932740,GSE127914,0
932740,GSE128053,0
932740,GSE128093,0
932740,GSE128207,0
932740,GSE128308,0
932740,GSE128537,0
932740,GSE129336,0
932740,GSE129499,0
932740,GSE129613,0
932740,GSE129722,0
932740,GSE130901,0
932740,GSE131641,0
932740,GSE131774,0
932740,GSE131897,0
932740,GSE131969,0
932740,GSE132011,0
932740,GSE132226,0
932740,GSE133844,0
932740,GSE134308,0
932740,GSE135045,0
932740,GSE135101,0
932740,GSE136159,0
932740,GSE13696,0
932740,GSE137511,0
932740,GSE13786,0
932740,GSE138485,0
932740,GSE138805,0
932740,GSE139039,0
932740,GSE139074,0
932740,GSE139473,0
932740,GSE139474,0
932740,GSE139475,0
932740,GSE139476,0
932740,GSE139541,0
932740,GSE139688,0
932740,GSE140228,0
932740,GSE140708,0
932740,GSE141878,0
932740,GSE141972,0
932740,GSE142361,1
932740,GSE142679,1
932740,GSE145154,0
932740,GSE145265,0
932740,GSE146771,0
932740,GSE146784,0
932740,GSE147431,0
932740,GSE147565,0
932740,GSE148293,0
932740,GSE148455,0
932740,GSE149647,0
932740,GSE152947,0
932740,GSE153126,0
932740,GSE154311,0
932740,GSE154703,0
932740,GSE154763,0
932740,GSE155622,0
932740,GSE155961,0
932740,GSE156032,0
932740,GSE156638,0
932740,GSE156713,0
932740,GSE156728,0
932740,GSE157206,0
932740,GSE157672,1
932740,GSE158627,0
932740,GSE159117,0
932740,GSE15918,0
932740,GSE159466,0
932740,GSE159527,0
932740,GSE160269,0
932740,GSE160270,0
932740,GSE160271,0
932740,GSE160272,0
932740,GSE161389,0
932740,GSE161427,0
932740,GSE162025,0
932740,GSE162829,0
932740,GSE162842,0
932740,GSE162843,0
932740,GSE163382,0
932740,GSE163501,0
932740,GSE163813,0
932740,GSE163814,0
932740,GSE163815,0
932740,GSE163928,0
932740,GSE163929,0
932740,GSE163931,0
932740,GSE164208,0
932740,GSE164449,0
932740,GSE164522,0
932740,GSE16507,0
932740,GSE165219,0
932740,GSE165471,0
932740,GSE16631,0
932740,GSE167872,0
932740,GSE167905,0
932740,GSE167909,0
932740,GSE167912,0
932740,GSE168281,1
932740,GSE168706,1
932740,GSE168809,0
932740,GSE168908,0
932740,GSE169033,0
932740,GSE169246,0
932740,GSE169475,0
932740,GSE171097,1
932740,GSE171102,1
932740,GSE171169,1
932740,GSE171171,1
932740,GSE173639,0
932740,GSE1740,0
932740,GSE174049,0
932740,GSE176023,0
932740,GSE178090,0
932740,GSE178091,0
932740,GSE178092,0
932740,GSE178557,0
932740,GSE178724,0
932740,GSE179474,0
932740,GSE179700,0
932740,GSE17972,0
932740,GSE179994,0
932740,GSE180475,0
932740,GSE181115,0
932740,GSE181737,0
932740,GSE181867,0
932740,GSE182082,0
932740,GSE182159,0
932740,GSE182232,0
932740,GSE182832,0
932740,GSE182840,0
932740,GSE182844,0
932740,GSE183232,0
932740,GSE183235,0
932740,GSE183236,0
932740,GSE183341,0
932740,GSE183804,0
932740,GSE183805,0
932740,GSE183808,0
932740,GSE183980,0
932740,GSE184048,0
932740,GSE184362,0
932740,GSE184762,0
932740,GSE184797,0
932740,GSE184798,0
932740,GSE185218,0
932740,GSE18545,0
932740,GSE185467,0
932740,GSE185525,0
932740,GSE185642,0
932740,GSE185864,0
932740,GSE186260,0
932740,GSE186486,1
932740,GSE187464,0
932740,GSE187496,0
932740,GSE188665,0
932740,GSE188841,0
932740,GSE188917,0
932740,GSE190355,0
932740,GSE192397,0
932740,GSE192398,0
932740,GSE1925,1
932740,GSE192890,1
932740,GSE193183,0
932740,GSE193766,0
932740,GSE193918,0
932740,GSE194149,0
932740,GSE194246,0
932740,GSE195978,0
932740,GSE196368,0
932740,GSE196421,1
932740,GSE196586,0
932740,GSE196622,0
932740,GSE196656,1
932740,GSE196676,0
932740,GSE197293,0
932740,GSE197457,0
932740,GSE197755,1
932740,GSE198105,0
932740,GSE198444,0
932740,GSE199027,0
932740,GSE199133,0
932740,GSE200643,0
932740,GSE200645,0
932740,GSE200940,0
932740,GSE200999,0
932740,GSE201022,0
932740,GSE201054,1
932740,GSE201493,0
932740,GSE203194,0
932740,GSE203480,0
932740,GSE206785,0
932740,GSE206926,0
932740,GSE207075,0
932740,GSE207293,0
932740,GSE207801,0
932740,GSE208772,0
932740,GSE209739,0
932740,GSE209975,0
932740,GSE209976,0
932740,GSE209977,0
932740,GSE210074,0
932740,GSE210717,0
932740,GSE211371,0
932740,GSE21167,0
932740,GSE21169,0
932740,GSE21170,0
932740,GSE211708,0
932740,GSE211731,0
932740,GSE212072,0
932740,GSE212123,0
932740,GSE212125,0
932740,GSE212291,1
932740,GSE213026,0
932740,GSE213992,1
932740,GSE214586,0
932740,GSE214632,0
932740,GSE215134,0
932740,GSE215813,0
932740,GSE216256,0
932740,GSE217105,0
932740,GSE217908,0
932740,GSE218200,1
932740,GSE218604,0
932740,GSE218630,1
932740,GSE218646,1
932740,GSE220973,0
932740,GSE221432,0
932740,GSE221594,1
932740,GSE222202,0
932740,GSE222300,0
932740,GSE222808,0
932740,GSE223219,0
932740,GSE225253,0
932740,GSE225762,0
932740,GSE225947,0
932740,GSE227185,1
932740,GSE227187,1
932740,GSE227188,1
932740,GSE227393,1
932740,GSE22782,0
932740,GSE228417,0
932740,GSE22890,0
932740,GSE229576,0
932740,GSE22967,0
932740,GSE229740,0
932740,GSE229771,0
932740,GSE229774,0
932740,GSE230116,0
932740,GSE230636,0
932740,GSE231909,1
932740,GSE232698,0
932740,GSE232830,0
932740,GSE233155,1
932740,GSE233206,0
932740,GSE233946,0
932740,GSE234177,0
932740,GSE234178,0
932740,GSE234179,0
932740,GSE234414,0
932740,GSE234423,0
932740,GSE234719,0
932740,GSE235321,0
932740,GSE235322,0
932740,GSE235323,0
932740,GSE235324,0
932740,GSE235857,1
932740,GSE236331,0
932740,GSE237032,0
932740,GSE237221,0
932740,GSE237222,0
932740,GSE237741,0
932740,GSE239749,0
932740,GSE241673,0
932740,GSE243673,0
932740,GSE243694,1
932740,GSE24455,0
932740,GSE24457,0
932740,GSE244878,0
932740,GSE244893,0
932740,GSE244894,0
932740,GSE245517,0
932740,GSE245677,1
932740,GSE246431,0
932740,GSE246547,0
932740,GSE247751,0
932740,GSE248167,0
932740,GSE24938,0
932740,GSE24952,0
932740,GSE249724,0
932740,GSE251640,1
932740,GSE251641,1
932740,GSE251642,1
932740,GSE251752,0
932740,GSE252202,0
932740,GSE25260,0
932740,GSE252614,0
932740,GSE253247,0
932740,GSE253481,0
932740,GSE253494,0
932740,GSE254059,0
932740,GSE254302,0
932740,GSE255136,0
932740,GSE260477,0
932740,GSE260781,0
932740,GSE260782,0
932740,GSE260783,0
932740,GSE260784,0
932740,GSE260971,0
932740,GSE261551,0
932740,GSE263509,0
932740,GSE264121,0
932740,GSE264348,0
932740,GSE264698,1
932740,GSE264699,1
932740,GSE266887,0
932740,GSE266982,1
932740,GSE28001,0
932740,GSE28124,0
932740,GSE28526,0
932740,GSE28862,0
932740,GSE30310,0
932740,GSE30965,0
932740,GSE31464,0
932740,GSE31614,0
932740,GSE31616,0
932740,GSE31617,0
932740,GSE3219,0
932740,GSE32442,0
932740,GSE33128,0
932740,GSE33173,0
932740,GSE33419,0
932740,GSE34298,0
932740,GSE34849,0
932740,GSE34852,0
932740,GSE34853,0
932740,GSE34875,0
932740,GSE35878,0
932740,GSE35882,0
932740,GSE35886,0
932740,GSE37319,0
932740,GSE37588,1
932740,GSE39150,0
932740,GSE39620,0
932740,GSE40396,0
932740,GSE42248,0
932740,GSE42314,0
932740,GSE42343,0
932740,GSE43036,0
932740,GSE43159,0
932740,GSE43425,0
932740,GSE43509,0
932740,GSE43892,0
932740,GSE44732,0
932740,GSE4474,0
932740,GSE44935,0
932740,GSE44953,1
932740,GSE44955,1
932740,GSE44957,1
932740,GSE47375,0
932740,GSE47376,0
932740,GSE47377,0
932740,GSE47460,0
932740,GSE48206,0
932740,GSE49184,0
932740,GSE49965,0
932740,GSE52210,0
932740,GSE52741,0
932740,GSE53137,0
932740,GSE53429,0
932740,GSE53622,0
932740,GSE53624,0
932740,GSE53625,0
932740,GSE55818,1
932740,GSE55875,0
932740,GSE56975,0
932740,GSE58149,0
932740,GSE58436,0
932740,GSE59324,0
932740,GSE62394,0
932740,GSE63017,0
932740,GSE63138,0
932740,GSE63139,0
932740,GSE63140,0
932740,GSE63576,0
932740,GSE66279,0
932740,GSE66296,0
932740,GSE66808,0
932740,GSE66809,0
932740,GSE66810,0
932740,GSE67618,0
932740,GSE67658,0
932740,GSE67716,1
932740,GSE67717,1
932740,GSE67718,1
932740,GSE67720,1
932740,GSE67721,1
932740,GSE68017,0
932740,GSE68829,0
932740,GSE69254,1
932740,GSE69683,0
932740,GSE70113,0
932740,GSE71323,0
932740,GSE71325,0
932740,GSE71326,0
932740,GSE71327,0
932740,GSE71814,0
932740,GSE72966,0
932740,GSE73892,0
932740,GSE74814,0
932740,GSE74961,0
932740,GSE76225,0
932740,GSE76226,0
932740,GSE76227,0
932740,GSE76250,0
932740,GSE76400,0
932740,GSE76637,0
932740,GSE76800,0
932740,GSE77051,0
932740,GSE77523,0
932740,GSE77524,0
932740,GSE79223,0
932740,GSE79786,0
932740,GSE80665,0
932740,GSE8093,0
932740,GSE85377,0
932740,GSE85599,0
932740,GSE86504,0
932740,GSE87176,0
932740,GSE87182,0
932740,GSE87358,0
932740,GSE89186,0
932740,GSE90044,0
932740,GSE92328,0
932740,GSE93092,0
932740,GSE93302,0
932740,GSE94027,0
932740,GSE94662,0
932740,GSE95165,0
932740,GSE98638,0
932740,GSE99076,0
932740,GSE99119,0
932740,GSE99160,0
932740,GSE99254,0
932740,GSE99457,0
932740,GSE99588,0
932740,GSE99815,0
932740,GSE99887,0
933456,GSE160384,0
933456,GSE63432,0
933456,GSE86267,0
933699,GSE160429,0
933724,GSE160430,0
934179,GSE160495,0
934408,GSE11871,0
934408,GSE160540,0
934408,GSE198648,0
934408,GSE23204,0
934544,GSE115482,0
934544,GSE115491,0
934544,GSE115492,0
934544,GSE115493,0
934544,GSE115494,0
934544,GSE116137,0
934544,GSE160562,0
935080,GSE160646,0
935614,GSE160760,0
936682,GSE105401,0
936682,GSE110199,0
936682,GSE11119,0
936682,GSE12316,0
936682,GSE126725,0
936682,GSE130362,0
936682,GSE14250,0
936682,GSE14251,0
936682,GSE149015,0
936682,GSE149492,0
936682,GSE160929,0
936682,GSE167174,0
936682,GSE169059,0
936682,GSE18311,0
936682,GSE195897,0
936682,GSE19978,0
936682,GSE20586,0
936682,GSE215830,0
936682,GSE223310,0
936682,GSE26297,0
936682,GSE57860,0
936682,GSE6948,0
936682,GSE6949,0
936682,GSE80026,0
936682,GSE80027,0
937764,GSE149056,0
937764,GSE161121,0
937764,GSE202291,0
937764,GSE7009,0
939105,GSE161345,0
939772,GSE161447,0
940151,GSE113781,0
940151,GSE113789,0
940151,GSE113793,0
940151,GSE113796,0
940151,GSE113798,0
940151,GSE113801,0
940151,GSE161508,0
940151,GSE172253,0
940151,GSE172255,0
940151,GSE172256,0
940151,GSE172257,0
940151,GSE188266,0
940151,GSE30306,0
940626,GSE161600,0
940626,GSE85273,1
941463,GSE108072,0
941463,GSE116369,0
941463,GSE140072,0
941463,GSE161719,0
941463,GSE161720,0
941463,GSE161721,0
941463,GSE190725,0
941463,GSE190726,0
941463,GSE190727,0
941463,GSE190728,0
941463,GSE25401,0
941463,GSE25402,0
941463,GSE25470,0
941463,GSE25910,0
941463,GSE35411,0
941463,GSE38642,0
941463,GSE41762,0
941463,GSE44035,0
941463,GSE50244,0
941463,GSE50397,0
941463,GSE50398,0
941463,GSE54279,0
941463,GSE62640,0
941463,GSE7146,0
941463,GSE76065,0
941463,GSE83619,0
941788,GSE161772,0
942587,GSE135205,0
942587,GSE135206,0
942587,GSE135207,0
942587,GSE135378,0
942587,GSE161908,0
942587,GSE161909,0
942587,GSE161910,0
942714,GSE108644,0
942714,GSE160997,0
942714,GSE161921,0
942714,GSE174691,0
943021,GSE114144,0
943021,GSE114145,0
943021,GSE114146,0
943021,GSE137060,0
943021,GSE161961,0
943021,GSE234517,0
943021,GSE234725,0
943021,GSE234728,0
943274,GSE11675,0
943274,GSE16015,0
943274,GSE160982,0
943274,GSE161532,0
943274,GSE162000,0
943274,GSE162280,0
943274,GSE162282,0
943274,GSE162283,0
943274,GSE16791,0
943274,GSE68891,0
943274,GSE68999,0
943274,GSE69000,0
943522,GSE121212,0
943522,GSE125206,0
943522,GSE162038,0
943522,GSE162039,0
943522,GSE173706,0
943522,GSE18780,0
943649,GSE10612,0
943649,GSE123086,0
943649,GSE123087,0
943649,GSE123088,0
943649,GSE153459,0
943649,GSE162051,0
943649,GSE30595,0
943649,GSE44956,0
943649,GSE44964,0
943649,GSE44966,0
943649,GSE60677,0
943649,GSE60678,0
943649,GSE60679,0
943649,GSE60680,0
943649,GSE78244,0
943821,GSE162072,0
944013,GSE162093,0
944090,GSE162098,0
944727,GSE162205,0
944727,GSE213742,0
944727,GSE213793,0
944727,GSE213795,0
944727,GSE31048,0
945283,GSE126348,0
945283,GSE126349,0
945283,GSE126350,0
945283,GSE126351,0
945283,GSE132127,0
945283,GSE144840,0
945283,GSE144843,0
945283,GSE144844,0
945283,GSE147201,0
945283,GSE154492,0
945283,GSE162296,0
945283,GSE55604,0
945283,GSE58423,0
945283,GSE59780,0
945283,GSE96933,0
946101,GSE162422,0
946173,GSE162436,0
946173,GSE171337,0
946173,GSE223271,0
946173,GSE223274,0
946845,GSE162551,0
946845,GSE162570,0
946845,GSE162607,0
946845,GSE162659,0
946845,GSE162662,0
946845,GSE169206,0
946845,GSE190419,0
946845,GSE190420,0
946845,GSE190422,0
946845,GSE190424,0
946877,GSE162554,0
946877,GSE162559,0
946877,GSE162560,0
946921,GSE162561,0
946983,GSE162564,0
947158,GSE106244,0
947158,GSE106410,0
947158,GSE106411,0
947158,GSE110436,0
947158,GSE116086,0
947158,GSE126398,0
947158,GSE126400,0
947158,GSE126401,0
947158,GSE126403,0
947158,GSE126406,0
947158,GSE141264,0
947158,GSE141265,0
947158,GSE141266,0
947158,GSE141267,0
947158,GSE141271,0
947158,GSE141272,0
947158,GSE141282,0
947158,GSE141292,0
947158,GSE141300,0
947158,GSE162588,0
947158,GSE166500,0
947158,GSE28731,0
947158,GSE55340,1
947158,GSE63861,1
947158,GSE76248,1
947158,GSE76300,0
947158,GSE76301,0
947158,GSE76302,0
947158,GSE80382,0
947158,GSE80383,0
947158,GSE81815,0
947158,GSE94679,0
947158,GSE94680,0
947158,GSE94681,0
947273,GSE162610,0
947564,GSE156846,0
947564,GSE162647,1
948054,GSE162709,0
948948,GSE162850,0
948948,GSE63629,0
948948,GSE73984,0
949200,GSE162894,0
949200,GSE67529,0
949200,GSE78121,0
949200,GSE78122,0
949200,GSE78123,0
949200,GSE78124,0
949787,GSE162974,0
949895,GSE103472,0
949895,GSE108962,0
949895,GSE116325,0
949895,GSE118061,0
949895,GSE127789,0
949895,GSE127989,0
949895,GSE149023,0
949895,GSE162986,0
949895,GSE53175,0
949895,GSE63667,0
949895,GSE65954,0
950189,GSE163046,0
950894,GSE163144,0
951031,GSE104181,0
951031,GSE104182,0
951031,GSE113351,0
951031,GSE136863,0
951031,GSE141849,0
951031,GSE141872,0
951031,GSE141915,0
951031,GSE141917,0
951031,GSE152708,0
951031,GSE152806,0
951031,GSE153992,0
951031,GSE160216,0
951031,GSE160219,0
951031,GSE160220,0
951031,GSE163155,0
951031,GSE175621,0
951031,GSE181101,0
951031,GSE48815,0
951031,GSE73557,0
951785,GSE104600,0
951785,GSE105216,0
951785,GSE154109,0
951785,GSE163278,0
952428,GSE163415,0
952821,GSE163472,0
952821,GSE163473,0
952821,GSE163475,0
953079,GSE149613,0
953079,GSE157948,0
953079,GSE163531,0
953079,GSE60359,0
953079,GSE70270,0
953079,GSE7315,0
953079,GSE7316,0
953079,GSE7317,0
953079,GSE7329,0
953079,GSE85176,0
953218,GSE163549,0
953707,GSE163622,0
953707,GSE190074,0
953707,GSE190412,0
953707,GSE190413,0
953707,GSE191238,0
953707,GSE198808,0
953707,GSE97469,0
953950,GSE163657,0
954220,GSE155392,0
954220,GSE163688,0
954240,GSE103260,0
954240,GSE104378,0
954240,GSE104466,0
954240,GSE104467,0
954240,GSE104469,0
954240,GSE104470,0
954240,GSE107229,0
954240,GSE153233,0
954240,GSE155392,0
954240,GSE163054,0
954240,GSE163688,0
954257,GSE163688,0
954532,GSE163706,0
954666,GSE127832,0
954666,GSE163736,0
955074,GSE143393,0
955074,GSE144983,0
955074,GSE163817,0
955597,GSE163908,0
955599,GSE163908,0
955619,GSE100371,0
955619,GSE163911,0
955619,GSE29663,0
955619,GSE32087,0
955619,GSE40604,0
955619,GSE40627,0
955619,GSE42290,0
955619,GSE48949,0
956071,GSE163989,0
956071,GSE203112,0
956071,GSE222474,0
956071,GSE222476,0
956071,GSE222888,0
956542,GSE164120,0
956542,GSE216890,0
956542,GSE98940,0
956610,GSE164128,0
956610,GSE32145,0
956610,GSE64198,0
956884,GSE10161,0
956884,GSE130468,0
956884,GSE133015,0
956884,GSE133017,0
956884,GSE160361,0
956884,GSE163474,0
956884,GSE164176,0
956884,GSE20102,0
957346,GSE164257,0
957899,GSE104429,0
957899,GSE104430,0
957899,GSE104431,0
957899,GSE106305,0
957899,GSE107298,0
957899,GSE107299,0
957899,GSE113119,0
957899,GSE113120,0
957899,GSE113121,0
957899,GSE113124,0
957899,GSE123940,0
957899,GSE137527,0
957899,GSE161097,0
957899,GSE164347,0
957899,GSE34649,0
957899,GSE41120,0
957899,GSE49559,0
957899,GSE55479,0
957899,GSE58870,0
957899,GSE64619,0
957899,GSE80685,0
957899,GSE83917,0
957899,GSE84042,0
957899,GSE84043,0
957899,GSE84493,0
957899,GSE86474,0
957899,GSE96652,0
957899,GSE99355,0
958618,GSE105944,0
958618,GSE106140,0
958618,GSE116627,0
958618,GSE125688,0
958618,GSE164447,1
958618,GSE20599,0
958618,GSE67009,0
958915,GSE164485,0
958968,GSE164489,0
959032,GSE157092,0
959032,GSE157093,0
959032,GSE157094,0
959032,GSE157095,0
959032,GSE158394,0
959032,GSE164504,0
959032,GSE164505,0
959032,GSE164506,0
959032,GSE198752,0
959032,GSE198753,0
959032,GSE198754,0
959032,GSE198755,0
959032,GSE201224,0
960226,GSE164701,0
960226,GSE164703,0
960226,GSE164706,0
960226,GSE164830,0
960226,GSE164847,0
960226,GSE19784,0
960226,GSE87900,0
960787,GSE164811,0
960787,GSE27830,0
960787,GSE39691,0
960787,GSE39693,0
960787,GSE39694,0
960787,GSE50712,0
960787,GSE50905,0
960787,GSE54193,0
960787,GSE54219,0
960787,GSE59995,0
960787,GSE85801,0
962154,GSE101426,0
962154,GSE101626,0
962154,GSE101627,0
962154,GSE101628,0
962154,GSE101629,0
962154,GSE101630,0
962154,GSE104154,0
962154,GSE106808,0
962154,GSE108593,0
962154,GSE108810,0
962154,GSE109026,0
962154,GSE109200,0
962154,GSE109457,0
962154,GSE109458,0
962154,GSE109459,0
962154,GSE110600,0
962154,GSE11330,0
962154,GSE115929,0
962154,GSE117830,0
962154,GSE118006,0
962154,GSE118643,0
962154,GSE118760,0
962154,GSE118933,0
962154,GSE120293,0
962154,GSE121094,0
962154,GSE121580,0
962154,GSE124501,0
962154,GSE12576,0
962154,GSE125974,0
962154,GSE128520,0
962154,GSE128574,0
962154,GSE128575,0
962154,GSE128952,0
962154,GSE130748,0
962154,GSE130983,0
962154,GSE13236,0
962154,GSE133757,1
962154,GSE134487,0
962154,GSE135598,0
962154,GSE136090,0
962154,GSE136409,0
962154,GSE137025,0
962154,GSE137026,0
962154,GSE137106,0
962154,GSE138598,0
962154,GSE13905,0
962154,GSE1400,0
962154,GSE140163,0
962154,GSE140797,1
962154,GSE141297,0
962154,GSE142247,0
962154,GSE14260,0
962154,GSE142746,0
962154,GSE144051,0
962154,GSE144278,0
962154,GSE145307,0
962154,GSE145428,0
962154,GSE145429,0
962154,GSE145432,0
962154,GSE145550,0
962154,GSE145552,0
962154,GSE145797,0
962154,GSE146831,0
962154,GSE146849,0
962154,GSE146874,0
962154,GSE148396,0
962154,GSE149066,0
962154,GSE149508,0
962154,GSE149821,0
962154,GSE149822,0
962154,GSE149824,0
962154,GSE149825,0
962154,GSE149826,0
962154,GSE150261,0
962154,GSE150513,0
962154,GSE152451,0
962154,GSE152876,0
962154,GSE153401,0
962154,GSE155207,0
962154,GSE156329,0
962154,GSE157320,0
962154,GSE157376,0
962154,GSE157377,0
962154,GSE157378,0
962154,GSE157379,0
962154,GSE157638,0
962154,GSE157654,0
962154,GSE157841,0
962154,GSE157842,0
962154,GSE157995,0
962154,GSE157996,0
962154,GSE157997,0
962154,GSE158015,0
962154,GSE158055,0
962154,GSE158084,0
962154,GSE158272,0
962154,GSE158361,0
962154,GSE159490,0
962154,GSE161881,0
962154,GSE162454,0
962154,GSE165020,0
962154,GSE167573,0
962154,GSE16816,0
962154,GSE169377,0
962154,GSE171144,0
962154,GSE176232,0
962154,GSE176421,0
962154,GSE176536,0
962154,GSE176537,0
962154,GSE176538,0
962154,GSE177046,0
962154,GSE178131,0
962154,GSE178946,0
962154,GSE179270,0
962154,GSE179272,0
962154,GSE179274,0
962154,GSE179275,0
962154,GSE179524,0
962154,GSE179755,0
962154,GSE179950,0
962154,GSE182185,1
962154,GSE183006,0
962154,GSE183195,0
962154,GSE183510,0
962154,GSE183511,0
962154,GSE183512,0
962154,GSE183543,1
962154,GSE183574,0
962154,GSE184120,0
962154,GSE184198,0
962154,GSE185830,0
962154,GSE186452,1
962154,GSE186453,1
962154,GSE186581,0
962154,GSE187027,0
962154,GSE188748,0
962154,GSE18878,1
962154,GSE188800,1
962154,GSE189145,0
962154,GSE189146,0
962154,GSE191170,0
962154,GSE192559,0
962154,GSE194130,0
962154,GSE197359,0
962154,GSE197361,0
962154,GSE197362,0
962154,GSE197460,0
962154,GSE197921,0
962154,GSE201282,0
962154,GSE201357,0
962154,GSE201683,0
962154,GSE201861,0
962154,GSE201863,0
962154,GSE201864,0
962154,GSE201865,0
962154,GSE201866,0
962154,GSE201867,0
962154,GSE201868,0
962154,GSE201989,0
962154,GSE203484,0
962154,GSE206647,0
962154,GSE207646,0
962154,GSE208722,0
962154,GSE21062,0
962154,GSE21064,0
962154,GSE21067,0
962154,GSE211425,0
962154,GSE214645,0
962154,GSE214909,0
962154,GSE215401,0
962154,GSE216132,0
962154,GSE218479,0
962154,GSE218480,0
962154,GSE218482,0
962154,GSE22081,0
962154,GSE220947,0
962154,GSE22104,0
962154,GSE22105,0
962154,GSE223251,0
962154,GSE223437,0
962154,GSE223438,0
962154,GSE223440,0
962154,GSE223441,0
962154,GSE224598,0
962154,GSE226857,0
962154,GSE227483,0
962154,GSE228175,0
962154,GSE228177,0
962154,GSE229042,0
962154,GSE231952,0
962154,GSE231953,0
962154,GSE231954,0
962154,GSE232189,1
962154,GSE232373,0
962154,GSE232769,0
962154,GSE233708,1
962154,GSE233709,1
962154,GSE233712,1
962154,GSE237070,0
962154,GSE237384,1
962154,GSE237884,0
962154,GSE237885,0
962154,GSE237925,0
962154,GSE240167,0
962154,GSE24035,0
962154,GSE240369,0
962154,GSE240370,0
962154,GSE24323,0
962154,GSE244380,0
962154,GSE247275,0
962154,GSE249170,0
962154,GSE250323,0
962154,GSE250413,0
962154,GSE25208,0
962154,GSE253741,1
962154,GSE253742,1
962154,GSE253745,1
962154,GSE254411,0
962154,GSE254412,0
962154,GSE254413,0
962154,GSE254414,0
962154,GSE25617,0
962154,GSE260460,1
962154,GSE262852,0
962154,GSE269922,0
962154,GSE27642,0
962154,GSE28873,0
962154,GSE3013,0
962154,GSE31732,0
962154,GSE32438,0
962154,GSE32718,0
962154,GSE35728,0
962154,GSE37456,0
962154,GSE37640,0
962154,GSE45161,0
962154,GSE48168,0
962154,GSE51536,0
962154,GSE52457,0
962154,GSE52884,0
962154,GSE52886,0
962154,GSE52887,0
962154,GSE52962,0
962154,GSE54342,0
962154,GSE57165,0
962154,GSE57166,0
962154,GSE57167,0
962154,GSE57168,0
962154,GSE61515,0
962154,GSE62912,0
962154,GSE67206,0
962154,GSE68427,0
962154,GSE68704,0
962154,GSE69764,0
962154,GSE72073,0
962154,GSE76086,0
962154,GSE76662,0
962154,GSE76863,0
962154,GSE77208,0
962154,GSE79240,0
962154,GSE80808,0
962154,GSE80810,0
962154,GSE82143,0
962154,GSE84241,0
962154,GSE84246,0
962154,GSE84247,0
962154,GSE84248,0
962154,GSE84706,0
962154,GSE89240,0
962154,GSE89420,0
962154,GSE89745,0
962154,GSE90524,0
962154,GSE92440,0
962154,GSE92918,0
962154,GSE93193,0
962154,GSE93779,0
962154,GSE93780,0
962154,GSE93781,0
962154,GSE93789,0
962154,GSE94067,0
962154,GSE94070,0
962154,GSE94140,0
962154,GSE94837,0
962154,GSE94937,0
962154,GSE9524,1
962154,GSE95361,0
962154,GSE96721,0
962154,GSE96996,0
962154,GSE97253,0
962154,GSE98998,0
962154,GSE99132,0
962154,GSE99213,0
962775,GSE165133,0
963744,GSE108707,0
963744,GSE137886,0
963744,GSE165290,0
964966,GSE165515,0
964966,GSE181596,0
964966,GSE20706,0
964966,GSE23387,0
964966,GSE2631,0
964966,GSE49472,0
964966,GSE70821,0
964966,GSE72449,0
964966,GSE72455,0
965599,GSE165621,0
965599,GSE200075,0
965599,GSE223498,0
965599,GSE223628,0
965766,GSE135997,0
965766,GSE151675,0
965766,GSE165643,0
965766,GSE165997,0
965766,GSE165998,0
965766,GSE165999,0
965766,GSE166100,0
965766,GSE23182,0
965766,GSE97037,0
966939,GSE156028,0
966939,GSE156055,0
966939,GSE165828,0
966939,GSE205138,0
966956,GSE155231,0
966956,GSE165834,0
966956,GSE171466,0
966956,GSE36166,0
966956,GSE38291,0
966956,GSE40798,0
966956,GSE84599,0
966995,GSE165845,0
967040,GSE165854,0
967801,GSE166017,0
967894,GSE166028,0
968243,GSE166111,0
968498,GSE140386,0
968498,GSE166156,0
968498,GSE166446,0
968498,GSE166447,0
968498,GSE166459,0
968498,GSE48181,0
968746,GSE166190,0
969142,GSE166255,0
969535,GSE166321,0
969535,GSE261252,1
969535,GSE261253,1
969827,GSE101079,0
969827,GSE101115,0
969827,GSE101116,0
969827,GSE130383,0
969827,GSE166370,0
969827,GSE166814,0
969827,GSE25937,0
969827,GSE26345,0
969827,GSE36375,0
969827,GSE59460,0
969827,GSE59486,0
969827,GSE67962,0
969827,GSE67964,0
969827,GSE67973,0
969827,GSE79164,0
969827,GSE79165,0
969827,GSE79166,0
969827,GSE79168,0
969827,GSE79696,0
969827,GSE83926,0
969827,GSE83927,0
969827,GSE83928,0
970496,GSE100200,1
970496,GSE11927,0
970496,GSE123248,1
970496,GSE166491,1
970496,GSE18118,0
970496,GSE30893,0
970496,GSE34046,1
970496,GSE7439,0
972348,GSE166813,0
972348,GSE245372,0
972348,GSE75000,0
972514,GSE137222,0
972514,GSE166845,0
972514,GSE166847,0
972514,GSE166848,0
973023,GSE166918,0
973023,GSE77863,0
973053,GSE129906,0
973053,GSE166924,0
973053,GSE166925,0
973053,GSE166927,0
973053,GSE166928,0
973351,GSE166985,0
973369,GSE166988,0
974449,GSE167121,0
974449,GSE167122,0
974449,GSE167123,0
974449,GSE200156,0
974449,GSE29585,0
974449,GSE43547,0
975323,GSE115746,0
975323,GSE119182,0
975323,GSE167293,0
975897,GSE167382,0
976486,GSE167479,0
976604,GSE167498,0
976604,GSE237403,0
977141,GSE116896,0
977141,GSE116897,0
977141,GSE116898,0
977141,GSE127180,0
977141,GSE127984,0
977141,GSE150081,0
977141,GSE167598,0
977141,GSE200823,0
977141,GSE200824,0
977141,GSE200825,0
977141,GSE200826,0
977141,GSE200827,0
977141,GSE56805,0
977141,GSE63877,0
977141,GSE76761,0
977141,GSE89556,0
977141,GSE94630,0
977394,GSE167747,0
978030,GSE152179,0
978030,GSE167893,0
978030,GSE8964,0
978312,GSE111570,0
978312,GSE141549,0
978312,GSE167946,0
978664,GSE168015,0
978664,GSE168899,0
978664,GSE168919,0
979111,GSE168098,0
979246,GSE146980,0
979246,GSE168125,0
979246,GSE171381,0
979246,GSE171995,0
979246,GSE215421,0
979246,GSE80237,0
981471,GSE168489,0
981513,GSE168499,0
981513,GSE61070,0
981513,GSE86851,0
982244,GSE168610,0
982892,GSE168735,0
983295,GSE168786,0
984224,GSE113187,0
984224,GSE113266,0
984224,GSE141208,0
984224,GSE141209,0
984224,GSE166275,0
984224,GSE168939,0
984224,GSE84747,0
984360,GSE168961,1
984459,GSE168976,0
985559,GSE110079,0
985559,GSE113110,0
985559,GSE118293,0
985559,GSE121319,0
985559,GSE121320,0
985559,GSE152756,0
985559,GSE154672,0
985559,GSE154713,0
985559,GSE156978,0
985559,GSE169184,0
985559,GSE169192,0
985559,GSE169193,0
985559,GSE18685,0
985559,GSE47007,0
985559,GSE66583,0
985559,GSE69116,0
985559,GSE92641,0
985559,GSE93079,0
985559,GSE95347,0
985559,GSE99335,0
985629,GSE115751,0
985629,GSE169191,0
986170,GSE169278,0
986301,GSE169295,0
986458,GSE169322,0
987017,GSE169436,0
987017,GSE169449,0
987017,GSE169572,0
987017,GSE226963,0
987017,GSE226964,0
987017,GSE226966,0
987017,GSE226994,0
987017,GSE3408,0
987017,GSE46571,0
987017,GSE97494,0
987232,GSE169481,0
987232,GSE169485,0
987424,GSE169504,0
987424,GSE48164,0
987424,GSE5981,0
987425,GSE169504,0
988969,GSE171037,0
988969,GSE67883,0
988969,GSE67886,0
988969,GSE67888,0
989001,GSE171043,0
989138,GSE125527,0
989138,GSE171057,0
989138,GSE72819,0
989138,GSE92415,0
989162,GSE130906,0
989162,GSE171061,0
989189,GSE171068,0
989502,GSE122932,0
989502,GSE14340,0
989502,GSE145710,0
989502,GSE145711,0
989502,GSE145915,0
989502,GSE171119,0
989502,GSE36950,0
989502,GSE37141,0
989502,GSE37142,0
989502,GSE37654,0
989502,GSE37656,0
989502,GSE37657,0
989502,GSE57802,0
989502,GSE61487,0
989502,GSE61491,0
989502,GSE61492,0
989502,GSE62004,0
989502,GSE63191,0
989502,GSE74598,0
989502,GSE74599,0
989502,GSE74600,0
989561,GSE171128,0
989998,GSE101980,1
989998,GSE111145,0
989998,GSE111146,0
989998,GSE111147,0
989998,GSE117887,1
989998,GSE121761,0
989998,GSE121762,0
989998,GSE121763,0
989998,GSE134687,0
989998,GSE137861,0
989998,GSE138035,0
989998,GSE153399,0
989998,GSE154338,0
989998,GSE171212,0
989998,GSE181546,0
989998,GSE185493,0
989998,GSE186340,0
989998,GSE190068,0
989998,GSE201300,0
989998,GSE244494,0
989998,GSE244495,0
989998,GSE245430,0
989998,GSE41229,0
989998,GSE41524,0
989998,GSE56867,0
989998,GSE58247,0
989998,GSE58965,0
989998,GSE71682,0
989998,GSE73947,0
989998,GSE94077,0
989998,GSE96844,0
989998,GSE99385,0
990662,GSE171335,0
990662,GSE86349,0
991191,GSE171416,0
991769,GSE171507,0
994115,GSE171920,0
994652,GSE172004,0
995416,GSE172104,0
995416,GSE172105,0
995416,GSE172106,0
997217,GSE172402,0
997346,GSE106131,0
997346,GSE138682,0
997346,GSE143945,0
997346,GSE156656,0
997346,GSE171944,0
997346,GSE172418,0
997346,GSE74766,0
997699,GSE172478,0
997754,GSE107664,0
997754,GSE107666,0
997754,GSE127724,0
997754,GSE156201,1
997754,GSE172488,0
997786,GSE136199,0
997786,GSE157361,0
997786,GSE157423,0
997786,GSE157425,0
997786,GSE169457,0
997786,GSE169621,0
997786,GSE172489,0
997807,GSE172494,0
998036,GSE172557,0
998061,GSE172577,0
999238,GSE158884,0
999238,GSE173277,0
999304,GSE173284,0
999526,GSE143231,0
999526,GSE173317,0
999914,GSE173364,0
1000892,GSE173554,0
1000892,GSE189024,0
1001136,GSE100222,0
1001136,GSE173602,0
1001676,GSE173683,0
1002356,GSE173794,0
1002356,GSE173795,0
1002356,GSE173796,0
1002356,GSE173797,0
1002356,GSE173823,0
1002356,GSE182671,0
1002698,GSE173841,0
1002698,GSE173842,0
1002698,GSE173843,0
1002698,GSE173846,0
1002698,GSE173847,0
1002698,GSE173862,0
1002698,GSE173863,0
1002698,GSE173864,0
1002698,GSE173866,0
1002698,GSE173867,0
1002698,GSE173868,0
1002698,GSE173869,0
1002698,GSE173870,0
1002698,GSE173871,0
1002698,GSE173872,0
1002791,GSE173851,0
1002791,GSE63410,0
1002791,GSE81360,0
1002809,GSE173855,0
1002809,GSE173964,0
1002809,GSE186461,0
1003366,GSE173945,0
1003366,GSE67144,0
1003394,GSE14705,0
1003394,GSE173959,0
1003394,GSE242361,0
1003394,GSE242362,0
1003394,GSE242363,0
1003414,GSE173966,0
1003414,GSE174028,0
1003417,GSE173967,0
1004026,GSE174072,0
1004134,GSE174077,0
1006332,GSE130201,0
1006332,GSE137710,0
1006332,GSE174403,0
1006332,GSE174405,0
1006332,GSE205065,0
1006332,GSE205066,0
1006332,GSE87633,0
1006332,GSE90697,0
1006500,GSE174430,0
1006500,GSE188971,0
1006504,GSE120284,0
1006504,GSE174430,0
1006504,GSE188971,0
1006521,GSE174432,0
1006521,GSE200973,0
1006880,GSE153174,0
1006880,GSE174494,0
1007112,GSE108830,0
1007112,GSE129479,0
1007112,GSE155413,0
1007112,GSE155447,0
1007112,GSE155448,0
1007112,GSE158669,0
1007112,GSE174534,0
1007112,GSE42788,0
1007112,GSE63483,0
1007112,GSE63555,0
1007112,GSE63556,0
1007112,GSE64364,0
1007112,GSE64615,0
1007112,GSE64616,0
1007112,GSE74759,0
1007112,GSE87068,0
1007112,GSE87198,0
1007319,GSE174571,0
1007319,GSE174572,0
1007319,GSE174708,0
1007319,GSE181561,0
1007319,GSE181562,0
1007319,GSE181563,0
1007319,GSE223103,0
1007319,GSE223104,0
1007319,GSE223105,0
1007346,GSE174573,0
1007346,GSE188610,0
1007346,GSE188611,0
1007550,GSE154816,0
1007550,GSE174605,0
1007587,GSE174615,0
1008768,GSE104152,0
1008768,GSE118974,0
1008768,GSE174809,0
1008768,GSE174810,0
1008768,GSE176065,0
1010335,GSE175587,0
1010508,GSE124637,0
1010508,GSE175616,0
1010719,GSE132670,0
1010719,GSE175639,0
1010870,GSE175668,0
1011491,GSE121923,0
1011491,GSE121935,0
1011491,GSE122113,0
1011491,GSE122119,0
1011491,GSE139531,0
1011491,GSE149052,0
1011491,GSE149105,0
1011491,GSE149107,0
1011491,GSE149135,0
1011491,GSE149994,0
1011491,GSE149998,0
1011491,GSE150858,0
1011491,GSE156581,0
1011491,GSE156583,0
1011491,GSE156586,0
1011491,GSE156631,0
1011491,GSE156757,0
1011491,GSE165311,0
1011491,GSE165313,0
1011491,GSE175766,0
1011491,GSE194407,0
1011491,GSE194408,0
1011491,GSE194409,0
1011491,GSE194411,0
1011491,GSE194412,0
1011525,GSE175768,0
1011846,GSE129290,0
1011846,GSE175821,0
1012239,GSE112721,0
1012239,GSE153578,0
1012239,GSE153584,0
1012239,GSE153587,0
1012239,GSE175901,0
1012239,GSE175902,0
1012239,GSE175903,0
1012239,GSE175904,0
1012239,GSE175905,0
1012239,GSE202823,0
1012239,GSE3634,0
1012239,GSE37076,0
1012239,GSE52860,1
1012239,GSE52997,1
1012239,GSE59370,1
1012239,GSE61030,0
1012239,GSE96830,1
1012239,GSE96849,1
1012239,GSE97081,1
1012239,GSE97379,1
1012284,GSE106864,1
1012284,GSE109086,1
1012284,GSE109087,1
1012284,GSE150334,1
1012284,GSE150405,1
1012284,GSE150406,1
1012284,GSE168465,1
1012284,GSE175919,1
1012284,GSE5989,0
1012284,GSE5992,0
1012284,GSE7262,0
1012284,GSE9952,0
1012962,GSE176039,0
1013111,GSE103834,0
1013111,GSE107045,0
1013111,GSE146252,0
1013111,GSE164639,0
1013111,GSE176071,0
1013111,GSE176072,0
1013111,GSE176103,0
1013111,GSE176104,0
1013908,GSE113163,0
1013908,GSE13155,0
1013908,GSE13299,0
1013908,GSE151742,1
1013908,GSE157902,1
1013908,GSE162556,1
1013908,GSE164752,1
1013908,GSE176183,1
1013908,GSE25861,0
1013908,GSE43908,0
1014086,GSE176209,0
1014759,GSE176325,0
1014759,GSE55763,0
1014868,GSE150050,0
1014868,GSE176367,0
1015059,GSE126090,0
1015059,GSE160648,0
1015059,GSE163285,0
1015059,GSE176393,0
1015059,GSE63026,0
1015059,GSE73491,0
1015059,GSE75690,0
1015752,GSE176480,0
1015927,GSE16446,0
1015927,GSE176515,0
1015927,GSE18864,0
1015927,GSE23640,0
1015969,GSE100787,0
1015969,GSE176522,0
1015969,GSE176523,0
1015969,GSE176524,0
1016043,GSE138097,0
1016043,GSE157386,0
1016043,GSE176544,0
1016043,GSE72321,0
1016043,GSE98258,0
1017121,GSE178106,0
1017295,GSE178148,0
1017582,GSE155328,0
1017582,GSE178208,0
1017685,GSE143279,0
1017685,GSE178222,0
1017862,GSE178245,0
1018225,GSE178292,0
1018318,GSE178303,0
1018318,GSE178368,0
1018318,GSE178373,0
1018612,GSE178342,0
1018612,GSE30116,0
1018824,GSE178385,0
1019178,GSE178414,0
1019178,GSE65969,0
1020532,GSE127967,0
1020532,GSE178683,0
1020637,GSE178703,0
1021331,GSE118814,0
1021331,GSE178826,0
1021503,GSE174395,0
1021503,GSE178845,0
1021992,GSE178929,0
1022359,GSE11569,0
1022359,GSE178967,0
1022359,GSE40008,0
1023584,GSE179162,0
1023584,GSE189094,0
1023584,GSE189095,0
1023584,GSE189096,0
1023785,GSE104423,0
1023785,GSE177624,0
1023785,GSE179185,0
1023785,GSE188929,0
1023785,GSE193626,1
1023785,GSE23085,0
1023785,GSE86392,0
1023814,GSE179191,0
1023814,GSE206843,0
1024220,GSE101587,0
1024220,GSE110350,0
1024220,GSE152674,0
1024220,GSE157344,0
1024220,GSE168098,0
1024220,GSE176229,0
1024220,GSE179273,0
1024220,GSE22663,0
1024220,GSE55348,0
1024220,GSE67300,0
1024859,GSE179382,0
1025137,GSE11596,1
1025137,GSE121481,0
1025137,GSE127186,0
1025137,GSE152378,0
1025137,GSE155740,0
1025137,GSE156557,0
1025137,GSE156558,0
1025137,GSE179414,0
1025137,GSE30090,0
1025137,GSE47036,0
1025137,GSE47038,0
1025137,GSE52112,0
1025137,GSE52113,0
1025137,GSE52114,0
1025137,GSE77965,0
1025137,GSE83334,0
1025616,GSE111123,0
1025616,GSE16483,0
1025616,GSE179478,0
1025616,GSE216711,0
1025616,GSE217911,0
1025616,GSE220226,0
1025616,GSE220227,0
1025616,GSE220228,0
1025616,GSE220229,0
1025616,GSE22175,1
1025616,GSE34059,1
1025616,GSE52142,0
1025616,GSE56285,1
1025798,GSE179507,0
1026147,GSE111301,0
1026147,GSE130219,0
1026147,GSE157989,0
1026147,GSE179574,0
1026147,GSE202011,0
1026147,GSE229253,0
1026147,GSE229705,0
1026147,GSE229706,0
1026147,GSE94853,0
1026147,GSE94956,0
1026147,GSE94961,0
1026147,GSE94962,0
1026147,GSE99180,0
1026240,GSE179582,0
1026240,GSE179585,0
1026240,GSE179586,0
1026240,GSE179587,0
1026854,GSE179676,0
1027011,GSE179709,0
1027011,GSE205507,0
1027011,GSE26373,0
1027277,GSE119047,0
1027277,GSE131359,0
1027277,GSE138364,0
1027277,GSE179748,0
1027277,GSE179749,0
1027277,GSE179750,0
1027277,GSE179751,0
1027277,GSE179752,0
1027277,GSE95428,0
1027937,GSE179861,0
1028438,GSE179947,0
1029028,GSE180060,0
1029481,GSE124174,0
1029481,GSE180122,0
1029611,GSE178295,0
1029611,GSE178296,0
1029611,GSE178304,0
1029611,GSE180138,0
1029611,GSE208683,0
1030119,GSE123678,0
1030119,GSE123682,0
1030119,GSE123892,0
1030119,GSE133992,0
1030119,GSE161175,0
1030119,GSE161275,0
1030119,GSE161436,0
1030119,GSE161437,0
1030119,GSE161438,0
1030119,GSE161440,0
1030119,GSE180209,0
1030119,GSE199030,0
1030119,GSE199031,0
1030119,GSE199032,0
1030119,GSE199033,0
1030171,GSE180222,0
1030171,GSE180223,0
1030171,GSE180224,0
1030487,GSE180270,0
1031388,GSE110935,0
1031388,GSE180393,0
1031388,GSE180394,0
1031388,GSE180395,0
1031388,GSE42816,0
1031916,GSE128387,0
1031916,GSE180473,0
1031916,GSE36678,0
1031916,GSE67723,0
1033182,GSE180672,0
1034491,GSE180581,1
1034491,GSE180925,0
1034538,GSE171523,0
1034538,GSE171584,0
1034538,GSE171589,0
1034538,GSE171591,0
1034538,GSE171592,0
1034538,GSE180945,0
1034538,GSE187875,0
1034538,GSE5586,0
1034782,GSE103835,0
1034782,GSE106643,0
1034782,GSE180968,0
1035491,GSE181070,0
1036754,GSE110278,0
1036754,GSE126574,0
1036754,GSE129616,0
1036754,GSE148381,0
1036754,GSE181261,0
1036754,GSE190482,0
1036984,GSE115683,1
1036984,GSE122565,0
1036984,GSE138574,0
1036984,GSE154325,0
1036984,GSE168262,0
1036984,GSE168588,0
1036984,GSE181301,0
1036984,GSE37209,0
1036984,GSE38012,0
1036984,GSE38062,0
1036984,GSE38063,0
1036984,GSE46515,0
1036984,GSE46582,0
1036984,GSE67324,0
1036984,GSE90658,0
1036984,GSE91081,0
1037186,GSE181336,0
1037487,GSE181398,0
1037819,GSE173610,0
1037819,GSE181457,0
1037819,GSE47065,0
1037819,GSE75711,0
1037836,GSE181458,0
1037836,GSE207321,0
1038738,GSE145052,0
1038738,GSE145132,0
1038738,GSE145133,0
1038738,GSE164636,0
1038738,GSE181629,0
1038738,GSE203488,0
1038738,GSE203489,0
1038738,GSE203516,0
1038738,GSE215226,0
1038738,GSE219233,0
1038738,GSE219234,0
1038738,GSE219235,0
1038738,GSE223193,0
1039210,GSE181735,0
1039210,GSE182153,0
1039210,GSE182154,0
1039603,GSE181805,0
1039614,GSE117093,0
1039614,GSE181805,1
1039614,GSE62407,0
1040441,GSE150163,0
1040441,GSE181962,0
1040636,GSE182001,0
1040737,GSE182012,0
1040737,GSE182013,0
1040737,GSE182014,0
1040737,GSE182015,0
1040737,GSE182017,0
1040737,GSE221827,0
1041094,GSE114515,0
1041094,GSE119094,0
1041094,GSE133290,0
1041094,GSE182102,0
1041094,GSE25210,0
1041094,GSE25212,0
1041094,GSE25213,0
1041094,GSE33724,0
1041094,GSE58100,0
1041094,GSE70799,0
1041094,GSE70863,0
1041094,GSE70865,0
1041094,GSE71949,0
1041368,GSE182162,0
1041475,GSE182178,0
1041789,GSE182224,0
1041829,GSE182227,0
1042600,GSE111318,0
1042600,GSE182353,0
1042984,GSE131340,1
1042984,GSE182414,1
1042984,GSE184511,1
1042984,GSE79881,1
1043310,GSE182479,0
1043367,GSE182487,0
1043851,GSE182579,0
1043851,GSE30112,0
1043851,GSE30281,0
1043851,GSE70948,0
1043968,GSE126685,1
1043968,GSE126689,1
1043968,GSE134784,0
1043968,GSE136188,1
1043968,GSE161305,0
1043968,GSE182611,1
1043968,GSE23309,0
1043968,GSE31722,0
1043968,GSE31723,0
1043968,GSE67065,1
1043968,GSE97311,0
1044314,GSE182680,0
1044314,GSE182681,0
1044314,GSE182682,0
1044314,GSE182683,0
1044446,GSE1030,1
1044446,GSE124307,0
1044446,GSE141742,0
1044446,GSE15636,0
1044446,GSE161161,0
1044446,GSE182696,0
1044446,GSE184428,1
1044446,GSE192348,0
1044446,GSE208247,0
1044446,GSE233645,0
1044446,GSE2476,0
1044446,GSE36172,0
1044446,GSE40960,0
1044446,GSE46232,1
1044446,GSE5553,1
1044446,GSE63029,0
1044446,GSE8421,1
1044446,GSE87122,1
1044920,GSE182779,0
1045567,GSE182877,0
1045567,GSE221849,0
1045659,GSE182888,0
1045659,GSE252047,0
1045888,GSE134818,0
1045888,GSE149802,0
1045888,GSE173848,0
1045888,GSE182922,0
1045898,GSE182923,0
1046251,GSE100066,0
1046251,GSE183004,0
1046294,GSE183005,0
1046753,GSE183071,0
1046797,GSE183071,0
1048100,GSE156760,0
1048100,GSE163603,0
1048100,GSE166875,0
1048100,GSE167747,0
1048100,GSE171620,0
1048100,GSE180393,0
1048100,GSE180394,0
1048100,GSE180395,0
1048100,GSE183273,0
1048100,GSE183274,0
1048100,GSE183276,0
1048100,GSE183277,0
1048100,GSE183279,0
1048100,GSE183456,0
1048100,GSE199711,0
1048871,GSE140965,1
1048871,GSE183398,1
1049050,GSE120429,0
1049050,GSE183423,0
1049131,GSE162696,0
1049131,GSE164015,0
1049131,GSE164119,0
1049131,GSE164448,0
1049131,GSE183433,0
1049131,GSE185199,0
1049131,GSE185200,0
1049131,GSE185201,0
1049131,GSE185202,0
1049131,GSE250241,0
1049131,GSE34466,0
1049131,GSE7557,0
1049457,GSE139604,0
1049457,GSE144265,0
1049457,GSE144615,0
1049457,GSE144616,0
1049457,GSE144618,0
1049457,GSE152708,0
1049457,GSE152806,0
1049457,GSE169292,0
1049457,GSE183480,0
1049457,GSE76932,0
1049478,GSE183485,0
1049478,GSE183486,0
1049478,GSE183721,0
1049911,GSE137998,0
1049911,GSE178610,0
1049911,GSE183553,0
1049911,GSE32507,0
1050782,GSE183693,0
1051350,GSE100266,0
1051350,GSE101527,0
1051350,GSE101593,0
1051350,GSE104942,0
1051350,GSE106409,0
1051350,GSE107654,0
1051350,GSE108223,0
1051350,GSE108458,0
1051350,GSE108459,0
1051350,GSE108460,0
1051350,GSE109142,0
1051350,GSE109480,0
1051350,GSE110544,0
1051350,GSE117993,0
1051350,GSE119432,0
1051350,GSE124911,0
1051350,GSE124912,0
1051350,GSE124913,0
1051350,GSE124914,0
1051350,GSE129724,0
1051350,GSE133506,0
1051350,GSE13415,1
1051350,GSE137382,0
1051350,GSE137520,0
1051350,GSE137521,0
1051350,GSE137523,0
1051350,GSE137719,0
1051350,GSE14340,0
1051350,GSE145307,0
1051350,GSE146113,0
1051350,GSE146274,0
1051350,GSE146294,0
1051350,GSE146295,0
1051350,GSE148199,0
1051350,GSE151587,0
1051350,GSE154386,0
1051350,GSE160478,0
1051350,GSE160479,0
1051350,GSE160480,0
1051350,GSE164579,0
1051350,GSE164580,0
1051350,GSE164581,0
1051350,GSE165373,0
1051350,GSE168227,0
1051350,GSE182482,0
1051350,GSE183802,0
1051350,GSE19090,0
1051350,GSE195868,0
1051350,GSE198255,0
1051350,GSE198256,0
1051350,GSE198257,0
1051350,GSE198988,0
1051350,GSE198989,0
1051350,GSE198990,0
1051350,GSE199725,0
1051350,GSE202716,0
1051350,GSE203284,0
1051350,GSE205863,0
1051350,GSE205864,0
1051350,GSE205865,0
1051350,GSE205866,0
1051350,GSE209737,0
1051350,GSE209738,0
1051350,GSE213482,0
1051350,GSE213778,0
1051350,GSE216066,0
1051350,GSE216328,0
1051350,GSE217574,0
1051350,GSE217575,0
1051350,GSE217576,0
1051350,GSE217577,0
1051350,GSE222223,0
1051350,GSE222224,0
1051350,GSE222225,0
1051350,GSE227312,0
1051350,GSE231743,1
1051350,GSE232108,0
1051350,GSE232804,0
1051350,GSE232860,0
1051350,GSE233171,0
1051350,GSE233175,0
1051350,GSE23352,0
1051350,GSE235126,0
1051350,GSE23529,0
1051350,GSE235318,0
1051350,GSE23545,0
1051350,GSE23546,0
1051350,GSE236679,0
1051350,GSE243545,0
1051350,GSE248735,0
1051350,GSE29061,0
1051350,GSE32889,0
1051350,GSE36015,0
1051350,GSE41980,0
1051350,GSE45446,0
1051350,GSE45447,0
1051350,GSE45448,0
1051350,GSE46230,0
1051350,GSE47777,0
1051350,GSE52369,0
1051350,GSE59187,0
1051350,GSE63976,0
1051350,GSE64263,1
1051350,GSE68245,0
1051350,GSE69592,0
1051350,GSE69593,0
1051350,GSE69594,0
1051350,GSE71571,0
1051350,GSE72223,0
1051350,GSE72989,0
1051350,GSE73082,0
1051350,GSE73083,0
1051350,GSE73084,0
1051350,GSE74555,1
1051350,GSE77547,0
1051350,GSE77548,0
1051350,GSE77576,0
1051350,GSE79062,1
1051350,GSE79581,1
1051350,GSE79591,1
1051350,GSE79592,1
1051350,GSE79594,1
1051350,GSE79614,1
1051350,GSE79615,1
1051350,GSE8368,0
1051350,GSE85672,0
1051350,GSE85999,0
1051350,GSE86000,0
1051350,GSE8739,0
1051350,GSE8741,0
1051350,GSE8785,0
1051350,GSE89895,0
1051350,GSE89953,0
1051350,GSE90683,0
1051350,GSE90864,0
1051350,GSE91003,0
1051350,GSE93204,0
1051350,GSE94135,0
1051350,GSE94699,0
1051350,GSE94749,0
1051350,GSE95770,0
1051350,GSE96560,0
1051350,GSE96561,0
1051350,GSE96566,0
1051350,GSE98120,0
1051350,GSE98121,0
1051350,GSE98122,0
1051350,GSE98123,0
1051350,GSE98411,0
1051350,GSE98498,0
1051350,GSE99247,1
1053182,GSE184130,0
1053182,GSE184131,0
1053182,GSE184132,0
1053182,GSE184133,0
1053182,GSE184134,0
1053182,GSE184135,0
1053182,GSE184136,0
1053182,GSE184137,0
1053182,GSE208703,0
1053182,GSE217802,0
1053482,GSE184182,0
1053482,GSE68852,0
1053482,GSE83953,0
1053823,GSE124992,0
1053823,GSE143471,0
1053823,GSE184246,0
1054172,GSE184319,0
1054282,GSE184329,0
1054382,GSE184330,0
1055295,GSE184450,0
1055557,GSE184509,0
1055656,GSE109985,0
1055656,GSE109986,0
1055656,GSE109987,0
1055656,GSE181021,0
1055656,GSE181024,0
1055656,GSE181025,0
1055656,GSE181027,0
1055656,GSE184516,0
1055809,GSE151878,0
1055809,GSE151879,0
1055809,GSE151880,0
1055809,GSE159556,0
1055809,GSE166158,0
1055809,GSE166170,0
1055809,GSE166172,0
1055809,GSE169241,0
1055809,GSE184536,0
1056058,GSE184573,0
1057299,GSE155482,1
1057299,GSE184795,0
1057299,GSE48101,0
1057299,GSE98501,1
1057461,GSE101576,0
1057461,GSE103162,0
1057461,GSE103163,0
1057461,GSE103164,0
1057461,GSE104543,0
1057461,GSE161053,0
1057461,GSE161054,0
1057461,GSE161055,0
1057461,GSE161056,0
1057461,GSE163856,1
1057461,GSE167911,0
1057461,GSE17165,0
1057461,GSE184821,0
1057461,GSE37184,0
1057461,GSE52192,0
1057527,GSE184833,0
1058189,GSE125182,0
1058189,GSE182394,1
1058189,GSE184932,0
1059722,GSE158005,0
1059722,GSE185166,0
1059722,GSE185167,0
1059722,GSE185168,0
1059722,GSE185251,0
1059722,GSE18948,0
1059722,GSE210771,0
1059722,GSE220942,0
1059722,GSE32407,0
1059722,GSE59307,0
1059722,GSE91029,0
1059726,GSE156287,0
1059726,GSE185171,0
1060106,GSE185259,0
1060380,GSE185305,0
1060543,GSE132730,0
1060543,GSE182463,0
1060543,GSE185328,0
1060543,GSE185329,0
1060543,GSE185330,0
1060543,GSE189755,0
1061214,GSE11398,0
1061214,GSE185440,0
1061241,GSE185442,0
1062219,GSE185592,0
1063328,GSE185823,0
1063396,GSE185838,0
1063396,GSE185839,0
1063396,GSE185840,0
1063396,GSE185842,0
1063396,GSE185844,0
1063396,GSE207670,0
1063396,GSE207671,0
1063396,GSE207672,0
1063396,GSE207673,0
1063717,GSE124134,0
1063717,GSE124135,0
1063717,GSE124136,0
1063717,GSE124141,0
1063717,GSE124142,0
1063717,GSE124200,0
1063717,GSE124201,0
1063717,GSE142822,0
1063717,GSE185896,0
1063717,GSE55872,0
1063717,GSE58854,0
1063717,GSE60215,0
1063717,GSE65926,0
1063717,GSE67590,0
1063717,GSE67865,0
1063717,GSE79626,0
1063717,GSE87273,0
1063717,GSE95313,0
1063717,GSE97148,0
1064112,GSE121682,0
1064112,GSE166268,0
1064112,GSE185989,0
1065054,GSE169245,0
1065054,GSE186137,0
1065441,GSE186200,1
1065583,GSE186220,0
1065680,GSE186235,0
1065680,GSE239541,0
1065695,GSE123943,0
1065695,GSE148658,0
1065695,GSE186238,0
1067247,GSE153031,0
1067247,GSE184141,0
1067247,GSE186482,0
1067273,GSE101820,0
1067273,GSE185154,0
1067273,GSE186483,0
1067273,GSE186559,0
1067705,GSE186535,0
1067926,GSE186582,0
1067965,GSE118486,0
1067965,GSE186582,0
1069184,GSE178992,0
1069184,GSE186799,0
1069439,GSE186824,0
1069552,GSE119762,0
1069552,GSE186855,0
1069552,GSE186856,0
1069552,GSE186857,0
1069552,GSE225849,0
1069552,GSE76816,0
1070694,GSE187571,0
1070800,GSE12218,0
1070800,GSE128997,0
1070800,GSE13484,0
1070800,GSE13485,0
1070800,GSE13486,0
1070800,GSE188170,0
1071021,GSE135411,0
1071021,GSE149699,0
1071021,GSE150288,0
1071021,GSE161016,0
1071021,GSE188238,0
1071486,GSE188309,0
1071572,GSE187403,0
1071572,GSE188324,0
1071658,GSE112298,0
1071658,GSE112300,0
1071658,GSE158953,0
1071658,GSE188345,0
1071658,GSE29621,0
1071658,GSE29622,0
1071658,GSE29623,0
1071658,GSE33833,1
1071658,GSE44617,0
1071658,GSE59038,0
1071658,GSE63102,0
1071658,GSE63104,0
1071658,GSE63105,0
1071658,GSE79658,0
1071658,GSE79689,0
1071658,GSE86166,0
1071658,GSE8967,0
1071674,GSE188355,0
1071826,GSE103738,0
1071826,GSE188374,0
1071826,GSE188375,0
1071826,GSE188530,0
1071826,GSE188531,0
1071826,GSE71328,0
1072217,GSE188434,0
1072217,GSE188435,0
1072217,GSE188436,0
1072217,GSE188438,0
1072316,GSE188206,0
1072316,GSE188465,0
1072316,GSE188466,0
1072316,GSE188467,0
1072316,GSE54558,0
1072428,GSE188484,0
1074146,GSE188744,0
1074146,GSE36967,0
1074335,GSE155782,0
1074335,GSE17348,0
1074335,GSE178341,0
1074335,GSE188779,1
1074335,GSE211466,0
1074335,GSE23492,0
1074335,GSE60761,0
1074335,GSE94691,0
1074443,GSE159527,0
1074443,GSE188797,0
1075255,GSE188958,0
1075255,GSE45197,0
1075255,GSE45198,0
1075255,GSE45199,0
1075255,GSE45200,0
1075888,GSE189065,0
1076092,GSE135977,0
1076092,GSE139539,0
1076092,GSE143440,0
1076092,GSE189109,0
1076188,GSE189135,0
1076289,GSE148293,0
1076289,GSE189147,0
1076306,GSE165316,0
1076306,GSE166067,0
1076306,GSE166068,0
1076306,GSE189148,0
1076329,GSE189157,0
1076509,GSE189199,0
1077095,GSE189268,0
1077095,GSE189269,0
1077095,GSE189270,0
1077170,GSE189278,0
1077170,GSE218602,0
1077286,GSE189291,1
1077447,GSE101142,0
1077447,GSE189322,0
1078074,GSE189424,0
1078797,GSE134482,0
1078797,GSE158168,0
1078797,GSE179570,0
1078797,GSE189556,0
1078797,GSE211993,0
1078797,GSE215241,0
1078797,GSE237945,0
1078797,GSE35405,0
1078797,GSE67106,0
1078797,GSE76792,0
1078797,GSE87214,0
1079146,GSE189628,0
1079146,GSE189629,0
1079146,GSE189630,0
1079146,GSE189631,0
1079281,GSE101773,0
1079281,GSE101774,0
1079281,GSE101775,0
1079281,GSE101776,0
1079281,GSE116464,0
1079281,GSE142205,0
1079281,GSE147694,0
1079281,GSE160286,0
1079281,GSE182229,0
1079281,GSE182231,0
1079281,GSE189657,0
1079281,GSE95120,0
1079494,GSE189711,0
1079849,GSE173855,0
1079849,GSE173964,0
1079849,GSE186461,0
1079849,GSE189778,0
1079849,GSE196227,0
1079849,GSE196228,0
1079932,GSE189786,0
1079932,GSE207179,0
1080633,GSE189928,0
1080633,GSE87527,0
1081438,GSE190053,0
1081438,GSE84259,0
1081773,GSE190117,0
1082310,GSE190204,0
1082310,GSE85240,0
1083325,GSE113322,0
1083325,GSE126191,0
1083325,GSE147516,0
1083325,GSE190401,0
1083325,GSE81001,0
1084130,GSE190587,0
1084130,GSE93291,0
1084157,GSE155719,0
1084157,GSE155883,0
1084157,GSE156696,0
1084157,GSE156783,0
1084157,GSE156921,0
1084157,GSE180897,1
1084157,GSE181249,0
1084157,GSE181250,1
1084157,GSE181313,0
1084157,GSE185872,0
1084157,GSE186151,0
1084157,GSE188278,0
1084157,GSE189740,0
1084157,GSE190589,0
1084157,GSE205719,0
1084157,GSE207840,0
1084157,GSE214695,0
1084157,GSE224131,0
1084157,GSE224845,0
1084157,GSE234713,0
1084157,GSE235236,0
1084157,GSE68061,0
1084157,GSE84616,1
1084157,GSE84617,1
1084157,GSE84622,1
1084157,GSE94608,0
1084157,GSE99056,1
1084428,GSE190641,0
1085050,GSE151279,0
1085050,GSE160627,0
1085050,GSE190742,0
1085050,GSE252627,0
1085690,GSE184819,0
1085690,GSE190845,0
1085883,GSE190863,0
1086659,GSE191016,0
1086659,GSE66345,0
1086771,GSE191029,0
1086779,GSE113550,0
1086779,GSE136452,0
1086779,GSE136453,0
1086779,GSE136456,0
1086779,GSE163453,0
1086779,GSE163454,0
1086779,GSE163483,0
1086779,GSE191029,0
1086779,GSE93818,0
1086806,GSE185640,0
1086806,GSE191034,0
1086930,GSE120575,0
1086930,GSE145286,0
1086930,GSE146403,0
1086930,GSE150316,0
1086930,GSE152674,0
1086930,GSE159344,0
1086930,GSE159785,0
1086930,GSE159787,0
1086930,GSE159788,0
1086930,GSE178341,0
1086930,GSE179351,0
1086930,GSE180154,0
1086930,GSE191055,0
1086930,GSE212871,0
1086930,GSE221232,0
1087129,GSE191081,0
1087129,GSE191082,0
1087129,GSE191083,0
1087917,GSE191201,0
1088058,GSE103133,0
1088058,GSE109327,0
1088058,GSE164517,0
1088058,GSE168777,1
1088058,GSE169112,1
1088058,GSE169712,1
1088058,GSE172374,0
1088058,GSE175312,0
1088058,GSE183790,1
1088058,GSE189079,1
1088058,GSE191220,0
1088058,GSE89559,0
1088058,GSE97622,0
1088264,GSE191254,0
1088264,GSE207522,0
1088264,GSE250001,0
1088264,GSE250002,0
1088634,GSE191318,1
1088634,GSE26971,0
1088634,GSE30893,0
1088634,GSE34046,0
1088634,GSE43659,0
1088634,GSE6189,0
1088634,GSE63336,1
1088634,GSE63672,0
1088634,GSE67690,0
1088634,GSE72126,0
1088634,GSE98505,0
1089248,GSE192455,0
1089518,GSE192492,0
1090008,GSE100272,0
1090008,GSE10325,0
1090008,GSE106487,0
1090008,GSE109555,0
1090008,GSE119020,0
1090008,GSE124035,0
1090008,GSE133200,0
1090008,GSE145531,0
1090008,GSE145668,0
1090008,GSE145669,0
1090008,GSE151804,0
1090008,GSE165870,0
1090008,GSE179467,0
1090008,GSE179472,0
1090008,GSE192576,0
1090008,GSE192672,0
1090008,GSE197686,0
1090008,GSE197687,0
1090008,GSE197688,0
1090008,GSE197749,0
1090008,GSE197970,0
1090008,GSE213251,0
1090008,GSE218408,1
1090008,GSE230257,0
1090008,GSE242519,0
1090008,GSE242520,0
1090008,GSE242521,0
1090008,GSE242522,0
1090008,GSE24706,1
1090008,GSE268950,1
1090008,GSE269183,1
1090008,GSE36552,0
1090008,GSE38511,0
1090008,GSE40447,0
1090008,GSE49828,0
1090008,GSE62507,0
1090008,GSE64634,0
1090008,GSE71318,0
1090008,GSE81233,0
1090008,GSE97905,1
1090428,GSE192653,0
1090470,GSE119407,0
1090470,GSE122204,0
1090470,GSE135152,0
1090470,GSE149152,0
1090470,GSE150383,0
1090470,GSE192665,0
1090470,GSE205277,0
1090470,GSE205278,0
1090470,GSE205279,0
1090470,GSE205282,0
1090470,GSE205284,0
1090470,GSE205287,0
1090470,GSE222511,0
1090470,GSE236529,0
1090470,GSE37631,0
1090470,GSE42596,0
1090470,GSE42672,0
1090470,GSE44926,0
1090470,GSE57395,0
1090470,GSE9377,0
1090470,GSE95066,0
1090548,GSE192679,0
1090870,GSE192727,0
1090870,GSE192729,0
1090870,GSE192735,0
1090870,GSE192738,0
1090870,GSE192752,0
1090870,GSE192770,0
1090870,GSE192787,0
1090870,GSE192788,0
1090870,GSE210685,0
1091095,GSE192800,0
1091328,GSE192838,0
1091422,GSE162969,0
1091422,GSE192851,0
1091422,GSE193356,0
1091422,GSE193357,0
1091422,GSE209617,0
1091422,GSE56907,0
1092125,GSE192976,0
1092138,GSE163428,0
1092138,GSE163429,0
1092138,GSE163430,0
1092138,GSE163431,0
1092138,GSE192976,0
1092419,GSE17087,0
1092419,GSE189306,1
1092419,GSE193025,1
1092419,GSE85198,1
1092702,GSE193090,0
1093020,GSE193124,0
1093020,GSE194051,0
1093020,GSE195575,0
1093020,GSE223689,0
1093127,GSE145780,0
1093127,GSE193135,0
1093328,GSE160631,0
1093328,GSE162996,0
1093328,GSE168797,0
1093328,GSE193169,0
1093409,GSE193178,0
1093409,GSE193179,0
1093409,GSE193180,0
1093672,GSE193224,0
1093676,GSE193224,0
1093797,GSE121634,0
1093797,GSE156915,0
1093797,GSE193256,0
1093797,GSE193257,0
1093797,GSE193258,0
1093797,GSE193259,0
1093797,GSE27444,0
1093797,GSE43392,0
1093797,GSE61544,0
1093797,GSE62526,0
1093797,GSE64392,0
1093797,GSE65253,0
1093797,GSE66539,0
1093797,GSE68057,0
1093797,GSE68379,0
1093797,GSE73737,0
1093797,GSE73738,0
1094582,GSE193389,0
1095002,GSE193466,0
1095099,GSE103899,0
1095099,GSE109578,0
1095099,GSE193480,0
1096340,GSE193708,0
1096416,GSE193718,0
1096416,GSE193740,0
1096416,GSE193741,0
1096416,GSE193825,0
1096416,GSE223244,0
1096427,GSE106130,0
1096427,GSE162040,0
1096427,GSE163213,0
1096427,GSE173649,0
1096427,GSE193720,0
1096427,GSE71396,0
1096874,GSE193799,0
1097301,GSE193885,0
1098129,GSE111823,0
1098129,GSE112545,0
1098129,GSE114553,0
1098129,GSE128676,0
1098129,GSE133925,0
1098129,GSE139392,0
1098129,GSE140848,0
1098129,GSE144377,0
1098129,GSE144378,0
1098129,GSE144380,0
1098129,GSE148935,0
1098129,GSE157040,0
1098129,GSE157720,0
1098129,GSE161811,0
1098129,GSE164106,0
1098129,GSE165570,0
1098129,GSE165571,0
1098129,GSE165572,0
1098129,GSE168246,0
1098129,GSE16888,0
1098129,GSE178469,0
1098129,GSE180299,0
1098129,GSE181795,0
1098129,GSE182529,0
1098129,GSE188806,0
1098129,GSE189289,0
1098129,GSE194038,0
1098129,GSE196765,0
1098129,GSE200903,0
1098129,GSE201947,0
1098129,GSE205538,0
1098129,GSE207320,0
1098129,GSE207397,0
1098129,GSE207720,0
1098129,GSE207810,0
1098129,GSE207812,0
1098129,GSE207813,0
1098129,GSE208226,0
1098129,GSE208227,0
1098129,GSE208438,0
1098129,GSE218818,0
1098129,GSE22307,0
1098129,GSE224753,0
1098129,GSE224754,0
1098129,GSE224773,0
1098129,GSE224778,0
1098129,GSE224779,0
1098129,GSE225176,0
1098129,GSE226316,0
1098129,GSE229447,0
1098129,GSE242559,0
1098129,GSE246674,0
1098129,GSE254708,0
1098129,GSE27302,0
1098129,GSE58201,0
1098193,GSE144731,1
1098193,GSE144732,1
1098193,GSE144733,1
1098193,GSE150700,0
1098193,GSE150701,0
1098193,GSE150702,0
1098193,GSE167419,0
1098193,GSE167422,0
1098193,GSE167423,0
1098193,GSE194043,0
1098193,GSE202223,1
1098193,GSE221761,0
1098193,GSE223444,0
1098193,GSE232959,0
1098193,GSE33647,0
1098193,GSE54288,0
1099140,GSE194213,0
1099140,GSE194215,0
1099140,GSE194216,0
1099140,GSE194217,0
1099158,GSE128005,0
1099158,GSE14437,0
1099158,GSE160006,0
1099158,GSE174177,0
1099158,GSE189238,0
1099158,GSE194213,0
1099158,GSE194215,0
1099158,GSE194216,0
1099158,GSE194217,0
1099158,GSE200791,0
1099158,GSE21687,0
1099158,GSE25589,0
1099158,GSE37382,0
1099158,GSE37384,0
1099158,GSE37385,0
1099158,GSE85212,0
1099158,GSE85217,0
1099158,GSE85218,0
1099342,GSE143988,0
1099342,GSE194250,0
1099548,GSE175718,0
1099548,GSE194297,0
1099683,GSE111568,0
1099683,GSE130655,0
1099683,GSE130920,0
1099683,GSE130921,0
1099683,GSE130922,0
1099683,GSE174188,0
1099683,GSE190417,0
1099683,GSE190624,0
1099683,GSE194315,0
1099683,GSE30525,0
1099683,GSE42760,0
1099841,GSE194331,0
1100340,GSE108764,0
1100340,GSE108765,0
1100340,GSE108766,0
1100340,GSE108767,0
1100340,GSE108852,0
1100340,GSE116212,0
1100340,GSE116332,0
1100340,GSE116333,0
1100340,GSE116334,0
1100340,GSE122525,0
1100340,GSE122526,0
1100340,GSE122528,0
1100340,GSE138868,0
1100340,GSE174573,0
1100340,GSE181321,0
1100340,GSE185078,0
1100340,GSE188610,0
1100340,GSE188611,0
1100340,GSE194420,0
1100340,GSE195624,0
1100340,GSE195632,0
1100340,GSE34924,0
1100340,GSE68435,0
1100340,GSE78992,0
1100340,GSE78999,0
1100340,GSE79000,0
1100340,GSE97174,0
1100737,GSE195480,0
1100737,GSE64619,0
1100837,GSE109056,0
1100837,GSE135352,0
1100837,GSE141737,0
1100837,GSE142467,0
1100837,GSE144704,0
1100837,GSE195502,0
1100837,GSE195914,0
1100837,GSE211348,0
1100837,GSE250519,0
1101420,GSE182204,0
1101420,GSE195620,0
1101420,GSE58448,0
1101420,GSE58449,0
1101420,GSE58450,0
1101420,GSE58451,0
1101421,GSE195620,0
1101421,GSE69689,0
1101421,GSE69733,0
1101421,GSE69734,0
1101421,GSE79792,0
1101512,GSE195640,0
1101512,GSE195684,0
1101512,GSE27040,0
1102008,GSE195727,0
1102013,GSE195728,0
1102547,GSE195811,0
1102828,GSE192456,0
1102828,GSE192460,0
1102828,GSE192461,0
1102828,GSE195869,0
1102885,GSE18188,1
1102885,GSE195872,1
1102885,GSE39420,1
1103351,GSE128306,0
1103351,GSE133892,0
1103351,GSE139490,0
1103351,GSE173494,0
1103351,GSE195950,0
1103789,GSE102540,0
1103789,GSE108757,0
1103789,GSE111115,0
1103789,GSE112995,0
1103789,GSE113922,0
1103789,GSE115469,0
1103789,GSE11583,0
1103789,GSE118313,0
1103789,GSE121376,0
1103789,GSE125805,0
1103789,GSE125999,0
1103789,GSE132077,0
1103789,GSE132078,0
1103789,GSE132079,0
1103789,GSE135028,0
1103789,GSE136393,0
1103789,GSE141147,0
1103789,GSE146760,0
1103789,GSE148434,0
1103789,GSE14852,0
1103789,GSE155067,0
1103789,GSE155763,0
1103789,GSE156396,0
1103789,GSE162882,0
1103789,GSE162883,0
1103789,GSE162884,0
1103789,GSE164900,0
1103789,GSE165286,0
1103789,GSE165937,0
1103789,GSE166165,0
1103789,GSE167395,0
1103789,GSE168792,0
1103789,GSE179083,0
1103789,GSE179084,0
1103789,GSE183668,0
1103789,GSE184068,0
1103789,GSE184102,0
1103789,GSE184165,0
1103789,GSE184656,0
1103789,GSE185477,0
1103789,GSE185982,0
1103789,GSE185983,0
1103789,GSE186738,0
1103789,GSE188172,0
1103789,GSE189326,0
1103789,GSE189387,0
1103789,GSE190289,0
1103789,GSE196019,0
1103789,GSE196128,0
1103789,GSE198813,1
1103789,GSE201899,0
1103789,GSE203656,0
1103789,GSE216835,0
1103789,GSE220075,0
1103789,GSE223429,0
1103789,GSE2241,0
1103789,GSE225709,0
1103789,GSE227690,0
1103789,GSE236435,0
1103789,GSE240429,0
1103789,GSE243977,0
1103789,GSE243981,0
1103789,GSE245620,0
1103789,GSE247128,0
1103789,GSE248721,0
1103789,GSE28780,0
1103789,GSE3336,0
1103789,GSE47515,0
1103789,GSE54585,0
1103789,GSE55119,0
1103789,GSE55189,0
1103789,GSE55211,0
1103789,GSE55212,0
1103789,GSE55214,0
1103789,GSE58237,0
1103789,GSE59729,0
1103789,GSE68766,0
1103789,GSE72758,0
1103789,GSE77001,1
1103789,GSE78004,0
1103789,GSE79108,0
1103789,GSE83532,0
1103789,GSE83533,0
1103789,GSE83534,0
1103789,GSE86506,1
1103789,GSE90024,0
1103789,GSE96093,0
1103934,GSE196045,0
1103934,GSE200456,0
1104004,GSE100543,0
1104004,GSE167537,0
1104004,GSE196052,0
1104004,GSE241369,0
1104004,GSE241370,0
1104004,GSE241371,0
1104004,GSE46836,0
1105949,GSE125771,0
1105949,GSE150088,0
1105949,GSE150089,0
1105949,GSE150090,0
1105949,GSE172270,0
1105949,GSE196395,0
1105949,GSE215801,0
1107606,GSE196709,0
1107606,GSE196710,0
1107606,GSE196712,0
1107671,GSE1317,1
1107671,GSE196731,0
1107671,GSE234155,0
1107671,GSE32214,0
1107671,GSE4829,0
1107671,GSE4830,0
1107671,GSE4831,0
1107671,GSE4832,0
1107671,GSE4833,0
1107671,GSE4834,0
1107671,GSE4835,0
1107671,GSE4836,0
1107671,GSE4837,0
1107671,GSE4854,0
1107671,GSE5130,1
1107671,GSE60791,1
1107671,GSE60792,1
1107671,GSE60793,1
1107671,GSE84440,1
1107725,GSE172112,0
1107725,GSE196739,0
1107731,GSE153985,0
1107731,GSE196739,0
1108643,GSE141158,0
1108643,GSE141159,0
1108643,GSE141160,0
1108643,GSE141161,0
1108643,GSE194043,0
1108643,GSE196924,0
1108643,GSE207979,0
1108643,GSE207980,0
1108643,GSE219200,0
1108929,GSE196979,0
1109222,GSE197023,0
1109222,GSE98610,0
1109599,GSE101540,0
1109599,GSE101541,0
1109599,GSE102052,0
1109599,GSE102053,0
1109599,GSE103187,0
1109599,GSE11267,1
1109599,GSE121299,0
1109599,GSE124260,0
1109599,GSE124261,0
1109599,GSE124262,0
1109599,GSE125392,0
1109599,GSE12713,1
1109599,GSE128305,0
1109599,GSE128706,0
1109599,GSE129222,0
1109599,GSE1322,0
1109599,GSE140457,0
1109599,GSE143218,0
1109599,GSE143219,0
1109599,GSE143220,0
1109599,GSE147024,1
1109599,GSE151143,0
1109599,GSE152067,0
1109599,GSE154301,0
1109599,GSE15487,0
1109599,GSE161173,0
1109599,GSE168535,0
1109599,GSE169201,0
1109599,GSE16922,0
1109599,GSE169681,0
1109599,GSE18145,0
1109599,GSE184644,0
1109599,GSE184650,0
1109599,GSE184651,0
1109599,GSE184730,0
1109599,GSE184771,0
1109599,GSE185046,0
1109599,GSE18642,1
1109599,GSE18663,1
1109599,GSE18701,1
1109599,GSE193166,0
1109599,GSE197087,0
1109599,GSE20048,0
1109599,GSE201320,0
1109599,GSE20199,0
1109599,GSE204798,0
1109599,GSE205215,0
1109599,GSE205750,0
1109599,GSE211027,0
1109599,GSE221511,0
1109599,GSE224309,0
1109599,GSE253242,0
1109599,GSE26354,1
1109599,GSE26420,0
1109599,GSE30056,0
1109599,GSE35961,0
1109599,GSE40716,0
1109599,GSE41689,0
1109599,GSE42580,0
1109599,GSE42616,0
1109599,GSE43775,0
1109599,GSE45490,0
1109599,GSE46854,0
1109599,GSE46855,0
1109599,GSE48131,1
1109599,GSE48578,1
1109599,GSE49689,0
1109599,GSE50140,0
1109599,GSE50394,0
1109599,GSE50436,0
1109599,GSE54395,0
1109599,GSE54948,1
1109599,GSE57449,0
1109599,GSE59770,0
1109599,GSE60018,0
1109599,GSE60204,0
1109599,GSE60631,0
1109599,GSE60632,0
1109599,GSE60633,0
1109599,GSE66877,0
1109599,GSE76245,0
1109599,GSE79367,0
1109599,GSE79698,1
1109599,GSE79729,0
1109599,GSE83380,0
1109599,GSE84480,0
1109599,GSE86212,0
1109599,GSE87341,0
1109599,GSE87484,0
1109599,GSE87485,0
1109599,GSE89998,0
1109599,GSE93580,0
1109599,GSE94136,0
1109745,GSE145078,0
1109745,GSE197107,0
1109878,GSE197136,0
1109878,GSE201638,0
1109999,GSE197161,0
1110148,GSE121550,0
1110148,GSE168400,0
1110148,GSE168499,0
1110148,GSE177025,0
1110148,GSE197204,0
1110148,GSE197258,0
1110148,GSE197259,0
1110148,GSE206264,0
1110148,GSE85269,0
1110252,GSE197226,0
1110252,GSE197231,0
1110252,GSE197234,0
1110252,GSE197237,0
1110252,GSE197238,0
1110796,GSE197305,0
1110796,GSE203332,0
1111609,GSE197471,0
1111609,GSE197512,0
1111609,GSE197545,0
1112110,GSE197569,0
1112110,GSE73930,0
1112110,GSE73988,0
1112110,GSE73989,0
1112652,GSE197658,0
1112652,GSE208399,0
1112881,GSE197696,0
1112881,GSE198016,0
1112881,GSE28564,0
1112928,GSE197698,0
1113057,GSE197729,0
1113937,GSE197889,0
1113995,GSE101079,0
1113995,GSE101115,0
1113995,GSE101116,0
1113995,GSE102823,0
1113995,GSE108878,0
1113995,GSE109010,0
1113995,GSE109011,0
1113995,GSE109020,0
1113995,GSE126850,0
1113995,GSE127948,0
1113995,GSE129389,1
1113995,GSE136571,0
1113995,GSE141021,0
1113995,GSE145383,0
1113995,GSE146079,0
1113995,GSE146257,0
1113995,GSE146258,0
1113995,GSE147305,0
1113995,GSE149272,0
1113995,GSE149482,0
1113995,GSE151421,0
1113995,GSE157324,1
1113995,GSE162761,0
1113995,GSE166370,0
1113995,GSE166814,0
1113995,GSE174401,0
1113995,GSE186501,0
1113995,GSE188604,0
1113995,GSE191185,0
1113995,GSE194301,0
1113995,GSE197893,0
1113995,GSE206856,0
1113995,GSE214715,0
1113995,GSE214870,0
1113995,GSE217587,0
1113995,GSE218625,0
1113995,GSE220900,0
1113995,GSE221841,1
1113995,GSE221842,1
1113995,GSE222524,0
1113995,GSE239666,0
1113995,GSE239844,0
1113995,GSE240307,0
1113995,GSE249160,0
1113995,GSE253790,0
1113995,GSE48343,0
1113995,GSE48344,0
1113995,GSE48345,0
1113995,GSE48834,0
1113995,GSE49365,1
1113995,GSE49386,1
1113995,GSE49387,1
1113995,GSE49388,1
1113995,GSE51045,1
1113995,GSE59460,0
1113995,GSE59486,0
1113995,GSE62889,0
1113995,GSE64458,0
1113995,GSE64459,0
1113995,GSE64460,0
1113995,GSE67962,1
1113995,GSE67964,1
1113995,GSE67973,1
1113995,GSE79164,0
1113995,GSE79165,0
1113995,GSE79166,0
1113995,GSE79168,0
1113995,GSE79696,1
1113995,GSE79739,1
1113995,GSE83789,1
1113995,GSE83790,1
1113995,GSE83791,1
1113995,GSE94927,0
1114813,GSE198034,0
1114813,GSE198035,0
1114813,GSE198036,0
1114813,GSE198038,0
1114813,GSE198039,0
1114813,GSE198040,0
1114813,GSE198041,0
1114813,GSE252081,0
1114813,GSE252082,0
1114819,GSE100711,0
1114819,GSE100712,0
1114819,GSE100788,0
1114819,GSE104321,0
1114819,GSE104410,0
1114819,GSE109185,0
1114819,GSE114489,0
1114819,GSE119875,0
1114819,GSE123534,0
1114819,GSE131028,0
1114819,GSE131213,0
1114819,GSE131283,0
1114819,GSE132243,1
1114819,GSE134196,1
1114819,GSE134300,1
1114819,GSE134301,1
1114819,GSE134302,1
1114819,GSE140994,0
1114819,GSE141001,0
1114819,GSE141003,0
1114819,GSE141004,0
1114819,GSE148758,1
1114819,GSE154824,0
1114819,GSE154827,0
1114819,GSE154828,0
1114819,GSE15623,0
1114819,GSE157900,0
1114819,GSE159520,0
1114819,GSE175777,0
1114819,GSE178657,1
1114819,GSE180477,0
1114819,GSE180522,0
1114819,GSE182979,1
1114819,GSE184746,0
1114819,GSE184747,0
1114819,GSE184748,0
1114819,GSE185386,0
1114819,GSE186964,1
1114819,GSE195666,1
1114819,GSE197550,0
1114819,GSE197551,0
1114819,GSE197552,0
1114819,GSE198034,0
1114819,GSE198035,0
1114819,GSE198036,0
1114819,GSE198038,0
1114819,GSE198039,0
1114819,GSE198040,0
1114819,GSE198041,0
1114819,GSE198861,1
1114819,GSE198862,1
1114819,GSE198871,1
1114819,GSE200215,0
1114819,GSE200217,0
1114819,GSE200218,0
1114819,GSE200278,0
1114819,GSE205033,0
1114819,GSE207748,1
1114819,GSE207984,1
1114819,GSE207985,1
1114819,GSE207986,1
1114819,GSE215365,0
1114819,GSE217928,0
1114819,GSE217929,0
1114819,GSE220141,1
1114819,GSE224399,0
1114819,GSE224400,0
1114819,GSE252081,0
1114819,GSE252082,0
1114819,GSE263626,1
1114819,GSE36246,0
1114819,GSE52462,0
1114819,GSE66362,0
1114819,GSE66712,0
1114819,GSE69122,0
1114819,GSE72584,0
1114819,GSE90449,0
1114819,GSE90506,0
1114819,GSE92352,0
1114819,GSE92354,0
1114819,GSE92356,0
1114819,GSE92357,0
1114819,GSE92854,0
1114819,GSE94081,0
1115222,GSE159585,0
1115222,GSE162746,0
1115222,GSE198096,0
1115827,GSE198231,0
1116478,GSE182561,0
1116478,GSE196651,0
1116478,GSE198341,0
1116478,GSE214813,0
1116517,GSE193168,0
1116517,GSE198353,0
1117116,GSE198486,0
1117399,GSE111292,0
1117399,GSE117539,0
1117399,GSE119086,0
1117399,GSE119088,0
1117399,GSE125956,0
1117399,GSE131765,0
1117399,GSE134336,0
1117399,GSE137696,1
1117399,GSE137697,1
1117399,GSE137698,1
1117399,GSE159618,0
1117399,GSE159640,0
1117399,GSE164250,0
1117399,GSE165416,0
1117399,GSE165417,0
1117399,GSE165418,0
1117399,GSE189275,0
1117399,GSE190318,0
1117399,GSE190480,0
1117399,GSE198548,0
1117399,GSE247584,0
1117399,GSE269734,0
1117399,GSE65854,1
1117399,GSE81235,1
1117749,GSE198609,0
1118052,GSE198650,0
1118052,GSE55433,0
1118202,GSE198669,0
1118798,GSE112987,0
1118798,GSE113018,0
1118798,GSE198787,0
1119050,GSE198815,0
1119050,GSE256088,0
1120180,GSE199018,0
1120180,GSE199019,0
1120180,GSE199020,0
1120180,GSE199021,0
1120180,GSE199022,0
1120180,GSE199023,0
1120180,GSE97096,0
1120485,GSE199070,0
1120552,GSE199081,0
1121375,GSE199221,1
1121389,GSE199223,0
1121389,GSE86302,0
1121857,GSE199319,0
1121871,GSE199321,0
1122277,GSE136199,1
1122277,GSE157361,1
1122277,GSE157423,1
1122277,GSE157425,1
1122277,GSE169457,1
1122277,GSE169621,1
1122277,GSE172489,0
1122277,GSE199387,0
1122277,GSE50809,0
1122277,GSE61751,0
1122277,GSE77647,0
1122711,GSE199471,0
1122711,GSE199616,0
1122711,GSE199617,0
1122711,GSE199618,0
1122885,GSE146992,0
1122885,GSE146993,0
1122885,GSE146994,0
1122885,GSE199510,0
1122885,GSE199511,0
1122885,GSE199512,0
1122885,GSE199514,0
1122885,GSE209956,0
1122885,GSE220323,0
1122885,GSE220558,0
1122885,GSE220560,0
1122885,GSE220561,0
1122885,GSE221863,0
1123462,GSE163120,0
1123462,GSE199624,0
1123462,GSE75225,0
1124366,GSE199769,1
1125403,GSE107139,0
1125403,GSE180480,1
1125403,GSE199938,0
1125403,GSE54005,0
1125403,GSE54035,0
1125403,GSE54036,0
1125403,GSE64660,0
1125591,GSE189106,0
1125591,GSE199971,0
1125937,GSE109920,0
1125937,GSE109923,0
1125937,GSE109933,0
1125937,GSE109935,0
1125937,GSE109971,0
1125937,GSE144507,0
1125937,GSE144608,0
1125937,GSE144609,0
1125937,GSE144611,0
1125937,GSE144612,0
1125937,GSE163332,0
1125937,GSE163333,0
1125937,GSE163334,0
1125937,GSE163335,0
1125937,GSE198909,0
1125937,GSE200026,0
1125937,GSE67672,0
1125937,GSE97295,0
1125937,GSE97296,0
1125937,GSE97297,0
1126013,GSE129881,0
1126013,GSE200040,0
1126253,GSE200083,0
1126253,GSE200084,0
1126253,GSE200085,0
1126253,GSE200104,0
1126303,GSE200092,0
1126303,GSE200093,0
1126303,GSE200094,0
1126303,GSE200095,0
1126303,GSE200185,0
1126303,GSE200187,0
1127181,GSE200262,0
1127181,GSE47626,0
1127181,GSE83638,0
1127538,GSE152901,0
1127538,GSE197947,0
1127538,GSE200329,0
1127538,GSE200332,0
1127538,GSE200336,0
1127538,GSE200338,0
1128244,GSE200449,0
1128367,GSE200477,0
1129460,GSE200686,0
1129460,GSE200687,0
1129460,GSE200688,0
1129484,GSE104281,0
1129484,GSE15123,0
1129484,GSE193120,0
1129484,GSE200692,0
1129484,GSE98333,0
1129566,GSE200707,0
1129781,GSE137456,0
1129781,GSE195619,1
1129781,GSE200765,1
1129781,GSE62617,0
1129781,GSE70706,0
1129781,GSE70707,0
1129781,GSE77784,0
1131381,GSE114298,0
1131381,GSE201071,0
1131381,GSE201072,0
1131381,GSE201073,0
1131381,GSE201074,0
1131479,GSE176216,0
1131479,GSE201087,0
1131479,GSE208648,0
1131479,GSE208667,0
1132131,GSE201205,0
1132253,GSE201231,0
1132331,GSE200441,0
1132331,GSE200700,0
1132331,GSE201251,0
1132331,GSE201409,0
1132331,GSE221407,0
1132393,GSE201257,0
1133041,GSE201343,0
1134037,GSE201533,0
1134037,GSE201534,0
1134037,GSE201535,0
1134037,GSE201642,0
1134037,GSE33304,0
1134037,GSE33305,0
1134037,GSE33347,0
1134037,GSE33623,0
1134041,GSE11756,0
1134041,GSE201536,0
1134041,GSE32727,0
1134041,GSE32904,0
1134041,GSE32905,0
1134041,GSE40690,0
1134041,GSE55688,0
1134041,GSE55989,0
1134041,GSE56031,0
1134098,GSE201555,0
1134143,GSE129000,0
1134143,GSE201568,0
1134413,GSE201655,1
1134689,GSE117438,0
1134689,GSE139909,0
1134689,GSE201738,0
1134689,GSE51076,0
1135090,GSE118516,0
1135090,GSE118517,0
1135090,GSE118518,0
1135090,GSE126656,0
1135090,GSE128029,0
1135090,GSE128030,0
1135090,GSE180322,1
1135090,GSE180323,1
1135090,GSE180324,1
1135090,GSE201826,1
1135090,GSE217608,1
1135090,GSE75757,0
1135090,GSE89762,0
1135404,GSE201891,0
1135404,GSE201895,0
1135404,GSE201897,0
1135404,GSE201898,0
1135404,GSE4235,0
1135473,GSE150679,1
1135473,GSE201906,0
1135614,GSE112328,0
1135614,GSE112336,0
1135614,GSE112340,0
1135614,GSE127465,0
1135614,GSE136246,0
1135614,GSE163720,1
1135614,GSE163721,1
1135614,GSE163722,1
1135614,GSE197523,1
1135614,GSE197524,1
1135614,GSE197525,1
1135614,GSE197526,1
1135614,GSE197527,1
1135614,GSE201925,0
1135614,GSE2549,0
1135614,GSE268708,1
1135614,GSE29342,0
1135614,GSE33649,0
1135614,GSE42977,1
1135614,GSE44248,0
1135614,GSE45638,0
1135614,GSE45640,0
1135614,GSE48801,0
1135614,GSE50012,0
1135614,GSE78083,0
1135614,GSE82023,0
1135781,GSE114345,0
1135781,GSE133837,0
1135781,GSE201992,1
1135781,GSE203056,1
1135781,GSE203057,1
1135781,GSE75193,0
1135781,GSE75441,0
1135857,GSE122433,0
1135857,GSE177520,0
1135857,GSE201447,1
1135857,GSE201995,0
1135857,GSE202089,0
1135857,GSE202090,0
1135857,GSE32331,0
1135857,GSE37468,1
1135857,GSE37559,1
1135857,GSE37632,1
1135857,GSE93034,0
1136118,GSE146509,1
1136118,GSE149665,0
1136118,GSE202034,0
1136118,GSE42970,0
1136118,GSE98103,0
1136869,GSE202173,0
1137149,GSE143231,0
1137149,GSE202238,0
1137682,GSE202335,0
1138279,GSE202454,0
1138279,GSE220175,0
1138279,GSE220506,0
1138279,GSE220507,0
1138279,GSE234804,0
1138283,GSE202454,0
1138283,GSE220175,0
1138283,GSE220506,0
1138283,GSE220507,0
1138283,GSE234804,0
1138725,GSE202564,0
1139316,GSE202682,0
1139322,GSE143809,0
1139322,GSE202682,0
1139322,GSE40156,0
1139678,GSE113154,0
1139678,GSE202757,0
1139678,GSE202758,0
1139678,GSE202759,0
1139678,GSE224648,0
1139678,GSE67052,0
1139678,GSE95341,0
1139791,GSE202788,0
1139853,GSE202821,0
1139853,GSE61041,0
1140917,GSE186502,0
1140917,GSE203072,0
1141221,GSE203111,0
1141603,GSE117559,0
1141603,GSE179973,0
1141603,GSE185603,0
1141603,GSE203189,0
1142348,GSE100372,0
1142348,GSE100402,0
1142348,GSE100455,0
1142348,GSE10203,0
1142348,GSE102043,0
1142348,GSE102104,0
1142348,GSE102105,0
1142348,GSE102405,0
1142348,GSE10399,0
1142348,GSE104491,0
1142348,GSE104635,0
1142348,GSE104913,0
1142348,GSE104914,0
1142348,GSE104915,0
1142348,GSE106748,0
1142348,GSE106822,0
1142348,GSE106850,0
1142348,GSE107004,0
1142348,GSE108188,0
1142348,GSE108233,0
1142348,GSE110713,0
1142348,GSE11153,0
1142348,GSE111977,0
1142348,GSE111978,0
1142348,GSE111979,0
1142348,GSE112254,0
1142348,GSE112394,0
1142348,GSE112923,0
1142348,GSE113402,0
1142348,GSE113563,0
1142348,GSE115091,0
1142348,GSE115476,0
1142348,GSE116590,0
1142348,GSE116863,0
1142348,GSE118890,0
1142348,GSE120073,0
1142348,GSE120190,0
1142348,GSE12116,0
1142348,GSE121177,0
1142348,GSE12118,0
1142348,GSE121183,0
1142348,GSE122572,0
1142348,GSE122767,0
1142348,GSE123507,0
1142348,GSE123993,0
1142348,GSE124171,0
1142348,GSE124636,0
1142348,GSE124831,0
1142348,GSE125851,0
1142348,GSE12632,0
1142348,GSE127501,0
1142348,GSE127502,0
1142348,GSE127503,0
1142348,GSE127504,0
1142348,GSE127885,0
1142348,GSE128212,0
1142348,GSE128273,0
1142348,GSE128735,0
1142348,GSE130353,0
1142348,GSE130616,0
1142348,GSE130635,0
1142348,GSE132542,0
1142348,GSE133530,0
1142348,GSE133719,0
1142348,GSE133868,0
1142348,GSE134836,0
1142348,GSE134837,0
1142348,GSE134838,0
1142348,GSE134839,0
1142348,GSE134841,0
1142348,GSE134842,0
1142348,GSE135583,0
1142348,GSE13614,0
1142348,GSE137722,0
1142348,GSE137917,0
1142348,GSE138379,0
1142348,GSE138708,0
1142348,GSE139242,0
1142348,GSE139547,0
1142348,GSE140913,0
1142348,GSE140986,0
1142348,GSE140987,0
1142348,GSE141111,0
1142348,GSE141117,0
1142348,GSE141303,0
1142348,GSE141658,0
1142348,GSE142851,0
1142348,GSE144119,0
1142348,GSE145499,0
1142348,GSE146652,0
1142348,GSE146654,0
1142348,GSE146655,0
1142348,GSE146867,0
1142348,GSE148461,0
1142348,GSE148465,0
1142348,GSE148466,0
1142348,GSE149029,0
1142348,GSE149214,0
1142348,GSE149215,0
1142348,GSE149383,0
1142348,GSE149655,0
1142348,GSE149813,0
1142348,GSE149909,0
1142348,GSE150263,0
1142348,GSE150425,0
1142348,GSE15127,0
1142348,GSE151936,0
1142348,GSE152163,0
1142348,GSE152295,0
1142348,GSE154199,0
1142348,GSE154609,0
1142348,GSE154759,0
1142348,GSE155606,0
1142348,GSE155607,0
1142348,GSE155608,0
1142348,GSE156219,0
1142348,GSE157244,0
1142348,GSE15762,0
1142348,GSE157645,0
1142348,GSE157692,0
1142348,GSE158165,0
1142348,GSE158698,0
1142348,GSE159423,0
1142348,GSE159778,0
1142348,GSE159779,0
1142348,GSE159781,0
1142348,GSE159783,0
1142348,GSE159784,0
1142348,GSE159786,0
1142348,GSE160244,0
1142348,GSE161615,0
1142348,GSE162165,0
1142348,GSE162185,0
1142348,GSE162326,0
1142348,GSE163022,0
1142348,GSE163214,0
1142348,GSE163318,0
1142348,GSE163527,0
1142348,GSE163693,0
1142348,GSE164058,0
1142348,GSE16447,0
1142348,GSE164674,0
1142348,GSE164675,0
1142348,GSE164676,0
1142348,GSE16717,0
1142348,GSE167943,0
1142348,GSE168231,0
1142348,GSE171194,0
1142348,GSE172095,0
1142348,GSE172241,0
1142348,GSE172325,0
1142348,GSE174309,0
1142348,GSE175364,0
1142348,GSE176383,0
1142348,GSE178728,0
1142348,GSE180714,0
1142348,GSE181619,0
1142348,GSE182045,0
1142348,GSE18302,0
1142348,GSE183197,0
1142348,GSE184595,0
1142348,GSE184891,0
1142348,GSE184902,0
1142348,GSE186538,0
1142348,GSE186692,0
1142348,GSE186785,0
1142348,GSE188875,0
1142348,GSE188876,0
1142348,GSE188877,0
1142348,GSE189027,0
1142348,GSE189245,0
1142348,GSE189420,0
1142348,GSE19001,0
1142348,GSE190394,0
1142348,GSE19041,0
1142348,GSE190567,0
1142348,GSE192854,0
1142348,GSE192855,0
1142348,GSE192856,0
1142348,GSE192857,0
1142348,GSE192858,0
1142348,GSE193102,0
1142348,GSE193148,0
1142348,GSE193149,0
1142348,GSE196010,0
1142348,GSE1962,0
1142348,GSE196422,0
1142348,GSE196424,0
1142348,GSE196425,0
1142348,GSE196557,0
1142348,GSE196700,0
1142348,GSE197261,0
1142348,GSE197305,0
1142348,GSE19741,0
1142348,GSE199433,0
1142348,GSE200075,0
1142348,GSE200371,0
1142348,GSE201490,0
1142348,GSE201645,0
1142348,GSE20191,0
1142348,GSE203218,0
1142348,GSE203290,0
1142348,GSE203330,0
1142348,GSE203332,0
1142348,GSE205037,0
1142348,GSE205038,0
1142348,GSE206508,0
1142348,GSE206779,0
1142348,GSE206994,0
1142348,GSE207334,0
1142348,GSE208763,1
1142348,GSE209591,0
1142348,GSE209841,0
1142348,GSE210460,0
1142348,GSE211110,0
1142348,GSE213019,0
1142348,GSE213057,0
1142348,GSE213399,0
1142348,GSE214867,0
1142348,GSE216049,0
1142348,GSE216281,0
1142348,GSE217225,0
1142348,GSE218029,0
1142348,GSE218346,0
1142348,GSE218352,0
1142348,GSE218360,0
1142348,GSE218361,0
1142348,GSE220023,0
1142348,GSE220024,0
1142348,GSE220025,0
1142348,GSE220026,0
1142348,GSE220027,0
1142348,GSE22109,0
1142348,GSE221527,0
1142348,GSE221815,0
1142348,GSE221988,0
1142348,GSE22353,0
1142348,GSE225370,0
1142348,GSE225406,0
1142348,GSE228106,0
1142348,GSE22830,0
1142348,GSE22855,0
1142348,GSE228685,0
1142348,GSE228914,0
1142348,GSE22965,0
1142348,GSE22984,0
1142348,GSE230333,0
1142348,GSE230398,0
1142348,GSE232203,0
1142348,GSE232630,0
1142348,GSE233533,0
1142348,GSE233842,0
1142348,GSE23710,0
1142348,GSE240344,0
1142348,GSE241957,0
1142348,GSE24212,0
1142348,GSE245040,0
1142348,GSE245330,0
1142348,GSE245391,0
1142348,GSE24881,0
1142348,GSE24978,0
1142348,GSE250424,0
1142348,GSE25219,0
1142348,GSE25220,0
1142348,GSE25267,0
1142348,GSE2530,0
1142348,GSE253769,0
1142348,GSE254166,0
1142348,GSE254479,0
1142348,GSE254765,0
1142348,GSE259231,0
1142348,GSE260998,0
1142348,GSE261817,0
1142348,GSE26954,0
1142348,GSE27155,0
1142348,GSE27203,0
1142348,GSE27962,0
1142348,GSE28303,0
1142348,GSE28343,0
1142348,GSE28348,0
1142348,GSE2845,0
1142348,GSE28494,0
1142348,GSE28537,0
1142348,GSE28592,0
1142348,GSE28852,0
1142348,GSE28853,0
1142348,GSE29532,0
1142348,GSE30336,0
1142348,GSE30338,0
1142348,GSE30339,0
1142348,GSE30717,0
1142348,GSE30833,0
1142348,GSE31312,0
1142348,GSE31432,0
1142348,GSE31633,0
1142348,GSE31969,0
1142348,GSE32674,0
1142348,GSE33115,0
1142348,GSE33861,0
1142348,GSE34207,0
1142348,GSE35016,0
1142348,GSE35395,0
1142348,GSE35640,0
1142348,GSE36827,0
1142348,GSE38742,0
1142348,GSE39389,0
1142348,GSE39393,0
1142348,GSE39481,0
1142348,GSE39482,0
1142348,GSE39483,0
1142348,GSE39569,0
1142348,GSE39915,0
1142348,GSE40532,0
1142348,GSE40611,0
1142348,GSE41092,0
1142348,GSE41313,0
1142348,GSE42245,0
1142348,GSE42936,0
1142348,GSE43952,0
1142348,GSE43953,0
1142348,GSE43954,0
1142348,GSE43959,0
1142348,GSE45359,0
1142348,GSE45363,0
1142348,GSE45364,0
1142348,GSE46648,0
1142348,GSE46650,0
1142348,GSE46704,0
1142348,GSE47453,0
1142348,GSE47523,0
1142348,GSE47524,0
1142348,GSE47525,0
1142348,GSE47526,0
1142348,GSE47626,0
1142348,GSE47852,0
1142348,GSE49036,0
1142348,GSE49236,0
1142348,GSE49333,0
1142348,GSE49334,0
1142348,GSE49345,0
1142348,GSE49687,0
1142348,GSE50535,0
1142348,GSE51092,0
1142348,GSE51257,0
1142348,GSE51430,0
1142348,GSE51724,0
1142348,GSE51761,0
1142348,GSE52094,0
1142348,GSE52202,0
1142348,GSE53348,0
1142348,GSE53528,0
1142348,GSE54580,0
1142348,GSE54628,0
1142348,GSE54665,0
1142348,GSE55061,0
1142348,GSE55763,0
1142348,GSE55804,0
1142348,GSE55858,0
1142348,GSE55896,0
1142348,GSE56381,0
1142348,GSE56382,0
1142348,GSE56450,0
1142348,GSE56454,0
1142348,GSE57722,0
1142348,GSE57914,0
1142348,GSE5819,0
1142348,GSE58297,0
1142348,GSE58538,0
1142348,GSE59312,0
1142348,GSE59344,0
1142348,GSE59520,0
1142348,GSE60548,0
1142348,GSE60762,0
1142348,GSE6211,0
1142348,GSE62122,0
1142348,GSE62145,0
1142348,GSE62146,0
1142348,GSE62529,0
1142348,GSE62674,0
1142348,GSE62764,0
1142348,GSE63238,0
1142348,GSE63292,0
1142348,GSE63293,0
1142348,GSE63601,0
1142348,GSE63712,0
1142348,GSE64067,0
1142348,GSE64293,0
1142348,GSE64750,0
1142348,GSE64798,0
1142348,GSE64799,0
1142348,GSE64800,0
1142348,GSE65719,0
1142348,GSE66163,0
1142348,GSE66312,0
1142348,GSE67452,0
1142348,GSE69343,0
1142348,GSE70595,0
1142348,GSE70601,0
1142348,GSE72110,0
1142348,GSE72444,0
1142348,GSE72607,0
1142348,GSE72608,0
1142348,GSE72609,0
1142348,GSE72610,0
1142348,GSE72780,0
1142348,GSE72781,0
1142348,GSE73946,0
1142348,GSE74104,0
1142348,GSE74356,0
1142348,GSE74370,0
1142348,GSE74988,0
1142348,GSE75281,0
1142348,GSE75282,0
1142348,GSE76878,0
1142348,GSE77067,0
1142348,GSE77095,0
1142348,GSE77132,0
1142348,GSE77226,0
1142348,GSE77309,0
1142348,GSE77321,0
1142348,GSE77428,0
1142348,GSE77494,0
1142348,GSE77495,0
1142348,GSE77681,0
1142348,GSE77720,0
1142348,GSE77787,0
1142348,GSE79120,0
1142348,GSE79676,0
1142348,GSE81475,0
1142348,GSE84534,0
1142348,GSE85187,0
1142348,GSE85489,0
1142348,GSE85595,0
1142348,GSE85938,0
1142348,GSE85939,0
1142348,GSE85940,0
1142348,GSE85941,0
1142348,GSE85942,0
1142348,GSE86380,0
1142348,GSE86595,0
1142348,GSE87124,0
1142348,GSE87125,0
1142348,GSE87329,0
1142348,GSE89169,0
1142348,GSE91018,0
1142348,GSE91019,0
1142348,GSE91020,0
1142348,GSE9168,0
1142348,GSE92871,0
1142348,GSE93975,0
1142348,GSE94137,0
1142348,GSE94370,0
1142348,GSE94682,0
1142348,GSE9526,0
1142348,GSE95565,0
1142348,GSE96832,0
1142348,GSE97405,0
1142348,GSE98051,0
1142348,GSE98062,0
1142348,GSE9825,0
1142348,GSE98456,0
1142348,GSE98457,0
1142348,GSE98458,0
1142348,GSE99748,0
1142525,GSE151356,0
1142525,GSE151460,0
1142525,GSE157985,0
1142525,GSE203364,0
1142525,GSE203365,0
1142525,GSE203366,0
1142525,GSE203368,0
1142560,GSE154504,0
1142560,GSE203375,0
1142560,GSE205517,0
1142739,GSE203399,0
1142945,GSE203433,0
1143205,GSE102970,0
1143205,GSE185445,0
1143205,GSE203494,0
1143498,GSE197987,0
1143498,GSE203572,0
1143893,GSE203651,0
1144548,GSE204775,0
1144684,GSE204803,0
1145084,GSE204882,0
1145084,GSE246766,0
1145084,GSE97287,0
1145427,GSE152435,0
1145427,GSE152436,0
1145427,GSE152437,0
1145427,GSE204982,0
1145427,GSE204983,0
1145427,GSE204985,0
1145427,GSE204987,0
1146179,GSE205114,0
1146854,GSE205265,0
1146854,GSE205266,0
1146854,GSE205269,0
1146854,GSE205270,0
1146999,GSE158184,0
1146999,GSE158717,0
1146999,GSE190785,0
1146999,GSE205301,0
1147597,GSE205416,0
1147636,GSE103781,0
1147636,GSE103782,0
1147636,GSE103783,0
1147636,GSE121836,0
1147636,GSE121837,0
1147636,GSE121838,0
1147636,GSE188526,0
1147636,GSE199839,0
1147636,GSE201851,0
1147636,GSE203575,0
1147636,GSE205427,0
1147636,GSE205608,0
1147636,GSE235420,0
1147636,GSE235421,0
1147636,GSE237835,0
1147636,GSE51788,0
1147636,GSE51789,0
1147636,GSE51790,0
1147636,GSE51792,0
1147636,GSE51793,0
1147636,GSE51794,0
1147636,GSE72952,0
1147636,GSE86302,0
1148010,GSE163875,0
1148010,GSE205468,0
1148837,GSE143978,0
1148837,GSE205634,0
1148837,GSE208680,0
1148837,GSE208681,0
1148837,GSE34044,0
1149159,GSE205701,0
1149159,GSE205721,0
1149288,GSE205724,0
1149288,GSE205791,0
1149288,GSE205792,0
1149288,GSE208152,0
1150165,GSE205919,0
1150206,GSE164403,0
1150206,GSE164463,0
1150206,GSE205925,0
1150206,GSE205926,0
1150206,GSE242382,0
1150242,GSE129811,0
1150242,GSE205929,0
1150242,GSE205930,0
1150242,GSE205931,0
1150242,GSE241552,0
1150372,GSE115690,0
1150372,GSE135675,0
1150372,GSE135676,0
1150372,GSE135677,0
1150372,GSE135679,0
1150372,GSE135680,0
1150372,GSE205966,0
1150372,GSE205967,0
1150372,GSE205968,0
1150372,GSE214708,0
1150372,GSE214755,0
1150372,GSE231730,0
1150372,GSE84050,0
1150372,GSE84088,0
1150372,GSE84089,0
1150372,GSE84090,0
1150372,GSE84418,0
1150372,GSE97171,0
1150505,GSE101082,0
1150505,GSE114922,0
1150505,GSE124610,0
1150505,GSE126823,0
1150505,GSE135218,0
1150505,GSE191152,0
1150505,GSE206017,0
1150505,GSE206019,0
1150505,GSE206020,0
1150505,GSE206021,0
1150505,GSE245413,0
1150505,GSE63588,1
1150505,GSE80384,0
1150581,GSE206032,0
1150734,GSE114515,0
1150734,GSE141008,0
1150734,GSE161878,0
1150734,GSE179412,0
1150734,GSE179413,0
1150734,GSE179415,0
1150734,GSE206051,0
1150734,GSE25210,0
1150734,GSE25212,0
1150734,GSE25213,0
1150734,GSE268303,0
1150734,GSE33724,0
1151102,GSE101976,0
1151102,GSE102073,0
1151102,GSE102085,0
1151102,GSE102094,0
1151102,GSE108838,0
1151102,GSE109058,0
1151102,GSE109059,0
1151102,GSE114493,0
1151102,GSE114964,0
1151102,GSE120297,0
1151102,GSE120298,0
1151102,GSE124388,0
1151102,GSE125004,0
1151102,GSE125016,0
1151102,GSE129337,0
1151102,GSE129339,0
1151102,GSE132342,0
1151102,GSE133989,0
1151102,GSE147276,0
1151102,GSE150156,0
1151102,GSE151281,0
1151102,GSE186438,0
1151102,GSE193150,0
1151102,GSE19829,0
1151102,GSE206125,0
1151102,GSE247684,0
1151102,GSE247685,0
1151102,GSE247686,0
1151102,GSE247687,0
1151102,GSE247688,0
1151102,GSE247689,0
1151102,GSE247690,0
1151102,GSE247691,0
1151102,GSE26712,0
1151102,GSE27290,1
1151102,GSE27940,0
1151102,GSE27943,0
1151102,GSE28013,0
1151102,GSE28015,0
1151102,GSE30161,0
1151102,GSE31245,0
1151102,GSE31613,0
1151102,GSE64456,0
1151102,GSE64763,1
1151102,GSE68104,0
1151102,GSE73822,1
1151102,GSE95275,0
1151394,GSE206196,0
1151582,GSE132781,0
1151582,GSE140459,1
1151582,GSE206218,0
1151582,GSE239664,0
1151582,GSE27873,0
1151582,GSE63888,1
1152673,GSE206400,0
1153450,GSE112264,0
1153450,GSE131928,0
1153450,GSE135977,0
1153450,GSE149333,0
1153450,GSE163108,0
1153450,GSE164899,0
1153450,GSE166821,0
1153450,GSE167009,0
1153450,GSE167010,0
1153450,GSE168004,0
1153450,GSE174155,0
1153450,GSE17975,0
1153450,GSE184586,0
1153450,GSE193913,0
1153450,GSE193914,0
1153450,GSE19601,0
1153450,GSE196649,0
1153450,GSE200372,0
1153450,GSE20415,0
1153450,GSE206553,0
1153450,GSE206627,0
1153450,GSE20930,0
1153450,GSE210261,0
1153450,GSE239474,1
1153450,GSE239475,1
1153450,GSE246628,0
1153450,GSE256049,0
1153450,GSE256061,0
1153450,GSE256464,0
1153450,GSE256466,0
1153450,GSE256467,0
1153450,GSE32095,0
1153450,GSE3408,0
1153450,GSE37369,0
1153450,GSE44778,0
1153450,GSE48947,0
1153450,GSE62348,0
1153450,GSE65188,0
1153450,GSE71734,0
1153450,GSE72987,0
1153450,GSE83097,0
1153450,GSE83098,0
1153450,GSE83099,0
1153450,GSE88961,0
1153450,GSE90922,0
1153450,GSE9211,0
1153450,GSE99204,0
1153599,GSE206594,0
1154275,GSE155524,0
1154275,GSE206746,0
1154275,GSE206747,0
1154275,GSE206755,0
1154642,GSE101410,0
1154642,GSE206811,0
1154712,GSE115021,1
1154712,GSE206830,1
1154712,GSE206874,1
1155755,GSE207042,0
1155755,GSE207043,0
1155755,GSE207044,0
1155755,GSE238249,0
1155755,GSE239293,0
1156172,GSE207122,0
1156291,GSE181706,0
1156291,GSE207149,0
1156858,GSE188982,0
1156858,GSE207260,0
1156858,GSE207261,0
1156858,GSE207276,0
1156858,GSE211603,0
1156858,GSE211604,0
1156963,GSE207274,0
1157597,GSE1002,0
1157597,GSE11521,0
1157597,GSE13098,0
1157597,GSE13099,0
1157597,GSE14077,0
1157597,GSE14080,0
1157597,GSE146088,0
1157597,GSE146092,0
1157597,GSE146093,0
1157597,GSE201752,0
1157597,GSE201753,0
1157597,GSE201754,0
1157597,GSE207405,0
1157597,GSE29519,0
1157597,GSE57467,0
1157597,GSE58606,0
1157597,GSE6370,0
1157597,GSE63729,0
1157597,GSE63769,0
1157597,GSE64006,0
1157597,GSE65225,0
1157597,GSE65228,0
1157597,GSE72092,0
1157597,GSE78795,0
1157789,GSE147672,0
1157789,GSE162690,0
1157789,GSE171962,0
1157789,GSE194028,0
1157789,GSE207470,0
1158390,GSE113259,1
1158390,GSE126520,0
1158390,GSE126521,0
1158390,GSE126522,0
1158390,GSE126523,0
1158390,GSE14685,0
1158390,GSE207584,0
1158390,GSE234878,0
1158390,GSE243882,1
1158390,GSE243883,1
1158390,GSE243884,1
1158390,GSE254252,0
1158390,GSE254253,0
1158390,GSE254254,0
1158390,GSE29352,0
1158390,GSE37918,1
1158390,GSE41368,0
1158390,GSE41369,0
1158390,GSE41372,0
1158390,GSE43726,1
1158390,GSE58734,0
1158390,GSE60517,0
1158390,GSE70534,0
1158390,GSE78284,0
1158390,GSE78285,0
1158390,GSE78286,0
1158390,GSE80682,0
1158390,GSE88756,1
1158390,GSE88757,1
1158390,GSE88758,1
1158390,GSE88759,1
1159253,GSE179438,0
1159253,GSE179439,0
1159253,GSE207760,0
1159544,GSE207817,0
1159719,GSE111521,0
1159719,GSE186331,0
1159719,GSE207850,0
1159719,GSE54146,0
1159719,GSE7798,0
1159719,GSE98228,1
1159719,GSE98229,1
1159719,GSE98231,1
1159770,GSE207862,0
1160158,GSE101945,0
1160158,GSE101947,0
1160158,GSE101949,0
1160158,GSE104169,0
1160158,GSE106801,0
1160158,GSE106802,0
1160158,GSE135318,0
1160158,GSE142188,0
1160158,GSE176323,1
1160158,GSE185315,0
1160158,GSE189110,1
1160158,GSE189111,1
1160158,GSE189113,1
1160158,GSE189114,1
1160158,GSE189115,1
1160158,GSE189116,1
1160158,GSE189117,1
1160158,GSE189118,1
1160158,GSE189119,1
1160158,GSE207934,0
1160158,GSE207935,0
1160158,GSE207936,0
1160158,GSE221994,1
1160158,GSE223361,1
1160158,GSE223362,1
1160158,GSE223363,1
1160158,GSE28606,0
1160158,GSE28608,0
1160158,GSE28609,0
1160158,GSE38173,0
1160168,GSE207937,0
1160168,GSE209903,0
1160348,GSE195666,0
1160348,GSE207984,0
1160348,GSE207985,0
1160348,GSE207986,0
1160348,GSE36246,0
1160557,GSE208014,0
1161052,GSE109599,0
1161052,GSE208131,0
1161052,GSE208560,0
1161052,GSE208561,0
1161052,GSE52030,0
1161851,GSE102612,0
1161851,GSE109136,0
1161851,GSE111352,0
1161851,GSE112637,0
1161851,GSE112638,0
1161851,GSE112639,0
1161851,GSE115949,0
1161851,GSE116110,0
1161851,GSE117739,0
1161851,GSE118846,0
1161851,GSE121319,0
1161851,GSE121320,0
1161851,GSE122542,0
1161851,GSE126725,0
1161851,GSE129743,0
1161851,GSE130362,0
1161851,GSE131646,0
1161851,GSE132886,0
1161851,GSE13822,0
1161851,GSE140178,0
1161851,GSE143668,0
1161851,GSE143670,0
1161851,GSE146614,0
1161851,GSE153516,0
1161851,GSE156978,0
1161851,GSE160929,0
1161851,GSE177484,0
1161851,GSE180115,0
1161851,GSE180189,0
1161851,GSE194176,0
1161851,GSE19717,0
1161851,GSE19886,0
1161851,GSE199852,0
1161851,GSE20028,0
1161851,GSE201468,0
1161851,GSE204780,0
1161851,GSE205843,1
1161851,GSE206258,0
1161851,GSE208250,0
1161851,GSE20850,0
1161851,GSE215160,0
1161851,GSE215163,0
1161851,GSE215413,0
1161851,GSE220596,1
1161851,GSE221942,0
1161851,GSE221943,0
1161851,GSE221944,0
1161851,GSE241409,0
1161851,GSE267749,0
1161851,GSE28464,0
1161851,GSE3408,0
1161851,GSE39384,0
1161851,GSE39385,0
1161851,GSE40668,0
1161851,GSE41019,0
1161851,GSE43514,0
1161851,GSE49834,0
1161851,GSE55755,0
1161851,GSE56868,0
1161851,GSE5687,0
1161851,GSE5688,0
1161851,GSE5696,0
1161851,GSE5697,0
1161851,GSE5698,0
1161851,GSE5699,0
1161851,GSE5700,0
1161851,GSE5701,0
1161851,GSE57362,0
1161851,GSE57429,0
1161851,GSE58038,0
1161851,GSE60436,0
1161851,GSE6238,0
1161851,GSE62947,0
1161851,GSE64861,0
1161851,GSE65723,0
1161851,GSE75532,1
1161851,GSE78695,0
1161851,GSE83708,0
1161851,GSE83709,0
1161851,GSE83710,0
1161851,GSE83711,0
1161851,GSE85718,0
1161851,GSE88963,0
1161851,GSE8972,0
1161851,GSE94297,0
1162019,GSE208310,0
1162443,GSE208372,0
1162539,GSE206765,0
1162539,GSE208398,0
1162539,GSE49400,0
1162539,GSE49401,0
1162539,GSE49414,0
1162539,GSE49415,0
1162811,GSE208537,0
1162811,GSE225462,0
1163251,GSE113154,0
1163251,GSE124388,0
1163251,GSE133989,0
1163251,GSE137992,0
1163251,GSE151281,0
1163251,GSE186438,0
1163251,GSE186875,0
1163251,GSE208621,0
1163251,GSE264439,0
1163251,GSE69889,0
1163251,GSE70960,0
1163251,GSE70961,0
1163295,GSE159211,0
1163295,GSE208627,0
1163295,GSE208628,0
1163295,GSE208630,0
1164225,GSE167473,0
1164225,GSE178236,0
1164225,GSE194382,0
1164225,GSE209535,0
1164225,GSE36426,0
1164225,GSE73255,0
1164225,GSE76402,0
1164521,GSE103258,0
1164521,GSE109580,0
1164521,GSE111879,0
1164521,GSE111880,0
1164521,GSE111881,0
1164521,GSE117155,1
1164521,GSE118954,1
1164521,GSE136245,0
1164521,GSE161808,0
1164521,GSE174006,0
1164521,GSE209617,0
1164521,GSE37519,1
1164521,GSE38560,0
1164521,GSE38561,0
1164521,GSE38562,0
1164521,GSE38563,0
1164521,GSE38564,0
1164521,GSE38577,0
1164521,GSE39746,0
1164521,GSE39748,0
1164521,GSE39749,0
1164521,GSE52914,1
1164521,GSE72698,1
1164521,GSE79385,0
1164521,GSE94428,0
1164521,GSE94429,0
1164521,GSE94430,0
1164521,GSE94431,0
1164521,GSE99059,0
1164521,GSE99344,0
1164818,GSE209669,0
1164899,GSE117945,0
1164899,GSE117946,0
1164899,GSE117947,0
1164899,GSE119463,0
1164899,GSE119509,0
1164899,GSE119521,0
1164899,GSE128591,0
1164899,GSE128592,0
1164899,GSE128593,0
1164899,GSE128594,0
1164899,GSE156742,0
1164899,GSE157305,0
1164899,GSE157312,0
1164899,GSE157314,0
1164899,GSE157596,0
1164899,GSE157597,0
1164899,GSE157598,0
1164899,GSE171245,0
1164899,GSE186160,0
1164899,GSE200566,0
1164899,GSE200567,0
1164899,GSE200568,0
1164899,GSE207601,0
1164899,GSE207602,0
1164899,GSE207603,0
1164899,GSE209678,0
1164899,GSE209684,0
1164899,GSE209686,0
1164899,GSE215136,0
1164899,GSE215137,0
1164899,GSE218663,0
1164899,GSE86521,0
1164988,GSE209707,0
1164988,GSE217611,0
1164988,GSE217612,0
1164988,GSE217614,0
1165028,GSE129359,0
1165028,GSE138539,0
1165028,GSE209721,0
1165028,GSE209722,0
1165028,GSE209723,0
1165028,GSE41844,0
1165028,GSE53924,0
1165069,GSE102064,0
1165069,GSE108391,0
1165069,GSE118490,0
1165069,GSE118548,0
1165069,GSE122932,0
1165069,GSE129305,0
1165069,GSE145710,0
1165069,GSE145711,0
1165069,GSE186586,0
1165069,GSE205510,0
1165069,GSE209733,0
1165069,GSE214051,0
1165069,GSE219124,0
1165069,GSE222901,0
1165135,GSE141257,0
1165135,GSE144908,0
1165135,GSE209746,0
1165135,GSE57269,0
1165135,GSE78502,0
1165135,GSE94461,0
1165205,GSE161496,0
1165205,GSE209750,0
1165205,GSE246452,0
1165395,GSE107282,0
1165395,GSE107286,0
1165395,GSE107290,0
1165395,GSE107291,0
1165395,GSE111586,0
1165395,GSE16921,0
1165395,GSE16960,0
1165395,GSE184554,0
1165395,GSE184600,0
1165395,GSE184602,0
1165395,GSE185608,0
1165395,GSE186068,0
1165395,GSE186069,0
1165395,GSE186070,0
1165395,GSE18877,0
1165395,GSE18963,0
1165395,GSE20136,0
1165395,GSE20617,0
1165395,GSE209786,0
1165395,GSE209787,0
1165395,GSE209788,0
1165395,GSE209789,0
1165395,GSE22131,0
1165395,GSE228590,0
1165395,GSE26284,0
1165395,GSE30567,0
1165395,GSE30689,0
1165395,GSE30690,0
1165395,GSE30761,0
1165395,GSE32931,0
1165395,GSE3413,0
1165395,GSE44251,0
1165395,GSE44252,0
1165395,GSE44255,0
1165395,GSE44835,0
1165395,GSE45034,0
1165395,GSE45390,0
1165395,GSE49417,0
1165395,GSE49847,0
1165395,GSE56869,0
1165395,GSE59777,0
1165395,GSE59778,0
1165395,GSE59779,0
1165395,GSE66172,0
1165395,GSE66262,0
1165395,GSE68992,0
1165395,GSE71903,0
1165395,GSE83993,0
1165395,GSE84920,0
1165553,GSE102144,0
1165553,GSE106372,0
1165553,GSE106428,0
1165553,GSE106429,0
1165553,GSE106430,0
1165553,GSE106431,0
1165553,GSE115945,0
1165553,GSE16717,0
1165553,GSE189061,0
1165553,GSE209818,0
1165553,GSE2112,0
1165553,GSE35563,0
1165553,GSE8349,0
1165698,GSE209838,0
1165698,GSE39803,0
1165698,GSE39807,0
1165698,GSE74427,0
1165770,GSE209860,0
1165931,GSE103488,0
1165931,GSE121537,0
1165931,GSE138084,0
1165931,GSE138089,0
1165931,GSE138209,0
1165931,GSE138210,0
1165931,GSE158144,0
1165931,GSE163434,0
1165931,GSE184568,0
1165931,GSE184885,0
1165931,GSE184886,0
1165931,GSE184887,0
1165931,GSE184888,0
1165931,GSE190498,0
1165931,GSE20565,0
1165931,GSE209880,0
1165931,GSE217200,0
1165931,GSE242270,0
1165931,GSE78001,0
1165934,GSE209880,0
1166314,GSE209946,0
1167183,GSE107450,0
1167183,GSE121359,0
1167183,GSE133141,1
1167183,GSE14431,0
1167183,GSE149054,0
1167183,GSE164375,1
1167183,GSE17478,0
1167183,GSE189059,1
1167183,GSE189438,1
1167183,GSE210111,0
1167183,GSE233134,1
1167183,GSE233135,1
1167183,GSE233136,1
1167183,GSE233137,1
1167183,GSE233198,1
1167183,GSE240655,1
1167183,GSE25295,0
1167183,GSE31665,0
1167183,GSE38958,0
1167183,GSE54359,1
1167183,GSE54585,0
1167183,GSE74280,1
1167183,GSE75819,1
1167183,GSE9465,0
1167183,GSE97402,0
1167605,GSE210199,0
1167881,GSE210237,0
1167881,GSE210267,0
1168065,GSE131959,0
1168065,GSE131960,0
1168065,GSE131961,0
1168065,GSE153643,0
1168065,GSE210271,0
1168065,GSE210272,0
1168065,GSE210659,0
1168065,GSE210660,0
1168065,GSE210661,0
1168065,GSE210694,0
1168065,GSE210695,0
1168889,GSE134137,0
1168889,GSE210381,0
1168889,GSE245578,0
1168889,GSE84945,0
1169044,GSE147670,0
1169044,GSE210402,0
1169209,GSE210465,0
1169209,GSE227014,0
1169209,GSE227016,0
1169682,GSE210544,0
1169731,GSE100098,0
1169731,GSE113349,0
1169731,GSE114031,0
1169731,GSE114523,0
1169731,GSE121024,0
1169731,GSE122202,0
1169731,GSE126814,0
1169731,GSE135128,0
1169731,GSE164144,0
1169731,GSE164200,0
1169731,GSE179484,0
1169731,GSE182392,0
1169731,GSE185124,0
1169731,GSE199854,0
1169731,GSE200333,0
1169731,GSE202031,1
1169731,GSE20506,0
1169731,GSE210556,0
1169731,GSE210557,0
1169731,GSE211431,0
1169731,GSE211432,0
1169731,GSE216029,0
1169731,GSE216033,0
1169731,GSE216034,0
1169731,GSE250089,0
1169731,GSE255322,0
1169731,GSE37705,0
1169731,GSE37706,0
1169731,GSE37707,0
1169731,GSE43877,0
1169731,GSE43985,0
1169731,GSE43986,0
1169731,GSE43988,0
1169731,GSE45158,1
1169731,GSE80589,1
1169731,GSE83659,0
1169731,GSE92746,0
1170201,GSE185221,0
1170201,GSE210656,1
1170201,GSE210658,1
1170201,GSE227342,1
1170201,GSE227382,1
1170201,GSE48889,0
1170201,GSE55588,1
1170201,GSE55590,1
1170201,GSE55591,1
1170201,GSE60049,0
1170201,GSE60192,0
1170201,GSE77243,1
1170201,GSE78688,0
1171108,GSE210860,0
1171373,GSE116457,0
1171373,GSE137495,0
1171373,GSE137502,0
1171373,GSE137503,0
1171373,GSE137682,0
1171373,GSE137688,0
1171373,GSE137841,0
1171373,GSE137884,0
1171373,GSE137894,0
1171373,GSE137898,0
1171373,GSE137899,0
1171373,GSE137903,0
1171373,GSE137904,0
1171373,GSE138279,0
1171373,GSE141867,0
1171373,GSE146370,0
1171373,GSE180864,0
1171373,GSE185043,0
1171373,GSE185044,0
1171373,GSE185045,0
1171373,GSE210905,0
1171373,GSE261805,0
1171373,GSE63032,0
1172420,GSE104720,0
1172420,GSE104721,0
1172420,GSE127918,0
1172420,GSE146065,0
1172420,GSE146066,0
1172420,GSE146067,0
1172420,GSE159266,0
1172420,GSE180485,0
1172420,GSE183716,0
1172420,GSE211151,0
1172420,GSE37746,0
1172420,GSE4726,0
1172481,GSE108541,0
1172481,GSE152029,0
1172481,GSE211158,0
1172709,GSE132326,0
1172709,GSE132329,0
1172709,GSE132330,0
1172709,GSE132440,0
1172709,GSE134657,0
1172709,GSE137069,0
1172709,GSE147475,0
1172709,GSE147476,0
1172709,GSE147477,0
1172709,GSE147478,0
1172709,GSE147479,0
1172709,GSE153134,0
1172709,GSE154543,0
1172709,GSE154890,0
1172709,GSE162367,0
1172709,GSE162368,0
1172709,GSE162522,0
1172709,GSE162523,0
1172709,GSE162525,0
1172709,GSE162851,0
1172709,GSE163144,0
1172709,GSE178366,0
1172709,GSE179582,0
1172709,GSE179585,0
1172709,GSE179586,0
1172709,GSE179587,0
1172709,GSE211197,0
1172709,GSE229708,0
1172709,GSE229794,0
1172709,GSE230208,0
1172709,GSE232309,0
1172709,GSE240406,0
1172709,GSE240409,0
1172709,GSE240424,0
1172709,GSE247080,0
1172709,GSE38010,0
1172709,GSE83402,0
1172709,GSE92450,0
1172709,GSE92451,0
1172709,GSE92452,0
1172709,GSE92748,0
1172740,GSE115003,0
1172740,GSE115004,0
1172740,GSE115005,0
1172740,GSE197291,0
1172740,GSE211208,0
1172740,GSE211209,0
1172740,GSE211211,0
1172740,GSE214711,0
1172740,GSE214712,0
1172740,GSE214713,0
1172740,GSE37236,0
1172740,GSE41879,0
1172740,GSE45358,0
1172740,GSE7463,0
1172740,GSE94985,0
1172740,GSE94987,0
1173302,GSE101589,0
1173302,GSE102787,0
1173302,GSE105110,0
1173302,GSE108225,0
1173302,GSE111495,0
1173302,GSE111581,0
1173302,GSE11247,0
1173302,GSE11248,0
1173302,GSE11255,0
1173302,GSE12228,0
1173302,GSE12229,0
1173302,GSE12250,0
1173302,GSE124858,0
1173302,GSE124859,0
1173302,GSE124860,0
1173302,GSE124862,0
1173302,GSE157140,0
1173302,GSE158929,0
1173302,GSE16936,0
1173302,GSE17405,0
1173302,GSE17639,0
1173302,GSE190594,0
1173302,GSE200296,0
1173302,GSE20431,0
1173302,GSE211378,0
1173302,GSE211394,0
1173302,GSE24871,0
1173302,GSE25192,0
1173302,GSE27126,0
1173302,GSE28472,0
1173302,GSE31195,0
1173302,GSE34303,0
1173302,GSE34911,0
1173302,GSE35304,0
1173302,GSE38119,0
1173302,GSE38137,0
1173302,GSE38187,0
1173302,GSE45663,0
1173302,GSE60449,0
1173302,GSE60525,0
1173302,GSE60674,0
1173302,GSE62249,0
1173302,GSE67918,0
1173302,GSE68003,0
1173302,GSE68962,0
1173302,GSE74653,0
1173302,GSE77814,0
1173302,GSE81639,0
1173302,GSE85698,0
1173302,GSE92640,0
1173302,GSE98078,0
1173840,GSE211482,0
1173840,GSE211483,0
1173840,GSE211485,0
1173840,GSE211486,0
1173841,GSE211482,0
1173841,GSE211483,0
1173841,GSE211485,0
1173841,GSE211486,0
1173897,GSE107109,0
1173897,GSE125212,0
1173897,GSE125213,0
1173897,GSE125214,0
1173897,GSE149238,0
1173897,GSE152819,0
1173897,GSE156914,0
1173897,GSE160093,1
1173897,GSE160095,1
1173897,GSE160096,1
1173897,GSE180129,0
1173897,GSE181136,0
1173897,GSE181137,0
1173897,GSE181138,0
1173897,GSE181139,0
1173897,GSE181140,0
1173897,GSE196177,0
1173897,GSE211498,0
1173897,GSE211499,0
1173897,GSE211595,0
1173897,GSE211596,0
1173897,GSE62183,0
1173897,GSE62184,0
1173897,GSE62185,0
1173897,GSE62186,0
1173897,GSE62187,0
1173897,GSE62189,0
1173897,GSE63180,0
1174184,GSE100651,1
1174184,GSE100652,1
1174184,GSE107546,0
1174184,GSE134627,1
1174184,GSE134628,1
1174184,GSE134629,1
1174184,GSE134638,1
1174184,GSE139878,1
1174184,GSE139879,1
1174184,GSE139880,1
1174184,GSE139881,1
1174184,GSE211555,1
1174309,GSE149947,0
1174309,GSE157240,0
1174309,GSE211567,0
1174491,GSE19753,0
1174491,GSE211592,0
1174491,GSE83567,0
1174604,GSE211611,0
1174708,GSE211637,1
1174762,GSE109427,0
1174762,GSE211644,0
1175264,GSE117087,0
1175264,GSE164174,0
1175264,GSE211580,0
1175264,GSE211692,0
1175264,GSE211704,0
1175264,GSE47007,0
1175264,GSE53276,0
1176061,GSE184678,0
1176061,GSE194062,0
1176061,GSE211788,0
1176061,GSE211789,0
1176061,GSE211790,0
1176061,GSE211914,0
1176061,GSE229016,0
1176061,GSE230656,0
1176677,GSE136533,0
1176677,GSE138288,0
1176677,GSE140082,0
1176677,GSE14794,0
1176677,GSE153548,0
1176677,GSE163152,0
1176677,GSE169618,0
1176677,GSE17346,0
1176677,GSE18392,0
1176677,GSE20161,0
1176677,GSE212014,0
1176677,GSE25231,0
1176677,GSE25233,0
1176677,GSE25234,0
1176677,GSE29022,0
1176677,GSE50931,0
1176677,GSE54067,0
1176677,GSE54068,0
1176677,GSE54069,0
1176677,GSE66667,0
1176677,GSE67086,0
1176677,GSE92592,0
1177092,GSE135131,0
1177092,GSE137129,0
1177092,GSE142041,0
1177092,GSE145122,0
1177092,GSE190394,0
1177092,GSE191274,0
1177092,GSE191276,0
1177092,GSE191277,0
1177092,GSE206557,0
1177092,GSE206558,0
1177092,GSE206559,0
1177092,GSE212096,0
1177092,GSE254420,0
1177092,GSE25542,0
1177092,GSE3123,0
1177092,GSE3265,0
1177092,GSE3267,0
1177092,GSE3977,0
1177092,GSE3978,0
1177092,GSE4344,0
1177092,GSE4394,0
1177092,GSE93321,0
1177092,GSE93811,0
1177092,GSE95837,0
1177092,GSE96045,0
1177264,GSE212131,0
1177264,GSE212133,0
1177264,GSE212134,0
1177644,GSE212224,0
1177644,GSE68602,1
1177644,GSE69786,1
1178667,GSE212468,0
1178667,GSE212469,0
1178667,GSE212470,0
1179229,GSE212584,0
1179523,GSE212558,0
1179523,GSE212623,0
1180252,GSE212796,0
1180252,GSE77558,0
1180345,GSE150901,0
1180345,GSE205417,1
1180345,GSE212811,1
1180347,GSE148868,0
1180347,GSE150901,0
1180347,GSE205417,0
1180347,GSE212811,0
1180426,GSE212835,0
1181223,GSE213024,0
1181334,GSE213030,0
1181334,GSE219185,0
1181842,GSE165202,0
1181842,GSE173628,0
1181842,GSE173629,0
1181842,GSE173631,0
1181842,GSE186647,0
1181842,GSE213141,0
1181874,GSE213142,0
1181874,GSE240716,0
1181874,GSE240717,0
1181874,GSE248849,0
1182076,GSE213186,0
1182076,GSE213194,0
1182076,GSE213198,0
1182401,GSE101673,0
1182401,GSE101862,0
1182401,GSE101863,0
1182401,GSE101864,0
1182401,GSE103150,0
1182401,GSE103331,0
1182401,GSE122040,0
1182401,GSE134475,0
1182401,GSE143636,0
1182401,GSE148073,0
1182401,GSE154761,0
1182401,GSE154782,0
1182401,GSE154783,0
1182401,GSE154784,0
1182401,GSE165823,0
1182401,GSE177862,0
1182401,GSE178266,0
1182401,GSE178382,0
1182401,GSE186201,0
1182401,GSE188659,0
1182401,GSE204943,0
1182401,GSE213234,0
1182401,GSE213236,0
1182401,GSE213238,0
1182401,GSE213997,0
1182401,GSE213998,0
1182401,GSE213999,0
1182401,GSE224127,0
1182401,GSE224145,0
1182401,GSE224146,0
1182401,GSE228268,0
1182401,GSE23558,0
1182401,GSE236516,0
1182401,GSE23831,0
1182401,GSE247705,0
1182401,GSE247710,0
1182401,GSE247716,0
1182401,GSE247717,0
1182401,GSE247718,0
1182401,GSE247721,0
1182401,GSE247722,0
1182401,GSE248904,0
1182401,GSE26544,0
1182401,GSE267059,0
1182401,GSE85195,0
1182401,GSE85514,0
1182401,GSE87633,0
1182401,GSE90697,0
1182401,GSE99679,0
1183291,GSE213438,0
1183596,GSE174605,0
1183596,GSE213488,1
1183596,GSE97365,0
1183673,GSE213506,0
1183673,GSE213507,0
1183673,GSE213511,0
1183673,GSE213513,0
1184678,GSE108553,1
1184678,GSE109319,0
1184678,GSE117741,0
1184678,GSE132672,0
1184678,GSE141093,1
1184678,GSE153679,0
1184678,GSE153680,0
1184678,GSE153907,0
1184678,GSE153908,0
1184678,GSE163538,1
1184678,GSE166933,1
1184678,GSE176246,0
1184678,GSE187285,0
1184678,GSE187291,0
1184678,GSE187293,0
1184678,GSE188392,0
1184678,GSE189724,0
1184678,GSE193875,1
1184678,GSE20569,0
1184678,GSE207753,0
1184678,GSE213734,0
1184678,GSE215997,0
1184678,GSE220940,0
1184678,GSE233893,0
1184678,GSE246426,0
1184678,GSE246429,0
1184678,GSE246435,0
1184678,GSE246436,0
1184678,GSE268210,0
1184678,GSE28106,0
1184678,GSE34238,0
1184678,GSE47035,0
1184678,GSE55190,0
1184678,GSE63245,0
1184678,GSE63443,0
1184678,GSE67086,0
1184678,GSE85589,0
1184678,GSE97388,0
1184794,GSE213754,0
1184955,GSE103692,0
1184955,GSE130404,0
1184955,GSE145069,0
1184955,GSE213786,0
1184955,GSE213787,0
1184955,GSE213789,0
1184955,GSE86023,1
1184955,GSE97180,1
1184997,GSE213797,0
1185730,GSE109717,0
1185730,GSE125930,0
1185730,GSE126169,0
1185730,GSE131420,0
1185730,GSE18575,0
1185730,GSE213954,0
1185730,GSE39534,0
1185730,GSE42151,0
1185730,GSE48237,0
1185730,GSE50210,0
1185730,GSE5679,0
1185730,GSE63358,0
1185730,GSE6782,0
1185730,GSE79632,0
1185730,GSE79633,0
1185759,GSE213964,0
1185872,GSE100281,0
1185872,GSE111537,0
1185872,GSE113200,1
1185872,GSE119937,0
1185872,GSE121537,0
1185872,GSE12378,0
1185872,GSE128631,0
1185872,GSE133886,0
1185872,GSE137356,0
1185872,GSE143415,0
1185872,GSE160001,0
1185872,GSE160018,0
1185872,GSE160667,0
1185872,GSE160670,0
1185872,GSE161743,0
1185872,GSE167747,0
1185872,GSE179536,0
1185872,GSE180641,0
1185872,GSE181254,0
1185872,GSE18424,0
1185872,GSE18428,0
1185872,GSE18450,0
1185872,GSE18452,0
1185872,GSE195496,0
1185872,GSE195665,0
1185872,GSE213977,0
1185872,GSE214093,0
1185872,GSE214094,0
1185872,GSE22294,0
1185872,GSE223316,0
1185872,GSE23174,0
1185872,GSE232764,0
1185872,GSE234814,0
1185872,GSE234817,0
1185872,GSE235326,0
1185872,GSE26023,0
1185872,GSE26262,0
1185872,GSE26533,1
1185872,GSE27132,0
1185872,GSE28159,0
1185872,GSE30923,0
1185872,GSE30924,0
1185872,GSE33078,0
1185872,GSE44448,0
1185872,GSE4631,1
1185872,GSE53322,0
1185872,GSE53324,0
1185872,GSE55430,0
1185872,GSE61023,0
1185872,GSE61024,0
1185872,GSE61036,0
1185872,GSE63711,1
1185872,GSE63713,1
1185872,GSE63714,1
1185872,GSE63715,1
1185872,GSE6754,0
1185872,GSE69874,0
1185872,GSE73105,0
1185872,GSE73599,0
1185872,GSE74630,0
1185872,GSE75866,0
1185872,GSE75971,0
1185872,GSE79022,0
1185872,GSE87577,0
1185872,GSE9222,0
1185872,GSE92884,0
1185872,GSE9693,0
1186073,GSE100048,0
1186073,GSE100277,0
1186073,GSE100278,0
1186073,GSE100332,0
1186073,GSE100333,0
1186073,GSE101397,0
1186073,GSE101498,1
1186073,GSE102525,0
1186073,GSE102526,0
1186073,GSE102527,0
1186073,GSE10423,0
1186073,GSE104473,1
1186073,GSE104910,0
1186073,GSE106145,1
1186073,GSE106153,1
1186073,GSE106176,1
1186073,GSE106190,1
1186073,GSE106194,1
1186073,GSE106197,1
1186073,GSE106396,0
1186073,GSE106553,0
1186073,GSE106652,0
1186073,GSE107055,1
1186073,GSE107206,0
1186073,GSE10722,0
1186073,GSE107413,0
1186073,GSE10772,0
1186073,GSE107746,0
1186073,GSE108248,0
1186073,GSE110230,0
1186073,GSE110545,0
1186073,GSE110875,0
1186073,GSE111152,1
1186073,GSE111283,0
1186073,GSE11130,0
1186073,GSE111930,0
1186073,GSE112089,1
1186073,GSE112090,1
1186073,GSE112091,1
1186073,GSE112194,1
1186073,GSE112195,1
1186073,GSE112198,1
1186073,GSE112200,1
1186073,GSE112245,1
1186073,GSE112246,1
1186073,GSE112883,0
1186073,GSE114398,1
1186073,GSE114846,0
1186073,GSE11533,0
1186073,GSE11534,0
1186073,GSE115506,0
1186073,GSE115524,1
1186073,GSE115529,0
1186073,GSE11556,0
1186073,GSE115615,0
1186073,GSE115616,0
1186073,GSE115617,0
1186073,GSE115619,0
1186073,GSE115646,0
1186073,GSE115968,0
1186073,GSE115970,0
1186073,GSE115980,0
1186073,GSE116007,1
1186073,GSE116008,0
1186073,GSE116247,1
1186073,GSE116248,1
1186073,GSE116249,1
1186073,GSE116285,1
1186073,GSE116297,1
1186073,GSE116349,0
1186073,GSE116355,0
1186073,GSE117181,0
1186073,GSE117405,0
1186073,GSE117479,0
1186073,GSE117840,0
1186073,GSE118468,0
1186073,GSE118882,0
1186073,GSE118883,0
1186073,GSE118884,0
1186073,GSE118885,0
1186073,GSE119006,0
1186073,GSE119641,0
1186073,GSE119928,1
1186073,GSE119996,0
1186073,GSE119997,0
1186073,GSE120294,0
1186073,GSE120902,1
1186073,GSE12124,0
1186073,GSE121994,0
1186073,GSE122128,0
1186073,GSE122218,0
1186073,GSE122223,0
1186073,GSE122383,0
1186073,GSE122385,0
1186073,GSE122576,1
1186073,GSE122577,1
1186073,GSE122578,1
1186073,GSE123292,0
1186073,GSE123456,0
1186073,GSE123627,0
1186073,GSE123741,0
1186073,GSE123742,0
1186073,GSE123743,0
1186073,GSE123747,0
1186073,GSE123794,0
1186073,GSE123796,0
1186073,GSE123797,0
1186073,GSE123798,0
1186073,GSE123799,0
1186073,GSE123800,0
1186073,GSE123812,1
1186073,GSE123813,1
1186073,GSE123814,1
1186073,GSE12388,0
1186073,GSE123989,0
1186073,GSE124794,0
1186073,GSE124795,0
1186073,GSE124796,0
1186073,GSE12493,0
1186073,GSE12511,0
1186073,GSE125298,0
1186073,GSE125857,0
1186073,GSE126112,0
1186073,GSE126410,0
1186073,GSE126411,0
1186073,GSE126412,0
1186073,GSE126413,0
1186073,GSE126414,0
1186073,GSE126715,0
1186073,GSE126716,0
1186073,GSE128198,0
1186073,GSE129785,0
1186073,GSE131365,0
1186073,GSE131373,1
1186073,GSE131374,1
1186073,GSE131376,1
1186073,GSE131412,1
1186073,GSE131413,1
1186073,GSE131956,0
1186073,GSE13206,0
1186073,GSE13207,0
1186073,GSE13208,0
1186073,GSE13209,0
1186073,GSE132239,0
1186073,GSE132240,0
1186073,GSE132241,0
1186073,GSE132403,0
1186073,GSE13272,0
1186073,GSE132767,0
1186073,GSE132768,0
1186073,GSE132770,0
1186073,GSE132803,0
1186073,GSE133200,0
1186073,GSE13324,0
1186073,GSE13408,0
1186073,GSE13412,0
1186073,GSE136796,0
1186073,GSE136805,0
1186073,GSE136853,0
1186073,GSE136874,0
1186073,GSE136891,0
1186073,GSE13690,0
1186073,GSE13692,0
1186073,GSE13693,0
1186073,GSE13796,0
1186073,GSE138147,0
1186073,GSE138289,0
1186073,GSE138459,0
1186073,GSE139369,0
1186073,GSE139835,0
1186073,GSE139836,0
1186073,GSE140133,0
1186073,GSE140381,0
1186073,GSE141085,0
1186073,GSE141239,0
1186073,GSE143516,0
1186073,GSE145215,1
1186073,GSE146264,0
1186073,GSE146597,0
1186073,GSE146600,0
1186073,GSE146602,0
1186073,GSE146896,0
1186073,GSE147672,0
1186073,GSE148348,0
1186073,GSE149767,0
1186073,GSE150443,0
1186073,GSE150513,0
1186073,GSE150851,1
1186073,GSE150904,1
1186073,GSE150905,1
1186073,GSE150906,1
1186073,GSE150907,1
1186073,GSE151214,0
1186073,GSE151316,0
1186073,GSE152177,0
1186073,GSE152467,0
1186073,GSE152885,0
1186073,GSE152889,0
1186073,GSE152890,0
1186073,GSE152891,0
1186073,GSE152892,0
1186073,GSE152894,0
1186073,GSE152895,0
1186073,GSE152897,0
1186073,GSE152898,0
1186073,GSE152899,0
1186073,GSE152900,0
1186073,GSE15299,0
1186073,GSE153013,0
1186073,GSE153520,0
1186073,GSE153521,0
1186073,GSE153522,0
1186073,GSE153638,0
1186073,GSE153647,0
1186073,GSE154175,0
1186073,GSE157232,0
1186073,GSE157490,0
1186073,GSE158030,0
1186073,GSE158034,0
1186073,GSE158036,0
1186073,GSE158037,0
1186073,GSE158038,0
1186073,GSE159345,0
1186073,GSE159972,1
1186073,GSE159985,1
1186073,GSE159986,1
1186073,GSE159991,0
1186073,GSE160097,0
1186073,GSE160148,1
1186073,GSE160471,0
1186073,GSE162170,0
1186073,GSE16221,0
1186073,GSE162515,0
1186073,GSE162660,0
1186073,GSE162690,0
1186073,GSE163729,0
1186073,GSE164593,1
1186073,GSE164594,1
1186073,GSE164595,1
1186073,GSE164596,1
1186073,GSE164946,0
1186073,GSE164947,0
1186073,GSE164949,0
1186073,GSE164950,0
1186073,GSE166074,0
1186073,GSE166075,0
1186073,GSE166177,0
1186073,GSE166179,0
1186073,GSE166797,0
1186073,GSE167334,0
1186073,GSE167336,0
1186073,GSE167341,0
1186073,GSE167538,0
1186073,GSE167877,0
1186073,GSE168012,0
1186073,GSE168880,0
1186073,GSE168881,0
1186073,GSE168882,0
1186073,GSE171012,0
1186073,GSE171115,0
1186073,GSE171116,0
1186073,GSE172040,0
1186073,GSE172169,0
1186073,GSE173182,0
1186073,GSE173187,0
1186073,GSE173189,0
1186073,GSE173557,0
1186073,GSE174279,0
1186073,GSE174281,0
1186073,GSE174282,0
1186073,GSE175451,1
1186073,GSE175452,1
1186073,GSE175660,0
1186073,GSE178562,0
1186073,GSE178718,0
1186073,GSE178758,0
1186073,GSE181392,0
1186073,GSE181407,0
1186073,GSE181415,0
1186073,GSE181416,0
1186073,GSE182340,0
1186073,GSE182837,0
1186073,GSE182839,0
1186073,GSE182841,0
1186073,GSE182845,0
1186073,GSE184566,1
1186073,GSE185432,0
1186073,GSE185642,0
1186073,GSE185885,0
1186073,GSE185886,0
1186073,GSE185888,0
1186073,GSE186332,0
1186073,GSE188666,0
1186073,GSE188669,0
1186073,GSE188670,0
1186073,GSE18956,0
1186073,GSE193136,0
1186073,GSE193236,0
1186073,GSE193237,0
1186073,GSE193238,0
1186073,GSE193240,0
1186073,GSE194315,0
1186073,GSE196235,0
1186073,GSE196526,1
1186073,GSE199174,0
1186073,GSE199213,0
1186073,GSE199214,0
1186073,GSE199293,0
1186073,GSE199434,0
1186073,GSE199832,0
1186073,GSE200075,0
1186073,GSE201581,0
1186073,GSE201582,0
1186073,GSE201873,0
1186073,GSE202377,0
1186073,GSE202672,1
1186073,GSE203254,0
1186073,GSE203508,0
1186073,GSE20435,0
1186073,GSE207057,0
1186073,GSE20737,0
1186073,GSE210065,0
1186073,GSE210066,0
1186073,GSE210067,0
1186073,GSE211627,0
1186073,GSE212461,0
1186073,GSE212482,0
1186073,GSE212984,1
1186073,GSE212996,1
1186073,GSE212998,1
1186073,GSE213015,0
1186073,GSE214019,0
1186073,GSE215786,0
1186073,GSE215816,0
1186073,GSE217710,1
1186073,GSE217713,1
1186073,GSE217714,1
1186073,GSE218355,0
1186073,GSE218816,0
1186073,GSE2195,0
1186073,GSE220974,1
1186073,GSE220975,1
1186073,GSE220976,1
1186073,GSE222249,1
1186073,GSE222251,1
1186073,GSE222252,1
1186073,GSE22343,0
1186073,GSE22344,0
1186073,GSE22345,0
1186073,GSE223806,0
1186073,GSE223808,0
1186073,GSE223809,0
1186073,GSE22393,0
1186073,GSE224813,0
1186073,GSE224815,0
1186073,GSE224816,0
1186073,GSE226164,0
1186073,GSE226165,0
1186073,GSE226167,0
1186073,GSE226264,0
1186073,GSE226268,0
1186073,GSE226529,0
1186073,GSE227276,0
1186073,GSE227779,0
1186073,GSE233765,0
1186073,GSE235779,0
1186073,GSE237216,1
1186073,GSE239350,0
1186073,GSE240410,0
1186073,GSE240823,0
1186073,GSE240830,0
1186073,GSE240984,0
1186073,GSE240985,0
1186073,GSE241139,0
1186073,GSE241683,0
1186073,GSE241838,0
1186073,GSE241839,0
1186073,GSE241882,0
1186073,GSE24437,0
1186073,GSE246342,0
1186073,GSE24727,0
1186073,GSE248774,0
1186073,GSE249518,0
1186073,GSE250534,0
1186073,GSE261695,1
1186073,GSE262811,0
1186073,GSE263119,0
1186073,GSE263190,0
1186073,GSE264160,0
1186073,GSE264649,0
1186073,GSE26540,0
1186073,GSE266089,0
1186073,GSE267355,0
1186073,GSE274185,0
1186073,GSE274187,0
1186073,GSE27903,1
1186073,GSE2824,1
1186073,GSE28585,0
1186073,GSE28631,0
1186073,GSE28638,0
1186073,GSE28641,0
1186073,GSE28866,0
1186073,GSE29489,0
1186073,GSE30102,0
1186073,GSE31014,0
1186073,GSE31332,0
1186073,GSE33207,0
1186073,GSE34528,0
1186073,GSE34766,0
1186073,GSE34767,0
1186073,GSE34794,0
1186073,GSE35468,0
1186073,GSE3551,0
1186073,GSE35530,1
1186073,GSE35531,1
1186073,GSE35533,1
1186073,GSE35835,1
1186073,GSE36513,0
1186073,GSE36968,0
1186073,GSE37111,1
1186073,GSE37112,1
1186073,GSE37113,1
1186073,GSE37114,1
1186073,GSE3825,0
1186073,GSE3845,1
1186073,GSE38506,0
1186073,GSE3874,0
1186073,GSE39122,1
1186073,GSE39170,0
1186073,GSE3945,0
1186073,GSE39572,0
1186073,GSE39680,0
1186073,GSE40011,0
1186073,GSE40095,0
1186073,GSE40121,0
1186073,GSE40122,0
1186073,GSE40123,0
1186073,GSE40228,1
1186073,GSE40236,1
1186073,GSE43916,0
1186073,GSE4433,1
1186073,GSE44715,0
1186073,GSE45238,0
1186073,GSE45590,1
1186073,GSE45591,1
1186073,GSE45599,1
1186073,GSE45600,1
1186073,GSE46609,1
1186073,GSE47494,0
1186073,GSE47753,0
1186073,GSE48004,0
1186073,GSE48005,0
1186073,GSE48007,0
1186073,GSE49853,0
1186073,GSE50676,0
1186073,GSE50677,0
1186073,GSE51299,1
1186073,GSE52516,0
1186073,GSE52600,0
1186073,GSE52662,0
1186073,GSE52680,0
1186073,GSE52681,0
1186073,GSE53020,0
1186073,GSE53035,0
1186073,GSE5307,0
1186073,GSE54001,1
1186073,GSE54016,0
1186073,GSE54114,1
1186073,GSE54247,0
1186073,GSE54374,0
1186073,GSE54397,0
1186073,GSE5502,0
1186073,GSE55338,0
1186073,GSE5591,1
1186073,GSE56802,0
1186073,GSE57973,0
1186073,GSE58161,0
1186073,GSE5951,0
1186073,GSE59626,1
1186073,GSE59627,1
1186073,GSE59628,1
1186073,GSE59840,0
1186073,GSE60034,0
1186073,GSE60434,0
1186073,GSE60682,0
1186073,GSE61129,0
1186073,GSE62691,0
1186073,GSE63288,0
1186073,GSE63570,0
1186073,GSE64168,0
1186073,GSE64169,0
1186073,GSE64482,1
1186073,GSE64696,0
1186073,GSE65360,0
1186073,GSE65793,0
1186073,GSE65873,0
1186073,GSE66534,0
1186073,GSE67382,0
1186073,GSE67567,0
1186073,GSE67704,1
1186073,GSE68039,0
1186073,GSE68040,0
1186073,GSE68044,0
1186073,GSE68045,0
1186073,GSE68047,0
1186073,GSE68052,0
1186073,GSE68053,0
1186073,GSE68279,0
1186073,GSE68379,0
1186073,GSE69139,0
1186073,GSE69140,0
1186073,GSE69141,0
1186073,GSE69142,0
1186073,GSE69143,0
1186073,GSE69208,0
1186073,GSE69667,0
1186073,GSE70108,0
1186073,GSE70109,0
1186073,GSE70110,0
1186073,GSE70801,0
1186073,GSE70802,0
1186073,GSE70803,0
1186073,GSE70804,0
1186073,GSE70986,0
1186073,GSE71081,0
1186073,GSE71156,1
1186073,GSE71351,0
1186073,GSE72599,0
1186073,GSE72640,0
1186073,GSE72693,0
1186073,GSE72697,1
1186073,GSE72721,0
1186073,GSE72741,0
1186073,GSE72744,0
1186073,GSE73206,1
1186073,GSE73207,1
1186073,GSE73224,1
1186073,GSE73912,0
1186073,GSE73913,0
1186073,GSE74246,0
1186073,GSE74310,0
1186073,GSE74353,0
1186073,GSE7474,0
1186073,GSE74912,0
1186073,GSE75384,0
1186073,GSE76006,0
1186073,GSE76065,0
1186073,GSE76224,1
1186073,GSE77309,0
1186073,GSE78832,0
1186073,GSE78873,1
1186073,GSE78953,0
1186073,GSE79468,0
1186073,GSE79469,0
1186073,GSE79664,0
1186073,GSE79921,0
1186073,GSE79954,0
1186073,GSE80820,0
1186073,GSE81204,0
1186073,GSE81206,0
1186073,GSE81207,0
1186073,GSE81232,0
1186073,GSE81345,1
1186073,GSE83431,0
1186073,GSE83730,0
1186073,GSE83731,0
1186073,GSE83732,0
1186073,GSE84646,1
1186073,GSE84657,0
1186073,GSE84660,0
1186073,GSE84661,0
1186073,GSE84662,0
1186073,GSE85011,0
1186073,GSE85330,0
1186073,GSE85331,0
1186073,GSE85332,0
1186073,GSE85853,0
1186073,GSE85861,0
1186073,GSE86344,0
1186073,GSE8652,0
1186073,GSE86594,0
1186073,GSE8667,0
1186073,GSE86886,0
1186073,GSE86887,0
1186073,GSE86888,0
1186073,GSE8855,0
1186073,GSE89420,0
1186073,GSE8957,0
1186073,GSE91061,0
1186073,GSE9204,0
1186073,GSE9205,0
1186073,GSE9206,0
1186073,GSE93246,0
1186073,GSE93247,0
1186073,GSE93248,0
1186073,GSE93533,0
1186073,GSE93566,0
1186073,GSE93567,0
1186073,GSE95098,0
1186073,GSE96769,0
1186073,GSE96771,0
1186073,GSE96772,0
1186073,GSE96811,0
1186073,GSE96998,0
1186073,GSE97486,0
1186073,GSE97583,1
1186073,GSE97584,1
1186073,GSE97585,1
1186073,GSE97586,1
1186073,GSE97587,1
1186073,GSE97588,1
1186073,GSE97669,1
1186073,GSE97710,0
1186073,GSE98177,0
1186073,GSE98178,0
1186073,GSE9922,0
1186073,GSE99702,0
1186123,GSE21072,0
1186123,GSE214028,0
1186123,GSE226038,0
1186123,GSE22687,0
1186123,GSE81956,0
1186285,GSE113126,0
1186285,GSE114707,0
1186285,GSE147620,0
1186285,GSE148190,0
1186285,GSE181574,0
1186285,GSE183092,0
1186285,GSE183093,0
1186285,GSE184398,0
1186285,GSE214065,0
1186285,GSE33307,0
1186303,GSE157269,0
1186303,GSE161828,0
1186303,GSE214070,0
1186303,GSE246488,0
1186327,GSE214070,0
1186327,GSE246488,0
1186346,GSE128218,0
1186346,GSE132964,0
1186346,GSE133031,0
1186346,GSE133032,0
1186346,GSE134109,0
1186346,GSE173888,1
1186346,GSE211605,0
1186346,GSE211606,0
1186346,GSE211607,0
1186346,GSE211608,0
1186346,GSE211609,0
1186346,GSE211610,0
1186346,GSE214070,0
1186346,GSE225810,0
1186346,GSE246488,0
1186346,GSE247231,0
1186346,GSE247380,0
1186346,GSE247381,0
1186428,GSE154036,0
1186428,GSE155468,0
1186428,GSE213735,0
1186428,GSE214082,0
1186428,GSE233257,0
1186428,GSE233625,0
1187099,GSE214265,0
1187433,GSE112935,0
1187433,GSE214337,0
1187566,GSE114697,0
1187566,GSE114700,0
1187566,GSE114701,0
1187566,GSE114847,0
1187566,GSE114874,0
1187566,GSE137473,0
1187566,GSE211696,0
1187566,GSE214355,0
1187566,GSE214761,0
1187566,GSE81437,0
1187566,GSE94108,0
1187642,GSE106557,0
1187642,GSE119467,0
1187642,GSE126892,0
1187642,GSE130949,0
1187642,GSE134595,0
1187642,GSE214378,0
1187642,GSE67089,0
1187642,GSE77588,0
1187642,GSE77644,0
1187642,GSE84106,0
1187642,GSE86213,0
1187642,GSE90498,0
1187642,GSE95386,0
1187642,GSE99118,0
1187655,GSE113030,0
1187655,GSE119562,0
1187655,GSE179753,0
1187655,GSE189807,0
1187655,GSE214378,0
1187678,GSE214378,0
1187819,GSE127831,0
1187819,GSE162760,0
1187819,GSE193005,0
1187819,GSE214397,0
1187819,GSE245292,0
1187819,GSE260729,0
1187819,GSE43880,0
1187819,GSE55664,0
1188141,GSE106805,0
1188141,GSE106806,0
1188141,GSE106807,0
1188141,GSE142842,0
1188141,GSE142843,0
1188141,GSE142844,0
1188141,GSE214490,0
1188141,GSE33561,0
1188141,GSE7310,1
1188282,GSE142321,0
1188282,GSE142322,0
1188282,GSE183534,0
1188282,GSE214515,0
1190066,GSE214887,0
1190134,GSE121653,0
1190134,GSE161619,0
1190134,GSE180960,0
1190134,GSE214905,0
1190287,GSE190460,0
1190287,GSE214964,0
1190512,GSE215018,0
1190629,GSE215047,0
1190629,GSE215048,0
1190629,GSE215049,0
1190629,GSE215050,0
1191385,GSE215217,0
1191385,GSE73655,1
1191385,GSE79711,1
1191429,GSE186104,1
1191429,GSE215231,1
1191571,GSE109379,0
1191571,GSE109381,0
1191571,GSE131482,0
1191571,GSE146731,0
1191571,GSE160249,0
1191571,GSE168457,0
1191571,GSE206481,0
1191571,GSE206482,0
1191571,GSE206483,0
1191571,GSE206484,0
1191571,GSE212621,0
1191571,GSE215240,0
1191571,GSE34824,0
1191571,GSE36245,0
1191571,GSE36278,0
1191571,GSE73038,0
1191571,GSE73801,0
1191571,GSE90496,0
1191716,GSE121198,1
1191716,GSE129779,1
1191716,GSE129780,1
1191716,GSE129781,1
1191716,GSE129782,1
1191716,GSE129783,1
1191716,GSE129784,1
1191716,GSE148470,1
1191716,GSE148471,1
1191716,GSE148472,1
1191716,GSE148473,1
1191716,GSE148474,1
1191716,GSE152660,1
1191716,GSE152661,1
1191716,GSE152662,1
1191716,GSE152663,1
1191716,GSE157731,1
1191716,GSE157732,1
1191716,GSE157735,1
1191716,GSE167275,1
1191716,GSE184498,1
1191716,GSE184499,1
1191716,GSE190549,1
1191716,GSE190550,1
1191716,GSE190551,1
1191716,GSE190552,1
1191716,GSE190553,1
1191716,GSE190554,1
1191716,GSE190555,1
1191716,GSE190556,1
1191716,GSE190557,1
1191716,GSE195503,1
1191716,GSE196489,0
1191716,GSE207209,0
1191716,GSE207349,0
1191716,GSE207350,0
1191716,GSE208586,1
1191716,GSE210201,1
1191716,GSE215257,1
1191716,GSE215258,1
1191716,GSE215259,1
1191716,GSE215260,1
1191716,GSE32116,0
1191716,GSE41044,0
1191716,GSE56833,0
1191716,GSE57380,0
1191716,GSE57597,0
1191716,GSE61632,0
1191815,GSE145597,0
1191815,GSE215287,0
1192140,GSE215365,0
1192563,GSE152680,0
1192563,GSE215440,0
1192563,GSE233262,0
1192921,GSE161918,0
1192921,GSE215802,0
1192921,GSE62795,0
1193195,GSE215843,0
1193343,GSE215865,0
1193462,GSE119757,0
1193462,GSE119758,0
1193462,GSE119759,0
1193462,GSE125206,0
1193462,GSE135449,0
1193462,GSE14224,1
1193462,GSE14633,1
1193462,GSE14634,1
1193462,GSE152047,0
1193462,GSE178388,0
1193462,GSE184563,0
1193462,GSE190262,0
1193462,GSE190544,0
1193462,GSE190547,0
1193462,GSE190548,0
1193462,GSE195811,0
1193462,GSE200725,0
1193462,GSE200734,0
1193462,GSE200751,0
1193462,GSE203446,0
1193462,GSE215865,0
1193462,GSE229530,0
1193462,GSE229531,0
1193462,GSE229532,0
1193462,GSE23019,0
1193462,GSE232853,0
1193462,GSE240410,0
1193462,GSE240823,0
1193462,GSE240830,0
1193462,GSE240984,0
1193462,GSE240985,0
1193462,GSE28487,0
1193462,GSE28489,0
1193462,GSE28490,0
1193462,GSE28491,0
1193462,GSE28492,0
1193462,GSE35671,0
1193462,GSE35672,0
1193462,GSE35673,0
1193462,GSE39304,1
1193462,GSE40151,1
1193462,GSE4115,0
1193462,GSE43939,0
1193462,GSE44723,1
1193462,GSE4635,0
1193462,GSE53519,0
1193462,GSE8885,0
1193462,GSE8980,0
1193462,GSE8987,1
1193668,GSE215899,0
1193744,GSE215914,0
1193904,GSE215944,0
1194565,GSE216082,0
1194878,GSE121999,0
1194878,GSE171524,0
1194878,GSE200988,0
1194878,GSE215433,0
1194878,GSE216127,0
1195290,GSE156524,0
1195290,GSE159831,0
1195290,GSE216213,0
1195981,GSE100102,0
1195981,GSE129631,0
1195981,GSE216356,0
1195981,GSE234802,0
1196168,GSE158474,0
1196168,GSE158476,0
1196168,GSE158886,0
1196168,GSE159253,0
1196168,GSE159254,0
1196168,GSE182062,0
1196168,GSE216392,0
1196168,GSE233423,0
1196168,GSE42997,0
1196335,GSE216442,0
1196335,GSE59946,0
1196403,GSE216457,0
1196403,GSE216463,0
1196403,GSE216477,0
1196403,GSE216479,0
1196403,GSE216481,0
1196403,GSE216595,0
1196403,GSE216601,0
1196403,GSE216602,0
1196403,GSE217066,0
1196403,GSE217215,0
1196403,GSE217460,0
1196403,GSE218506,0
1196403,GSE218562,0
1196403,GSE218789,0
1196403,GSE219000,0
1196403,GSE219058,0
1196403,GSE63269,0
1196403,GSE63472,0
1196403,GSE63473,0
1196403,GSE66693,0
1196403,GSE66694,0
1196403,GSE70151,0
1196673,GSE216532,0
1196782,GSE14038,0
1196782,GSE216540,0
1196782,GSE9234,0
1196837,GSE216547,0
1196847,GSE216548,0
1196938,GSE216574,0
1197106,GSE216617,0
1197415,GSE179856,0
1197415,GSE188746,1
1197415,GSE188813,1
1197415,GSE189643,1
1197415,GSE189919,1
1197415,GSE210182,0
1197415,GSE210183,0
1197415,GSE216687,0
1197415,GSE240544,1
1199003,GSE196292,0
1199003,GSE217060,0
1199355,GSE217132,0
1199387,GSE217140,0
1199387,GSE245235,0
1200459,GSE217327,0
1200644,GSE217368,0
1200644,GSE26724,0
1200934,GSE217420,0
1200938,GSE217420,0
1200938,GSE22109,0
1200967,GSE109579,0
1200967,GSE110175,0
1200967,GSE150026,0
1200967,GSE217422,0
1200967,GSE35044,0
1200967,GSE35045,0
1200967,GSE35046,0
1201409,GSE217511,0
1201635,GSE217558,0
1201643,GSE217558,0
1201933,GSE217633,0
1202112,GSE102773,0
1202112,GSE116471,0
1202112,GSE118729,0
1202112,GSE14219,1
1202112,GSE145921,0
1202112,GSE149134,0
1202112,GSE151143,0
1202112,GSE161693,0
1202112,GSE178263,0
1202112,GSE185678,0
1202112,GSE217671,0
1202112,GSE39224,0
1202112,GSE45664,1
1202112,GSE45841,1
1202112,GSE45844,1
1202112,GSE45845,1
1202112,GSE51054,0
1202112,GSE57700,0
1202112,GSE66969,0
1202112,GSE79024,0
1202112,GSE96524,0
1202302,GSE217709,0
1202302,GSE217711,0
1202302,GSE217712,0
1202800,GSE102639,0
1202800,GSE109270,1
1202800,GSE121276,0
1202800,GSE121277,0
1202800,GSE213697,1
1202800,GSE213698,1
1202800,GSE213706,1
1202800,GSE217810,0
1202831,GSE217830,0
1202831,GSE236658,0
1202978,GSE217849,0
1203235,GSE217917,0
1203235,GSE218139,0
1203235,GSE226386,0
1203235,GSE226388,0
1203235,GSE226390,0
1203277,GSE133245,0
1203277,GSE133248,0
1203277,GSE181059,0
1203277,GSE217920,0
1203277,GSE217923,0
1203277,GSE246837,0
1203277,GSE252537,0
1203277,GSE252960,0
1203682,GSE100478,0
1203682,GSE100479,0
1203682,GSE100480,0
1203682,GSE100549,0
1203682,GSE100550,0
1203682,GSE127873,0
1203682,GSE149438,0
1203682,GSE217978,0
1203682,GSE35824,1
1203930,GSE128087,0
1203930,GSE143314,0
1203930,GSE149921,0
1203930,GSE150604,0
1203930,GSE150612,0
1203930,GSE150614,0
1203930,GSE150615,0
1203930,GSE162473,0
1203930,GSE165202,0
1203930,GSE183425,0
1203930,GSE183426,0
1203930,GSE183427,0
1203930,GSE183429,0
1203930,GSE183432,0
1203930,GSE185519,0
1203930,GSE19612,0
1203930,GSE205704,0
1203930,GSE218022,0
1203930,GSE234171,0
1203930,GSE234173,0
1203930,GSE234174,0
1203930,GSE234181,0
1203930,GSE234185,0
1203930,GSE23806,0
1203930,GSE28271,0
1203930,GSE4271,0
1203930,GSE45117,0
1203930,GSE49009,0
1203930,GSE49161,0
1203930,GSE49162,0
1203930,GSE8049,0
1203930,GSE84010,0
1204131,GSE218025,0
1204525,GSE218090,0
1204579,GSE218101,0
1204589,GSE11686,0
1204589,GSE218103,0
1204589,GSE219099,0
1204589,GSE219100,0
1204795,GSE218145,0
1205261,GSE218252,0
1205261,GSE53522,0
1205393,GSE114674,0
1205393,GSE218283,0
1205393,GSE218301,0
1205393,GSE218302,0
1205426,GSE105248,0
1205426,GSE114484,0
1205426,GSE116112,0
1205426,GSE119886,0
1205426,GSE122367,0
1205426,GSE128724,0
1205426,GSE136470,0
1205426,GSE137951,0
1205426,GSE143415,0
1205426,GSE149428,1
1205426,GSE154065,0
1205426,GSE157208,0
1205426,GSE157210,0
1205426,GSE178839,0
1205426,GSE184857,0
1205426,GSE193162,0
1205426,GSE202755,0
1205426,GSE202885,0
1205426,GSE202897,0
1205426,GSE209565,0
1205426,GSE209946,0
1205426,GSE218290,0
1205426,GSE221020,0
1205426,GSE221021,0
1205426,GSE221022,0
1205426,GSE221023,0
1205426,GSE221442,0
1205426,GSE22319,0
1205426,GSE230081,0
1205426,GSE236573,0
1205426,GSE255750,0
1205426,GSE40730,0
1205426,GSE77180,0
1205426,GSE95024,0
1205672,GSE122531,0
1205672,GSE127468,0
1205672,GSE131679,0
1205672,GSE218367,0
1205779,GSE198346,0
1205779,GSE198347,0
1205779,GSE198348,0
1205779,GSE218394,0
1205779,GSE218395,0
1205779,GSE218396,0
1205779,GSE235311,0
1206139,GSE218493,0
1206304,GSE218542,0
1207318,GSE12692,0
1207318,GSE218758,0
1207386,GSE218774,0
1207450,GSE180661,0
1207450,GSE218774,0
1207853,GSE218860,0
1208227,GSE160885,0
1208227,GSE161351,0
1208227,GSE161353,0
1208227,GSE218945,0
1208227,GSE221225,0
1208227,GSE229543,0
1208292,GSE153401,0
1208292,GSE158361,0
1208292,GSE218960,0
1208544,GSE136169,0
1208544,GSE136688,0
1208544,GSE159516,0
1208544,GSE176469,0
1208544,GSE218998,0
1208623,GSE139444,0
1208623,GSE163059,0
1208623,GSE178944,0
1208623,GSE18784,0
1208623,GSE219014,0
1208623,GSE219015,0
1208623,GSE219057,0
1208623,GSE219106,0
1208623,GSE219167,0
1208623,GSE219248,0
1208623,GSE259284,0
1208623,GSE259285,0
1208623,GSE261078,0
1208952,GSE113046,0
1208952,GSE121492,0
1208952,GSE122161,0
1208952,GSE122162,0
1208952,GSE122163,0
1208952,GSE122164,0
1208952,GSE122166,0
1208952,GSE130899,0
1208952,GSE141812,0
1208952,GSE141813,0
1208952,GSE142213,0
1208952,GSE219092,0
1208952,GSE219096,0
1208952,GSE49241,0
1208952,GSE77029,0
1209361,GSE104577,0
1209361,GSE108107,0
1209361,GSE108160,0
1209361,GSE124102,0
1209361,GSE192920,0
1209361,GSE219155,0
1209361,GSE231560,0
1209361,GSE25013,0
1209361,GSE54532,0
1209361,GSE93847,0
1209361,GSE99890,0
1209820,GSE198308,0
1209820,GSE198309,0
1209820,GSE198313,0
1209820,GSE219237,0
1209958,GSE219259,1
1210612,GSE198861,0
1210612,GSE198862,0
1210612,GSE198871,0
1210612,GSE220141,0
1210809,GSE220170,0
1210809,GSE256040,0
1210809,GSE256076,0
1210809,GSE256129,0
1210809,GSE256130,0
1210809,GSE259221,0
1210809,GSE39816,0
1210809,GSE40326,0
1210809,GSE41992,0
1210809,GSE70345,0
1210809,GSE75101,0
1210809,GSE77653,0
1210842,GSE135885,1
1210842,GSE135891,1
1210842,GSE135892,1
1210842,GSE138631,1
1210842,GSE194201,0
1210842,GSE219109,0
1210842,GSE219110,0
1210842,GSE220178,0
1210842,GSE76350,0
1210842,GSE79946,0
1210923,GSE115449,0
1210923,GSE118187,0
1210923,GSE137109,0
1210923,GSE149075,0
1210923,GSE149947,0
1210923,GSE15457,1
1210923,GSE157240,0
1210923,GSE161731,0
1210923,GSE171555,0
1210923,GSE17156,0
1210923,GSE176260,0
1210923,GSE176261,0
1210923,GSE176262,0
1210923,GSE18388,0
1210923,GSE19668,0
1210923,GSE198449,0
1210923,GSE206263,0
1210923,GSE206266,0
1210923,GSE206283,0
1210923,GSE206284,0
1210923,GSE206455,0
1210923,GSE211567,0
1210923,GSE214051,0
1210923,GSE215087,0
1210923,GSE215915,0
1210923,GSE220188,0
1210923,GSE220189,0
1210923,GSE220190,0
1210923,GSE222548,0
1210923,GSE30550,0
1210923,GSE33341,0
1210923,GSE42247,0
1210923,GSE52428,0
1210923,GSE53399,0
1210923,GSE63042,0
1210923,GSE63990,0
1210923,GSE67401,0
1210923,GSE73072,0
1210923,GSE74735,0
1210923,GSE95104,0
1211117,GSE107976,0
1211117,GSE130737,0
1211117,GSE174010,0
1211117,GSE174013,0
1211117,GSE174014,0
1211117,GSE220219,0
1211121,GSE107976,1
1211121,GSE174010,0
1211121,GSE174013,0
1211121,GSE174014,0
1211121,GSE220219,0
1211199,GSE220236,0
1211365,GSE115193,0
1211365,GSE126269,1
1211365,GSE126273,1
1211365,GSE126274,1
1211365,GSE126287,1
1211365,GSE126288,1
1211365,GSE151611,1
1211365,GSE220263,0
1211365,GSE41951,1
1211365,GSE50431,0
1211365,GSE90497,0
1212322,GSE100114,0
1212322,GSE152355,0
1212322,GSE220598,1
1212322,GSE89563,0
1212504,GSE220622,0
1212504,GSE221615,0
1212504,GSE224624,0
1212548,GSE199421,0
1212548,GSE199422,0
1212548,GSE220642,0
1212797,GSE220692,0
1212797,GSE242085,0
1212797,GSE242086,0
1212797,GSE242087,0
1212797,GSE71997,0
1212797,GSE81266,0
1212798,GSE100263,0
1212798,GSE120262,0
1212798,GSE180654,0
1212798,GSE180655,0
1212798,GSE180656,0
1212798,GSE216620,0
1212798,GSE218001,0
1212798,GSE220692,0
1212798,GSE81266,0
1212798,GSE99333,0
1213215,GSE206529,0
1213215,GSE220792,0
1213235,GSE10881,0
1213235,GSE11128,1
1213235,GSE124260,0
1213235,GSE124261,0
1213235,GSE124262,0
1213235,GSE135388,0
1213235,GSE151444,0
1213235,GSE151445,0
1213235,GSE151446,0
1213235,GSE178701,0
1213235,GSE185573,0
1213235,GSE185574,0
1213235,GSE186492,0
1213235,GSE192551,0
1213235,GSE196620,0
1213235,GSE203204,0
1213235,GSE220805,0
1213235,GSE233342,0
1213235,GSE30056,1
1213235,GSE40412,1
1213235,GSE40716,1
1213235,GSE42580,1
1213235,GSE42616,1
1213235,GSE4307,1
1213235,GSE4308,1
1213235,GSE4309,1
1213235,GSE43775,0
1213235,GSE46854,0
1213235,GSE46855,0
1213235,GSE49689,1
1213235,GSE50394,1
1213235,GSE60018,1
1213235,GSE60204,1
1213235,GSE63266,0
1213235,GSE65020,0
1213235,GSE67259,0
1213235,GSE74094,0
1213235,GSE76245,0
1213235,GSE87341,0
1213235,GSE87644,0
1213235,GSE87645,0
1213235,GSE91038,0
1213235,GSE91040,0
1213235,GSE91041,0
1213343,GSE220833,0
1213841,GSE220928,0
1214254,GSE220967,0
1214320,GSE104800,0
1214320,GSE146591,0
1214320,GSE165137,0
1214320,GSE206068,0
1214320,GSE206351,0
1214320,GSE206352,0
1214320,GSE206353,0
1214320,GSE206354,0
1214320,GSE220973,0
1214320,GSE33267,0
1214320,GSE33502,0
1214320,GSE37655,0
1214320,GSE58324,0
1214464,GSE220994,0
1214612,GSE156222,0
1214612,GSE221015,0
1214612,GSE221016,0
1214612,GSE221017,0
1214677,GSE138695,0
1214677,GSE221027,0
1214907,GSE221077,0
1214907,GSE65836,0
1215210,GSE221147,0
1215228,GSE106659,0
1215228,GSE106712,0
1215228,GSE106713,0
1215228,GSE13438,0
1215228,GSE17496,0
1215228,GSE221157,0
1215228,GSE242499,0
1215228,GSE63355,0
1215228,GSE86605,0
1215477,GSE115600,0
1215477,GSE115622,0
1215477,GSE115626,0
1215477,GSE140994,0
1215477,GSE141001,0
1215477,GSE141003,0
1215477,GSE141004,0
1215477,GSE154824,0
1215477,GSE154827,0
1215477,GSE154828,0
1215477,GSE193461,0
1215477,GSE193465,0
1215477,GSE197217,0
1215477,GSE205049,0
1215477,GSE205354,0
1215477,GSE221196,0
1215477,GSE221200,0
1215477,GSE221201,0
1215477,GSE221202,0
1215477,GSE232855,0
1215477,GSE40110,0
1215477,GSE60768,0
1215990,GSE221293,0
1215990,GSE221441,0
1216421,GSE16522,0
1216421,GSE197879,0
1216421,GSE215873,0
1216421,GSE221376,0
1216421,GSE26030,0
1216601,GSE221420,1
1216808,GSE109001,0
1216808,GSE137422,0
1216808,GSE163560,0
1216808,GSE172402,0
1216808,GSE195455,0
1216808,GSE195457,0
1216808,GSE195458,0
1216808,GSE198008,0
1216808,GSE221450,0
1216808,GSE64398,0
1216980,GSE217103,0
1216980,GSE221506,0
1217035,GSE221524,0
1217146,GSE103787,0
1217146,GSE109211,0
1217146,GSE126053,0
1217146,GSE147883,1
1217146,GSE15212,0
1217146,GSE163856,0
1217146,GSE171777,0
1217146,GSE172190,0
1217146,GSE172191,0
1217146,GSE206613,0
1217146,GSE206785,0
1217146,GSE20842,0
1217146,GSE221543,0
1217146,GSE29405,0
1217146,GSE33824,0
1217146,GSE38389,0
1217146,GSE46200,0
1217146,GSE46711,0
1217146,GSE53546,1
1217146,GSE59576,1
1217146,GSE59577,1
1217146,GSE59578,1
1217146,GSE64109,1
1217146,GSE64110,1
1217146,GSE64112,1
1217146,GSE64114,1
1217146,GSE65482,0
1217146,GSE68505,1
1217146,GSE81303,1
1217146,GSE81394,1
1217146,GSE81395,1
1217146,GSE87211,0
1217146,GSE96597,0
1217305,GSE221571,0
1217348,GSE221581,0
1217349,GSE136365,1
1217349,GSE221581,0
1217367,GSE112558,0
1217367,GSE112560,0
1217367,GSE112561,0
1217367,GSE221581,0
1217367,GSE45839,0
1217467,GSE121545,0
1217467,GSE121546,0
1217467,GSE121547,0
1217467,GSE123689,0
1217467,GSE150617,0
1217467,GSE182592,0
1217467,GSE221618,0
1217467,GSE221619,0
1217467,GSE221620,0
1217467,GSE73238,0
1217467,GSE73239,0
1217467,GSE73240,0
1217657,GSE221667,0
1218330,GSE221804,0
1218330,GSE222667,0
1218330,GSE222668,0
1218385,GSE141707,0
1218385,GSE157690,0
1218385,GSE221815,0
1218385,GSE261968,0
1218385,GSE261969,0
1218390,GSE104288,0
1218390,GSE108809,0
1218390,GSE128276,0
1218390,GSE148450,0
1218390,GSE157690,0
1218390,GSE159992,0
1218390,GSE217369,0
1218390,GSE221815,0
1218390,GSE261968,0
1218390,GSE261969,0
1218390,GSE32427,0
1218390,GSE99943,0
1218390,GSE99946,0
1218390,GSE99950,0
1218748,GSE221911,0
1219182,GSE114097,0
1219182,GSE127983,1
1219182,GSE16063,0
1219182,GSE161044,0
1219182,GSE200326,0
1219182,GSE203367,0
1219182,GSE203369,0
1219182,GSE203372,0
1219182,GSE222006,0
1219182,GSE226282,0
1219182,GSE226283,0
1219182,GSE226284,0
1219182,GSE227199,0
1219182,GSE63657,0
1219182,GSE67967,1
1219182,GSE68783,1
1219433,GSE222048,0
1219769,GSE110787,0
1219769,GSE222117,0
1219769,GSE242316,0
1219769,GSE84335,0
1219769,GSE84336,0
1219769,GSE84337,0
1219769,GSE84338,0
1219769,GSE9944,0
1219769,GSE9963,0
1219846,GSE131627,0
1219846,GSE131706,0
1219846,GSE151355,0
1219846,GSE197881,0
1219846,GSE222131,0
1219846,GSE29392,0
1219846,GSE29393,0
1219846,GSE29394,0
1219846,GSE29395,0
1219846,GSE35294,0
1219846,GSE47488,0
1219846,GSE47677,0
1219846,GSE47678,0
1219846,GSE51505,0
1219846,GSE61968,0
1219846,GSE75001,0
1219846,GSE87582,0
1220327,GSE148646,0
1220327,GSE222259,0
1220327,GSE98132,0
1220548,GSE115437,0
1220548,GSE147407,0
1220548,GSE222327,0
1220551,GSE222327,0
1220640,GSE116789,0
1220640,GSE222356,0
1221359,GSE129788,0
1221359,GSE222510,0
1221857,GSE122506,0
1221857,GSE122507,0
1221857,GSE122508,0
1221857,GSE122613,0
1221857,GSE123082,0
1221857,GSE141821,0
1221857,GSE185526,0
1221857,GSE185527,0
1221857,GSE185528,0
1221857,GSE185529,0
1221857,GSE199626,0
1221857,GSE222597,0
1221857,GSE223360,0
1221857,GSE224446,0
1221857,GSE243102,0
1221857,GSE243103,0
1221857,GSE243104,0
1221857,GSE243105,0
1221857,GSE243106,0
1221857,GSE243107,0
1221857,GSE83452,0
1222390,GSE127222,0
1222390,GSE141221,0
1222390,GSE222749,0
1222406,GSE222749,0
1222406,GSE25401,0
1222406,GSE25402,0
1222406,GSE25470,0
1222406,GSE25910,0
1222622,GSE113155,0
1222622,GSE116356,0
1222622,GSE128270,1
1222622,GSE141116,0
1222622,GSE144561,0
1222622,GSE146184,0
1222622,GSE155442,0
1222622,GSE164665,0
1222622,GSE199102,0
1222622,GSE202051,0
1222622,GSE221598,0
1222622,GSE222788,0
1222622,GSE227176,0
1222622,GSE55209,0
1222622,GSE77508,0
1222970,GSE10119,0
1222970,GSE103211,0
1222970,GSE115449,0
1222970,GSE118270,0
1222970,GSE13033,0
1222970,GSE13034,0
1222970,GSE13035,0
1222970,GSE136348,0
1222970,GSE143915,0
1222970,GSE147942,0
1222970,GSE147948,0
1222970,GSE147949,0
1222970,GSE153887,0
1222970,GSE155328,0
1222970,GSE160692,0
1222970,GSE162422,1
1222970,GSE168195,0
1222970,GSE172471,0
1222970,GSE174588,0
1222970,GSE17893,0
1222970,GSE195665,0
1222970,GSE197068,0
1222970,GSE197069,0
1222970,GSE197216,0
1222970,GSE197255,0
1222970,GSE210439,0
1222970,GSE212509,0
1222970,GSE213912,0
1222970,GSE215307,0
1222970,GSE222874,0
1222970,GSE234814,0
1222970,GSE234817,0
1222970,GSE235326,0
1222970,GSE237386,0
1222970,GSE245936,0
1222970,GSE28037,0
1222970,GSE28431,0
1222970,GSE42065,0
1222970,GSE46356,0
1222970,GSE57545,0
1222970,GSE68104,0
1223009,GSE222878,0
1223009,GSE222880,0
1223009,GSE222881,0
1223009,GSE222882,0
1223482,GSE207201,0
1223482,GSE207202,0
1223482,GSE207203,0
1223482,GSE222990,0
1223482,GSE222991,0
1223482,GSE223153,0
1223487,GSE111640,0
1223487,GSE202853,0
1223487,GSE222990,0
1223487,GSE222991,0
1223487,GSE223153,0
1223488,GSE222990,0
1223488,GSE222991,0
1223488,GSE223153,0
1223573,GSE11204,0
1223573,GSE116744,0
1223573,GSE15159,0
1223573,GSE175686,0
1223573,GSE176478,0
1223573,GSE1798,0
1223573,GSE223012,0
1223573,GSE2458,0
1223573,GSE29632,0
1223573,GSE4766,0
1223659,GSE128901,0
1223659,GSE223039,0
1223884,GSE163531,0
1223884,GSE223101,0
1224260,GSE113152,0
1224260,GSE160901,0
1224260,GSE223184,0
1224310,GSE223205,0
1224809,GSE223336,0
1224809,GSE223381,0
1224809,GSE225236,0
1224809,GSE229292,0
1224971,GSE223377,0
1225100,GSE149666,0
1225100,GSE223404,0
1225100,GSE64834,1
1225445,GSE191173,0
1225445,GSE223514,0
1225488,GSE137007,0
1225488,GSE163089,0
1225488,GSE168122,0
1225488,GSE168124,0
1225488,GSE200358,0
1225488,GSE200359,0
1225488,GSE200360,0
1225488,GSE200488,0
1225488,GSE208097,0
1225488,GSE223521,0
1225550,GSE223534,0
1225603,GSE223539,0
1225620,GSE132730,0
1225620,GSE223543,0
1226265,GSE223670,0
1226443,GSE212317,0
1226443,GSE212323,0
1226443,GSE212343,0
1226443,GSE213391,0
1226443,GSE215444,0
1226443,GSE215447,0
1226443,GSE223719,0
1226451,GSE212317,0
1226451,GSE212323,0
1226451,GSE212343,0
1226451,GSE213391,0
1226451,GSE215444,1
1226451,GSE215445,1
1226451,GSE215446,1
1226451,GSE215447,1
1226451,GSE223719,0
1226583,GSE223742,0
1226583,GSE244083,0
1226583,GSE244087,0
1226583,GSE244088,0
1227201,GSE114906,0
1227201,GSE168490,0
1227201,GSE223815,0
1227227,GSE223817,0
1227808,GSE119716,0
1227808,GSE223966,0
1227833,GSE223972,0
1227848,GSE223972,0
1228284,GSE224062,0
1228284,GSE225338,0
1228320,GSE161179,0
1228320,GSE224066,0
1228673,GSE102889,0
1228673,GSE117164,0
1228673,GSE132835,0
1228673,GSE224135,0
1228673,GSE77788,0
1228732,GSE100070,0
1228732,GSE104169,0
1228732,GSE106801,0
1228732,GSE106802,0
1228732,GSE153105,0
1228732,GSE153106,0
1228732,GSE153107,0
1228732,GSE153109,0
1228732,GSE153110,0
1228732,GSE153111,0
1228732,GSE153112,0
1228732,GSE153180,0
1228732,GSE159449,0
1228732,GSE174076,0
1228732,GSE20270,0
1228732,GSE224142,0
1228732,GSE254780,0
1228732,GSE31063,0
1228732,GSE53380,0
1228732,GSE53427,0
1228732,GSE53428,0
1228732,GSE77005,0
1228732,GSE90150,0
1228922,GSE224195,0
1228925,GSE224197,0
1229157,GSE224235,0
1229157,GSE229472,0
1229205,GSE110630,0
1229205,GSE110631,0
1229205,GSE110632,0
1229205,GSE110633,0
1229205,GSE110634,0
1229205,GSE110635,0
1229205,GSE110636,0
1229205,GSE110637,0
1229205,GSE124450,0
1229205,GSE124451,0
1229205,GSE150639,0
1229205,GSE150645,0
1229205,GSE150647,0
1229205,GSE155181,0
1229205,GSE161899,0
1229205,GSE161900,0
1229205,GSE161902,0
1229205,GSE162202,0
1229205,GSE186122,0
1229205,GSE224241,0
1229205,GSE224242,0
1229205,GSE224244,0
1229205,GSE224245,0
1229205,GSE94811,0
1229205,GSE95189,0
1229205,GSE95193,0
1229280,GSE211166,0
1229280,GSE224251,0
1229280,GSE224257,0
1229280,GSE224262,0
1229280,GSE224265,0
1229280,GSE230788,0
1229280,GSE244304,0
1229280,GSE244309,1
1229280,GSE27160,0
1229280,GSE67488,0
1229280,GSE67489,0
1229280,GSE67490,0
1229280,GSE67491,0
1229280,GSE8994,0
1229362,GSE118995,0
1229362,GSE161651,0
1229362,GSE224266,0
1229551,GSE224294,0
1229831,GSE218276,0
1229831,GSE224359,0
1229843,GSE218276,0
1229843,GSE224359,0
1229914,GSE224384,0
1230215,GSE108293,1
1230215,GSE111697,0
1230215,GSE111698,0
1230215,GSE111699,0
1230215,GSE111700,0
1230215,GSE11906,0
1230215,GSE130751,1
1230215,GSE133102,0
1230215,GSE138032,0
1230215,GSE138033,0
1230215,GSE138036,0
1230215,GSE138037,0
1230215,GSE139059,1
1230215,GSE13933,0
1230215,GSE139523,1
1230215,GSE142334,1
1230215,GSE142335,1
1230215,GSE142336,1
1230215,GSE142357,1
1230215,GSE143293,1
1230215,GSE143852,0
1230215,GSE143853,0
1230215,GSE145061,1
1230215,GSE146542,1
1230215,GSE146544,1
1230215,GSE146590,1
1230215,GSE146592,1
1230215,GSE146753,0
1230215,GSE146754,0
1230215,GSE146755,0
1230215,GSE158833,1
1230215,GSE167786,1
1230215,GSE189867,1
1230215,GSE201058,1
1230215,GSE20257,0
1230215,GSE224465,0
1230215,GSE224512,0
1230215,GSE224513,0
1230215,GSE224781,0
1230215,GSE224782,0
1230215,GSE237987,0
1230215,GSE237990,0
1230215,GSE239937,0
1230215,GSE254588,0
1230215,GSE254589,0
1230215,GSE254591,0
1230215,GSE254593,0
1230215,GSE254594,0
1230215,GSE254595,0
1230215,GSE254896,0
1230215,GSE254897,0
1230215,GSE254898,0
1230215,GSE254899,0
1230215,GSE254900,0
1230215,GSE254901,0
1230215,GSE254902,0
1230215,GSE254903,0
1230215,GSE254904,0
1230215,GSE254905,0
1230215,GSE254906,0
1230215,GSE254907,0
1230215,GSE254908,0
1230215,GSE260809,0
1230215,GSE260810,0
1230215,GSE260811,0
1230215,GSE262093,0
1230215,GSE262094,0
1230215,GSE40989,0
1230215,GSE45982,1
1230215,GSE48975,1
1230215,GSE58365,0
1230215,GSE61360,0
1230215,GSE61577,0
1230215,GSE71702,1
1230215,GSE73109,1
1230215,GSE79639,0
1230215,GSE79640,0
1230215,GSE79684,0
1230215,GSE79685,0
1230215,GSE79686,0
1230215,GSE79888,0
1230215,GSE80351,0
1230215,GSE81623,1
1230215,GSE81705,1
1230215,GSE84022,0
1230215,GSE89521,1
1230215,GSE95013,1
1230215,GSE95491,1
1230302,GSE141639,0
1230302,GSE157704,0
1230302,GSE157705,0
1230302,GSE157706,0
1230302,GSE157707,0
1230302,GSE196540,0
1230302,GSE196541,0
1230302,GSE196542,0
1230302,GSE224500,0
1230302,GSE28703,0
1230302,GSE33315,0
1230302,GSE35201,0
1230302,GSE35202,0
1230302,GSE35203,0
1230302,GSE44430,0
1230302,GSE65211,0
1230302,GSE65214,0
1230424,GSE140232,0
1230424,GSE154845,0
1230424,GSE190649,0
1230424,GSE224539,0
1230686,GSE136062,0
1230686,GSE224597,0
1231088,GSE117088,0
1231088,GSE224690,0
1231151,GSE179473,0
1231151,GSE179475,0
1231151,GSE179476,0
1231151,GSE207525,0
1231151,GSE224697,0
1231151,GSE224698,0
1231151,GSE224699,0
1231151,GSE224700,0
1231151,GSE224850,0
1231151,GSE253926,0
1231367,GSE16333,0
1231367,GSE224743,0
1231367,GSE224916,0
1231367,GSE224917,0
1231367,GSE35057,0
1231367,GSE35059,0
1231367,GSE35062,0
1231367,GSE6906,0
1232545,GSE225063,0
1232778,GSE216556,0
1232778,GSE225117,1
1233373,GSE225256,0
1233593,GSE109614,0
1233593,GSE133095,0
1233593,GSE174342,0
1233593,GSE205771,0
1233593,GSE225302,0
1233593,GSE76701,0
1234124,GSE225412,0
1234520,GSE144533,0
1234520,GSE148652,0
1234520,GSE148653,0
1234520,GSE148654,0
1234520,GSE225487,0
1234520,GSE225488,0
1234520,GSE225489,0
1234520,GSE238117,0
1234716,GSE225549,0
1234716,GSE86792,0
1235395,GSE225700,0
1235403,GSE225700,0
1236121,GSE225849,0
1236255,GSE179770,0
1236255,GSE225876,0
1236539,GSE208549,0
1236539,GSE225964,0
1236539,GSE225967,0
1236539,GSE225971,0
1236539,GSE225973,0
1236539,GSE225975,0
1236557,GSE126985,1
1236557,GSE130306,0
1236557,GSE181257,0
1236557,GSE207016,0
1236557,GSE207018,0
1236557,GSE207019,0
1236557,GSE222193,1
1236557,GSE225972,0
1236557,GSE240282,0
1236557,GSE240284,0
1236557,GSE240285,0
1236557,GSE267110,0
1236557,GSE267111,0
1237835,GSE226270,0
1237964,GSE226303,0
1238742,GSE115440,0
1238742,GSE134219,0
1238742,GSE134221,0
1238742,GSE134222,0
1238742,GSE134223,0
1238742,GSE134224,0
1238742,GSE134225,0
1238742,GSE145032,0
1238742,GSE189972,0
1238742,GSE226467,0
1239992,GSE115109,0
1239992,GSE144700,0
1239992,GSE149239,0
1239992,GSE156927,0
1239992,GSE197250,0
1239992,GSE224020,0
1239992,GSE224021,0
1239992,GSE224024,0
1239992,GSE224025,0
1239992,GSE226754,0
1240199,GSE226789,0
1240826,GSE115389,0
1240826,GSE123560,0
1240826,GSE125508,0
1240826,GSE126696,0
1240826,GSE139146,0
1240826,GSE160255,0
1240826,GSE179277,0
1240826,GSE189986,0
1240826,GSE190447,0
1240826,GSE191232,0
1240826,GSE199412,0
1240826,GSE200039,0
1240826,GSE212532,0
1240826,GSE215950,0
1240826,GSE215952,0
1240826,GSE215953,0
1240826,GSE226911,0
1240826,GSE231427,1
1240826,GSE232941,1
1240826,GSE252611,0
1240826,GSE264405,0
1240826,GSE3040,0
1240826,GSE30588,0
1240826,GSE31102,0
1240826,GSE36379,0
1240826,GSE42897,0
1240826,GSE44946,0
1240826,GSE62049,0
1240826,GSE70752,0
1240826,GSE72645,0
1240826,GSE84133,0
1240826,GSE99301,0
1241036,GSE226976,0
1241316,GSE227057,0
1241316,GSE227264,0
1241316,GSE237068,0
1241316,GSE237080,0
1241482,GSE227102,0
1241598,GSE227116,0
1241612,GSE227116,0
1241630,GSE227116,0
1241640,GSE227116,0
1241686,GSE114726,0
1241686,GSE135152,0
1241686,GSE227131,0
1241686,GSE9568,0
1241838,GSE227176,0
1241884,GSE184678,0
1241884,GSE227193,0
1241884,GSE227194,0
1241884,GSE227196,0
1242027,GSE157679,0
1242027,GSE192630,0
1242027,GSE227253,0
1242027,GSE233843,0
1242363,GSE227334,0
1242519,GSE135594,0
1242519,GSE150494,0
1242519,GSE218022,0
1242519,GSE227369,0
1243189,GSE103847,0
1243189,GSE179546,0
1243189,GSE179551,0
1243189,GSE179553,0
1243189,GSE227493,0
1243189,GSE241386,0
1243189,GSE49868,0
1243189,GSE70108,0
1243189,GSE70109,0
1243189,GSE70110,0
1243189,GSE70596,0
1243189,GSE70598,0
1243189,GSE70599,0
1243189,GSE71281,0
1243189,GSE73912,0
1243189,GSE73913,0
1244036,GSE189889,0
1244036,GSE227671,0
1244036,GSE228105,0
1244216,GSE150050,0
1244216,GSE227712,0
1244675,GSE151452,0
1244675,GSE185245,0
1244675,GSE221633,0
1244675,GSE221851,0
1244675,GSE227850,0
1244675,GSE235572,0
1245160,GSE223150,0
1245160,GSE227976,0
1245306,GSE207619,0
1245306,GSE228011,0
1245494,GSE228067,0
1245494,GSE228068,0
1245494,GSE228076,0
1245494,GSE228140,0
1245494,GSE228142,0
1245494,GSE249374,0
1245494,GSE99004,0
1245494,GSE99014,0
1245494,GSE99016,0
1245558,GSE120935,0
1245558,GSE228086,0
1245558,GSE228087,0
1245558,GSE228088,0
1245651,GSE109610,0
1245651,GSE185481,0
1245651,GSE185482,0
1245651,GSE185483,0
1245651,GSE185484,0
1245651,GSE228096,0
1245651,GSE43219,0
1245651,GSE61693,0
1245651,GSE66334,0
1245651,GSE76468,0
1245869,GSE228149,1
1245869,GSE228150,1
1245869,GSE228151,1
1245959,GSE111796,0
1245959,GSE168096,0
1245959,GSE173395,0
1245959,GSE212925,0
1245959,GSE214151,0
1245959,GSE228162,0
1245959,GSE233661,0
1245959,GSE93016,0
1245959,GSE93017,0
1245959,GSE93018,0
1245959,GSE99333,0
1246494,GSE120950,0
1246494,GSE120951,0
1246494,GSE120952,0
1246494,GSE120953,0
1246494,GSE123187,0
1246494,GSE135841,0
1246494,GSE143810,0
1246494,GSE194004,0
1246494,GSE228264,0
1246789,GSE228320,0
1246811,GSE104636,0
1246811,GSE104858,0
1246811,GSE228355,0
1246886,GSE228367,0
1246920,GSE137951,0
1246920,GSE157208,0
1246920,GSE157210,0
1246920,GSE198981,0
1246920,GSE198982,0
1246920,GSE198985,0
1246920,GSE198986,0
1246920,GSE228372,0
1246920,GSE22903,0
1246920,GSE231023,0
1246920,GSE43041,0
1246920,GSE43042,0
1246920,GSE43044,0
1246920,GSE59859,0
1246920,GSE83296,0
1246920,GSE98194,0
1247039,GSE228406,0
1247369,GSE148661,0
1247369,GSE228489,0
1247455,GSE106442,1
1247455,GSE120577,1
1247455,GSE131500,0
1247455,GSE144701,0
1247455,GSE151851,0
1247455,GSE164300,0
1247455,GSE166298,0
1247455,GSE178902,0
1247455,GSE198815,0
1247455,GSE201887,0
1247455,GSE207452,0
1247455,GSE208323,0
1247455,GSE228502,0
1247455,GSE31711,0
1247455,GSE37344,1
1247455,GSE52812,1
1247455,GSE53524,1
1247455,GSE55785,1
1247455,GSE55870,1
1247455,GSE55871,1
1247455,GSE60685,1
1247455,GSE66981,1
1247455,GSE97546,1
1247455,GSE97594,1
1247689,GSE228549,0
1247948,GSE117753,0
1247948,GSE180507,0
1247948,GSE186384,0
1247948,GSE186385,0
1247948,GSE186386,0
1247948,GSE186387,0
1247948,GSE186388,0
1247948,GSE186389,0
1247948,GSE21757,0
1247948,GSE228599,0
1247948,GSE33892,0
1247948,GSE39955,0
1247948,GSE62016,0
1247948,GSE62101,0
1247948,GSE67691,0
1247948,GSE67694,0
1247948,GSE67710,0
1247948,GSE67715,0
1247948,GSE67719,0
1247948,GSE73327,0
1247948,GSE73328,0
1247948,GSE73329,0
1247948,GSE75989,0
1247948,GSE76146,0
1247948,GSE80196,0
1247948,GSE80202,0
1247948,GSE80203,0
1247948,GSE80204,0
1247948,GSE80205,0
1248097,GSE228649,1
1248334,GSE213318,0
1248334,GSE228695,0
1248334,GSE51800,0
1248334,GSE61504,0
1248375,GSE164056,0
1248375,GSE228702,0
1249086,GSE228912,0
1249086,GSE229121,0
1249086,GSE229122,0
1249086,GSE229123,0
1249088,GSE116553,0
1249088,GSE228912,0
1249088,GSE229121,0
1249088,GSE229122,0
1249088,GSE229123,0
1249088,GSE61596,0
1249088,GSE73337,0
1249088,GSE89658,0
1249088,GSE89833,0
1249088,GSE89837,0
1249088,GSE95134,0
1249088,GSE95135,0
1249088,GSE95136,0
1249476,GSE103864,0
1249476,GSE105033,0
1249476,GSE106305,0
1249476,GSE114273,0
1249476,GSE114274,0
1249476,GSE114275,0
1249476,GSE119385,0
1249476,GSE132827,0
1249476,GSE13332,0
1249476,GSE136128,0
1249476,GSE136129,0
1249476,GSE136130,0
1249476,GSE138460,0
1249476,GSE143975,0
1249476,GSE151433,0
1249476,GSE159004,0
1249476,GSE159005,0
1249476,GSE184740,0
1249476,GSE18684,0
1249476,GSE210202,0
1249476,GSE211944,0
1249476,GSE211945,0
1249476,GSE211946,0
1249476,GSE228999,0
1249476,GSE245708,0
1249476,GSE28126,0
1249476,GSE34649,0
1249476,GSE38851,0
1249476,GSE41188,0
1249476,GSE41192,0
1249476,GSE41193,0
1249476,GSE49342,0
1249476,GSE53994,0
1249476,GSE55016,0
1249476,GSE55345,0
1249476,GSE60564,0
1249476,GSE61214,0
1249476,GSE65112,0
1249476,GSE67256,0
1249476,GSE70498,0
1249476,GSE73917,0
1249476,GSE73994,0
1249476,GSE73995,0
1249476,GSE80042,0
1249476,GSE82189,0
1249476,GSE8466,0
1249576,GSE229020,0
1249636,GSE229032,0
1249815,GSE10040,0
1249815,GSE10055,0
1249815,GSE10056,0
1249815,GSE10151,0
1249815,GSE101660,0
1249815,GSE107294,0
1249815,GSE107295,0
1249815,GSE107296,0
1249815,GSE107297,0
1249815,GSE11027,0
1249815,GSE11028,0
1249815,GSE11029,0
1249815,GSE11030,0
1249815,GSE11099,0
1249815,GSE121355,0
1249815,GSE12323,0
1249815,GSE135194,0
1249815,GSE142235,0
1249815,GSE142444,0
1249815,GSE14561,0
1249815,GSE14749,0
1249815,GSE163050,0
1249815,GSE163051,0
1249815,GSE163052,0
1249815,GSE163198,0
1249815,GSE163625,0
1249815,GSE163626,0
1249815,GSE163640,0
1249815,GSE163641,0
1249815,GSE168163,0
1249815,GSE168859,0
1249815,GSE169088,0
1249815,GSE169709,0
1249815,GSE171220,0
1249815,GSE18906,0
1249815,GSE193421,0
1249815,GSE196052,0
1249815,GSE196645,0
1249815,GSE197479,0
1249815,GSE197480,0
1249815,GSE197482,0
1249815,GSE201704,0
1249815,GSE229059,0
1249815,GSE234588,0
1249815,GSE240864,0
1249815,GSE240866,0
1249815,GSE240867,0
1249815,GSE244153,0
1249815,GSE28149,0
1249815,GSE31038,0
1249815,GSE31061,0
1249815,GSE31111,0
1249815,GSE34804,0
1249815,GSE42869,0
1249815,GSE46032,0
1249815,GSE47353,0
1249815,GSE56170,0
1249815,GSE58172,0
1249815,GSE64023,0
1249815,GSE67255,0
1249815,GSE68710,0
1249815,GSE77705,0
1249815,GSE78004,0
1249815,GSE80062,0
1249815,GSE83808,0
1249815,GSE9595,0
1249815,GSE96577,0
1249815,GSE96625,0
1249815,GSE96634,0
1249815,GSE96635,0
1249815,GSE98104,0
1249815,GSE99095,0
1249828,GSE123728,0
1249828,GSE179487,0
1249828,GSE229063,0
1249828,GSE58867,0
1249828,GSE64914,0
1249828,GSE96578,0
1249843,GSE139951,0
1249843,GSE229071,0
1249897,GSE140298,0
1249897,GSE229073,0
1249925,GSE183635,0
1249925,GSE207586,0
1249925,GSE229083,0
1249925,GSE89843,0
1249995,GSE229090,0
1250361,GSE229208,0
1250361,GSE229822,0
1250361,GSE229824,0
1250361,GSE248712,0
1250361,GSE248716,0
1250361,GSE248899,0
1250361,GSE249011,0
1250490,GSE229248,0
1251063,GSE123480,0
1251063,GSE123481,0
1251063,GSE123482,0
1251063,GSE123630,0
1251063,GSE125668,0
1251063,GSE125669,0
1251063,GSE125670,0
1251063,GSE125671,0
1251063,GSE132320,0
1251063,GSE132321,0
1251063,GSE132322,0
1251063,GSE132324,0
1251063,GSE145657,0
1251063,GSE173740,0
1251063,GSE173741,0
1251063,GSE173742,0
1251063,GSE173743,0
1251063,GSE205778,0
1251063,GSE205779,0
1251063,GSE205780,0
1251063,GSE205781,0
1251063,GSE205783,0
1251063,GSE224905,0
1251063,GSE229386,0
1251063,GSE229513,0
1251063,GSE87178,0
1251063,GSE87179,0
1251063,GSE87180,0
1251063,GSE87181,0
1251063,GSE87183,0
1251063,GSE87184,0
1251063,GSE87185,0
1251248,GSE229448,0
1251623,GSE229524,0
1251652,GSE106419,0
1251652,GSE107963,0
1251652,GSE118559,0
1251652,GSE126483,0
1251652,GSE144600,0
1251652,GSE155381,0
1251652,GSE165382,0
1251652,GSE229533,0
1251652,GSE229534,0
1251652,GSE85803,0
1251847,GSE205634,0
1251847,GSE208680,0
1251847,GSE208681,0
1251847,GSE229578,0
1251847,GSE239931,0
1251847,GSE239932,0
1251847,GSE240973,0
1251847,GSE241348,0
1252188,GSE198957,0
1252188,GSE198958,0
1252188,GSE198959,0
1252188,GSE229670,0
1252188,GSE44099,0
1252328,GSE207008,0
1252328,GSE229699,0
1252328,GSE35366,0
1252328,GSE64425,0
1252328,GSE66093,0
1252360,GSE212835,0
1252360,GSE229708,0
1252360,GSE229794,0
1252360,GSE230208,0
1252384,GSE229709,0
1253051,GSE141829,0
1253051,GSE229905,0
1253063,GSE162571,0
1253063,GSE229908,0
1253063,GSE262779,0
1253235,GSE113031,0
1253235,GSE148984,0
1253235,GSE229957,0
1253235,GSE229970,0
1253274,GSE166709,0
1253274,GSE188268,0
1253274,GSE229975,0
1253417,GSE163862,0
1253417,GSE230005,0
1253417,GSE71638,0
1253922,GSE230102,0
1254097,GSE102665,0
1254097,GSE164220,0
1254097,GSE194244,0
1254097,GSE230152,0
1254097,GSE231353,0
1254097,GSE79563,0
1254097,GSE79564,0
1254097,GSE79565,0
1254097,GSE81779,0
1254097,GSE81781,0
1254097,GSE81784,0
1254257,GSE116557,0
1254257,GSE169292,0
1254257,GSE226484,0
1254257,GSE230194,0
1254257,GSE230195,0
1254257,GSE98295,0
1254257,GSE98306,0
1254257,GSE98309,0
1254623,GSE116077,0
1254623,GSE230300,0
1254623,GSE91371,0
1255046,GSE230440,0
1255347,GSE106316,0
1255347,GSE126297,0
1255347,GSE230495,0
1255347,GSE62846,0
1255347,GSE82175,0
1255378,GSE230505,0
1255664,GSE117837,0
1255664,GSE133283,0
1255664,GSE178085,0
1255664,GSE184346,0
1255664,GSE189247,0
1255664,GSE230549,0
1255664,GSE230550,0
1255664,GSE230551,0
1256184,GSE230707,0
1256184,GSE251862,0
1256216,GSE175410,0
1256216,GSE197045,0
1256216,GSE198652,0
1256216,GSE211681,0
1256216,GSE211682,0
1256216,GSE230708,0
1256216,GSE230736,0
1256216,GSE230737,0
1256216,GSE243777,0
1256272,GSE139192,0
1256272,GSE139193,0
1256272,GSE139194,0
1256272,GSE14711,0
1256272,GSE147716,0
1256272,GSE147750,0
1256272,GSE147751,0
1256272,GSE15603,0
1256272,GSE167979,0
1256272,GSE167988,0
1256272,GSE168000,0
1256272,GSE168002,0
1256272,GSE20937,0
1256272,GSE21141,0
1256272,GSE22499,0
1256272,GSE230714,0
1256272,GSE230715,0
1256272,GSE230716,0
1256272,GSE23402,0
1256272,GSE23455,0
1256272,GSE247071,0
1256272,GSE261454,0
1256272,GSE36233,0
1256272,GSE50584,0
1256272,GSE52363,0
1256272,GSE52419,0
1256272,GSE59430,0
1256272,GSE59434,0
1256272,GSE59435,0
1256272,GSE85839,0
1256500,GSE2243,0
1256500,GSE230788,0
1256500,GSE23924,0
1256555,GSE230789,0
1256580,GSE117862,0
1256580,GSE117863,0
1256580,GSE117864,0
1256580,GSE117865,0
1256580,GSE128632,0
1256580,GSE135023,0
1256580,GSE135024,0
1256580,GSE135025,0
1256580,GSE135026,0
1256580,GSE137031,0
1256580,GSE137032,0
1256580,GSE137033,0
1256580,GSE137034,0
1256580,GSE139434,0
1256580,GSE139435,0
1256580,GSE139436,0
1256580,GSE139437,0
1256580,GSE144336,0
1256580,GSE151385,0
1256580,GSE151386,0
1256580,GSE151389,0
1256580,GSE151390,0
1256580,GSE153256,0
1256580,GSE162032,0
1256580,GSE162034,0
1256580,GSE162041,0
1256580,GSE163227,0
1256580,GSE163228,0
1256580,GSE163229,0
1256580,GSE196437,0
1256580,GSE196438,0
1256580,GSE196439,0
1256580,GSE202447,0
1256580,GSE202448,0
1256580,GSE202449,0
1256580,GSE202450,0
1256580,GSE202451,0
1256580,GSE202566,0
1256580,GSE202568,0
1256580,GSE202569,0
1256580,GSE202581,0
1256580,GSE205834,0
1256580,GSE205835,0
1256580,GSE205836,0
1256580,GSE205837,0
1256580,GSE205838,0
1256580,GSE222397,0
1256580,GSE230791,0
1256580,GSE230799,0
1256580,GSE230806,0
1256580,GSE230807,0
1256580,GSE236662,0
1256580,GSE236663,0
1256580,GSE236664,0
1257436,GSE106997,0
1257436,GSE121448,0
1257436,GSE130856,0
1257436,GSE132929,0
1257436,GSE147033,0
1257436,GSE147125,0
1257436,GSE153625,0
1257436,GSE22082,0
1257436,GSE231422,0
1257436,GSE231425,0
1257436,GSE231426,0
1257436,GSE231485,0
1257436,GSE231486,0
1257436,GSE250451,0
1257436,GSE65374,0
1257478,GSE231444,0
1258098,GSE231621,0
1258392,GSE231719,0
1258392,GSE231725,0
1258392,GSE232215,0
1258392,GSE232216,0
1258955,GSE127171,0
1258955,GSE142439,0
1258955,GSE231853,0
1258960,GSE113833,0
1258960,GSE113834,0
1258960,GSE113838,0
1258960,GSE113840,0
1258960,GSE113842,0
1258960,GSE122228,0
1258960,GSE127707,0
1258960,GSE231853,0
1259001,GSE231882,0
1259072,GSE126416,0
1259072,GSE156979,0
1259072,GSE231915,0
1259072,GSE7570,0
1259394,GSE231995,0
1259394,GSE231996,0
1259394,GSE231997,0
1259394,GSE231998,0
1259394,GSE270437,0
1259394,GSE54733,0
1259394,GSE93518,0
1259394,GSE94795,0
1259394,GSE94796,0
1259632,GSE232067,0
1259632,GSE95396,0
1259632,GSE95473,0
1259632,GSE99600,0
1259683,GSE232094,0
1259764,GSE167310,0
1259764,GSE232117,0
1259820,GSE232136,0
1259820,GSE232137,0
1259820,GSE232138,0
1259971,GSE232168,0
1260120,GSE232195,0
1260120,GSE232196,0
1260120,GSE232197,0
1260120,GSE232198,0
1260120,GSE232199,0
1260742,GSE201845,0
1260742,GSE232342,0
1260742,GSE267336,0
1260742,GSE267398,0
1261555,GSE196821,1
1261555,GSE232539,1
1261602,GSE164531,0
1261602,GSE178712,0
1261602,GSE201769,0
1261602,GSE201770,0
1261602,GSE201771,0
1261602,GSE211638,1
1261602,GSE211639,1
1261602,GSE211641,1
1261602,GSE221137,1
1261602,GSE221140,1
1261602,GSE221141,1
1261602,GSE221142,1
1261602,GSE225068,0
1261602,GSE232552,0
1261602,GSE232553,0
1261602,GSE232554,0
1261602,GSE232555,0
1261665,GSE232559,0
1261665,GSE38955,0
1261665,GSE65668,0
1261665,GSE65669,0
1261665,GSE65671,0
1261665,GSE67737,0
1261665,GSE76121,0
1261847,GSE232609,0
1261847,GSE262585,0
1262161,GSE232689,0
1262186,GSE108149,0
1262186,GSE108150,0
1262186,GSE108151,0
1262186,GSE132729,0
1262186,GSE135849,0
1262186,GSE142070,0
1262186,GSE155250,0
1262186,GSE164120,0
1262186,GSE190863,0
1262186,GSE191216,0
1262186,GSE216881,0
1262186,GSE232695,0
1262186,GSE242860,0
1262186,GSE58454,0
1262186,GSE62114,0
1262217,GSE184437,0
1262217,GSE185212,0
1262217,GSE185215,0
1262217,GSE185605,0
1262217,GSE230817,0
1262217,GSE231598,0
1262217,GSE232703,0
1262231,GSE232704,0
1262247,GSE232712,0
1262761,GSE120695,0
1262761,GSE143417,0
1262761,GSE171123,0
1262761,GSE232815,0
1262761,GSE232816,0
1262761,GSE232817,0
1262761,GSE232818,0
1262761,GSE232821,0
1262761,GSE232822,0
1262761,GSE232824,0
1262875,GSE148784,0
1262875,GSE232840,0
1263023,GSE232895,0
1263191,GSE128949,1
1263191,GSE232951,0
1263281,GSE148715,0
1263281,GSE156817,0
1263281,GSE160186,0
1263281,GSE232994,0
1263281,GSE232995,0
1263712,GSE186003,0
1263712,GSE233156,0
1263712,GSE70921,0
1264069,GSE233262,0
1264158,GSE233280,0
1264251,GSE233304,0
1264257,GSE130324,0
1264257,GSE145128,0
1264257,GSE165238,0
1264257,GSE233304,0
1264257,GSE72732,0
1264257,GSE72927,0
1264599,GSE121859,0
1264599,GSE167002,0
1264599,GSE171124,0
1264599,GSE178766,0
1264599,GSE178767,0
1264599,GSE178768,0
1264599,GSE178769,0
1264599,GSE185313,0
1264599,GSE21491,0
1264599,GSE21889,0
1264599,GSE233389,0
1264599,GSE39555,0
1264599,GSE39556,0
1264599,GSE45365,0
1264599,GSE71166,0
1264599,GSE71167,0
1264599,GSE71168,0
1264599,GSE71169,0
1264599,GSE71170,0
1264599,GSE71171,0
1264599,GSE78171,0
1264599,GSE84284,0
1264629,GSE233397,0
1264629,GSE233398,0
1264629,GSE233399,0
1265244,GSE134651,1
1265244,GSE152072,0
1265244,GSE197771,0
1265244,GSE233548,1
1265244,GSE65036,0
1265413,GSE233597,0
1265456,GSE233608,0
1265547,GSE101457,0
1265547,GSE101458,0
1265547,GSE101459,0
1265547,GSE115963,0
1265547,GSE233622,0
1265547,GSE233766,0
1265547,GSE254859,0
1265547,GSE51667,0
1265547,GSE51892,0
1265547,GSE52555,0
1265547,GSE53983,0
1265547,GSE57049,0
1265547,GSE76881,0
1265547,GSE85071,0
1265547,GSE85072,0
1265547,GSE85073,0
1265547,GSE97679,0
1265547,GSE97680,0
1265547,GSE97681,0
1265547,GSE97682,0
1265964,GSE193275,0
1265964,GSE193469,0
1265964,GSE233718,0
1266154,GSE233776,0
1266356,GSE156485,0
1266356,GSE156486,0
1266356,GSE156487,0
1266356,GSE156488,0
1266356,GSE156624,0
1266356,GSE233827,0
1266463,GSE104942,0
1266463,GSE233854,0
1266598,GSE233883,0
1266598,GSE37307,0
1266896,GSE117122,0
1266896,GSE192472,0
1266896,GSE210227,0
1266896,GSE210228,0
1266896,GSE210229,0
1266896,GSE210231,0
1266896,GSE232423,0
1266896,GSE233943,0
1266896,GSE239893,0
1267030,GSE10137,0
1267030,GSE10138,0
1267030,GSE10139,0
1267030,GSE10402,0
1267030,GSE10916,0
1267030,GSE14934,0
1267030,GSE15904,0
1267030,GSE233996,0
1267030,GSE3141,0
1267030,GSE3143,0
1267030,GSE3149,0
1267030,GSE3151,0
1267030,GSE3156,0
1267030,GSE3158,0
1267030,GSE31625,0
1267030,GSE3593,0
1267030,GSE6861,0
1267030,GSE7849,0
1267030,GSE7897,0
1267030,GSE9212,0
1267141,GSE161262,0
1267141,GSE161263,0
1267141,GSE161264,0
1267141,GSE163426,0
1267141,GSE208240,1
1267141,GSE234002,0
1267342,GSE104416,0
1267342,GSE113195,0
1267342,GSE132127,0
1267342,GSE234070,0
1267342,GSE3225,0
1267342,GSE46229,0
1267342,GSE46566,0
1267342,GSE53916,0
1267342,GSE55838,0
1267342,GSE57401,0
1267361,GSE234070,0
1267581,GSE234115,0
1267772,GSE116759,0
1267772,GSE234154,0
1267772,GSE234286,0
1267772,GSE234563,0
1267808,GSE234171,0
1267808,GSE234173,0
1267808,GSE234174,0
1267808,GSE234181,0
1267808,GSE234185,0
1267922,GSE234200,0
1268101,GSE234236,0
1268101,GSE234242,0
1268720,GSE234400,0
1268720,GSE234401,0
1268720,GSE234565,0
1268749,GSE10004,0
1268749,GSE100255,0
1268749,GSE100257,0
1268749,GSE100258,0
1268749,GSE100259,0
1268749,GSE10076,0
1268749,GSE10090,0
1268749,GSE10112,0
1268749,GSE10114,0
1268749,GSE114794,0
1268749,GSE115597,0
1268749,GSE115598,0
1268749,GSE115599,0
1268749,GSE118422,0
1268749,GSE122734,0
1268749,GSE12781,0
1268749,GSE12783,0
1268749,GSE14022,0
1268749,GSE1421,0
1268749,GSE151196,0
1268749,GSE15188,0
1268749,GSE155421,0
1268749,GSE166941,0
1268749,GSE166942,0
1268749,GSE166943,0
1268749,GSE17941,1
1268749,GSE18650,1
1268749,GSE191091,0
1268749,GSE1930,0
1268749,GSE19545,0
1268749,GSE19546,0
1268749,GSE19547,0
1268749,GSE19548,0
1268749,GSE19549,0
1268749,GSE19550,0
1268749,GSE19551,0
1268749,GSE195737,1
1268749,GSE195739,1
1268749,GSE195740,1
1268749,GSE214095,0
1268749,GSE228123,0
1268749,GSE234406,0
1268749,GSE23712,0
1268749,GSE23778,0
1268749,GSE262747,0
1268749,GSE2659,1
1268749,GSE28149,0
1268749,GSE31052,0
1268749,GSE3335,0
1268749,GSE35316,0
1268749,GSE39011,0
1268749,GSE40215,0
1268749,GSE4682,0
1268749,GSE47661,0
1268749,GSE4862,0
1268749,GSE52286,0
1268749,GSE5993,1
1268749,GSE6060,0
1268749,GSE6061,0
1268749,GSE6069,0
1268749,GSE6132,1
1268749,GSE64536,0
1268749,GSE65885,0
1268749,GSE70165,0
1268749,GSE82082,0
1268749,GSE85886,0
1268749,GSE85961,0
1268749,GSE85991,0
1268749,GSE87735,0
1268749,GSE93190,0
1268749,GSE95788,0
1268749,GSE9732,0
1268749,GSE9842,0
1268749,GSE9848,0
1268749,GSE9849,0
1269011,GSE193042,0
1269011,GSE234500,0
1269434,GSE179681,0
1269434,GSE234614,0
1269744,GSE202852,0
1269744,GSE203384,0
1269744,GSE203385,0
1269744,GSE203430,0
1269744,GSE234704,0
1270018,GSE234776,0
1270346,GSE164150,0
1270346,GSE188600,0
1270346,GSE234832,0
1270444,GSE175506,0
1270444,GSE200989,0
1270444,GSE234868,0
1270494,GSE158257,0
1270494,GSE207482,0
1270494,GSE207595,0
1270494,GSE207690,0
1270494,GSE207767,0
1270494,GSE207769,0
1270494,GSE207771,0
1270494,GSE207772,0
1270494,GSE207773,0
1270494,GSE234881,0
1270623,GSE234933,0
1270854,GSE235019,0
1270854,GSE235482,0
1270854,GSE235485,0
1270854,GSE235487,0
1270854,GSE235488,0
1270854,GSE235491,0
1270939,GSE235032,0
1271152,GSE152991,0
1271152,GSE159924,0
1271152,GSE230002,0
1271152,GSE235079,0
1271577,GSE235199,0
1271664,GSE10924,0
1271664,GSE121590,0
1271664,GSE125916,0
1271664,GSE128415,0
1271664,GSE141546,0
1271664,GSE142774,0
1271664,GSE182552,0
1271664,GSE196091,0
1271664,GSE210824,0
1271664,GSE235229,0
1271664,GSE66994,0
1271664,GSE81810,0
1271664,GSE84197,0
1271664,GSE84199,0
1271664,GSE84203,0
1271921,GSE197299,0
1271921,GSE223177,0
1271921,GSE223178,0
1271921,GSE223179,0
1271921,GSE223180,0
1271921,GSE235310,0
1272021,GSE158474,0
1272021,GSE158476,0
1272021,GSE158886,0
1272021,GSE159253,0
1272021,GSE159254,0
1272021,GSE165897,0
1272021,GSE173420,0
1272021,GSE202263,0
1272021,GSE222649,0
1272021,GSE235329,0
1272102,GSE122231,0
1272102,GSE164554,0
1272102,GSE16716,0
1272102,GSE17306,0
1272102,GSE191187,0
1272102,GSE191258,0
1272102,GSE20194,0
1272102,GSE226675,0
1272102,GSE226697,0
1272102,GSE226956,0
1272102,GSE235356,0
1272102,GSE24061,0
1272102,GSE24068,0
1272102,GSE24080,0
1272102,GSE24363,0
1272102,GSE24417,0
1272102,GSE2658,0
1272102,GSE27838,0
1272102,GSE29023,0
1272102,GSE38627,0
1272102,GSE4204,0
1272102,GSE4452,0
1272102,GSE5900,0
1272102,GSE753,0
1272102,GSE754,0
1272102,GSE755,0
1272102,GSE8476,0
1272102,GSE8477,0
1272102,GSE8487,0
1272102,GSE8546,0
1272102,GSE9782,0
1272239,GSE164943,0
1272239,GSE164944,0
1272239,GSE164945,0
1272239,GSE183644,0
1272239,GSE190283,0
1272239,GSE235395,0
1272243,GSE163972,0
1272243,GSE235396,0
1272243,GSE235397,0
1272243,GSE235398,0
1272271,GSE22886,0
1272271,GSE235400,0
1272271,GSE236924,0
1272271,GSE236928,0
1272311,GSE235419,0
1272508,GSE235475,0
1272630,GSE235525,0
1272860,GSE235572,0
1273258,GSE199661,0
1273258,GSE199725,0
1273258,GSE235661,0
1273525,GSE235700,0
1273807,GSE150502,0
1273807,GSE150503,0
1273807,GSE150505,0
1273807,GSE150506,0
1273807,GSE161801,0
1273807,GSE214357,0
1273807,GSE235783,0
1273807,GSE239853,0
1273807,GSE239854,0
1273807,GSE247736,0
1273807,GSE247741,0
1273838,GSE235785,0
1274246,GSE107105,0
1274246,GSE109448,0
1274246,GSE109449,0
1274246,GSE109450,0
1274246,GSE116497,0
1274246,GSE133083,0
1274246,GSE134419,0
1274246,GSE142660,0
1274246,GSE142661,0
1274246,GSE142662,0
1274246,GSE165276,0
1274246,GSE181243,0
1274246,GSE183254,0
1274246,GSE184582,0
1274246,GSE193117,0
1274246,GSE235868,1
1274246,GSE81259,0
1274246,GSE96607,0
1274875,GSE111664,0
1274875,GSE111690,0
1274875,GSE114005,0
1274875,GSE163426,0
1274875,GSE163668,0
1274875,GSE234002,0
1274875,GSE236030,0
1274875,GSE237109,0
1274875,GSE237180,0
1274960,GSE236045,0
1275100,GSE116009,0
1275100,GSE116010,0
1275100,GSE122517,0
1275100,GSE137213,0
1275100,GSE140973,0
1275100,GSE141244,0
1275100,GSE141277,0
1275100,GSE141278,0
1275100,GSE141861,0
1275100,GSE145613,0
1275100,GSE147633,0
1275100,GSE150646,0
1275100,GSE155739,0
1275100,GSE168349,0
1275100,GSE184523,0
1275100,GSE184957,0
1275100,GSE184958,0
1275100,GSE184959,0
1275100,GSE184961,0
1275100,GSE186053,0
1275100,GSE201686,0
1275100,GSE236012,0
1275100,GSE236078,0
1275100,GSE96961,0
1275918,GSE236341,0
1275918,GSE236342,0
1275918,GSE236343,0
1275918,GSE236344,0
1275946,GSE107701,0
1275946,GSE108339,0
1275946,GSE109860,0
1275946,GSE128614,0
1275946,GSE128621,0
1275946,GSE128622,0
1275946,GSE130272,1
1275946,GSE131795,0
1275946,GSE132269,0
1275946,GSE132506,0
1275946,GSE132558,0
1275946,GSE137758,0
1275946,GSE144622,0
1275946,GSE145129,0
1275946,GSE151509,0
1275946,GSE159701,0
1275946,GSE165960,0
1275946,GSE167113,0
1275946,GSE183062,0
1275946,GSE183064,0
1275946,GSE189238,0
1275946,GSE222699,0
1275946,GSE235923,0
1275946,GSE236351,0
1275946,GSE24811,0
1275946,GSE24904,0
1275946,GSE25000,0
1275946,GSE25064,0
1275946,GSE25092,0
1275946,GSE266821,0
1275946,GSE2972,0
1275946,GSE32239,0
1275946,GSE32266,0
1275946,GSE3231,0
1275946,GSE36593,0
1275946,GSE3749,0
1275946,GSE3791,0
1275946,GSE4131,0
1275946,GSE4132,0
1275946,GSE4133,0
1275946,GSE6014,0
1275946,GSE64832,0
1275946,GSE68588,0
1275946,GSE72286,0
1275946,GSE72287,0
1275946,GSE72288,0
1275946,GSE72298,0
1275946,GSE72299,0
1275946,GSE72300,0
1275946,GSE80588,0
1275946,GSE82047,0
1275946,GSE89555,0
1275946,GSE91000,0
1275946,GSE98343,0
1275946,GSE98380,0
1276013,GSE102392,0
1276013,GSE103460,0
1276013,GSE121793,0
1276013,GSE123253,0
1276013,GSE145407,0
1276013,GSE164507,0
1276013,GSE179759,0
1276013,GSE189359,0
1276013,GSE189958,0
1276013,GSE190105,0
1276013,GSE190192,0
1276013,GSE192850,0
1276013,GSE193491,0
1276013,GSE204795,0
1276013,GSE204796,0
1276013,GSE210139,0
1276013,GSE213299,1
1276013,GSE221592,0
1276013,GSE232661,0
1276013,GSE232751,0
1276013,GSE236366,0
1276013,GSE236368,0
1276013,GSE236369,0
1276013,GSE237036,0
1276013,GSE246492,0
1276013,GSE246493,0
1276013,GSE246494,0
1276013,GSE83148,0
1276013,GSE83525,0
1276354,GSE236487,0
1276554,GSE123375,0
1276554,GSE123377,0
1276554,GSE123378,0
1276554,GSE161058,0
1276554,GSE236535,0
1277883,GSE169321,0
1277883,GSE236951,0
1277942,GSE103949,0
1277942,GSE148699,0
1277942,GSE231763,0
1277942,GSE231764,0
1277942,GSE231766,0
1277942,GSE231767,0
1277942,GSE233223,0
1277942,GSE236966,0
1277942,GSE239671,0
1277942,GSE239673,0
1278147,GSE236998,0
1278147,GSE236999,0
1278147,GSE237000,0
1278169,GSE237005,0
1278244,GSE237031,0
1278896,GSE237194,0
1279301,GSE150331,0
1279301,GSE191086,1
1279301,GSE207157,0
1279301,GSE222063,0
1279301,GSE223292,0
1279301,GSE237359,0
1279301,GSE44562,0
1279301,GSE52753,0
1279301,GSE55315,0
1279301,GSE65466,0
1279301,GSE79442,0
1279301,GSE80966,0
1279329,GSE171100,0
1279329,GSE206443,0
1279329,GSE206668,0
1279329,GSE237371,0
1279329,GSE237374,0
1279329,GSE237375,0
1279329,GSE237376,0
1279329,GSE237377,0
1279329,GSE237378,0
1279534,GSE108451,0
1279534,GSE211132,0
1279534,GSE211137,0
1279534,GSE229144,0
1279534,GSE237395,0
1279534,GSE31667,0
1279534,GSE95345,0
1279924,GSE175766,0
1279924,GSE188499,0
1279924,GSE188500,0
1279924,GSE188502,0
1279924,GSE188503,0
1279924,GSE188504,0
1279924,GSE194407,0
1279924,GSE194408,0
1279924,GSE194409,0
1279924,GSE194411,0
1279924,GSE194412,0
1279924,GSE200457,0
1279924,GSE237558,0
1279924,GSE252498,0
1279924,GSE252551,0
1280655,GSE185530,0
1280655,GSE237787,0
1280655,GSE75781,1
1281191,GSE203399,0
1281191,GSE237919,0
1281191,GSE69138,0
1281260,GSE237935,0
1281260,GSE77209,0
1281260,GSE81687,0
1281260,GSE81688,0
1281260,GSE81689,0
1281840,GSE238102,0
1281840,GSE43749,0
1282170,GSE175621,0
1282170,GSE180622,0
1282170,GSE238219,0
1282170,GSE261025,0
1282170,GSE56105,0
1282170,GSE61369,0
1282170,GSE62992,0
1282170,GSE72696,0
1282170,GSE72773,0
1282170,GSE72775,0
1282170,GSE72777,0
1282170,GSE76065,0
1282170,GSE78874,0
1282172,GSE137022,0
1282172,GSE179347,0
1282172,GSE217812,0
1282172,GSE238219,0
1282172,GSE261025,0
1282172,GSE79636,0
1282172,GSE85565,0
1282239,GSE238250,0
1282239,GSE238251,0
1282239,GSE238252,0
1282239,GSE238253,0
1282239,GSE238254,0
1282239,GSE238255,0
1282239,GSE238256,0
1282239,GSE60526,0
1282247,GSE102890,0
1282247,GSE111517,0
1282247,GSE146047,0
1282247,GSE146240,0
1282247,GSE160235,0
1282247,GSE160316,0
1282247,GSE160317,0
1282247,GSE160321,0
1282247,GSE167421,0
1282247,GSE171779,0
1282247,GSE171780,0
1282247,GSE171781,0
1282247,GSE171782,0
1282247,GSE176284,0
1282247,GSE176285,0
1282247,GSE238250,0
1282247,GSE238251,0
1282247,GSE238252,0
1282247,GSE238253,0
1282247,GSE238254,0
1282247,GSE238255,0
1282247,GSE238256,0
1282708,GSE239386,0
1283371,GSE239541,0
1283474,GSE239581,0
1283474,GSE239582,0
1283474,GSE239583,0
1283810,GSE151191,0
1283810,GSE157497,0
1283810,GSE200823,0
1283810,GSE200824,0
1283810,GSE200825,0
1283810,GSE200826,0
1283810,GSE200827,0
1283810,GSE21396,0
1283810,GSE21397,0
1283810,GSE21398,0
1283810,GSE21494,0
1283810,GSE239693,0
1283810,GSE30136,0
1283810,GSE36040,0
1283810,GSE36042,0
1283810,GSE36043,0
1283810,GSE36044,0
1283810,GSE39423,0
1283810,GSE39424,0
1283810,GSE39425,0
1283810,GSE39426,0
1283810,GSE39427,0
1283810,GSE39429,0
1283810,GSE39432,0
1283810,GSE42392,0
1283823,GSE239695,0
1283828,GSE239695,0
1284493,GSE239897,0
1284688,GSE239920,0
1284688,GSE51948,0
1284688,GSE54917,0
1285278,GSE219033,0
1285278,GSE228405,0
1285278,GSE229047,0
1285278,GSE240091,0
1285278,GSE251975,0
1285995,GSE104319,0
1285995,GSE178085,0
1285995,GSE240323,0
1286192,GSE240361,0
1286210,GSE122815,0
1286210,GSE240368,0
1286323,GSE102100,0
1286323,GSE107623,0
1286323,GSE128748,0
1286323,GSE22999,0
1286323,GSE240402,0
1286323,GSE41600,0
1286498,GSE240432,0
1286635,GSE158554,0
1286635,GSE158713,0
1286635,GSE16797,0
1286635,GSE175843,0
1286635,GSE190377,0
1286635,GSE240452,0
1286635,GSE241629,0
1286635,GSE241630,0
1286635,GSE48498,0
1287710,GSE141709,0
1287710,GSE240772,0
1287710,GSE240773,0
1287710,GSE240774,0
1287710,GSE36185,0
1287710,GSE62417,0
1287710,GSE69584,0
1287710,GSE69585,0
1287710,GSE69586,0
1287710,GSE71536,0
1287710,GSE86038,0
1287710,GSE86040,0
1287710,GSE86041,0
1287710,GSE86043,0
1287710,GSE86218,0
1287710,GSE86223,0
1287710,GSE86224,0
1287710,GSE86227,0
1287710,GSE86462,0
1287710,GSE86464,0
1287710,GSE96638,0
1287988,GSE184450,0
1287988,GSE240855,0
1288260,GSE240927,0
1288361,GSE240969,0
1288467,GSE240988,0
1288467,GSE241526,0
1288496,GSE106648,0
1288496,GSE119532,0
1288496,GSE119731,0
1288496,GSE119732,0
1288496,GSE119734,0
1288496,GSE124757,0
1288496,GSE130029,0
1288496,GSE130030,0
1288496,GSE130478,0
1288496,GSE130491,0
1288496,GSE130494,0
1288496,GSE132143,0
1288496,GSE132144,0
1288496,GSE132145,0
1288496,GSE132146,0
1288496,GSE166207,0
1288496,GSE180298,0
1288496,GSE180536,0
1288496,GSE205447,0
1288496,GSE205644,0
1288496,GSE220997,0
1288496,GSE240997,0
1288496,GSE261621,0
1288496,GSE261622,0
1288496,GSE42861,0
1288496,GSE43976,0
1288496,GSE58608,0
1288496,GSE60590,0
1288496,GSE60591,0
1288496,GSE60655,0
1288496,GSE72582,1
1288496,GSE72586,1
1288496,GSE75390,0
1288496,GSE75393,0
1288496,GSE75394,0
1288496,GSE75395,0
1288496,GSE75417,0
1288496,GSE76038,0
1288496,GSE76041,0
1288496,GSE76043,0
1288496,GSE76048,0
1288496,GSE76049,0
1288496,GSE89280,0
1288496,GSE89285,0
1288496,GSE89362,0
1288496,GSE92680,0
1288496,GSE94396,0
1288496,GSE96538,0
1289020,GSE132566,0
1289020,GSE136731,0
1289020,GSE136732,0
1289020,GSE156337,0
1289020,GSE156625,0
1289020,GSE156626,0
1289020,GSE169306,0
1289020,GSE173923,0
1289020,GSE178209,0
1289020,GSE214741,0
1289020,GSE241127,0
1289020,GSE242894,0
1289784,GSE241346,0
1289784,GSE47732,1
1289800,GSE167749,0
1289800,GSE168143,0
1289800,GSE241346,0
1289800,GSE25716,0
1289800,GSE26111,0
1289800,GSE37916,0
1289800,GSE50660,0
1289998,GSE179416,0
1289998,GSE194241,0
1289998,GSE194242,0
1289998,GSE194243,0
1289998,GSE210996,0
1289998,GSE241430,0
1289998,GSE8599,0
1289998,GSE8600,0
1290174,GSE241474,0
1290174,GSE241476,0
1290174,GSE241477,0
1290324,GSE241492,0
1290406,GSE142499,0
1290406,GSE166209,0
1290406,GSE184306,0
1290406,GSE241547,0
1290483,GSE241556,0
1290483,GSE72110,0
1290483,GSE91037,0
1291307,GSE100355,1
1291307,GSE241803,0
1291307,GSE54458,0
1291307,GSE59148,0
1291307,GSE72937,0
1291307,GSE76299,0
1291514,GSE241873,1
1291514,GSE51132,0
1291651,GSE241908,0
1291651,GSE241909,0
1291651,GSE241910,0
1291651,GSE241912,0
1291651,GSE241913,0
1291651,GSE241914,0
1291662,GSE241908,0
1291662,GSE241909,0
1291662,GSE241910,0
1291662,GSE241912,0
1291662,GSE241913,0
1291662,GSE241914,0
1291811,GSE241948,0
1291870,GSE241958,0
1292034,GSE242045,1
1292435,GSE242157,0
1292830,GSE100060,0
1292830,GSE102457,0
1292830,GSE112582,0
1292830,GSE112688,0
1292830,GSE119883,0
1292830,GSE122167,0
1292830,GSE129325,0
1292830,GSE135881,0
1292830,GSE137923,0
1292830,GSE144519,0
1292830,GSE148227,0
1292830,GSE17923,0
1292830,GSE205313,0
1292830,GSE205667,0
1292830,GSE242245,0
1292830,GSE243448,0
1292830,GSE46623,0
1292830,GSE68853,0
1292830,GSE71174,0
1292830,GSE71701,0
1292830,GSE85793,0
1292830,GSE97269,0
1292830,GSE97271,0
1292830,GSE97272,0
1292830,GSE99412,0
1293424,GSE242354,0
1293424,GSE242355,0
1293424,GSE242357,0
1293424,GSE242358,0
1293955,GSE100397,0
1293955,GSE110593,0
1293955,GSE110975,0
1293955,GSE113770,0
1293955,GSE116130,0
1293955,GSE116139,0
1293955,GSE116141,0
1293955,GSE117456,0
1293955,GSE117460,0
1293955,GSE120027,0
1293955,GSE120540,0
1293955,GSE120542,0
1293955,GSE120543,0
1293955,GSE121471,0
1293955,GSE125916,1
1293955,GSE131251,0
1293955,GSE131252,0
1293955,GSE131936,0
1293955,GSE133069,0
1293955,GSE144033,0
1293955,GSE144317,0
1293955,GSE152043,0
1293955,GSE154170,0
1293955,GSE157462,0
1293955,GSE161615,0
1293955,GSE164791,0
1293955,GSE164792,0
1293955,GSE164793,0
1293955,GSE172021,0
1293955,GSE177635,0
1293955,GSE179670,0
1293955,GSE183321,0
1293955,GSE189000,0
1293955,GSE192597,0
1293955,GSE194334,0
1293955,GSE197441,0
1293955,GSE197853,0
1293955,GSE200880,0
1293955,GSE205923,0
1293955,GSE207105,0
1293955,GSE223400,0
1293955,GSE223647,0
1293955,GSE225099,0
1293955,GSE227437,0
1293955,GSE230192,0
1293955,GSE237920,0
1293955,GSE239384,0
1293955,GSE242488,1
1293955,GSE42101,0
1293955,GSE64696,0
1293955,GSE66782,0
1293955,GSE68376,0
1293955,GSE90883,0
1294134,GSE242559,0
1294514,GSE144391,0
1294514,GSE14480,0
1294514,GSE164746,0
1294514,GSE193115,0
1294514,GSE220612,0
1294514,GSE242717,0
1295390,GSE121177,0
1295390,GSE156556,0
1295390,GSE179085,0
1295390,GSE180400,0
1295390,GSE184064,0
1295390,GSE185245,0
1295390,GSE200746,0
1295390,GSE202643,0
1295390,GSE242965,0
1295390,GSE256250,0
1295390,GSE66010,0
1295390,GSE66011,0
1295390,GSE66012,0
1295390,GSE95351,0
1295427,GSE139132,0
1295427,GSE139391,1
1295427,GSE140084,1
1295427,GSE168977,1
1295427,GSE203220,0
1295427,GSE211440,1
1295427,GSE216304,0
1295427,GSE216458,0
1295427,GSE216486,0
1295427,GSE216488,0
1295427,GSE216489,0
1295427,GSE218033,0
1295427,GSE242972,0
1295427,GSE77030,0
1295489,GSE112444,0
1295489,GSE112445,0
1295489,GSE112446,0
1295489,GSE194237,0
1295489,GSE215233,0
1295489,GSE233351,0
1295489,GSE242973,0
1295556,GSE242996,0
1295738,GSE157271,0
1295738,GSE157441,0
1295738,GSE243052,1
1295738,GSE85414,0
1295738,GSE96530,0
1295896,GSE22638,0
1295896,GSE243112,0
1295896,GSE244016,0
1295896,GSE25574,0
1295896,GSE67795,0
1295896,GSE91080,0
1295896,GSE97044,0
1296045,GSE227044,0
1296045,GSE227045,0
1296045,GSE227046,0
1296045,GSE243168,0
1296045,GSE243275,0
1296045,GSE243280,0
1296415,GSE243246,0
1296415,GSE260738,0
1296415,GSE3104,0
1296415,GSE3107,0
1296415,GSE38179,0
1296508,GSE243293,0
1296508,GSE243294,0
1296508,GSE243295,0
1296509,GSE10172,0
1296509,GSE210190,0
1296509,GSE211565,0
1296509,GSE22470,0
1296509,GSE243293,0
1296509,GSE243294,0
1296509,GSE243295,0
1296509,GSE246057,0
1296509,GSE44164,0
1296509,GSE4475,0
1296509,GSE47506,0
1296509,GSE47507,0
1296509,GSE47508,0
1296509,GSE56006,0
1296509,GSE56007,0
1296509,GSE56008,0
1296509,GSE56009,0
1296509,GSE83591,0
1296969,GSE114630,0
1296969,GSE122108,0
1296969,GSE125667,0
1296969,GSE125676,0
1296969,GSE125691,0
1296969,GSE144728,0
1296969,GSE151682,0
1296969,GSE176313,0
1296969,GSE192448,0
1296969,GSE192449,0
1296969,GSE241127,0
1296969,GSE242894,0
1296969,GSE243466,0
1296969,GSE244531,0
1296969,GSE244534,0
1296969,GSE244536,0
1297198,GSE243536,0
1297785,GSE243675,0
1298039,GSE243737,0
1298203,GSE105248,0
1298203,GSE111274,0
1298203,GSE117569,0
1298203,GSE121961,0
1298203,GSE122498,0
1298203,GSE129585,1
1298203,GSE133025,1
1298203,GSE134178,0
1298203,GSE134951,0
1298203,GSE135997,0
1298203,GSE137089,0
1298203,GSE1371,0
1298203,GSE138832,0
1298203,GSE138833,0
1298203,GSE138980,0
1298203,GSE139041,0
1298203,GSE140556,0
1298203,GSE141388,0
1298203,GSE144484,0
1298203,GSE153263,0
1298203,GSE154221,0
1298203,GSE154777,0
1298203,GSE156221,0
1298203,GSE163838,0
1298203,GSE1685,0
1298203,GSE193288,0
1298203,GSE196219,0
1298203,GSE206777,1
1298203,GSE207800,0
1298203,GSE211993,0
1298203,GSE215241,0
1298203,GSE225730,1
1298203,GSE230578,1
1298203,GSE243818,0
1298203,GSE248275,0
1298203,GSE268823,0
1298203,GSE27152,0
1298203,GSE275331,1
1298203,GSE31152,0
1298203,GSE31939,1
1298203,GSE3298,0
1298203,GSE39277,1
1298203,GSE40442,0
1298203,GSE4054,0
1298203,GSE40870,0
1298203,GSE40871,0
1298203,GSE41920,1
1298203,GSE41954,1
1298203,GSE41955,1
1298203,GSE50593,0
1298203,GSE50670,0
1298203,GSE50671,0
1298203,GSE50672,0
1298203,GSE50673,0
1298203,GSE51513,1
1298203,GSE51514,1
1298203,GSE51515,1
1298203,GSE52964,0
1298203,GSE54782,1
1298203,GSE54783,1
1298203,GSE54784,1
1298203,GSE55872,0
1298203,GSE57686,0
1298203,GSE589,0
1298203,GSE592,0
1298203,GSE594,0
1298203,GSE62978,1
1298203,GSE62979,1
1298203,GSE62981,1
1298203,GSE63301,0
1298203,GSE67051,0
1298203,GSE69170,1
1298203,GSE69179,1
1298203,GSE69180,1
1298203,GSE69980,0
1298203,GSE74354,0
1298203,GSE75233,0
1298203,GSE75882,0
1298203,GSE78152,0
1298203,GSE788,0
1298203,GSE79813,1
1298203,GSE79814,1
1298203,GSE79815,1
1298203,GSE81756,0
1298203,GSE85619,0
1298203,GSE868,0
1298203,GSE90506,0
1298203,GSE92340,0
1298203,GSE99467,0
1298327,GSE13671,0
1298327,GSE141142,0
1298327,GSE210378,1
1298327,GSE216540,0
1298327,GSE232285,0
1298327,GSE232422,0
1298327,GSE243865,0
1298327,GSE49971,0
1298327,GSE53032,0
1298327,GSE53043,0
1298327,GSE53079,0
1298327,GSE81068,1
1298327,GSE98588,0
1298460,GSE181787,0
1298460,GSE199367,0
1298460,GSE243927,0
1298714,GSE116999,0
1298714,GSE148163,0
1298714,GSE148338,0
1298714,GSE155799,0
1298714,GSE16020,0
1298714,GSE181739,0
1298714,GSE185943,0
1298714,GSE243974,0
1298714,GSE29624,0
1298714,GSE43629,0
1298714,GSE51587,0
1298714,GSE70618,0
1298714,GSE81408,0
1298714,GSE8507,0
1298839,GSE111959,0
1298839,GSE111960,0
1298839,GSE111961,0
1298839,GSE112304,0
1298839,GSE142430,0
1298839,GSE158164,0
1298839,GSE163363,0
1298839,GSE163364,0
1298839,GSE163365,0
1298839,GSE166481,0
1298839,GSE166482,0
1298839,GSE166484,0
1298839,GSE166485,0
1298839,GSE166486,0
1298839,GSE181401,0
1298839,GSE182491,0
1298839,GSE186274,0
1298839,GSE207122,0
1298839,GSE210875,0
1298839,GSE235928,0
1298839,GSE237817,0
1298839,GSE243989,0
1298839,GSE250206,0
1298878,GSE243997,0
1299372,GSE244153,0
1299456,GSE117842,0
1299456,GSE13430,0
1299456,GSE13465,0
1299456,GSE156967,1
1299456,GSE181585,0
1299456,GSE231343,1
1299456,GSE231344,1
1299456,GSE231345,1
1299456,GSE244164,0
1299456,GSE278058,1
1299456,GSE31836,0
1299456,GSE53810,0
1299456,GSE68893,1
1299456,GSE70510,0
1299456,GSE80720,0
1299456,GSE80726,0
1299456,GSE80727,0
1299456,GSE81444,0
1299456,GSE85448,0
1299456,GSE93598,0
1299456,GSE93599,0
1299456,GSE93600,0
1299456,GSE93602,0
1299456,GSE93735,0
1299456,GSE93736,0
1299456,GSE93738,0
1299456,GSE93739,0
1299526,GSE173993,0
1299526,GSE244197,0
1299526,GSE244198,0
1299526,GSE244199,0
1299526,GSE244200,0
1300056,GSE244328,0
1300273,GSE244386,0
1300314,GSE244390,0
1300462,GSE244435,0
1300462,GSE3761,0
1300462,GSE75704,0
1301235,GSE102118,0
1301235,GSE102119,0
1301235,GSE102120,0
1301235,GSE130349,0
1301235,GSE130350,0
1301235,GSE130351,0
1301235,GSE131085,0
1301235,GSE131140,0
1301235,GSE131142,0
1301235,GSE139686,0
1301235,GSE148003,0
1301235,GSE186825,0
1301235,GSE188249,0
1301235,GSE188250,0
1301235,GSE192442,0
1301235,GSE234404,0
1301235,GSE244626,0
1301235,GSE55613,1
1301235,GSE56621,1
1301638,GSE244778,1
1301707,GSE244820,0
1301802,GSE244840,0
1301802,GSE244844,0
1301802,GSE244845,0
1302064,GSE244957,0
1302064,GSE36059,0
1302198,GSE145081,0
1302198,GSE16619,0
1302198,GSE183921,0
1302198,GSE229713,0
1302198,GSE244986,0
1302198,GSE244987,0
1302198,GSE244988,0
1302198,GSE245063,0
1302198,GSE8016,0
1302198,GSE8017,0
1302198,GSE8018,0
1302383,GSE116867,0
1302383,GSE116868,0
1302383,GSE116869,0
1302383,GSE116870,0
1302383,GSE116871,0
1302383,GSE116872,0
1302383,GSE116873,0
1302383,GSE116874,0
1302383,GSE116875,0
1302383,GSE116876,0
1302383,GSE120057,0
1302383,GSE120058,0
1302383,GSE120059,0
1302383,GSE120060,0
1302383,GSE121255,0
1302383,GSE130452,0
1302383,GSE133928,0
1302383,GSE135610,0
1302383,GSE136115,0
1302383,GSE136117,0
1302383,GSE141845,0
1302383,GSE141846,0
1302383,GSE141847,0
1302383,GSE141852,0
1302383,GSE141853,0
1302383,GSE155244,0
1302383,GSE16803,1
1302383,GSE178344,0
1302383,GSE178346,0
1302383,GSE178347,0
1302383,GSE199607,0
1302383,GSE200773,0
1302383,GSE218674,0
1302383,GSE218675,0
1302383,GSE218676,0
1302383,GSE218677,0
1302383,GSE218678,0
1302383,GSE218679,0
1302383,GSE218680,0
1302383,GSE239468,0
1302383,GSE239469,0
1302383,GSE239470,0
1302383,GSE242222,1
1302383,GSE242223,1
1302383,GSE242224,1
1302383,GSE245019,0
1302383,GSE248057,0
1302383,GSE250350,0
1302383,GSE250351,0
1302383,GSE267732,0
1302383,GSE268943,0
1302383,GSE3046,0
1302383,GSE3107,0
1302383,GSE3479,0
1302444,GSE245034,0
1302444,GSE249409,0
1302444,GSE249411,0
1302444,GSE249412,0
1302444,GSE249414,0
1302576,GSE245060,0
1302731,GSE113194,0
1302731,GSE113945,0
1302731,GSE158988,0
1302731,GSE183821,0
1302731,GSE184875,0
1302731,GSE184876,0
1302731,GSE184877,0
1302731,GSE186799,0
1302731,GSE245121,0
1303175,GSE124876,0
1303175,GSE245293,0
1303490,GSE245379,0
1303490,GSE30037,0
1303590,GSE245397,0
1303643,GSE245413,0
1304547,GSE245661,0
1304547,GSE251790,0
1304547,GSE251792,0
1304547,GSE251872,0
1304547,GSE254030,0
1305173,GSE245870,0
1305368,GSE245924,0
1305798,GSE119999,0
1305798,GSE123646,0
1305798,GSE195502,0
1305798,GSE195914,0
1305798,GSE211348,0
1305798,GSE222147,0
1305798,GSE246067,0
1305798,GSE250519,0
1305798,GSE3654,0
1305798,GSE36924,0
1305798,GSE49149,0
1305798,GSE52171,0
1305798,GSE61502,0
1305798,GSE63348,0
1305798,GSE63601,0
1305798,GSE64854,0
1305798,GSE79691,0
1305798,GSE8054,0
1305798,GSE8055,0
1305798,GSE88997,0
1305798,GSE89997,0
1305798,GSE94566,0
1305810,GSE205720,0
1305810,GSE246078,0
1305810,GSE246079,0
1305810,GSE246080,0
1305810,GSE246081,0
1305810,GSE92623,0
1305995,GSE246135,0
1305995,GSE246136,0
1305995,GSE246137,0
1305995,GSE42986,0
1306035,GSE246135,0
1306035,GSE246136,0
1306035,GSE246137,0
1306251,GSE142174,0
1306251,GSE160146,0
1306251,GSE235312,1
1306251,GSE246183,0
1306696,GSE246335,0
1307630,GSE113279,1
1307630,GSE113283,1
1307630,GSE113288,1
1307630,GSE113289,1
1307630,GSE119930,1
1307630,GSE119931,1
1307630,GSE120017,1
1307630,GSE122940,1
1307630,GSE122941,1
1307630,GSE122942,1
1307630,GSE122943,1
1307630,GSE122945,1
1307630,GSE122946,1
1307630,GSE128100,1
1307630,GSE134161,1
1307630,GSE145627,1
1307630,GSE145628,1
1307630,GSE145629,1
1307630,GSE165946,1
1307630,GSE165947,1
1307630,GSE165948,1
1307630,GSE165949,1
1307630,GSE165950,1
1307630,GSE179038,1
1307630,GSE180192,1
1307630,GSE180199,1
1307630,GSE180211,1
1307630,GSE180212,1
1307630,GSE181276,1
1307630,GSE200129,1
1307630,GSE200130,1
1307630,GSE200131,1
1307630,GSE200133,1
1307630,GSE221357,0
1307630,GSE221359,0
1307630,GSE221360,0
1307630,GSE242915,0
1307630,GSE242916,0
1307630,GSE242917,0
1307630,GSE243751,1
1307630,GSE245453,0
1307630,GSE246651,0
1307630,GSE29962,0
1307630,GSE31143,1
1307630,GSE64557,1
1307630,GSE64558,1
1307630,GSE64560,1
1307630,GSE70815,0
1307630,GSE77844,0
1307630,GSE77845,0
1307630,GSE79090,0
1307630,GSE87483,0
1307630,GSE88733,1
1307630,GSE88734,1
1307630,GSE88735,1
1307630,GSE88738,1
1307630,GSE91036,0
1307850,GSE104687,0
1307850,GSE107558,0
1307850,GSE107559,0
1307850,GSE107560,0
1307850,GSE115746,0
1307850,GSE123454,0
1307850,GSE146525,0
1307850,GSE146561,0
1307850,GSE146608,0
1307850,GSE146633,0
1307850,GSE156989,0
1307850,GSE182211,0
1307850,GSE185862,0
1307850,GSE241339,0
1307850,GSE246717,0
1307850,GSE4334,0
1307850,GSE71585,0
1307850,GSE7168,0
1307850,GSE8177,0
1308385,GSE113694,0
1308385,GSE116201,0
1308385,GSE116202,0
1308385,GSE116203,0
1308385,GSE116204,0
1308385,GSE116205,0
1308385,GSE116206,0
1308385,GSE116207,0
1308385,GSE116208,0
1308385,GSE130538,0
1308385,GSE130539,0
1308385,GSE130540,0
1308385,GSE141148,0
1308385,GSE141149,0
1308385,GSE141150,0
1308385,GSE141151,0
1308385,GSE141152,0
1308385,GSE161451,0
1308385,GSE161457,0
1308385,GSE161458,0
1308385,GSE161459,0
1308385,GSE161461,0
1308385,GSE161463,0
1308385,GSE246911,0
1308385,GSE246912,0
1308385,GSE246913,0
1308385,GSE74594,0
1308385,GSE74595,0
1308385,GSE74596,0
1308385,GSE74597,0
1308385,GSE90728,0
1308385,GSE90729,0
1308385,GSE90730,0
1308511,GSE140577,0
1308511,GSE140578,0
1308511,GSE140579,0
1308511,GSE140582,0
1308511,GSE140586,0
1308511,GSE140589,0
1308511,GSE140590,0
1308511,GSE140591,0
1308511,GSE166428,0
1308511,GSE175725,0
1308511,GSE195939,0
1308511,GSE225382,0
1308511,GSE246981,0
1308511,GSE58744,0
1309096,GSE247219,0
1309373,GSE247270,1
1309430,GSE100150,0
1309430,GSE100151,0
1309430,GSE100152,0
1309430,GSE100153,0
1309430,GSE100154,0
1309430,GSE100155,0
1309430,GSE100156,0
1309430,GSE100157,0
1309430,GSE100158,0
1309430,GSE100159,0
1309430,GSE100160,0
1309430,GSE100161,0
1309430,GSE100162,0
1309430,GSE100163,0
1309430,GSE100164,0
1309430,GSE100165,0
1309430,GSE100166,0
1309430,GSE135779,0
1309430,GSE161957,0
1309430,GSE180124,0
1309430,GSE193682,0
1309430,GSE193683,0
1309430,GSE193684,0
1309430,GSE225601,0
1309430,GSE225602,0
1309430,GSE225603,0
1309430,GSE247276,0
1309430,GSE247277,0
1309430,GSE29536,0
1309430,GSE30059,0
1309430,GSE30101,0
1309430,GSE43184,0
1309430,GSE44719,0
1309430,GSE44720,0
1309430,GSE44721,0
1309430,GSE44722,0
1309430,GSE46734,0
1309430,GSE47353,0
1309430,GSE48762,0
1309430,GSE52005,0
1309430,GSE56744,0
1309430,GSE78243,0
1309430,GSE8650,0
1309491,GSE247304,0
1309643,GSE139592,0
1309643,GSE225065,0
1309643,GSE247360,0
1309643,GSE55689,0
1309700,GSE121267,0
1309700,GSE121284,0
1309700,GSE121287,0
1309700,GSE121386,0
1309700,GSE121393,0
1309700,GSE131032,0
1309700,GSE169136,0
1309700,GSE171582,0
1309700,GSE184351,0
1309700,GSE188379,0
1309700,GSE204956,0
1309700,GSE217722,0
1309700,GSE247375,0
1309706,GSE245995,0
1309706,GSE247375,0
1309706,GSE60413,0
1309706,GSE60414,0
1309706,GSE69988,0
1309706,GSE85598,0
1309857,GSE108941,0
1309857,GSE145761,0
1309857,GSE153277,0
1309857,GSE155204,0
1309857,GSE156598,0
1309857,GSE159201,0
1309857,GSE186650,0
1309857,GSE196464,0
1309857,GSE247406,0
1309857,GSE84188,0
1310202,GSE247552,0
1310202,GSE42292,0
1310807,GSE131507,0
1310807,GSE131755,0
1310807,GSE247829,0
1310807,GSE247831,0
1310807,GSE247832,0
1310882,GSE247869,0
1311235,GSE248016,0
1311668,GSE244962,0
1311668,GSE248187,0
1311798,GSE248228,0
1311966,GSE248274,0
1313293,GSE10846,0
1313293,GSE130918,0
1313293,GSE141539,0
1313293,GSE144095,0
1313293,GSE144106,0
1313293,GSE147211,0
1313293,GSE16455,0
1313293,GSE173263,0
1313293,GSE22038,0
1313293,GSE248835,0
1313293,GSE46969,0
1313293,GSE54158,0
1313293,GSE56277,0
1313293,GSE57160,0
1313293,GSE66922,0
1313293,GSE66923,0
1313293,GSE68163,0
1313293,GSE79196,0
1313293,GSE90953,0
1313293,GSE94705,0
1313437,GSE248894,0
1313453,GSE174232,0
1313453,GSE248901,0
1313973,GSE107591,0
1313973,GSE120793,0
1313973,GSE249157,0
1313973,GSE62415,1
1313973,GSE89447,0
1313973,GSE97070,0
1314194,GSE106896,0
1314194,GSE249258,0
1314194,GSE249362,0
1314194,GSE64322,0
1314194,GSE64765,0
1314194,GSE64766,0
1314194,GSE75602,0
1314228,GSE249277,0
1314484,GSE249342,0
1314689,GSE249450,0
1314963,GSE249545,0
1314968,GSE162853,0
1314968,GSE226525,0
1314968,GSE226526,0
1314968,GSE226527,0
1314968,GSE242161,0
1314968,GSE249545,0
1315001,GSE129501,0
1315001,GSE138471,0
1315001,GSE145108,0
1315001,GSE145157,0
1315001,GSE145567,0
1315001,GSE145568,0
1315001,GSE18352,0
1315001,GSE235400,0
1315001,GSE236924,0
1315001,GSE236928,0
1315001,GSE249550,0
1315001,GSE68297,0
1315262,GSE249658,0
1315347,GSE249669,0
1315378,GSE101386,0
1315378,GSE109184,0
1315378,GSE117340,0
1315378,GSE118613,0
1315378,GSE143018,0
1315378,GSE154646,0
1315378,GSE154734,0
1315378,GSE159857,0
1315378,GSE204715,0
1315378,GSE249685,0
1315378,GSE249686,0
1315378,GSE57897,0
1315378,GSE68758,0
1315378,GSE68863,0
1315378,GSE86846,0
1315378,GSE92986,0
1315499,GSE212600,0
1315499,GSE212608,0
1315499,GSE212611,0
1315499,GSE240902,0
1315499,GSE249742,1
1315774,GSE249891,0
1315774,GSE63524,0
1316318,GSE250066,0
1316318,GSE250068,0
1316318,GSE250069,0
1316617,GSE250223,0
1316698,GSE156326,0
1316698,GSE181316,0
1316698,GSE185268,1
1316698,GSE202544,0
1316698,GSE236114,0
1316698,GSE248105,0
1316698,GSE250245,0
1316748,GSE250262,0
1316765,GSE103086,0
1316765,GSE114748,0
1316765,GSE127865,0
1316765,GSE127866,0
1316765,GSE127867,0
1316765,GSE127868,0
1316765,GSE127870,0
1316765,GSE138507,0
1316765,GSE138509,0
1316765,GSE138510,0
1316765,GSE138511,0
1316765,GSE138513,0
1316765,GSE138514,0
1316765,GSE154186,0
1316765,GSE154187,0
1316765,GSE154188,0
1316765,GSE154189,0
1316765,GSE161376,0
1316765,GSE161377,0
1316765,GSE161378,0
1316765,GSE161386,0
1316765,GSE165490,0
1316765,GSE165491,0
1316765,GSE165492,0
1316765,GSE165494,0
1316765,GSE165495,0
1316765,GSE165761,0
1316765,GSE181383,0
1316765,GSE181384,0
1316765,GSE181385,0
1316765,GSE181386,0
1316765,GSE181387,0
1316765,GSE194109,0
1316765,GSE194110,0
1316765,GSE194111,0
1316765,GSE194112,0
1316765,GSE194113,0
1316765,GSE194114,0
1316765,GSE205778,0
1316765,GSE205779,0
1316765,GSE205780,0
1316765,GSE205781,0
1316765,GSE205783,0
1316765,GSE224905,0
1316765,GSE250263,0
1316765,GSE250264,0
1316765,GSE250265,0
1316765,GSE250266,0
1316765,GSE250267,0
1316765,GSE250367,0
1316765,GSE250368,0
1316765,GSE31654,0
1316765,GSE31656,0
1316765,GSE31658,0
1316765,GSE31659,0
1316765,GSE45454,0
1316765,GSE45455,0
1316765,GSE45456,0
1316765,GSE45457,0
1316765,GSE77900,0
1316765,GSE79028,0
1316765,GSE79260,0
1316765,GSE79261,0
1316765,GSE79351,0
1317183,GSE111874,1
1317183,GSE113159,1
1317183,GSE117939,0
1317183,GSE126494,0
1317183,GSE142291,1
1317183,GSE142749,1
1317183,GSE145237,1
1317183,GSE146214,0
1317183,GSE146241,0
1317183,GSE146242,0
1317183,GSE146245,0
1317183,GSE147758,0
1317183,GSE147760,0
1317183,GSE164796,1
1317183,GSE174575,1
1317183,GSE188754,0
1317183,GSE188755,0
1317183,GSE188756,0
1317183,GSE188757,0
1317183,GSE198120,1
1317183,GSE250405,0
1317183,GSE250406,0
1317183,GSE250408,0
1317183,GSE30345,0
1317183,GSE32022,1
1317183,GSE45421,1
1317183,GSE95412,1
1317272,GSE250451,0
1317306,GSE102895,0
1317306,GSE104092,0
1317306,GSE250463,0
1317570,GSE109633,0
1317570,GSE146025,0
1317570,GSE182575,0
1317570,GSE206092,0
1317570,GSE206093,0
1317570,GSE206094,0
1317570,GSE212082,0
1317570,GSE212083,0
1317570,GSE212084,0
1317570,GSE236559,0
1317570,GSE250606,0
1317959,GSE156445,0
1317959,GSE156759,0
1317959,GSE183533,0
1317959,GSE251767,0
1317959,GSE252663,0
1317965,GSE251767,0
1317965,GSE252663,0
1318053,GSE251849,0
1318172,GSE221710,0
1318172,GSE224077,0
1318172,GSE236026,0
1318172,GSE2471,0
1318172,GSE249536,0
1318172,GSE251932,0
1318172,GSE251934,0
1318172,GSE251935,0
1318526,GSE226503,0
1318526,GSE252056,0
1318554,GSE125367,0
1318554,GSE138766,1
1318554,GSE179384,0
1318554,GSE252063,0
1318554,GSE252064,0
1318554,GSE252065,0
1318554,GSE252066,0
1318554,GSE86454,0
1318554,GSE86456,0
1318554,GSE86457,0
1318554,GSE86458,0
1319291,GSE11042,0
1319291,GSE125207,0
1319291,GSE125208,0
1319291,GSE125209,0
1319291,GSE125210,0
1319291,GSE125589,0
1319291,GSE138542,0
1319291,GSE144015,0
1319291,GSE150696,0
1319291,GSE154872,0
1319291,GSE15815,0
1319291,GSE167553,0
1319291,GSE176427,0
1319291,GSE180423,0
1319291,GSE197306,0
1319291,GSE236053,0
1319291,GSE236853,0
1319291,GSE241621,0
1319291,GSE246554,0
1319291,GSE250451,0
1319291,GSE252340,0
1319291,GSE30615,0
1319291,GSE44753,0
1319291,GSE44765,0
1319291,GSE49440,0
1319291,GSE49446,0
1319291,GSE49447,0
1319291,GSE62004,0
1319291,GSE63594,0
1319291,GSE63949,0
1319291,GSE64121,0
1319291,GSE64122,0
1319291,GSE65113,0
1319291,GSE65375,0
1319291,GSE65376,0
1319291,GSE65379,0
1319291,GSE72865,0
1319291,GSE73073,0
1319291,GSE75190,0
1319291,GSE87802,0
1319291,GSE87838,0
1319291,GSE87909,0
1319291,GSE87913,0
1319291,GSE87915,0
1319291,GSE89306,0
1319565,GSE101601,0
1319565,GSE147821,0
1319565,GSE153424,1
1319565,GSE166262,0
1319565,GSE252510,0
1319790,GSE101072,0
1319790,GSE106965,0
1319790,GSE14219,0
1319790,GSE156128,0
1319790,GSE156129,0
1319790,GSE156130,0
1319790,GSE167932,0
1319790,GSE168054,0
1319790,GSE181175,0
1319790,GSE181641,0
1319790,GSE181642,0
1319790,GSE181643,0
1319790,GSE190011,0
1319790,GSE190977,0
1319790,GSE206399,0
1319790,GSE207362,0
1319790,GSE235425,0
1319790,GSE235426,0
1319790,GSE235427,0
1319790,GSE235428,0
1319790,GSE235429,0
1319790,GSE245428,0
1319790,GSE249861,0
1319790,GSE252602,0
1319790,GSE65755,0
1320303,GSE252828,0
1320981,GSE102533,0
1320981,GSE102534,0
1320981,GSE102535,0
1320981,GSE109793,1
1320981,GSE115736,0
1320981,GSE116177,0
1320981,GSE117561,0
1320981,GSE132852,0
1320981,GSE132853,0
1320981,GSE132854,0
1320981,GSE133246,0
1320981,GSE13335,0
1320981,GSE157821,0
1320981,GSE163817,0
1320981,GSE173731,0
1320981,GSE205509,0
1320981,GSE211109,0
1320981,GSE213791,1
1320981,GSE224647,0
1320981,GSE22565,0
1320981,GSE227221,0
1320981,GSE227222,0
1320981,GSE227223,0
1320981,GSE232022,0
1320981,GSE232226,0
1320981,GSE245323,0
1320981,GSE245324,0
1320981,GSE245325,0
1320981,GSE253126,0
1320981,GSE32364,0
1320981,GSE39881,0
1320981,GSE42606,1
1320981,GSE42630,1
1320981,GSE51541,0
1320981,GSE52925,0
1320981,GSE53758,0
1320981,GSE53934,0
1320981,GSE53935,0
1320981,GSE57206,0
1320981,GSE58310,0
1320981,GSE6467,0
1320981,GSE6511,0
1320981,GSE6512,0
1320981,GSE68765,1
1320981,GSE69132,1
1320981,GSE77098,0
1320981,GSE94517,0
1320981,GSE94602,0
1320981,GSE94604,0
1321034,GSE135620,0
1321034,GSE135733,0
1321034,GSE253135,0
1321744,GSE155364,0
1321744,GSE253368,0
1321744,GSE253546,0
1321744,GSE253639,0
1321874,GSE126988,0
1321874,GSE150921,0
1321874,GSE150966,0
1321874,GSE150967,0
1321874,GSE150968,0
1321874,GSE151197,0
1321874,GSE253424,0
1321874,GSE255003,0
1321967,GSE253461,0
1322104,GSE106534,0
1322104,GSE122785,0
1322104,GSE132257,0
1322104,GSE132465,0
1322104,GSE144735,0
1322104,GSE156308,0
1322104,GSE156461,0
1322104,GSE163937,0
1322104,GSE181949,0
1322104,GSE181950,0
1322104,GSE181951,0
1322104,GSE222315,0
1322104,GSE230181,0
1322104,GSE230357,0
1322104,GSE230358,0
1322104,GSE234760,0
1322104,GSE234927,0
1322104,GSE235634,0
1322104,GSE247629,0
1322104,GSE252645,0
1322104,GSE253502,0
1322104,GSE37547,0
1322104,GSE74201,0
1322112,GSE117420,0
1322112,GSE227573,0
1322112,GSE253519,0
1322529,GSE163055,0
1322529,GSE185564,0
1322529,GSE253710,1
1322529,GSE46551,0
1322529,GSE96870,1
1322919,GSE100861,0
1322919,GSE12011,0
1322919,GSE12012,0
1322919,GSE12039,0
1322919,GSE124323,0
1322919,GSE124324,0
1322919,GSE124325,0
1322919,GSE131181,0
1322919,GSE135152,0
1322919,GSE144498,0
1322919,GSE150426,0
1322919,GSE158700,0
1322919,GSE253984,0
1322919,GSE58363,0
1322919,GSE69311,0
1322983,GSE254022,0
1323153,GSE254123,0
1323284,GSE173728,0
1323284,GSE183667,0
1323284,GSE254186,0
1323358,GSE254252,0
1323358,GSE254253,0
1323358,GSE254254,0
1323492,GSE232079,0
1323492,GSE254326,0
1323513,GSE254335,0
1323596,GSE123886,0
1323596,GSE123887,0
1323596,GSE123888,0
1323596,GSE158261,0
1323596,GSE190204,0
1323596,GSE197425,0
1323596,GSE197842,0
1323596,GSE198370,0
1323596,GSE198374,0
1323596,GSE207077,0
1323596,GSE229795,0
1323596,GSE243257,0
1323596,GSE254369,0
1323596,GSE27137,0
1323596,GSE27138,0
1323596,GSE27139,0
1323596,GSE34103,0
1323596,GSE52185,0
1323596,GSE62579,0
1323596,GSE63118,0
1323596,GSE63144,0
1323596,GSE63147,0
1323596,GSE73125,0
1323596,GSE9946,0
1323746,GSE117161,0
1323746,GSE130613,0
1323746,GSE159135,0
1323746,GSE171975,0
1323746,GSE196294,0
1323746,GSE196728,0
1323746,GSE254438,0
1323845,GSE116193,1
1323845,GSE131649,0
1323845,GSE137906,0
1323845,GSE151193,0
1323845,GSE164212,0
1323845,GSE164213,0
1323845,GSE164214,0
1323845,GSE164215,0
1323845,GSE254502,1
1323845,GSE31012,0
1323845,GSE51092,0
1323845,GSE84965,0
1323953,GSE116199,0
1323953,GSE254585,0
1323998,GSE208655,1
1323998,GSE254602,0
1323998,GSE44921,0
1323998,GSE45165,0
1323998,GSE54253,0
1323998,GSE55644,0
1323998,GSE59844,0
1324080,GSE232399,0
1324080,GSE254618,0
1324080,GSE254639,0
1324094,GSE254620,0
1324812,GSE255002,0
1324958,GSE255087,0
1324968,GSE255087,1
1325069,GSE255187,0
1325238,GSE181864,0
1325238,GSE181865,0
1325238,GSE183443,0
1325238,GSE183696,0
1325238,GSE184175,0
1325238,GSE184291,0
1325238,GSE211735,0
1325238,GSE229976,0
1325238,GSE255243,0
1325238,GSE255720,0
1325240,GSE229976,0
1325240,GSE255243,0
1325240,GSE255720,0
1325375,GSE175757,0
1325375,GSE202106,0
1325375,GSE202107,0
1325375,GSE226060,0
1325375,GSE226111,0
1325375,GSE226210,0
1325375,GSE228757,0
1325375,GSE240309,0
1325375,GSE246846,0
1325375,GSE255282,0
1325375,GSE27965,0
1325479,GSE231322,0
1325479,GSE255356,0
1325780,GSE255581,0
1325869,GSE255642,0
1325869,GSE68339,0
1325869,GSE72723,0
1326090,GSE255748,0
1326226,GSE192707,0
1326226,GSE241139,0
1326226,GSE243217,0
1326226,GSE243218,0
1326226,GSE243219,0
1326226,GSE247488,0
1326226,GSE255816,0
1326226,GSE255820,0
1326226,GSE255822,0
1326500,GSE255946,0
1326568,GSE223149,1
1326568,GSE255969,0
1326568,GSE42579,0
1326568,GSE89843,0
1326814,GSE256156,0
1326814,GSE256157,0
1326814,GSE256158,0
1326814,GSE256160,0
1326814,GSE261169,0
1326877,GSE102672,0
1326877,GSE11620,0
1326877,GSE14343,0
1326877,GSE14345,0
1326877,GSE14355,0
1326877,GSE157075,0
1326877,GSE15816,0
1326877,GSE16973,0
1326877,GSE20079,0
1326877,GSE21438,0
1326877,GSE21441,0
1326877,GSE21695,0
1326877,GSE256209,0
1326877,GSE29267,0
1326877,GSE32561,0
1326877,GSE38040,0
1326877,GSE39675,0
1326877,GSE4447,0
1326877,GSE4504,0
1326877,GSE4510,0
1326877,GSE4515,0
1326877,GSE53138,0
1326877,GSE61675,0
1326877,GSE7816,0
1326877,GSE8196,0
1326877,GSE94345,0
1326920,GSE118925,0
1326920,GSE11961,0
1326920,GSE154723,0
1326920,GSE24574,0
1326920,GSE256243,0
1326920,GSE28737,0
1326920,GSE4535,1
1326965,GSE256275,0
1327148,GSE256426,0
1327234,GSE256463,0
1327234,GSE259267,0
1327234,GSE259343,0
1327418,GSE256516,0
1327637,GSE141511,0
1327637,GSE259311,0
1327697,GSE183707,0
1327697,GSE259385,0
1327907,GSE112585,0
1327907,GSE118904,0
1327907,GSE136031,0
1327907,GSE137291,0
1327907,GSE260524,0
1327907,GSE52695,0
1327907,GSE52743,0
1327907,GSE52744,0
1327907,GSE52999,0
1327907,GSE61720,0
1327907,GSE61721,0
1327907,GSE61722,0
1327907,GSE61740,0
1327907,GSE67329,0
1327907,GSE69990,0
1327958,GSE115758,1
1327958,GSE233831,0
1327958,GSE260582,0
1327958,GSE38777,0
1327958,GSE44254,0
1327961,GSE160824,0
1327961,GSE260583,0
1327961,GSE70819,0
1327980,GSE220457,0
1327980,GSE220883,0
1327980,GSE220884,0
1327980,GSE252069,0
1327980,GSE252070,0
1327980,GSE252071,0
1327980,GSE260592,0
1327980,GSE270466,0
1327980,GSE270467,0
1328520,GSE121299,0
1328520,GSE128305,0
1328520,GSE129006,0
1328520,GSE151143,0
1328520,GSE184644,0
1328520,GSE184650,0
1328520,GSE184651,0
1328520,GSE184771,0
1328520,GSE260765,0
1328520,GSE36165,0
1328520,GSE37261,0
1328520,GSE67616,0
1328520,GSE77622,0
1328520,GSE79729,0
1328520,GSE80420,0
1328730,GSE109248,0
1328730,GSE169655,0
1328730,GSE176269,0
1328730,GSE17926,0
1328730,GSE185355,0
1328730,GSE186095,0
1328730,GSE186096,0
1328730,GSE260893,0
1328730,GSE58756,0
1328730,GSE63503,0
1328730,GSE6674,0
1328880,GSE221999,0
1328880,GSE260973,0
1329159,GSE10028,0
1329159,GSE103183,0
1329159,GSE103322,0
1329159,GSE103991,0
1329159,GSE103994,0
1329159,GSE105033,0
1329159,GSE106305,0
1329159,GSE106432,0
1329159,GSE106433,0
1329159,GSE106434,0
1329159,GSE106563,0
1329159,GSE106564,0
1329159,GSE106565,0
1329159,GSE109477,0
1329159,GSE111506,0
1329159,GSE115036,0
1329159,GSE115037,0
1329159,GSE115038,0
1329159,GSE115040,0
1329159,GSE116425,0
1329159,GSE117485,0
1329159,GSE119385,0
1329159,GSE120569,1
1329159,GSE121930,0
1329159,GSE121931,0
1329159,GSE121932,0
1329159,GSE123471,0
1329159,GSE123473,0
1329159,GSE123474,0
1329159,GSE123926,0
1329159,GSE126078,0
1329159,GSE127333,0
1329159,GSE127764,0
1329159,GSE127965,0
1329159,GSE128831,0
1329159,GSE128832,0
1329159,GSE128853,0
1329159,GSE131489,0
1329159,GSE131490,0
1329159,GSE131492,0
1329159,GSE131493,0
1329159,GSE131661,0
1329159,GSE132813,0
1329159,GSE133382,0
1329159,GSE136128,0
1329159,GSE136129,0
1329159,GSE136130,0
1329159,GSE136179,0
1329159,GSE136180,0
1329159,GSE136181,0
1329159,GSE136544,0
1329159,GSE137398,0
1329159,GSE137400,0
1329159,GSE137828,0
1329159,GSE137863,0
1329159,GSE141065,0
1329159,GSE141493,0
1329159,GSE141551,0
1329159,GSE142614,0
1329159,GSE143195,0
1329159,GSE143803,0
1329159,GSE14645,1
1329159,GSE147983,0
1329159,GSE147984,0
1329159,GSE147985,0
1329159,GSE148538,0
1329159,GSE148920,0
1329159,GSE148983,0
1329159,GSE149091,0
1329159,GSE150216,0
1329159,GSE150443,0
1329159,GSE151798,0
1329159,GSE152885,0
1329159,GSE15419,1
1329159,GSE155955,0
1329159,GSE156405,0
1329159,GSE158242,0
1329159,GSE158593,0
1329159,GSE158598,0
1329159,GSE158599,0
1329159,GSE159366,0
1329159,GSE159721,0
1329159,GSE160269,0
1329159,GSE160304,0
1329159,GSE160389,0
1329159,GSE160392,0
1329159,GSE160394,0
1329159,GSE160396,0
1329159,GSE163387,0
1329159,GSE163388,0
1329159,GSE163389,0
1329159,GSE163390,0
1329159,GSE163391,0
1329159,GSE163392,0
1329159,GSE163393,0
1329159,GSE164564,0
1329159,GSE165640,0
1329159,GSE165641,0
1329159,GSE166137,0
1329159,GSE166612,0
1329159,GSE167017,0
1329159,GSE167019,0
1329159,GSE167020,0
1329159,GSE167035,0
1329159,GSE168344,0
1329159,GSE169145,0
1329159,GSE169295,0
1329159,GSE173250,0
1329159,GSE173611,0
1329159,GSE176513,0
1329159,GSE178923,0
1329159,GSE179454,0
1329159,GSE179627,0
1329159,GSE181005,0
1329159,GSE18333,0
1329159,GSE18656,0
1329159,GSE189488,0
1329159,GSE192474,0
1329159,GSE193416,0
1329159,GSE193500,0
1329159,GSE195717,0
1329159,GSE199274,0
1329159,GSE199654,0
1329159,GSE199744,0
1329159,GSE200476,0
1329159,GSE201470,0
1329159,GSE202587,0
1329159,GSE20299,0
1329159,GSE20317,0
1329159,GSE203609,0
1329159,GSE205035,0
1329159,GSE205281,0
1329159,GSE205286,0
1329159,GSE205288,0
1329159,GSE205289,0
1329159,GSE205293,0
1329159,GSE207057,0
1329159,GSE207491,1
1329159,GSE207492,1
1329159,GSE207528,1
1329159,GSE207529,1
1329159,GSE208040,1
1329159,GSE208042,1
1329159,GSE208043,1
1329159,GSE208044,1
1329159,GSE208045,1
1329159,GSE208046,1
1329159,GSE210171,0
1329159,GSE210218,0
1329159,GSE210219,0
1329159,GSE210220,0
1329159,GSE212192,0
1329159,GSE212896,0
1329159,GSE215155,0
1329159,GSE215410,0
1329159,GSE216814,0
1329159,GSE21756,0
1329159,GSE221938,0
1329159,GSE22311,0
1329159,GSE223758,0
1329159,GSE228283,0
1329159,GSE231399,1
1329159,GSE234933,0
1329159,GSE236847,0
1329159,GSE239376,0
1329159,GSE24171,0
1329159,GSE243988,0
1329159,GSE247615,0
1329159,GSE247895,0
1329159,GSE247896,0
1329159,GSE247897,0
1329159,GSE247898,0
1329159,GSE250292,0
1329159,GSE261103,0
1329159,GSE26802,0
1329159,GSE26803,0
1329159,GSE268838,0
1329159,GSE26916,0
1329159,GSE26919,0
1329159,GSE26970,0
1329159,GSE29569,0
1329159,GSE29904,0
1329159,GSE32189,0
1329159,GSE33970,0
1329159,GSE41188,0
1329159,GSE41192,0
1329159,GSE41193,0
1329159,GSE43131,1
1329159,GSE46452,0
1329159,GSE46691,0
1329159,GSE46743,0
1329159,GSE50532,0
1329159,GSE5132,0
1329159,GSE54666,0
1329159,GSE54971,0
1329159,GSE54972,0
1329159,GSE54975,0
1329159,GSE54993,0
1329159,GSE54994,0
1329159,GSE54995,0
1329159,GSE55016,0
1329159,GSE57100,0
1329159,GSE58305,0
1329159,GSE58422,0
1329159,GSE59984,0
1329159,GSE59985,0
1329159,GSE59986,0
1329159,GSE61214,0
1329159,GSE61973,0
1329159,GSE62116,0
1329159,GSE63381,0
1329159,GSE66192,0
1329159,GSE67509,0
1329159,GSE67510,0
1329159,GSE69565,0
1329159,GSE69620,0
1329159,GSE69624,0
1329159,GSE74707,0
1329159,GSE74742,0
1329159,GSE76859,0
1329159,GSE76860,0
1329159,GSE76861,0
1329159,GSE77053,0
1329159,GSE77531,0
1329159,GSE78213,0
1329159,GSE78724,0
1329159,GSE79366,0
1329159,GSE83691,0
1329159,GSE8466,0
1329159,GSE85094,0
1329159,GSE86015,0
1329159,GSE86607,0
1329159,GSE86871,0
1329159,GSE87467,0
1329159,GSE88871,0
1329159,GSE88872,0
1329159,GSE89663,0
1329159,GSE95749,0
1329159,GSE95750,0
1329159,GSE95751,0
1329159,GSE98010,0
1329573,GSE261360,0
1329630,GSE261399,0
1329744,GSE110404,0
1329744,GSE121015,0
1329744,GSE123180,0
1329744,GSE132738,0
1329744,GSE135251,0
1329744,GSE140243,0
1329744,GSE140461,0
1329744,GSE140462,0
1329744,GSE140463,0
1329744,GSE153431,0
1329744,GSE158005,0
1329744,GSE160466,0
1329744,GSE160640,0
1329744,GSE168387,0
1329744,GSE171155,0
1329744,GSE179066,0
1329744,GSE185062,0
1329744,GSE217222,0
1329744,GSE228157,0
1329744,GSE261455,0
1329744,GSE33647,0
1329744,GSE36669,0
1329744,GSE59034,0
1329744,GSE69117,0
1329744,GSE76125,0
1330013,GSE261626,0
1330030,GSE261628,0
1330211,GSE261706,0
1330212,GSE261706,0
1330823,GSE261985,0
1330877,GSE262021,0
1331155,GSE262253,0
1331487,GSE223782,0
1331487,GSE241387,0
1331487,GSE262518,1
1331664,GSE124675,0
1331664,GSE178837,0
1331664,GSE200988,0
1331664,GSE213192,0
1331664,GSE220094,1
1331664,GSE223646,0
1331664,GSE240858,0
1331664,GSE262622,1
1331921,GSE155328,0
1331921,GSE262765,0
1331921,GSE68104,0
1332802,GSE165615,0
1332802,GSE263298,0
1332967,GSE212458,0
1332967,GSE212459,0
1332967,GSE212460,0
1332967,GSE263414,0
1332967,GSE89700,0
1333103,GSE263544,0
1333103,GSE263545,0
1333205,GSE263605,0
1333205,GSE263606,0
1333221,GSE147820,0
1333221,GSE223868,0
1333221,GSE263609,0
1333284,GSE263644,0
1334106,GSE264206,0
1334214,GSE100033,0
1334214,GSE100807,0
1334214,GSE100808,0
1334214,GSE100809,0
1334214,GSE100833,0
1334214,GSE100872,0
1334214,GSE100874,0
1334214,GSE100875,0
1334214,GSE100876,0
1334214,GSE101424,0
1334214,GSE101432,0
1334214,GSE101697,0
1334214,GSE101705,0
1334214,GSE101836,0
1334214,GSE102243,0
1334214,GSE102274,1
1334214,GSE102349,0
1334214,GSE102653,0
1334214,GSE102830,0
1334214,GSE102912,0
1334214,GSE103145,0
1334214,GSE10358,0
1334214,GSE103591,0
1334214,GSE103723,0
1334214,GSE103866,0
1334214,GSE103867,0
1334214,GSE104306,0
1334214,GSE104576,1
1334214,GSE104644,0
1334214,GSE104775,0
1334214,GSE104913,0
1334214,GSE104914,0
1334214,GSE104915,0
1334214,GSE104917,0
1334214,GSE106167,1
1334214,GSE106314,0
1334214,GSE106534,0
1334214,GSE106547,0
1334214,GSE106612,0
1334214,GSE106637,0
1334214,GSE10694,0
1334214,GSE107302,0
1334214,GSE107358,0
1334214,GSE107359,0
1334214,GSE107360,0
1334214,GSE107814,0
1334214,GSE107899,0
1334214,GSE107900,0
1334214,GSE107901,0
1334214,GSE108225,0
1334214,GSE108249,0
1334214,GSE108468,0
1334214,GSE108469,0
1334214,GSE108470,0
1334214,GSE108524,0
1334214,GSE108527,0
1334214,GSE108708,0
1334214,GSE108710,0
1334214,GSE108711,0
1334214,GSE109029,0
1334214,GSE109620,0
1334214,GSE110086,1
1334214,GSE110109,0
1334214,GSE110112,0
1334214,GSE110312,1
1334214,GSE110798,0
1334214,GSE111169,0
1334214,GSE111308,0
1334214,GSE111410,0
1334214,GSE111447,0
1334214,GSE111506,0
1334214,GSE111530,0
1334214,GSE111655,0
1334214,GSE111782,0
1334214,GSE111794,0
1334214,GSE111931,0
1334214,GSE112104,0
1334214,GSE112370,0
1334214,GSE112494,0
1334214,GSE112502,0
1334214,GSE112883,0
1334214,GSE113238,0
1334214,GSE113432,0
1334214,GSE113536,0
1334214,GSE113739,0
1334214,GSE113742,0
1334214,GSE11387,0
1334214,GSE113887,0
1334214,GSE11394,0
1334214,GSE11395,0
1334214,GSE114350,1
1334214,GSE114372,0
1334214,GSE114379,1
1334214,GSE114447,0
1334214,GSE114656,0
1334214,GSE114657,0
1334214,GSE114658,0
1334214,GSE114659,0
1334214,GSE114682,0
1334214,GSE114720,0
1334214,GSE114731,0
1334214,GSE114740,1
1334214,GSE114976,0
1334214,GSE115146,0
1334214,GSE115207,0
1334214,GSE115258,0
1334214,GSE115344,0
1334214,GSE115354,0
1334214,GSE115796,0
1334214,GSE115806,0
1334214,GSE115947,0
1334214,GSE116104,0
1334214,GSE116436,0
1334214,GSE116437,0
1334214,GSE116438,0
1334214,GSE116439,0
1334214,GSE116440,0
1334214,GSE116441,0
1334214,GSE116442,0
1334214,GSE116443,0
1334214,GSE116444,0
1334214,GSE116445,0
1334214,GSE116446,0
1334214,GSE116447,0
1334214,GSE116448,0
1334214,GSE116449,0
1334214,GSE116450,0
1334214,GSE116451,0
1334214,GSE116506,0
1334214,GSE116519,0
1334214,GSE116650,0
1334214,GSE116831,0
1334214,GSE117180,0
1334214,GSE117284,0
1334214,GSE117285,0
1334214,GSE118224,0
1334214,GSE118527,0
1334214,GSE118916,0
1334214,GSE118969,0
1334214,GSE118988,0
1334214,GSE118993,0
1334214,GSE118997,0
1334214,GSE118999,0
1334214,GSE119426,1
1334214,GSE119663,0
1334214,GSE119946,0
1334214,GSE120049,1
1334214,GSE120085,0
1334214,GSE120141,0
1334214,GSE120158,0
1334214,GSE120160,0
1334214,GSE120724,0
1334214,GSE121002,0
1334214,GSE121178,0
1334214,GSE121736,0
1334214,GSE121996,0
1334214,GSE122191,0
1334214,GSE122635,0
1334214,GSE122659,0
1334214,GSE122661,0
1334214,GSE122866,1
1334214,GSE122906,0
1334214,GSE12305,0
1334214,GSE123109,0
1334214,GSE123875,0
1334214,GSE123893,0
1334214,GSE123894,0
1334214,GSE123896,0
1334214,GSE123922,0
1334214,GSE123973,0
1334214,GSE124396,0
1334214,GSE124401,0
1334214,GSE124402,0
1334214,GSE124405,0
1334214,GSE124497,0
1334214,GSE124535,0
1334214,GSE124691,0
1334214,GSE124721,0
1334214,GSE124858,0
1334214,GSE124859,0
1334214,GSE124860,0
1334214,GSE124862,0
1334214,GSE125024,0
1334214,GSE125240,0
1334214,GSE125423,0
1334214,GSE125449,0
1334214,GSE125458,0
1334214,GSE125693,0
1334214,GSE126064,0
1334214,GSE126423,0
1334214,GSE126427,0
1334214,GSE126683,0
1334214,GSE126715,0
1334214,GSE126716,0
1334214,GSE126749,0
1334214,GSE126883,0
1334214,GSE127002,0
1334214,GSE127706,0
1334214,GSE127790,0
1334214,GSE127894,0
1334214,GSE128053,0
1334214,GSE128088,0
1334214,GSE12835,0
1334214,GSE128913,1
1334214,GSE128914,1
1334214,GSE129030,0
1334214,GSE129192,0
1334214,GSE12922,0
1334214,GSE129439,1
1334214,GSE129565,1
1334214,GSE129566,1
1334214,GSE129567,1
1334214,GSE129568,1
1334214,GSE129685,0
1334214,GSE129902,0
1334214,GSE130000,0
1334214,GSE130121,0
1334214,GSE130209,0
1334214,GSE130249,0
1334214,GSE130340,0
1334214,GSE130341,0
1334214,GSE130344,0
1334214,GSE130345,0
1334214,GSE130474,0
1334214,GSE130475,0
1334214,GSE130485,0
1334214,GSE130763,0
1334214,GSE131165,0
1334214,GSE131291,0
1334214,GSE131339,0
1334214,GSE131358,0
1334214,GSE131368,0
1334214,GSE131595,1
1334214,GSE131629,1
1334214,GSE131630,1
1334214,GSE131702,0
1334214,GSE131773,1
1334214,GSE132025,0
1334214,GSE132045,0
1334214,GSE132090,0
1334214,GSE132172,0
1334214,GSE132343,0
1334214,GSE13243,0
1334214,GSE132565,0
1334214,GSE132745,0
1334214,GSE132746,0
1334214,GSE132962,1
1334214,GSE132965,0
1334214,GSE133207,0
1334214,GSE133208,0
1334214,GSE133209,0
1334214,GSE133236,0
1334214,GSE133237,0
1334214,GSE133238,0
1334214,GSE133239,0
1334214,GSE133240,0
1334214,GSE133241,0
1334214,GSE133379,0
1334214,GSE133428,1
1334214,GSE133454,0
1334214,GSE133620,0
1334214,GSE133621,0
1334214,GSE133622,0
1334214,GSE133623,0
1334214,GSE133624,0
1334214,GSE133625,0
1334214,GSE133655,0
1334214,GSE133671,0
1334214,GSE133682,0
1334214,GSE133753,0
1334214,GSE133955,0
1334214,GSE133956,0
1334214,GSE13409,1
1334214,GSE134252,0
1334214,GSE134253,0
1334214,GSE134403,0
1334214,GSE134524,0
1334214,GSE134527,0
1334214,GSE134528,0
1334214,GSE134529,0
1334214,GSE134540,0
1334214,GSE134671,0
1334214,GSE134735,1
1334214,GSE134830,0
1334214,GSE134832,0
1334214,GSE134934,0
1334214,GSE134980,0
1334214,GSE135085,0
1334214,GSE135086,0
1334214,GSE135142,0
1334214,GSE135143,0
1334214,GSE135144,0
1334214,GSE135145,0
1334214,GSE135146,0
1334214,GSE135190,0
1334214,GSE135264,0
1334214,GSE135431,1
1334214,GSE135501,1
1334214,GSE135685,0
1334214,GSE135688,1
1334214,GSE135692,1
1334214,GSE135693,0
1334214,GSE135694,0
1334214,GSE135695,0
1334214,GSE135696,0
1334214,GSE135793,1
1334214,GSE135897,1
1334214,GSE136005,1
1334214,GSE136099,0
1334214,GSE136268,0
1334214,GSE136269,0
1334214,GSE136404,0
1334214,GSE136535,0
1334214,GSE136719,0
1334214,GSE136849,0
1334214,GSE136917,1
1334214,GSE136927,0
1334214,GSE137087,1
1334214,GSE137088,1
1334214,GSE137099,1
1334214,GSE137248,0
1334214,GSE137304,0
1334214,GSE137312,0
1334214,GSE137323,0
1334214,GSE137428,0
1334214,GSE137464,0
1334214,GSE137493,0
1334214,GSE137543,0
1334214,GSE137575,0
1334214,GSE137576,0
1334214,GSE137577,0
1334214,GSE137628,1
1334214,GSE137630,1
1334214,GSE13786,0
1334214,GSE137912,0
1334214,GSE137989,1
1334214,GSE137999,1
1334214,GSE138000,0
1334214,GSE138125,0
1334214,GSE138146,1
1334214,GSE138417,0
1334214,GSE138428,1
1334214,GSE138812,0
1334214,GSE13937,0
1334214,GSE139439,0
1334214,GSE139966,0
1334214,GSE140343,0
1334214,GSE140466,0
1334214,GSE140875,0
1334214,GSE140876,0
1334214,GSE140877,0
1334214,GSE140956,0
1334214,GSE141091,0
1334214,GSE141092,0
1334214,GSE141216,0
1334214,GSE141245,0
1334214,GSE141293,0
1334214,GSE141325,0
1334214,GSE141758,0
1334214,GSE141759,0
1334214,GSE141760,0
1334214,GSE141761,0
1334214,GSE141762,0
1334214,GSE141972,0
1334214,GSE142031,0
1334214,GSE142577,1
1334214,GSE142578,1
1334214,GSE142618,1
1334214,GSE142644,0
1334214,GSE142653,0
1334214,GSE142723,1
1334214,GSE142724,1
1334214,GSE142725,1
1334214,GSE142726,1
1334214,GSE142790,1
1334214,GSE142793,1
1334214,GSE142795,1
1334214,GSE142835,0
1334214,GSE143147,0
1334214,GSE143154,1
1334214,GSE143169,0
1334214,GSE143242,1
1334214,GSE143243,1
1334214,GSE143245,1
1334214,GSE143246,1
1334214,GSE143247,1
1334214,GSE143288,0
1334214,GSE143324,0
1334214,GSE143325,0
1334214,GSE143514,0
1334214,GSE143523,0
1334214,GSE143608,0
1334214,GSE143898,0
1334214,GSE143899,0
1334214,GSE143900,0
1334214,GSE143901,0
1334214,GSE143902,0
1334214,GSE144097,0
1334214,GSE14431,0
1334214,GSE144311,0
1334214,GSE144641,0
1334214,GSE145065,0
1334214,GSE145290,0
1334214,GSE145360,0
1334214,GSE145407,0
1334214,GSE145438,0
1334214,GSE145459,1
1334214,GSE145634,0
1334214,GSE145781,0
1334214,GSE145817,0
1334214,GSE145970,1
1334214,GSE146001,0
1334214,GSE146116,0
1334214,GSE146158,0
1334214,GSE146453,0
1334214,GSE146464,0
1334214,GSE146465,0
1334214,GSE146466,0
1334214,GSE146467,0
1334214,GSE146856,0
1334214,GSE146917,0
1334214,GSE147002,0
1334214,GSE147003,0
1334214,GSE147004,0
1334214,GSE147143,0
1334214,GSE147156,0
1334214,GSE147734,0
1334214,GSE147768,0
1334214,GSE148118,0
1334214,GSE148148,0
1334214,GSE148571,0
1334214,GSE148572,0
1334214,GSE148573,0
1334214,GSE148765,0
1334214,GSE148841,0
1334214,GSE149103,0
1334214,GSE149163,0
1334214,GSE149200,0
1334214,GSE149420,0
1334214,GSE149510,0
1334214,GSE149581,0
1334214,GSE149587,0
1334214,GSE149772,0
1334214,GSE149773,0
1334214,GSE149774,0
1334214,GSE149972,0
1334214,GSE150239,0
1334214,GSE150668,0
1334214,GSE150752,0
1334214,GSE150774,0
1334214,GSE150782,0
1334214,GSE150962,0
1334214,GSE151096,0
1334214,GSE151106,0
1334214,GSE151151,0
1334214,GSE151152,0
1334214,GSE151273,0
1334214,GSE151530,0
1334214,GSE151704,0
1334214,GSE151780,0
1334214,GSE15201,0
1334214,GSE152082,0
1334214,GSE152167,0
1334214,GSE152218,0
1334214,GSE152468,0
1334214,GSE152583,0
1334214,GSE152856,0
1334214,GSE152936,0
1334214,GSE153200,1
1334214,GSE153444,0
1334214,GSE153446,0
1334214,GSE153447,0
1334214,GSE153448,0
1334214,GSE153449,0
1334214,GSE15353,0
1334214,GSE153723,0
1334214,GSE154253,0
1334214,GSE154328,0
1334214,GSE154329,0
1334214,GSE154341,0
1334214,GSE154703,0
1334214,GSE15577,0
1334214,GSE155818,0
1334214,GSE156219,0
1334214,GSE156308,0
1334214,GSE156461,0
1334214,GSE156846,0
1334214,GSE157024,0
1334214,GSE157212,0
1334214,GSE157262,0
1334214,GSE157263,0
1334214,GSE157264,0
1334214,GSE157265,0
1334214,GSE157267,0
1334214,GSE157435,1
1334214,GSE157709,0
1334214,GSE157790,0
1334214,GSE157826,0
1334214,GSE157871,0
1334214,GSE157872,0
1334214,GSE157969,0
1334214,GSE157970,0
1334214,GSE157971,0
1334214,GSE157978,0
1334214,GSE157979,0
1334214,GSE158268,0
1334214,GSE158297,0
1334214,GSE158315,0
1334214,GSE158445,0
1334214,GSE158534,0
1334214,GSE158660,0
1334214,GSE158706,0
1334214,GSE158906,0
1334214,GSE158922,0
1334214,GSE159117,0
1334214,GSE159124,0
1334214,GSE159125,0
1334214,GSE159126,0
1334214,GSE159127,0
1334214,GSE159333,0
1334214,GSE159552,0
1334214,GSE160006,0
1334214,GSE160440,0
1334214,GSE160442,0
1334214,GSE160443,0
1334214,GSE160444,0
1334214,GSE160668,1
1334214,GSE160743,0
1334214,GSE160744,0
1334214,GSE160745,0
1334214,GSE160746,0
1334214,GSE160965,1
1334214,GSE161151,0
1334214,GSE161570,0
1334214,GSE161679,0
1334214,GSE161949,0
1334214,GSE161950,0
1334214,GSE161951,0
1334214,GSE161967,0
1334214,GSE162091,0
1334214,GSE162232,0
1334214,GSE162287,1
1334214,GSE162305,1
1334214,GSE162496,0
1334214,GSE162505,0
1334214,GSE162644,0
1334214,GSE162647,0
1334214,GSE162850,0
1334214,GSE162894,0
1334214,GSE163272,1
1334214,GSE163281,0
1334214,GSE163379,0
1334214,GSE163380,0
1334214,GSE163381,0
1334214,GSE163420,0
1334214,GSE163493,0
1334214,GSE163602,0
1334214,GSE163604,0
1334214,GSE163614,0
1334214,GSE163928,0
1334214,GSE163929,0
1334214,GSE163931,0
1334214,GSE164016,0
1334214,GSE164031,0
1334214,GSE164043,0
1334214,GSE164045,0
1334214,GSE164060,0
1334214,GSE164071,0
1334214,GSE164072,0
1334214,GSE164093,0
1334214,GSE164095,1
1334214,GSE164127,0
1334214,GSE164199,1
1334214,GSE164250,0
1334214,GSE164256,0
1334214,GSE164486,0
1334214,GSE164495,0
1334214,GSE164516,1
1334214,GSE164901,1
1334214,GSE164904,1
1334214,GSE164906,1
1334214,GSE165080,0
1334214,GSE165128,1
1334214,GSE165129,1
1334214,GSE165130,1
1334214,GSE165135,1
1334214,GSE165136,1
1334214,GSE165250,0
1334214,GSE165281,1
1334214,GSE165310,0
1334214,GSE165325,0
1334214,GSE165331,1
1334214,GSE165396,1
1334214,GSE165687,0
1334214,GSE165688,0
1334214,GSE165764,0
1334214,GSE165788,0
1334214,GSE165789,0
1334214,GSE165792,0
1334214,GSE166160,0
1334214,GSE166840,0
1334214,GSE167083,0
1334214,GSE167084,0
1334214,GSE167118,1
1334214,GSE167319,0
1334214,GSE167344,1
1334214,GSE167436,1
1334214,GSE167480,0
1334214,GSE168046,0
1334214,GSE168048,0
1334214,GSE168049,0
1334214,GSE168182,0
1334214,GSE168269,0
1334214,GSE168272,0
1334214,GSE168273,0
1334214,GSE168274,0
1334214,GSE168498,0
1334214,GSE168508,0
1334214,GSE168573,1
1334214,GSE168774,0
1334214,GSE168800,0
1334214,GSE168880,0
1334214,GSE168881,0
1334214,GSE168882,0
1334214,GSE168990,0
1334214,GSE169109,0
1334214,GSE169161,0
1334214,GSE169169,0
1334214,GSE169246,0
1334214,GSE169281,0
1334214,GSE169332,0
1334214,GSE169722,0
1334214,GSE171130,0
1334214,GSE171247,0
1334214,GSE171249,0
1334214,GSE171253,0
1334214,GSE171927,0
1334214,GSE171930,0
1334214,GSE171932,0
1334214,GSE171933,0
1334214,GSE171934,0
1334214,GSE171946,0
1334214,GSE172252,1
1334214,GSE173299,0
1334214,GSE173330,0
1334214,GSE173566,1
1334214,GSE174105,0
1334214,GSE174119,0
1334214,GSE174175,0
1334214,GSE174444,0
1334214,GSE174544,0
1334214,GSE174732,0
1334214,GSE174758,0
1334214,GSE174767,0
1334214,GSE174777,0
1334214,GSE174778,0
1334214,GSE17516,0
1334214,GSE175416,0
1334214,GSE175501,0
1334214,GSE175528,0
1334214,GSE175529,0
1334214,GSE175530,0
1334214,GSE175531,0
1334214,GSE175532,0
1334214,GSE175534,0
1334214,GSE175626,0
1334214,GSE175881,1
1334214,GSE175899,0
1334214,GSE175911,1
1334214,GSE175926,1
1334214,GSE175931,0
1334214,GSE175933,1
1334214,GSE175940,1
1334214,GSE176033,0
1334214,GSE176110,1
1334214,GSE176133,0
1334214,GSE176177,0
1334214,GSE176351,0
1334214,GSE176389,0
1334214,GSE176452,0
1334214,GSE176465,0
1334214,GSE176500,0
1334214,GSE176501,0
1334214,GSE176502,0
1334214,GSE176503,0
1334214,GSE177029,0
1334214,GSE177042,0
1334214,GSE17712,0
1334214,GSE178158,0
1334214,GSE178177,0
1334214,GSE178574,0
1334214,GSE178723,1
1334214,GSE179092,1
1334214,GSE179093,1
1334214,GSE179094,1
1334214,GSE179097,1
1334214,GSE179098,1
1334214,GSE179099,1
1334214,GSE179100,1
1334214,GSE179556,0
1334214,GSE179746,0
1334214,GSE179795,0
1334214,GSE179885,0
1334214,GSE180042,0
1334214,GSE180259,0
1334214,GSE180272,0
1334214,GSE180318,0
1334214,GSE180319,0
1334214,GSE180393,0
1334214,GSE180394,0
1334214,GSE180395,0
1334214,GSE180462,1
1334214,GSE180583,0
1334214,GSE180584,0
1334214,GSE180586,0
1334214,GSE180640,0
1334214,GSE180697,0
1334214,GSE180827,1
1334214,GSE180859,1
1334214,GSE181106,0
1334214,GSE181291,0
1334214,GSE181413,1
1334214,GSE181483,0
1334214,GSE181713,0
1334214,GSE181732,1
1334214,GSE181733,1
1334214,GSE182345,0
1334214,GSE182423,0
1334214,GSE182560,0
1334214,GSE182675,0
1334214,GSE182863,0
1334214,GSE182868,0
1334214,GSE182869,0
1334214,GSE182911,0
1334214,GSE182974,1
1334214,GSE183067,0
1334214,GSE18315,0
1334214,GSE183398,0
1334214,GSE183627,1
1334214,GSE183642,0
1334214,GSE183678,0
1334214,GSE183858,0
1334214,GSE184021,1
1334214,GSE184023,1
1334214,GSE184025,1
1334214,GSE184038,0
1334214,GSE184154,0
1334214,GSE184211,0
1334214,GSE184213,0
1334214,GSE184215,0
1334214,GSE184216,0
1334214,GSE184218,0
1334214,GSE184220,0
1334214,GSE184221,0
1334214,GSE184222,0
1334214,GSE184223,0
1334214,GSE184224,0
1334214,GSE184332,1
1334214,GSE184347,0
1334214,GSE184400,0
1334214,GSE184507,0
1334214,GSE184553,0
1334214,GSE184558,0
1334214,GSE184596,1
1334214,GSE184598,1
1334214,GSE184605,0
1334214,GSE184606,0
1334214,GSE184645,0
1334214,GSE184658,0
1334214,GSE184659,0
1334214,GSE184749,0
1334214,GSE184785,1
1334214,GSE184787,1
1334214,GSE184788,1
1334214,GSE184789,1
1334214,GSE184797,0
1334214,GSE184826,0
1334214,GSE184842,0
1334214,GSE185056,0
1334214,GSE185069,0
1334214,GSE185837,0
1334214,GSE186368,0
1334214,GSE186373,0
1334214,GSE186374,0
1334214,GSE186375,0
1334214,GSE186528,0
1334214,GSE186568,0
1334214,GSE186776,0
1334214,GSE186777,0
1334214,GSE186778,0
1334214,GSE186947,0
1334214,GSE187011,0
1334214,GSE18776,0
1334214,GSE188398,0
1334214,GSE188401,0
1334214,GSE188403,0
1334214,GSE188405,0
1334214,GSE188421,0
1334214,GSE188536,0
1334214,GSE188737,0
1334214,GSE188742,0
1334214,GSE188747,0
1334214,GSE188761,0
1334214,GSE188768,0
1334214,GSE188881,0
1334214,GSE189112,0
1334214,GSE189229,0
1334214,GSE189397,0
1334214,GSE189457,0
1334214,GSE189458,0
1334214,GSE189459,0
1334214,GSE189642,0
1334214,GSE189706,1
1334214,GSE189837,0
1334214,GSE189838,0
1334214,GSE189839,0
1334214,GSE189840,0
1334214,GSE189841,0
1334214,GSE189842,0
1334214,GSE189897,0
1334214,GSE189921,0
1334214,GSE190271,0
1334214,GSE190318,0
1334214,GSE190366,0
1334214,GSE190434,0
1334214,GSE190480,0
1334214,GSE190582,0
1334214,GSE190660,0
1334214,GSE190661,0
1334214,GSE190662,0
1334214,GSE190663,0
1334214,GSE190664,0
1334214,GSE190665,0
1334214,GSE190690,0
1334214,GSE190740,0
1334214,GSE190756,0
1334214,GSE190841,0
1334214,GSE190842,0
1334214,GSE190843,0
1334214,GSE190844,0
1334214,GSE19087,0
1334214,GSE190871,0
1334214,GSE190873,0
1334214,GSE190874,0
1334214,GSE191007,0
1334214,GSE191247,0
1334214,GSE192649,0
1334214,GSE192885,0
1334214,GSE192887,0
1334214,GSE193133,0
1334214,GSE193394,0
1334214,GSE193456,0
1334214,GSE193726,0
1334214,GSE193969,0
1334214,GSE194190,0
1334214,GSE194220,0
1334214,GSE194221,0
1334214,GSE194222,0
1334214,GSE194234,0
1334214,GSE194310,0
1334214,GSE194327,0
1334214,GSE194341,0
1334214,GSE194379,0
1334214,GSE195456,0
1334214,GSE195726,0
1334214,GSE195760,0
1334214,GSE195762,0
1334214,GSE195948,0
1334214,GSE196008,0
1334214,GSE196209,0
1334214,GSE196210,0
1334214,GSE196212,0
1334214,GSE196475,0
1334214,GSE196486,0
1334214,GSE196494,0
1334214,GSE196499,0
1334214,GSE196574,0
1334214,GSE196900,0
1334214,GSE196955,0
1334214,GSE196956,0
1334214,GSE196957,0
1334214,GSE196958,0
1334214,GSE196960,0
1334214,GSE197812,0
1334214,GSE197813,0
1334214,GSE197814,0
1334214,GSE197815,0
1334214,GSE197914,0
1334214,GSE197920,0
1334214,GSE198052,0
1334214,GSE198110,0
1334214,GSE198287,0
1334214,GSE198548,0
1334214,GSE19882,0
1334214,GSE199089,1
1334214,GSE199174,0
1334214,GSE199213,0
1334214,GSE199214,0
1334214,GSE199293,0
1334214,GSE199410,1
1334214,GSE199430,1
1334214,GSE199432,1
1334214,GSE199434,0
1334214,GSE199516,1
1334214,GSE199546,0
1334214,GSE199601,0
1334214,GSE199602,0
1334214,GSE199603,0
1334214,GSE199604,0
1334214,GSE199669,0
1334214,GSE199857,1
1334214,GSE200080,0
1334214,GSE200099,0
1334214,GSE200792,0
1334214,GSE200793,0
1334214,GSE200794,0
1334214,GSE200880,1
1334214,GSE200996,0
1334214,GSE20102,0
1334214,GSE201041,0
1334214,GSE201190,0
1334214,GSE201232,0
1334214,GSE201401,1
1334214,GSE201425,0
1334214,GSE201549,0
1334214,GSE201581,0
1334214,GSE201582,0
1334214,GSE201647,0
1334214,GSE201873,0
1334214,GSE201900,1
1334214,GSE202055,0
1334214,GSE202056,0
1334214,GSE202057,0
1334214,GSE202058,0
1334214,GSE202059,0
1334214,GSE202060,0
1334214,GSE202093,0
1334214,GSE202130,0
1334214,GSE202476,0
1334214,GSE202504,0
1334214,GSE202505,0
1334214,GSE202506,0
1334214,GSE202928,0
1334214,GSE203052,0
1334214,GSE203340,0
1334214,GSE203362,0
1334214,GSE204821,0
1334214,GSE204923,0
1334214,GSE205188,0
1334214,GSE205219,1
1334214,GSE205500,0
1334214,GSE205653,0
1334214,GSE205802,0
1334214,GSE205818,0
1334214,GSE205826,0
1334214,GSE205832,0
1334214,GSE205833,0
1334214,GSE206001,0
1334214,GSE206351,0
1334214,GSE206352,0
1334214,GSE206353,0
1334214,GSE206354,0
1334214,GSE206634,0
1334214,GSE206651,0
1334214,GSE206654,0
1334214,GSE206659,0
1334214,GSE206698,0
1334214,GSE206699,0
1334214,GSE206701,0
1334214,GSE206702,0
1334214,GSE207281,0
1334214,GSE207327,1
1334214,GSE207461,0
1334214,GSE207462,0
1334214,GSE207463,0
1334214,GSE207860,0
1334214,GSE207871,0
1334214,GSE208616,0
1334214,GSE208617,0
1334214,GSE208618,0
1334214,GSE208765,0
1334214,GSE208767,0
1334214,GSE208771,0
1334214,GSE209521,0
1334214,GSE2096,0
1334214,GSE209958,0
1334214,GSE210248,0
1334214,GSE210410,0
1334214,GSE210709,0
1334214,GSE210710,0
1334214,GSE210713,0
1334214,GSE210751,0
1334214,GSE210861,0
1334214,GSE211076,0
1334214,GSE211359,0
1334214,GSE211442,0
1334214,GSE21167,0
1334214,GSE21169,0
1334214,GSE21170,0
1334214,GSE212139,0
1334214,GSE212626,0
1334214,GSE212628,0
1334214,GSE213021,0
1334214,GSE213062,1
1334214,GSE213407,0
1334214,GSE213526,0
1334214,GSE213611,0
1334214,GSE213745,1
1334214,GSE213901,0
1334214,GSE214349,0
1334214,GSE214385,1
1334214,GSE214639,0
1334214,GSE215301,0
1334214,GSE215302,0
1334214,GSE215303,0
1334214,GSE216425,1
1334214,GSE216846,0
1334214,GSE216891,0
1334214,GSE217235,0
1334214,GSE217378,0
1334214,GSE217508,1
1334214,GSE217808,0
1334214,GSE217828,0
1334214,GSE217945,0
1334214,GSE218086,0
1334214,GSE218180,0
1334214,GSE218398,0
1334214,GSE218413,0
1334214,GSE218563,0
1334214,GSE218584,0
1334214,GSE218794,0
1334214,GSE218795,0
1334214,GSE218796,0
1334214,GSE218798,0
1334214,GSE218960,0
1334214,GSE219048,0
1334214,GSE219197,0
1334214,GSE220041,0
1334214,GSE220042,0
1334214,GSE220043,0
1334214,GSE220270,1
1334214,GSE220272,0
1334214,GSE220273,0
1334214,GSE220274,0
1334214,GSE220447,0
1334214,GSE220522,0
1334214,GSE220687,0
1334214,GSE220918,0
1334214,GSE220919,0
1334214,GSE220920,0
1334214,GSE220943,1
1334214,GSE220973,1
1334214,GSE221073,1
1334214,GSE221074,1
1334214,GSE221137,0
1334214,GSE221140,0
1334214,GSE221141,0
1334214,GSE221142,0
1334214,GSE221171,1
1334214,GSE221180,1
1334214,GSE221181,1
1334214,GSE221561,0
1334214,GSE221755,0
1334214,GSE222002,0
1334214,GSE222041,0
1334214,GSE222279,0
1334214,GSE222315,0
1334214,GSE222318,0
1334214,GSE222351,0
1334214,GSE222382,0
1334214,GSE222477,0
1334214,GSE222554,0
1334214,GSE222555,0
1334214,GSE222556,0
1334214,GSE222557,0
1334214,GSE222640,0
1334214,GSE222734,0
1334214,GSE223060,0
1334214,GSE223061,0
1334214,GSE223107,1
1334214,GSE223359,0
1334214,GSE223649,0
1334214,GSE223748,0
1334214,GSE223903,0
1334214,GSE223904,0
1334214,GSE223943,0
1334214,GSE223944,0
1334214,GSE223967,0
1334214,GSE224215,0
1334214,GSE224664,1
1334214,GSE224665,1
1334214,GSE224666,1
1334214,GSE224667,1
1334214,GSE224668,1
1334214,GSE225170,0
1334214,GSE225331,0
1334214,GSE225652,0
1334214,GSE226159,0
1334214,GSE226719,0
1334214,GSE226812,0
1334214,GSE226907,0
1334214,GSE227387,0
1334214,GSE227388,0
1334214,GSE227391,0
1334214,GSE227392,0
1334214,GSE227566,0
1334214,GSE227568,0
1334214,GSE227569,0
1334214,GSE227570,0
1334214,GSE227898,0
1334214,GSE228010,0
1334214,GSE228032,0
1334214,GSE228644,0
1334214,GSE228899,0
1334214,GSE22967,0
1334214,GSE229856,0
1334214,GSE229887,0
1334214,GSE230678,0
1334214,GSE231444,1
1334214,GSE231452,0
1334214,GSE231597,0
1334214,GSE231794,0
1334214,GSE231993,0
1334214,GSE233080,0
1334214,GSE233081,0
1334214,GSE233082,0
1334214,GSE233083,0
1334214,GSE233084,0
1334214,GSE233085,0
1334214,GSE233112,0
1334214,GSE2332,0
1334214,GSE233460,0
1334214,GSE234025,0
1334214,GSE234026,0
1334214,GSE234027,0
1334214,GSE234448,0
1334214,GSE234709,0
1334214,GSE234760,0
1334214,GSE234865,0
1334214,GSE234927,0
1334214,GSE234930,0
1334214,GSE235114,0
1334214,GSE235182,0
1334214,GSE235186,0
1334214,GSE235351,0
1334214,GSE235680,0
1334214,GSE235782,1
1334214,GSE236347,1
1334214,GSE236438,1
1334214,GSE236503,0
1334214,GSE236504,0
1334214,GSE236505,0
1334214,GSE236724,0
1334214,GSE236733,0
1334214,GSE236911,0
1334214,GSE237554,0
1334214,GSE23776,0
1334214,GSE238072,0
1334214,GSE238073,0
1334214,GSE238074,0
1334214,GSE238075,0
1334214,GSE238125,0
1334214,GSE238163,0
1334214,GSE239500,0
1334214,GSE239534,0
1334214,GSE239535,0
1334214,GSE239536,0
1334214,GSE239596,1
1334214,GSE239721,0
1334214,GSE239912,0
1334214,GSE239944,0
1334214,GSE240056,0
1334214,GSE240057,0
1334214,GSE240058,0
1334214,GSE240185,0
1334214,GSE240342,0
1334214,GSE240852,0
1334214,GSE241021,0
1334214,GSE241065,0
1334214,GSE241066,0
1334214,GSE241075,0
1334214,GSE241116,0
1334214,GSE241222,0
1334214,GSE241563,0
1334214,GSE241870,0
1334214,GSE242085,1
1334214,GSE242086,1
1334214,GSE242087,1
1334214,GSE242298,0
1334214,GSE24242,0
1334214,GSE242509,0
1334214,GSE242519,0
1334214,GSE242520,0
1334214,GSE242521,0
1334214,GSE242522,0
1334214,GSE242889,0
1334214,GSE242908,0
1334214,GSE24310,0
1334214,GSE243112,0
1334214,GSE243449,0
1334214,GSE243576,0
1334214,GSE243722,0
1334214,GSE244061,0
1334214,GSE244065,1
1334214,GSE244322,0
1334214,GSE244513,0
1334214,GSE244852,0
1334214,GSE245171,0
1334214,GSE245517,1
1334214,GSE245575,0
1334214,GSE245589,0
1334214,GSE245592,0
1334214,GSE245738,0
1334214,GSE245839,0
1334214,GSE246383,0
1334214,GSE246888,0
1334214,GSE246892,0
1334214,GSE247260,0
1334214,GSE247629,0
1334214,GSE247743,0
1334214,GSE248077,1
1334214,GSE248242,0
1334214,GSE248915,1
1334214,GSE249147,0
1334214,GSE249808,0
1334214,GSE250176,0
1334214,GSE250177,0
1334214,GSE250178,0
1334214,GSE251640,0
1334214,GSE251690,0
1334214,GSE251693,0
1334214,GSE25192,0
1334214,GSE252008,0
1334214,GSE252196,0
1334214,GSE252278,0
1334214,GSE252279,0
1334214,GSE252645,0
1334214,GSE252649,0
1334214,GSE252652,0
1334214,GSE252653,0
1334214,GSE252747,0
1334214,GSE252749,0
1334214,GSE252753,0
1334214,GSE252754,0
1334214,GSE25295,0
1334214,GSE252999,0
1334214,GSE253039,0
1334214,GSE25373,0
1334214,GSE254059,0
1334214,GSE255188,0
1334214,GSE256210,1
1334214,GSE25986,0
1334214,GSE25987,0
1334214,GSE25989,0
1334214,GSE25990,0
1334214,GSE26031,0
1334214,GSE261307,0
1334214,GSE261308,0
1334214,GSE261309,0
1334214,GSE261528,0
1334214,GSE261588,0
1334214,GSE261589,0
1334214,GSE261628,0
1334214,GSE262300,0
1334214,GSE264202,0
1334214,GSE264263,0
1334214,GSE264515,0
1334214,GSE264743,0
1334214,GSE26512,0
1334214,GSE265921,0
1334214,GSE266297,0
1334214,GSE266891,0
1334214,GSE267740,0
1334214,GSE268973,0
1334214,GSE269666,0
1334214,GSE269792,0
1334214,GSE269793,0
1334214,GSE270533,0
1334214,GSE270560,0
1334214,GSE272005,0
1334214,GSE272385,1
1334214,GSE27240,0
1334214,GSE272591,1
1334214,GSE274779,0
1334214,GSE27692,0
1334214,GSE28630,0
1334214,GSE2892,0
1334214,GSE29329,1
1334214,GSE30140,0
1334214,GSE30380,0
1334214,GSE30751,0
1334214,GSE30809,0
1334214,GSE31195,0
1334214,GSE31310,0
1334214,GSE31601,0
1334214,GSE31872,0
1334214,GSE32200,0
1334214,GSE32611,0
1334214,GSE32663,0
1334214,GSE33509,0
1334214,GSE33517,0
1334214,GSE33518,0
1334214,GSE33839,0
1334214,GSE34303,0
1334214,GSE3454,0
1334214,GSE34727,1
1334214,GSE35562,0
1334214,GSE35704,0
1334214,GSE3587,1
1334214,GSE37064,0
1334214,GSE37739,0
1334214,GSE38233,0
1334214,GSE3835,0
1334214,GSE38958,0
1334214,GSE39908,0
1334214,GSE39910,0
1334214,GSE40054,0
1334214,GSE40365,0
1334214,GSE40613,0
1334214,GSE41613,0
1334214,GSE41798,0
1334214,GSE42376,1
1334214,GSE4285,0
1334214,GSE42864,0
1334214,GSE42895,1
1334214,GSE43767,0
1334214,GSE43771,0
1334214,GSE43892,0
1334214,GSE43995,0
1334214,GSE44567,0
1334214,GSE4474,0
1334214,GSE44953,0
1334214,GSE44955,0
1334214,GSE44957,0
1334214,GSE45602,0
1334214,GSE45663,0
1334214,GSE45760,1
1334214,GSE45875,0
1334214,GSE45915,0
1334214,GSE45952,0
1334214,GSE46022,0
1334214,GSE46136,0
1334214,GSE46137,0
1334214,GSE46278,0
1334214,GSE46333,0
1334214,GSE46710,0
1334214,GSE46834,1
1334214,GSE4726,0
1334214,GSE47355,0
1334214,GSE47357,0
1334214,GSE47441,0
1334214,GSE47442,0
1334214,GSE48017,0
1334214,GSE48026,0
1334214,GSE48053,0
1334214,GSE48069,0
1334214,GSE48201,0
1334214,GSE48231,0
1334214,GSE48243,0
1334214,GSE48252,0
1334214,GSE48874,0
1334214,GSE49005,1
1334214,GSE49148,0
1334214,GSE49184,0
1334214,GSE49618,0
1334214,GSE49836,0
1334214,GSE50063,0
1334214,GSE50388,0
1334214,GSE50430,0
1334214,GSE50580,0
1334214,GSE50582,0
1334214,GSE50583,0
1334214,GSE50691,0
1334214,GSE50719,0
1334214,GSE50720,0
1334214,GSE50916,0
1334214,GSE51137,1
1334214,GSE5121,0
1334214,GSE51618,0
1334214,GSE52300,0
1334214,GSE53177,0
1334214,GSE53260,1
1334214,GSE53408,1
1334214,GSE53592,1
1334214,GSE53622,0
1334214,GSE53624,0
1334214,GSE53625,0
1334214,GSE53815,1
1334214,GSE53933,0
1334214,GSE54108,0
1334214,GSE54351,0
1334214,GSE54352,0
1334214,GSE54353,0
1334214,GSE54520,0
1334214,GSE54854,0
1334214,GSE54961,0
1334214,GSE55030,0
1334214,GSE55031,0
1334214,GSE55032,0
1334214,GSE55249,0
1334214,GSE55625,0
1334214,GSE55682,1
1334214,GSE56388,0
1334214,GSE56975,0
1334214,GSE57347,1
1334214,GSE57552,1
1334214,GSE58140,0
1334214,GSE58385,1
1334214,GSE58436,0
1334214,GSE58514,0
1334214,GSE58846,0
1334214,GSE59140,0
1334214,GSE59639,0
1334214,GSE59658,0
1334214,GSE59893,0
1334214,GSE59918,0
1334214,GSE59924,0
1334214,GSE60052,0
1334214,GSE60539,0
1334214,GSE61362,0
1334214,GSE61369,0
1334214,GSE61420,0
1334214,GSE61700,0
1334214,GSE62360,0
1334214,GSE6241,1
1334214,GSE63109,0
1334214,GSE63230,0
1334214,GSE63629,0
1334214,GSE63634,0
1334214,GSE63818,0
1334214,GSE63889,0
1334214,GSE64443,0
1334214,GSE64600,0
1334214,GSE64815,0
1334214,GSE64816,0
1334214,GSE64817,0
1334214,GSE64914,0
1334214,GSE65066,0
1334214,GSE65164,0
1334214,GSE65167,0
1334214,GSE65770,0
1334214,GSE65772,0
1334214,GSE65774,0
1334214,GSE65775,0
1334214,GSE65776,0
1334214,GSE66380,0
1334214,GSE66381,0
1334214,GSE66382,0
1334214,GSE67462,0
1334214,GSE67520,0
1334214,GSE67567,0
1334214,GSE67618,0
1334214,GSE67885,0
1334214,GSE68299,0
1334214,GSE68362,0
1334214,GSE68451,0
1334214,GSE68584,0
1334214,GSE68715,0
1334214,GSE68829,0
1334214,GSE69259,0
1334214,GSE69319,0
1334214,GSE69554,0
1334214,GSE69615,1
1334214,GSE69616,1
1334214,GSE69617,1
1334214,GSE69899,0
1334214,GSE69909,0
1334214,GSE70312,0
1334214,GSE70313,0
1334214,GSE70314,0
1334214,GSE70315,0
1334214,GSE70363,0
1334214,GSE70545,0
1334214,GSE70546,0
1334214,GSE70547,0
1334214,GSE70605,0
1334214,GSE70606,0
1334214,GSE70607,0
1334214,GSE70608,0
1334214,GSE70795,0
1334214,GSE71095,0
1334214,GSE71096,0
1334214,GSE71302,0
1334214,GSE71405,0
1334214,GSE71434,0
1334214,GSE71497,0
1334214,GSE71640,0
1334214,GSE71704,0
1334214,GSE7197,0
1334214,GSE72386,0
1334214,GSE72601,0
1334214,GSE72868,0
1334214,GSE72917,0
1334214,GSE72983,1
1334214,GSE73005,0
1334214,GSE73225,0
1334214,GSE73238,0
1334214,GSE73239,0
1334214,GSE73240,0
1334214,GSE73277,0
1334214,GSE7333,1
1334214,GSE7343,1
1334214,GSE73533,0
1334214,GSE73535,0
1334214,GSE73663,0
1334214,GSE73952,0
1334214,GSE73983,0
1334214,GSE74029,1
1334214,GSE74049,0
1334214,GSE74294,0
1334214,GSE75522,0
1334214,GSE75883,0
1334214,GSE76306,0
1334214,GSE76315,0
1334214,GSE76538,0
1334214,GSE76539,0
1334214,GSE76702,0
1334214,GSE76719,0
1334214,GSE76800,0
1334214,GSE76926,0
1334214,GSE76927,0
1334214,GSE76935,0
1334214,GSE77182,0
1334214,GSE77277,0
1334214,GSE77284,0
1334214,GSE77297,0
1334214,GSE77814,0
1334214,GSE77983,0
1334214,GSE78005,1
1334214,GSE78046,0
1334214,GSE78118,0
1334214,GSE78213,0
1334214,GSE78272,0
1334214,GSE78273,0
1334214,GSE78274,0
1334214,GSE80065,0
1334214,GSE80246,0
1334214,GSE80401,0
1334214,GSE80437,1
1334214,GSE80601,0
1334214,GSE80665,0
1334214,GSE81111,1
1334214,GSE81162,0
1334214,GSE81436,0
1334214,GSE81470,0
1334214,GSE82039,0
1334214,GSE82040,0
1334214,GSE82041,0
1334214,GSE82115,0
1334214,GSE83140,0
1334214,GSE83355,0
1334214,GSE83474,1
1334214,GSE83550,0
1334214,GSE83557,0
1334214,GSE83649,0
1334214,GSE83651,0
1334214,GSE83652,0
1334214,GSE83653,0
1334214,GSE83660,0
1334214,GSE83669,0
1334214,GSE83687,0
1334214,GSE83701,0
1334214,GSE83721,0
1334214,GSE84135,0
1334214,GSE84767,0
1334214,GSE84922,0
1334214,GSE84923,0
1334214,GSE84924,0
1334214,GSE84933,0
1334214,GSE84947,0
1334214,GSE85532,0
1334214,GSE85726,0
1334214,GSE85727,0
1334214,GSE85728,0
1334214,GSE86146,0
1334214,GSE86795,0
1334214,GSE87111,0
1334214,GSE8753,0
1334214,GSE87569,0
1334214,GSE87577,0
1334214,GSE8777,0
1334214,GSE8778,0
1334214,GSE8857,0
1334214,GSE88871,0
1334214,GSE88872,0
1334214,GSE89059,0
1334214,GSE89065,0
1334214,GSE89066,0
1334214,GSE89147,0
1334214,GSE89570,0
1334214,GSE91043,1
1334214,GSE92249,0
1334214,GSE92308,0
1334214,GSE92922,0
1334214,GSE92968,0
1334214,GSE93137,0
1334214,GSE93243,0
1334214,GSE93505,0
1334214,GSE93506,0
1334214,GSE93510,0
1334214,GSE93749,0
1334214,GSE93750,0
1334214,GSE93751,0
1334214,GSE93881,0
1334214,GSE93916,0
1334214,GSE94013,0
1334214,GSE94061,0
1334214,GSE94597,0
1334214,GSE95375,0
1334214,GSE95481,0
1334214,GSE9584,0
1334214,GSE9636,0
1334214,GSE96952,0
1334214,GSE97143,0
1334214,GSE97205,0
1334214,GSE97364,1
1334214,GSE97563,0
1334214,GSE9771,0
1334214,GSE97766,0
1334214,GSE97778,0
1334214,GSE97791,0
1334214,GSE97859,0
1334214,GSE98010,0
1334214,GSE98149,0
1334214,GSE98150,0
1334214,GSE98151,0
1334214,GSE9816,0
1334214,GSE98214,1
1334214,GSE9833,0
1334214,GSE9834,0
1334214,GSE98388,0
1334214,GSE98808,0
1334214,GSE98809,0
1334214,GSE99207,0
1334214,GSE99588,0
1334214,GSE99687,0
1334214,GSE99807,0
1335009,GSE235879,0
1335009,GSE236043,0
1335009,GSE265923,0
1335165,GSE266075,0
1335436,GSE171147,0
1335436,GSE195615,0
1335436,GSE195616,0
1335436,GSE214128,0
1335436,GSE230596,0
1335436,GSE230597,0
1335436,GSE230599,0
1335436,GSE266360,0
1335436,GSE266361,0
1335436,GSE72005,0
1336002,GSE266819,0
1336114,GSE101626,0
1336114,GSE101627,0
1336114,GSE101628,0
1336114,GSE101629,0
1336114,GSE101630,0
1336114,GSE106782,0
1336114,GSE108229,0
1336114,GSE126565,0
1336114,GSE202335,0
1336114,GSE22796,0
1336114,GSE23307,0
1336114,GSE24264,0
1336114,GSE266897,0
1336114,GSE267511,0
1336114,GSE50954,0
1336114,GSE57422,1
1336114,GSE71069,1
1336114,GSE73914,1
1336114,GSE86793,0
1336114,GSE87090,0
1336126,GSE266897,0
1336126,GSE267511,0
1336193,GSE101986,0
1336193,GSE104827,0
1336193,GSE127896,0
1336193,GSE142526,0
1336193,GSE148829,0
1336193,GSE149683,0
1336193,GSE153643,0
1336193,GSE156793,0
1336193,GSE185518,0
1336193,GSE185623,0
1336193,GSE18927,0
1336193,GSE207266,0
1336193,GSE209913,0
1336193,GSE209915,0
1336193,GSE209916,0
1336193,GSE209917,0
1336193,GSE209919,0
1336193,GSE220977,0
1336193,GSE221527,0
1336193,GSE266980,0
1336193,GSE29692,0
1336193,GSE86894,0
1336193,GSE93593,0
1336193,GSE93801,0
1336193,GSE93802,0
1336193,GSE98540,0
1336194,GSE157522,0
1336194,GSE266980,0
1336251,GSE126253,0
1336251,GSE184953,0
1336251,GSE267009,0
1336267,GSE100823,0
1336267,GSE267009,0
1336347,GSE121626,0
1336347,GSE135030,0
1336347,GSE267057,0
1336347,GSE80463,0
1336347,GSE82291,0
1336347,GSE82292,0
1336646,GSE107338,0
1336646,GSE134377,0
1336646,GSE134392,0
1336646,GSE134393,0
1336646,GSE134394,0
1336646,GSE144269,0
1336646,GSE157256,1
1336646,GSE178180,0
1336646,GSE178181,0
1336646,GSE178182,0
1336646,GSE244578,0
1336646,GSE267310,0
1336646,GSE267560,0
1336646,GSE42648,0
1336646,GSE61927,0
1336655,GSE206351,0
1336655,GSE206352,0
1336655,GSE206353,0
1336655,GSE206354,0
1336655,GSE267310,0
1336655,GSE267560,0
1336727,GSE136534,0
1336727,GSE161322,0
1336727,GSE161434,0
1336727,GSE161446,0
1336727,GSE161448,0
1336727,GSE163824,0
1336727,GSE163831,0
1336727,GSE163832,0
1336727,GSE177055,0
1336727,GSE181508,0
1336727,GSE187333,0
1336727,GSE23152,0
1336727,GSE23153,0
1336727,GSE264151,0
1336727,GSE264162,0
1336727,GSE267348,0
1336727,GSE65848,0
1336727,GSE92592,0
1336727,GSE93590,0
1336727,GSE93629,0
1336729,GSE144625,0
1336729,GSE177055,0
1336729,GSE181508,0
1336729,GSE187333,0
1336729,GSE20055,0
1336729,GSE264151,0
1336729,GSE264162,0
1336729,GSE267348,1
1336729,GSE73355,0
1336729,GSE83641,0
1336729,GSE83642,0
1336729,GSE86984,0
1336798,GSE198151,0
1336798,GSE267427,1
1336948,GSE267623,0
1337674,GSE146019,0
1337674,GSE146020,0
1337674,GSE146021,0
1337674,GSE147412,0
1337674,GSE148838,0
1337674,GSE148839,0
1337674,GSE180984,0
1337674,GSE199974,0
1337674,GSE226066,0
1337674,GSE268138,0
1338624,GSE269122,0
1338769,GSE121611,0
1338769,GSE122960,0
1338769,GSE134238,0
1338769,GSE134397,0
1338769,GSE134398,0
1338769,GSE155249,0
1338769,GSE188202,0
1338769,GSE225083,0
1338769,GSE261424,0
1338769,GSE269239,0
1338769,GSE82158,0
1338769,GSE98731,0
1339236,GSE103771,0
1339236,GSE103772,0
1339236,GSE103983,0
1339236,GSE104156,0
1339236,GSE104157,0
1339236,GSE104158,0
1339236,GSE108313,0
1339236,GSE108885,0
1339236,GSE108891,0
1339236,GSE108892,0
1339236,GSE110513,0
1339236,GSE118436,0
1339236,GSE120239,0
1339236,GSE123078,0
1339236,GSE126310,0
1339236,GSE128639,0
1339236,GSE129074,0
1339236,GSE130711,0
1339236,GSE137029,0
1339236,GSE140422,0
1339236,GSE140468,0
1339236,GSE140493,0
1339236,GSE141006,0
1339236,GSE153056,0
1339236,GSE156478,0
1339236,GSE164378,0
1339236,GSE166188,0
1339236,GSE166191,0
1339236,GSE183273,0
1339236,GSE183274,0
1339236,GSE183276,0
1339236,GSE183277,0
1339236,GSE183279,0
1339236,GSE183456,0
1339236,GSE185638,0
1339236,GSE199711,0
1339236,GSE20369,0
1339236,GSE212588,0
1339236,GSE213957,0
1339236,GSE269594,0
1339236,GSE269595,0
1339236,GSE269596,0
1339236,GSE269600,0
1339236,GSE40705,0
1339236,GSE41265,1
1339236,GSE43948,0
1339236,GSE43949,0
1339236,GSE43955,0
1339236,GSE43969,0
1339236,GSE43970,0
1339236,GSE48968,1
1339236,GSE51583,0
1339236,GSE54365,0
1339236,GSE55572,0
1339236,GSE55575,0
1339236,GSE59784,0
1339236,GSE59792,0
1339236,GSE59793,0
1339236,GSE60047,0
1339236,GSE60749,0
1339236,GSE63269,0
1339236,GSE63472,0
1339236,GSE63473,0
1339236,GSE65528,0
1339236,GSE65529,0
1339236,GSE65530,0
1339236,GSE65531,0
1339236,GSE66688,1
1339236,GSE66693,0
1339236,GSE66694,0
1339236,GSE67164,0
1339236,GSE70151,0
1339236,GSE70630,0
1339236,GSE74488,0
1339236,GSE74833,0
1339236,GSE75103,0
1339236,GSE75104,0
1339236,GSE75105,0
1339236,GSE75106,0
1339236,GSE75107,0
1339236,GSE75108,0
1339236,GSE75109,0
1339236,GSE75110,0
1339236,GSE75111,0
1339236,GSE80321,0
1339236,GSE80482,0
1339236,GSE80483,0
1339236,GSE80511,0
1339236,GSE80561,0
1339236,GSE81275,0
1339236,GSE88858,0
1339236,GSE89232,0
1339236,GSE92495,0
1339236,GSE94820,0
1339236,GSE97104,0
1339236,GSE97179,0
1339284,GSE110165,0
1339284,GSE145534,0
1339284,GSE157047,0
1339284,GSE194263,0
1339284,GSE26343,0
1339284,GSE269613,0
1339521,GSE269818,0
1340311,GSE101881,0
1340311,GSE102938,0
1340311,GSE103781,0
1340311,GSE103782,0
1340311,GSE103783,0
1340311,GSE104630,0
1340311,GSE106598,0
1340311,GSE106789,0
1340311,GSE107128,0
1340311,GSE107129,0
1340311,GSE107130,0
1340311,GSE107757,0
1340311,GSE107925,0
1340311,GSE108045,0
1340311,GSE111972,0
1340311,GSE119437,0
1340311,GSE120391,0
1340311,GSE122505,0
1340311,GSE122511,0
1340311,GSE122515,0
1340311,GSE122517,0
1340311,GSE123886,0
1340311,GSE123887,0
1340311,GSE123888,0
1340311,GSE126079,0
1340311,GSE126080,0
1340311,GSE126098,0
1340311,GSE126268,0
1340311,GSE126378,0
1340311,GSE130679,0
1340311,GSE132471,0
1340311,GSE133863,0
1340311,GSE139913,0
1340311,GSE143185,0
1340311,GSE153210,0
1340311,GSE153238,0
1340311,GSE157291,0
1340311,GSE159187,0
1340311,GSE161678,0
1340311,GSE161777,0
1340311,GSE161778,0
1340311,GSE163635,0
1340311,GSE179057,0
1340311,GSE179059,0
1340311,GSE179064,0
1340311,GSE183488,0
1340311,GSE183489,0
1340311,GSE188394,0
1340311,GSE189420,0
1340311,GSE205078,0
1340311,GSE207607,0
1340311,GSE207611,0
1340311,GSE207612,0
1340311,GSE210756,0
1340311,GSE210757,0
1340311,GSE210759,0
1340311,GSE210760,0
1340311,GSE254369,0
1340311,GSE270901,0
1340311,GSE36952,0
1340311,GSE43456,0
1340311,GSE44034,0
1340311,GSE45805,0
1340311,GSE46903,0
1340311,GSE47188,0
1340311,GSE47189,0
1340311,GSE47696,0
1340311,GSE51307,0
1340311,GSE55317,0
1340311,GSE57823,0
1340311,GSE58437,0
1340311,GSE60903,0
1340311,GSE61477,0
1340311,GSE62398,0
1340311,GSE62509,0
1340311,GSE62579,0
1340311,GSE62795,0
1340311,GSE63410,0
1340311,GSE66128,0
1340311,GSE66593,0
1340311,GSE66594,0
1340311,GSE66595,0
1340311,GSE67011,0
1340311,GSE67013,0
1340311,GSE67014,0
1340311,GSE70383,0
1340311,GSE73125,0
1340311,GSE76445,0
1340311,GSE77062,0
1340311,GSE77064,0
1340311,GSE77065,0
1340311,GSE78697,0
1340311,GSE80338,0
1340311,GSE82168,0
1340311,GSE82170,0
1340311,GSE92852,0
1340311,GSE94402,0
1340311,GSE96703,0
1340311,GSE96713,0
1340311,GSE96715,0
1340311,GSE96719,0
1340311,GSE97924,0
1340311,GSE97925,0
1340311,GSE97926,0
1340311,GSE98235,0
1340714,GSE103473,0
1340714,GSE104870,0
1340714,GSE138579,0
1340714,GSE142872,0
1340714,GSE143618,0
1340714,GSE166110,0
1340714,GSE171050,0
1340714,GSE189930,0
1340714,GSE201231,0
1340714,GSE226054,0
1340714,GSE226755,0
1340714,GSE232377,0
1340714,GSE232378,0
1340714,GSE232379,0
1340714,GSE271848,0
1340714,GSE52994,0
1340714,GSE57023,0
1340714,GSE59838,0
1340714,GSE60230,0
1340714,GSE62510,0
1340714,GSE62748,0
1340714,GSE63030,0
1340714,GSE63113,0
1340714,GSE64845,0
1340714,GSE64937,0
1340714,GSE75830,0
1340714,GSE84935,0
1340714,GSE92885,0
1340714,GSE93535,0
1340714,GSE95354,0
1340730,GSE271922,0
1340749,GSE138789,0
1340749,GSE271922,0
1341143,GSE101678,0
1341143,GSE10240,0
1341143,GSE10567,0
1341143,GSE118566,0
1341143,GSE12253,0
1341143,GSE124804,0
1341143,GSE128066,0
1341143,GSE128284,1
1341143,GSE128723,0
1341143,GSE130045,1
1341143,GSE131031,0
1341143,GSE136100,1
1341143,GSE136587,0
1341143,GSE155172,0
1341143,GSE157382,1
1341143,GSE158069,1
1341143,GSE159562,1
1341143,GSE160157,1
1341143,GSE160435,0
1341143,GSE174849,1
1341143,GSE175996,1
1341143,GSE178385,1
1341143,GSE183435,1
1341143,GSE184384,0
1341143,GSE184949,0
1341143,GSE186918,1
1341143,GSE186919,1
1341143,GSE186920,1
1341143,GSE189219,0
1341143,GSE189407,0
1341143,GSE199072,1
1341143,GSE201256,0
1341143,GSE215929,0
1341143,GSE215930,0
1341143,GSE215931,0
1341143,GSE220218,0
1341143,GSE220848,0
1341143,GSE239835,1
1341143,GSE247615,1
1341143,GSE248773,1
1341143,GSE248775,1
1341143,GSE248778,1
1341143,GSE253411,1
1341143,GSE261943,1
1341143,GSE263657,1
1341143,GSE264054,0
1341143,GSE266291,0
1341143,GSE266405,0
1341143,GSE267021,1
1341143,GSE272713,0
1341143,GSE274586,1
1341143,GSE274686,1
1341143,GSE41549,0
1341143,GSE54753,0
1341143,GSE57602,0
1341143,GSE66578,0
1341143,GSE68868,0
1341143,GSE71241,0
1341143,GSE88800,0
1341143,GSE92938,0
1341143,GSE97939,0
1341224,GSE213406,0
1341224,GSE250506,0
1341224,GSE273053,0
1341629,GSE275126,0
1342799,GSE28911,0
1342799,GSE4054,0
1342799,GSE436,0
1342799,GSE80298,0
1342825,GSE441,0
1342875,GSE454,0
1343142,GSE514,0
1343365,GSE568,0
1343394,GSE574,0
1343394,GSE9874,0
1343412,GSE107339,0
1343412,GSE124622,0
1343412,GSE125092,0
1343412,GSE127736,0
1343412,GSE49518,0
1343412,GSE578,0
1343412,GSE9435,0
1344002,GSE3778,0
1344002,GSE506,1
1344002,GSE6697,1
1344002,GSE6698,1
1344002,GSE7363,1
1345872,GSE103205,0
1345872,GSE132628,0
1345872,GSE18622,1
1345872,GSE232695,0
1345872,GSE42218,0
1345872,GSE43643,0
1345872,GSE50826,0
1345872,GSE65338,0
1345873,GSE121816,0
1345873,GSE121817,0
1345873,GSE121821,0
1345873,GSE121822,0
1345873,GSE121823,0
1345873,GSE121826,0
1345873,GSE132391,0
1345873,GSE132395,0
1345873,GSE132398,0
1345873,GSE132400,0
1345873,GSE18625,1
1345873,GSE215990,1
1345873,GSE27529,1
1345873,GSE33420,1
1345873,GSE43572,0
1345873,GSE43573,0
1345873,GSE43574,0
1345873,GSE48245,0
1345873,GSE49831,0
1345873,GSE56748,0
1345873,GSE56751,0
1346044,GSE19552,1
1347918,GSE120181,0
1347918,GSE28899,1
1347918,GSE28900,1
1347918,GSE28901,1
1347918,GSE28902,1
1347918,GSE39704,1
1347918,GSE64350,0
1347918,GSE64351,0
1348110,GSE105160,0
1348110,GSE112118,0
1348110,GSE113895,0
1348110,GSE131039,0
1348110,GSE133254,0
1348110,GSE133396,0
1348110,GSE135993,0
1348110,GSE13935,0
1348110,GSE139369,0
1348110,GSE147507,0
1348110,GSE147746,0
1348110,GSE147975,0
1348110,GSE148113,0
1348110,GSE148697,0
1348110,GSE148996,0
1348110,GSE150708,0
1348110,GSE151878,0
1348110,GSE151879,0
1348110,GSE151880,0
1348110,GSE15246,0
1348110,GSE155241,0
1348110,GSE155371,0
1348110,GSE159556,0
1348110,GSE164780,0
1348110,GSE164781,0
1348110,GSE169241,0
1348110,GSE169504,0
1348110,GSE171524,0
1348110,GSE174208,0
1348110,GSE174745,0
1348110,GSE180417,0
1348110,GSE180521,0
1348110,GSE180967,0
1348110,GSE181412,0
1348110,GSE181478,0
1348110,GSE181480,0
1348110,GSE182376,0
1348110,GSE182572,0
1348110,GSE183421,0
1348110,GSE183714,0
1348110,GSE184536,0
1348110,GSE190004,0
1348110,GSE192558,0
1348110,GSE193722,0
1348110,GSE193723,0
1348110,GSE193724,0
1348110,GSE196987,0
1348110,GSE196988,0
1348110,GSE196989,0
1348110,GSE196990,0
1348110,GSE199863,0
1348110,GSE202963,0
1348110,GSE202964,0
1348110,GSE202965,0
1348110,GSE202966,0
1348110,GSE202967,0
1348110,GSE203401,0
1348110,GSE20680,0
1348110,GSE20681,0
1348110,GSE20686,0
1348110,GSE220446,0
1348110,GSE2323,0
1348110,GSE234939,0
1348110,GSE242354,0
1348110,GSE242355,0
1348110,GSE242357,0
1348110,GSE242358,0
1348110,GSE248989,0
1348110,GSE265879,0
1348110,GSE29709,1
1348110,GSE29710,1
1348110,GSE3487,0
1348110,GSE35220,0
1348110,GSE36613,0
1348110,GSE40260,0
1348110,GSE40566,0
1348110,GSE43309,0
1348110,GSE4784,1
1348110,GSE552,0
1348110,GSE554,0
1348110,GSE555,0
1348110,GSE563,0
1348110,GSE61901,0
1348110,GSE64605,0
1348110,GSE66876,0
1348110,GSE68527,0
1348110,GSE68919,0
1348110,GSE71528,0
1348110,GSE71679,0
1348110,GSE71833,0
1348110,GSE72731,0
1348110,GSE7333,0
1348110,GSE7343,0
1348110,GSE73983,0
1348110,GSE74294,0
1348110,GSE86236,0
1348110,GSE86292,0
1348110,GSE90900,0
1348110,GSE97359,0
1348677,GSE178687,0
1348677,GSE216125,0
1348677,GSE32563,1
1348677,GSE32941,0
1348677,GSE32942,0
1348677,GSE32943,0
1348677,GSE32944,0
1348677,GSE67122,0
1348677,GSE67124,0
1348677,GSE93134,0
1349189,GSE102145,1
1349189,GSE102146,1
1349189,GSE102147,1
1349189,GSE185901,1
1349189,GSE192734,1
1349189,GSE201954,1
1349189,GSE208699,1
1349189,GSE35178,1
1349189,GSE40108,1
1349255,GSE35601,1
1349356,GSE36075,1
1349637,GSE37459,1
1350034,GSE38867,1
1350572,GSE42034,1
1351054,GSE44443,1
1351183,GSE44147,1
1351183,GSE44820,1
1352661,GSE148557,0
1352661,GSE167847,0
1352661,GSE179132,0
1352661,GSE39755,1
1352661,GSE42732,0
1352661,GSE48535,0
1352661,GSE50485,1
1353104,GSE151363,0
1353104,GSE151364,0
1353104,GSE151365,0
1353104,GSE151366,0
1353104,GSE27908,0
1353104,GSE39851,0
1353104,GSE39852,0
1353104,GSE39853,0
1353104,GSE53097,1
1353104,GSE53098,1
1353104,GSE70661,1
1353104,GSE70723,1
1353104,GSE70725,1
1353104,GSE70726,1
1353104,GSE79601,1
1353104,GSE79602,1
1353104,GSE79603,1
1353449,GSE55700,1
1353603,GSE21804,0
1353603,GSE33938,0
1353603,GSE56585,1
1354137,GSE105266,0
1354137,GSE124167,0
1354137,GSE126885,0
1354137,GSE59671,1
1354137,GSE59740,1
1354137,GSE77642,1
1354137,GSE98562,0
1355332,GSE66820,1
1355454,GSE29561,1
1355454,GSE67545,1
1355554,GSE10957,1
1355554,GSE16712,1
1355554,GSE2189,0
1355554,GSE22989,1
1355554,GSE2964,0
1355554,GSE34308,1
1355554,GSE34309,1
1355554,GSE35357,1
1355554,GSE426,0
1355554,GSE427,0
1355554,GSE428,0
1355554,GSE429,0
1355554,GSE43996,1
1355554,GSE52348,1
1355554,GSE59401,0
1355554,GSE6400,1
1355554,GSE68134,1
1355554,GSE6814,1
1355554,GSE69066,1
1355554,GSE69103,1
1355554,GSE6960,1
1355554,GSE69603,1
1355554,GSE6962,1
1355554,GSE6972,1
1356284,GSE113926,0
1356284,GSE123195,0
1356284,GSE123437,0
1356284,GSE124170,0
1356284,GSE125368,0
1356284,GSE185709,0
1356284,GSE219215,0
1356284,GSE30628,1
1356284,GSE35669,1
1356284,GSE72261,1
1356895,GSE75529,1
1356964,GSE34454,1
1356964,GSE34455,1
1356964,GSE34456,1
1356964,GSE34482,1
1356964,GSE40749,0
1356964,GSE40750,0
1356964,GSE40751,0
1356964,GSE73731,0
1356964,GSE75888,1
1356964,GSE78071,0
1357105,GSE52849,1
1357105,GSE68059,1
1357105,GSE76721,1
1357105,GSE79880,1
1358085,GSE111166,0
1358085,GSE143558,0
1358085,GSE143566,0
1358085,GSE143570,0
1358085,GSE143573,0
1358085,GSE143574,0
1358085,GSE143680,0
1358085,GSE151829,1
1358085,GSE151830,1
1358085,GSE151831,1
1358085,GSE153577,0
1358085,GSE171216,0
1358085,GSE171217,0
1358085,GSE171218,0
1358085,GSE195843,0
1358085,GSE219265,0
1358085,GSE238257,0
1358085,GSE239676,0
1358085,GSE52485,0
1358085,GSE55793,0
1358085,GSE55794,0
1358085,GSE55795,0
1358085,GSE65274,0
1358085,GSE73698,1
1358085,GSE74339,0
1358085,GSE83289,1
1358085,GSE87372,1
1358257,GSE84155,1
1359757,GSE83842,1
1359757,GSE85301,1
1359757,GSE94769,1
1359772,GSE101353,1
1359772,GSE108134,1
1359772,GSE11784,1
1359772,GSE123405,1
1359772,GSE128708,1
1359772,GSE128709,1
1359772,GSE135188,1
1359772,GSE13896,1
1359772,GSE13932,1
1359772,GSE13933,1
1359772,GSE154136,1
1359772,GSE155515,1
1359772,GSE17905,1
1359772,GSE179156,1
1359772,GSE18385,1
1359772,GSE19407,1
1359772,GSE19667,1
1359772,GSE19722,1
1359772,GSE20250,1
1359772,GSE20257,1
1359772,GSE21359,1
1359772,GSE23087,1
1359772,GSE26307,1
1359772,GSE27681,1
1359772,GSE30063,1
1359772,GSE31449,1
1359772,GSE32030,1
1359772,GSE34450,1
1359772,GSE40364,1
1359772,GSE43079,1
1359772,GSE44865,1
1359772,GSE47718,1
1359772,GSE53519,1
1359772,GSE60989,1
1359772,GSE63127,1
1359772,GSE64461,1
1359772,GSE64593,1
1359772,GSE64598,1
1359772,GSE64599,1
1359772,GSE64614,1
1359772,GSE76324,1
1359772,GSE76326,1
1359772,GSE76327,1
1359772,GSE77658,1
1359772,GSE77659,1
1359772,GSE84101,1
1359772,GSE85121,1
1359772,GSE86064,1
1359772,GSE92661,1
1359772,GSE92662,1
1359772,GSE94819,1
1360341,GSE126003,0
1360341,GSE126004,0
1360341,GSE126006,0
1360341,GSE150131,0
1360341,GSE87755,1
1360341,GSE87756,1
1360341,GSE98704,1
1360373,GSE138774,1
1360373,GSE233275,0
1360373,GSE233276,0
1360373,GSE233277,0
1360373,GSE98814,1
1360373,GSE98825,1
1360373,GSE98826,1
1360539,GSE34507,0
1360539,GSE35159,0
1360539,GSE43017,0
1360539,GSE51265,0
1360539,GSE99667,1
1361438,GSE102395,0
1361438,GSE104553,1
1361438,GSE123740,1
1361438,GSE132953,0
1361438,GSE147020,0
1361438,GSE165891,0
1361438,GSE210273,0
1361438,GSE210274,0
1361438,GSE210275,0
1361438,GSE210276,0
1361438,GSE210277,0
1361438,GSE211837,0
1361438,GSE26539,0
1361438,GSE27842,0
1361438,GSE36396,0
1361438,GSE47358,0
1361438,GSE59980,0
1361438,GSE92893,1
1361477,GSE104777,1
1361477,GSE184325,1
1362158,GSE109320,1
1362158,GSE11027,0
1362158,GSE11028,0
1362158,GSE11029,0
1362158,GSE11030,0
1362158,GSE11099,0
1362158,GSE14783,0
1362158,GSE14784,0
1362158,GSE14785,0
1362158,GSE14792,0
1362158,GSE148023,0
1362158,GSE16842,0
1362158,GSE22381,0
1362158,GSE30716,0
1362158,GSE35350,0
1362158,GSE56888,1
1362158,GSE57134,1
1362158,GSE5800,0
1362158,GSE5991,0
1362158,GSE6050,0
1362158,GSE6051,0
1362158,GSE6052,0
1362158,GSE66101,1
1362158,GSE7536,0
1362493,GSE111028,1
1362757,GSE112396,1
1362757,GSE32316,0
1362757,GSE68152,0
1363132,GSE114498,1
1363132,GSE77546,1
1363247,GSE115093,1
1363384,GSE115769,1
1363384,GSE264457,0
1363384,GSE52901,0
1363384,GSE52902,0
1363384,GSE52903,0
1363384,GSE52904,0
1365314,GSE11043,1
1365314,GSE118458,1
1365314,GSE118461,1
1365314,GSE118462,1
1365314,GSE125378,1
1365314,GSE13584,1
1365314,GSE20654,0
1365314,GSE20660,0
1365314,GSE20662,0
1365314,GSE21685,1
1365314,GSE24364,0
1365314,GSE40579,1
1365314,GSE83478,1
1365314,GSE83487,1
1365314,GSE83488,1
1365314,GSE98779,0
1365314,GSE99367,1
1365682,GSE117632,0
1365682,GSE118092,0
1365682,GSE118093,0
1365682,GSE119081,0
1365682,GSE126077,1
1365682,GSE126223,1
1365682,GSE126224,1
1365682,GSE126225,1
1365682,GSE126226,1
1365682,GSE126227,1
1365682,GSE127456,1
1365682,GSE138773,1
1365682,GSE148882,0
1365682,GSE191059,0
1365682,GSE194148,0
1365682,GSE194329,0
1365682,GSE202857,0
1365682,GSE202859,0
1365682,GSE202863,0
1365682,GSE202864,0
1365682,GSE227999,0
1365682,GSE254701,0
1365682,GSE254703,0
1365682,GSE42266,1
1365682,GSE42306,1
1365682,GSE42309,1
1365682,GSE45173,0
1365682,GSE49147,1
1365682,GSE54947,1
1365682,GSE55129,1
1365682,GSE55731,0
1365682,GSE57216,1
1365682,GSE59569,0
1365682,GSE59696,0
1365682,GSE62359,0
1365682,GSE64684,0
1365682,GSE68733,0
1365682,GSE70234,0
1365682,GSE71866,1
1365682,GSE71940,1
1365682,GSE71941,1
1365682,GSE71942,1
1365682,GSE71943,1
1365682,GSE93103,0
1365682,GSE97954,0
1365682,GSE97995,0
1365682,GSE98771,0
1366060,GSE12350,0
1366060,GSE129399,1
1366060,GSE139239,0
1366060,GSE148310,1
1366060,GSE163756,1
1366060,GSE164004,1
1366060,GSE168660,0
1366060,GSE173223,0
1366060,GSE173332,1
1366060,GSE202723,0
1366060,GSE20361,0
1366060,GSE239907,1
1366060,GSE26682,0
1366060,GSE30870,0
1366060,GSE31180,1
1366060,GSE31263,0
1366060,GSE31438,0
1366060,GSE33233,0
1366060,GSE33896,0
1366060,GSE37329,0
1366060,GSE38829,1
1366060,GSE39691,0
1366060,GSE39693,0
1366060,GSE39694,0
1366060,GSE44956,0
1366060,GSE44964,0
1366060,GSE44966,0
1366060,GSE50712,0
1366060,GSE50905,0
1366060,GSE57362,0
1366060,GSE60082,0
1366060,GSE60677,0
1366060,GSE60678,0
1366060,GSE60679,0
1366060,GSE60680,0
1366060,GSE66085,0
1366060,GSE66174,0
1366060,GSE68324,1
1366060,GSE71362,0
1366060,GSE76075,1
1366060,GSE79446,0
1366060,GSE82139,1
1366060,GSE85801,0
1366060,GSE96672,0
1366137,GSE129829,1
1366137,GSE181068,0
1366516,GSE131802,1
1366516,GSE131803,1
1366516,GSE131805,1
1366516,GSE131806,1
1366535,GSE131943,1
1366823,GSE110648,0
1366823,GSE128504,0
1366823,GSE133458,1
1366823,GSE143562,1
1366823,GSE149699,0
1366823,GSE158146,0
1366823,GSE158147,0
1366823,GSE158148,0
1366823,GSE158149,0
1366823,GSE158150,0
1366823,GSE158151,0
1366823,GSE239807,1
1366823,GSE239808,1
1366823,GSE239810,1
1366823,GSE239814,1
1366823,GSE239815,1
1366823,GSE242688,0
1366823,GSE70015,0
1366823,GSE78256,0
1366823,GSE78257,0
1367342,GSE135916,1
1368071,GSE139591,1
1368141,GSE107912,0
1368141,GSE112384,0
1368141,GSE113734,0
1368141,GSE119546,0
1368141,GSE138322,0
1368141,GSE140039,1
1368141,GSE140040,1
1368141,GSE140041,1
1368141,GSE152147,0
1368141,GSE164709,0
1368141,GSE29883,0
1368141,GSE46819,0
1368141,GSE62533,0
1368141,GSE69838,0
1368141,GSE77080,0
1368184,GSE140191,1
1368184,GSE165797,0
1368184,GSE85176,0
1368728,GSE142733,1
1370046,GSE136863,1
1370046,GSE146680,0
1370046,GSE147075,1
1370046,GSE149352,1
1370046,GSE153118,0
1370680,GSE125522,1
1370680,GSE152412,1
1370680,GSE159491,0
1370680,GSE232767,0
1370680,GSE247111,0
1370680,GSE28633,0
1370680,GSE56930,0
1370680,GSE70694,0
1370680,GSE74662,0
1370847,GSE102440,0
1370847,GSE118697,0
1370847,GSE120004,0
1370847,GSE120005,0
1370847,GSE120006,0
1370847,GSE129596,0
1370847,GSE153245,1
1370847,GSE155207,0
1370847,GSE158556,0
1370847,GSE167573,0
1370847,GSE168397,0
1370847,GSE184056,0
1370847,GSE210250,0
1370847,GSE210959,0
1370847,GSE210960,0
1370847,GSE211878,0
1370847,GSE249514,0
1370847,GSE262518,0
1370847,GSE32361,0
1370882,GSE153409,1
1371696,GSE156372,1
1371696,GSE156595,1
1371696,GSE156930,1
1371696,GSE188423,0
1372048,GSE102368,0
1372048,GSE102369,0
1372048,GSE102370,0
1372048,GSE104038,0
1372048,GSE104039,0
1372048,GSE104040,0
1372048,GSE104041,0
1372048,GSE104042,0
1372048,GSE104103,0
1372048,GSE106535,0
1372048,GSE110623,0
1372048,GSE112084,0
1372048,GSE112615,0
1372048,GSE112616,0
1372048,GSE112617,0
1372048,GSE122918,0
1372048,GSE123485,0
1372048,GSE124947,0
1372048,GSE130906,0
1372048,GSE134751,0
1372048,GSE134753,0
1372048,GSE143248,0
1372048,GSE144397,0
1372048,GSE146039,0
1372048,GSE146106,0
1372048,GSE158595,1
1372048,GSE167246,0
1372048,GSE183891,0
1372048,GSE184734,1
1372048,GSE18687,0
1372048,GSE18688,0
1372048,GSE18733,0
1372048,GSE200628,0
1372048,GSE205692,0
1372048,GSE205898,0
1372048,GSE206402,0
1372048,GSE206493,0
1372048,GSE206496,0
1372048,GSE209628,0
1372048,GSE241989,0
1372048,GSE35511,0
1372048,GSE58766,0
1372048,GSE65331,0
1372048,GSE77128,0
1372048,GSE87796,0
1372048,GSE87797,0
1372048,GSE87798,0
1372091,GSE110529,0
1372091,GSE124715,0
1372091,GSE125743,0
1372091,GSE130358,0
1372091,GSE130359,0
1372091,GSE152939,0
1372091,GSE153099,0
1372091,GSE153101,0
1372091,GSE158816,1
1372091,GSE158876,0
1372091,GSE172315,1
1372091,GSE186358,0
1372091,GSE193582,0
1372091,GSE199145,0
1372091,GSE202471,0
1372091,GSE202474,0
1372091,GSE207117,0
1372091,GSE210398,0
1372091,GSE222359,0
1372091,GSE222360,0
1372091,GSE222361,0
1372091,GSE229681,0
1372091,GSE229682,0
1372091,GSE229683,0
1372091,GSE235434,0
1372091,GSE34002,0
1372091,GSE55266,0
1372091,GSE56161,0
1372091,GSE67213,1
1372091,GSE67567,0
1372091,GSE68211,0
1372091,GSE68212,0
1372091,GSE68213,0
1372091,GSE70713,0
1372091,GSE76798,0
1372091,GSE78512,0
1372091,GSE92419,0
1372091,GSE92444,0
1372091,GSE94366,0
1372255,GSE107620,1
1372255,GSE107621,1
1372255,GSE107622,1
1372255,GSE107748,1
1372255,GSE110057,1
1372255,GSE116642,0
1372255,GSE118991,0
1372255,GSE120854,0
1372255,GSE122697,0
1372255,GSE125317,0
1372255,GSE126008,0
1372255,GSE135446,0
1372255,GSE138981,0
1372255,GSE142664,1
1372255,GSE149776,0
1372255,GSE153089,0
1372255,GSE153667,0
1372255,GSE153940,0
1372255,GSE154967,0
1372255,GSE156462,0
1372255,GSE156463,0
1372255,GSE159741,1
1372255,GSE160868,1
1372255,GSE162591,0
1372255,GSE162592,0
1372255,GSE162593,0
1372255,GSE168095,0
1372255,GSE181740,0
1372255,GSE189281,0
1372255,GSE193468,0
1372255,GSE197271,0
1372255,GSE213145,0
1372255,GSE213402,1
1372255,GSE213862,0
1372255,GSE220502,0
1372255,GSE231391,0
1372255,GSE234332,0
1372255,GSE235078,0
1372255,GSE242108,0
1372255,GSE249145,0
1372255,GSE251888,0
1372255,GSE32485,0
1372255,GSE42151,0
1372255,GSE59163,1
1372255,GSE59528,1
1372255,GSE59916,1
1372255,GSE59917,1
1372255,GSE59988,1
1372255,GSE62010,1
1372255,GSE62011,1
1372255,GSE62017,1
1372255,GSE62018,1
1372255,GSE65903,0
1372255,GSE70621,1
1372255,GSE77784,1
1372847,GSE154382,1
1372847,GSE154383,1
1372847,GSE161826,1
1372847,GSE162614,1
1373500,GSE165545,1
1373523,GSE165634,1
1373543,GSE164637,1
1373543,GSE165731,1
1374175,GSE168662,1
1374332,GSE169230,1
1374332,GSE169311,1
1374332,GSE180061,0
1374332,GSE200352,0
1374332,GSE83933,0
1374499,GSE163370,0
1374499,GSE171334,1
1374499,GSE61442,1
1374499,GSE74642,0
1374499,GSE74700,0
1374499,GSE79332,0
1374499,GSE94060,0
1374499,GSE95222,0
1374557,GSE10057,0
1374557,GSE10105,0
1374557,GSE10107,0
1374557,GSE10863,0
1374557,GSE10864,0
1374557,GSE10868,0
1374557,GSE109174,0
1374557,GSE13056,0
1374557,GSE171597,1
1374557,GSE3654,0
1374557,GSE69716,0
1374557,GSE74196,0
1374557,GSE94897,0
1374557,GSE95318,0
1374557,GSE99279,0
1374703,GSE172239,1
1375248,GSE160177,1
1375248,GSE175820,1
1375665,GSE109911,1
1375665,GSE129672,1
1375665,GSE178660,1
1375665,GSE179019,1
1375665,GSE21089,0
1375665,GSE21296,1
1375665,GSE29545,1
1375665,GSE39133,1
1375665,GSE86066,1
1375665,GSE86067,1
1375665,GSE86068,1
1375689,GSE111557,0
1375689,GSE111650,0
1375689,GSE179117,1
1375689,GSE255048,0
1375689,GSE85007,0
1375734,GSE113809,0
1375734,GSE113964,0
1375734,GSE113966,0
1375734,GSE114037,0
1375734,GSE149434,0
1375734,GSE149436,0
1375734,GSE149437,0
1375734,GSE149440,0
1375734,GSE150167,0
1375734,GSE163426,0
1375734,GSE164457,0
1375734,GSE168598,0
1375734,GSE174730,0
1375734,GSE179302,1
1375734,GSE182761,0
1375734,GSE182762,0
1375734,GSE182764,0
1375734,GSE182765,0
1375734,GSE190684,0
1375734,GSE200074,0
1375734,GSE223817,0
1375734,GSE86354,0
1375817,GSE179671,1
1375980,GSE166877,0
1375980,GSE180464,1
1375980,GSE180465,1
1375980,GSE180466,1
1375980,GSE181029,1
1375980,GSE212796,1
1375980,GSE241908,1
1375980,GSE241909,1
1375980,GSE241910,1
1375980,GSE241912,1
1375980,GSE241913,1
1375980,GSE241914,1
1376475,GSE154203,0
1376475,GSE161471,0
1376475,GSE161550,1
1376475,GSE175592,0
1376475,GSE182614,1
1376475,GSE231318,0
1376475,GSE231319,0
1376475,GSE231320,0
1376475,GSE30045,0
1376475,GSE54359,0
1376816,GSE184196,1
1376907,GSE176275,1
1376907,GSE184617,1
1377112,GSE185523,1
1377112,GSE213453,0
1377112,GSE50914,0
1377958,GSE190448,1
1378369,GSE192921,1
1378369,GSE193343,1
1379189,GSE12940,0
1379189,GSE140257,0
1379189,GSE162302,1
1379189,GSE162412,1
1379189,GSE198560,1
1379189,GSE20924,0
1379443,GSE112370,1
1379443,GSE129481,0
1379443,GSE148216,0
1379443,GSE189922,0
1379443,GSE196209,0
1379443,GSE196210,0
1379443,GSE196212,0
1379443,GSE199819,1
1379443,GSE218794,0
1379443,GSE218795,0
1379443,GSE218796,0
1379443,GSE218798,0
1379443,GSE231726,0
1379443,GSE233460,0
1379443,GSE235755,0
1379443,GSE243251,0
1379443,GSE264202,0
1379980,GSE202228,1
1380029,GSE202372,1
1380080,GSE115775,1
1380080,GSE116646,0
1380080,GSE12272,0
1380080,GSE153567,1
1380080,GSE160821,1
1380080,GSE171953,1
1380080,GSE202590,1
1380080,GSE21,0
1380080,GSE21787,0
1380080,GSE221913,0
1380080,GSE26593,0
1380080,GSE49572,0
1380080,GSE49573,0
1380080,GSE49574,0
1380080,GSE49575,0
1380080,GSE72093,1
1380080,GSE85124,0
1380080,GSE85125,0
1380080,GSE85127,0
1380080,GSE85181,0
1380080,GSE85182,0
1380080,GSE8613,0
1380080,GSE93803,0
1380087,GSE162300,0
1380087,GSE162382,0
1380087,GSE164518,1
1380087,GSE164519,1
1380087,GSE164520,1
1380087,GSE164999,0
1380087,GSE165088,0
1380087,GSE202632,1
1380087,GSE202633,1
1380849,GSE184068,1
1380849,GSE190289,0
1380849,GSE207006,1
1380849,GSE223429,1
1381273,GSE209638,1
1381273,GSE209640,1
1381273,GSE209641,1
1381273,GSE209642,1
1381273,GSE209643,1
1381273,GSE209644,1
1381273,GSE209645,1
1381980,GSE162506,0
1381980,GSE212480,1
1381980,GSE212534,1
1383416,GSE109070,0
1383416,GSE113833,0
1383416,GSE113834,0
1383416,GSE113838,0
1383416,GSE113840,0
1383416,GSE113842,0
1383416,GSE118898,1
1383416,GSE122589,1
1383416,GSE131356,1
1383416,GSE14334,0
1383416,GSE152186,1
1383416,GSE178835,1
1383416,GSE181020,0
1383416,GSE181026,0
1383416,GSE184140,1
1383416,GSE196889,1
1383416,GSE220253,1
1383416,GSE25401,0
1383416,GSE25402,0
1383416,GSE25470,0
1383416,GSE25910,0
1383416,GSE32655,0
1383416,GSE33828,0
1383416,GSE50244,0
1383416,GSE50397,0
1383416,GSE50398,0
1383416,GSE50587,0
1383416,GSE68536,0
1383416,GSE75066,1
1383416,GSE87888,0
1383416,GSE87892,0
1385171,GSE118176,1
1385171,GSE118177,1
1385171,GSE118178,1
1385171,GSE228207,1
1385171,GSE30793,0
1385171,GSE36408,1
1385345,GSE108345,0
1385345,GSE117557,0
1385345,GSE120305,0
1385345,GSE158182,0
1385345,GSE160640,0
1385345,GSE162185,0
1385345,GSE164058,0
1385345,GSE165122,0
1385345,GSE214666,0
1385345,GSE228909,1
1385345,GSE228910,1
1385345,GSE228911,1
1385345,GSE245823,0
1385345,GSE255271,0
1385345,GSE255273,0
1385345,GSE29311,0
1385345,GSE36669,0
1385345,GSE40509,0
1385345,GSE70135,0
1385345,GSE83418,0
1385345,GSE93169,0
1385345,GSE93173,0
1385345,GSE93196,0
1385544,GSE18759,0
1385544,GSE229731,1
1385544,GSE234262,0
1385544,GSE234647,1
1385544,GSE26391,0
1385544,GSE96743,0
1385573,GSE229874,1
1385614,GSE132132,0
1385614,GSE151600,1
1385614,GSE151601,1
1385614,GSE151602,1
1385614,GSE151603,1
1385614,GSE151604,1
1385614,GSE151617,1
1385614,GSE163372,0
1385614,GSE178212,0
1385614,GSE178216,0
1385614,GSE178218,0
1385614,GSE178219,0
1385614,GSE192587,0
1385614,GSE230026,1
1385614,GSE75241,0
1385614,GSE75243,0
1385854,GSE100455,0
1385854,GSE113402,0
1385854,GSE113563,0
1385854,GSE120073,0
1385854,GSE149655,0
1385854,GSE149813,0
1385854,GSE149909,0
1385854,GSE150263,0
1385854,GSE150425,0
1385854,GSE231366,1
1387059,GSE204882,0
1387059,GSE236167,1
1387059,GSE242546,1
1387059,GSE97287,0
1387532,GSE123830,0
1387532,GSE123882,0
1387532,GSE123885,0
1387532,GSE222083,1
1387532,GSE238213,1
1388057,GSE113712,0
1388057,GSE114906,0
1388057,GSE114914,0
1388057,GSE126388,0
1388057,GSE126536,0
1388057,GSE126537,0
1388057,GSE126538,0
1388057,GSE126539,0
1388057,GSE143563,0
1388057,GSE168490,0
1388057,GSE227149,0
1388057,GSE241226,1
1388057,GSE241231,1
1388057,GSE241233,1
1388057,GSE79452,0
1388057,GSE93946,0
1388845,GSE244356,1
1389194,GSE109573,1
1389194,GSE126129,1
1389194,GSE135737,1
1389194,GSE135760,1
1389194,GSE202068,1
1389194,GSE213400,1
1389194,GSE245748,1
1389243,GSE245919,1
1389243,GSE63401,0
1389243,GSE63402,0
1389243,GSE63403,0
1389279,GSE246151,1
1389381,GSE246675,1
1389439,GSE246962,1
1390150,GSE100685,1
1390150,GSE10703,1
1390150,GSE108401,1
1390150,GSE10877,1
1390150,GSE109540,0
1390150,GSE10966,1
1390150,GSE10967,1
1390150,GSE10968,1
1390150,GSE10969,1
1390150,GSE11070,1
1390150,GSE111283,1
1390150,GSE111839,0
1390150,GSE112471,1
1390150,GSE114430,0
1390150,GSE115371,0
1390150,GSE115372,0
1390150,GSE115373,0
1390150,GSE115746,0
1390150,GSE119500,0
1390150,GSE119665,0
1390150,GSE119666,0
1390150,GSE122038,0
1390150,GSE122314,1
1390150,GSE123941,0
1390150,GSE124009,1
1390150,GSE124391,1
1390150,GSE126724,0
1390150,GSE127793,0
1390150,GSE130553,1
1390150,GSE130711,1
1390150,GSE131192,1
1390150,GSE131326,1
1390150,GSE131354,1
1390150,GSE131360,1
1390150,GSE131393,1
1390150,GSE131406,1
1390150,GSE131427,1
1390150,GSE131430,1
1390150,GSE131482,0
1390150,GSE131501,1
1390150,GSE131509,1
1390150,GSE131519,1
1390150,GSE131554,1
1390150,GSE131557,1
1390150,GSE131570,1
1390150,GSE131757,1
1390150,GSE131766,1
1390150,GSE131771,1
1390150,GSE131836,1
1390150,GSE131867,1
1390150,GSE131889,1
1390150,GSE131904,1
1390150,GSE131913,1
1390150,GSE131930,1
1390150,GSE131951,1
1390150,GSE132060,1
1390150,GSE132101,1
1390150,GSE132114,1
1390150,GSE132126,1
1390150,GSE132135,1
1390150,GSE132316,1
1390150,GSE132405,1
1390150,GSE132445,1
1390150,GSE132456,1
1390150,GSE132463,1
1390150,GSE132484,1
1390150,GSE132489,1
1390150,GSE132498,1
1390150,GSE132503,1
1390150,GSE132541,1
1390150,GSE132571,1
1390150,GSE132601,1
1390150,GSE132609,1
1390150,GSE132621,1
1390150,GSE132629,1
1390150,GSE132639,1
1390150,GSE132676,1
1390150,GSE132692,1
1390150,GSE132700,1
1390150,GSE132710,1
1390150,GSE132859,0
1390150,GSE132860,0
1390150,GSE132861,0
1390150,GSE133230,0
1390150,GSE133408,1
1390150,GSE134203,0
1390150,GSE134474,1
1390150,GSE134484,1
1390150,GSE134490,1
1390150,GSE134507,1
1390150,GSE134593,1
1390150,GSE134617,1
1390150,GSE134635,1
1390150,GSE134653,1
1390150,GSE134750,1
1390150,GSE134773,1
1390150,GSE134793,1
1390150,GSE134806,1
1390150,GSE134862,1
1390150,GSE134882,1
1390150,GSE134899,1
1390150,GSE134940,1
1390150,GSE134958,1
1390150,GSE134967,1
1390150,GSE135139,1
1390150,GSE135169,1
1390150,GSE135179,1
1390150,GSE135203,1
1390150,GSE135234,1
1390150,GSE135248,1
1390150,GSE135252,1
1390150,GSE135260,1
1390150,GSE135269,1
1390150,GSE135307,1
1390150,GSE135447,1
1390150,GSE135484,1
1390150,GSE135534,1
1390150,GSE135543,1
1390150,GSE135570,1
1390150,GSE135585,1
1390150,GSE135596,1
1390150,GSE135606,1
1390150,GSE135641,1
1390150,GSE13814,0
1390150,GSE139296,1
1390150,GSE140493,1
1390150,GSE140686,0
1390150,GSE1407,0
1390150,GSE141587,1
1390150,GSE141609,0
1390150,GSE14247,1
1390150,GSE143376,0
1390150,GSE143379,0
1390150,GSE143384,0
1390150,GSE143386,0
1390150,GSE14496,0
1390150,GSE146525,1
1390150,GSE146561,1
1390150,GSE146608,1
1390150,GSE146633,1
1390150,GSE150170,0
1390150,GSE1512,0
1390150,GSE151343,0
1390150,GSE151958,0
1390150,GSE151960,0
1390150,GSE151961,0
1390150,GSE151962,0
1390150,GSE152011,1
1390150,GSE156683,1
1390150,GSE157868,1
1390150,GSE157886,1
1390150,GSE157980,1
1390150,GSE158014,1
1390150,GSE158043,1
1390150,GSE158066,1
1390150,GSE158092,1
1390150,GSE158154,1
1390150,GSE161398,0
1390150,GSE16256,0
1390150,GSE16368,0
1390150,GSE163775,0
1390150,GSE166879,0
1390150,GSE166880,0
1390150,GSE166881,0
1390150,GSE166882,0
1390150,GSE166883,0
1390150,GSE166884,0
1390150,GSE166885,0
1390150,GSE166886,0
1390150,GSE166887,0
1390150,GSE166888,0
1390150,GSE166890,0
1390150,GSE166891,0
1390150,GSE166892,0
1390150,GSE166893,0
1390150,GSE166894,0
1390150,GSE166896,0
1390150,GSE166897,0
1390150,GSE167119,1
1390150,GSE167577,1
1390150,GSE167978,1
1390150,GSE168066,1
1390150,GSE168169,1
1390150,GSE168457,0
1390150,GSE168482,1
1390150,GSE168645,1
1390150,GSE168693,1
1390150,GSE168734,1
1390150,GSE168761,1
1390150,GSE17312,0
1390150,GSE173650,0
1390150,GSE179129,1
1390150,GSE17917,0
1390150,GSE179610,1
1390150,GSE179696,1
1390150,GSE179761,1
1390150,GSE179971,1
1390150,GSE180011,1
1390150,GSE180049,1
1390150,GSE180293,1
1390150,GSE182414,0
1390150,GSE182617,0
1390150,GSE18292,0
1390150,GSE184511,0
1390150,GSE188894,0
1390150,GSE18927,0
1390150,GSE193274,1
1390150,GSE193296,1
1390150,GSE193299,1
1390150,GSE193313,1
1390150,GSE193339,1
1390150,GSE193372,1
1390150,GSE193458,1
1390150,GSE193499,1
1390150,GSE19465,0
1390150,GSE195653,1
1390150,GSE195672,1
1390150,GSE196225,1
1390150,GSE196291,1
1390150,GSE196344,1
1390150,GSE196367,1
1390150,GSE196419,1
1390150,GSE196521,1
1390150,GSE196577,1
1390150,GSE196603,1
1390150,GSE199897,1
1390150,GSE199957,1
1390150,GSE199972,1
1390150,GSE200013,1
1390150,GSE200056,1
1390150,GSE200121,1
1390150,GSE200150,1
1390150,GSE200169,1
1390150,GSE200232,1
1390150,GSE200290,1
1390150,GSE201248,1
1390150,GSE201830,1
1390150,GSE201910,1
1390150,GSE201933,1
1390150,GSE202033,1
1390150,GSE202062,1
1390150,GSE202125,1
1390150,GSE202162,1
1390150,GSE202341,1
1390150,GSE202393,1
1390150,GSE202412,1
1390150,GSE202908,1
1390150,GSE202970,1
1390150,GSE202999,1
1390150,GSE203103,1
1390150,GSE203133,1
1390150,GSE203205,1
1390150,GSE203373,1
1390150,GSE203616,1
1390150,GSE204677,1
1390150,GSE204713,1
1390150,GSE204792,1
1390150,GSE204827,1
1390150,GSE205705,1
1390150,GSE205722,1
1390150,GSE205760,1
1390150,GSE205789,1
1390150,GSE205809,1
1390150,GSE205820,1
1390150,GSE2060,0
1390150,GSE207507,1
1390150,GSE207558,1
1390150,GSE207583,1
1390150,GSE207599,1
1390150,GSE207674,1
1390150,GSE207694,1
1390150,GSE207752,1
1390150,GSE207774,1
1390150,GSE207953,1
1390150,GSE208024,1
1390150,GSE208051,1
1390150,GSE208392,1
1390150,GSE208553,1
1390150,GSE208580,1
1390150,GSE208643,1
1390150,GSE208673,1
1390150,GSE208737,1
1390150,GSE208780,1
1390150,GSE209544,1
1390150,GSE209576,1
1390150,GSE209709,1
1390150,GSE209830,1
1390150,GSE209905,1
1390150,GSE209930,1
1390150,GSE210907,1
1390150,GSE211016,1
1390150,GSE211139,1
1390150,GSE211239,1
1390150,GSE211453,1
1390150,GSE211564,1
1390150,GSE212268,1
1390150,GSE212335,1
1390150,GSE212426,1
1390150,GSE212555,1
1390150,GSE212612,1
1390150,GSE212621,0
1390150,GSE212764,1
1390150,GSE212781,1
1390150,GSE212830,1
1390150,GSE212850,1
1390150,GSE212932,1
1390150,GSE212967,1
1390150,GSE213027,1
1390150,GSE213221,1
1390150,GSE213259,1
1390150,GSE213262,1
1390150,GSE213353,1
1390150,GSE213557,0
1390150,GSE215147,1
1390150,GSE215213,1
1390150,GSE215342,1
1390150,GSE215353,1
1390150,GSE215422,1
1390150,GSE215779,1
1390150,GSE215809,1
1390150,GSE215913,1
1390150,GSE215958,1
1390150,GSE215995,1
1390150,GSE216014,1
1390150,GSE216041,1
1390150,GSE216188,1
1390150,GSE216224,1
1390150,GSE216240,1
1390150,GSE216300,1
1390150,GSE216331,1
1390150,GSE216436,1
1390150,GSE216539,1
1390150,GSE216615,1
1390150,GSE216696,1
1390150,GSE216778,1
1390150,GSE216816,1
1390150,GSE216938,1
1390150,GSE217228,1
1390150,GSE217335,1
1390150,GSE218321,1
1390150,GSE218495,1
1390150,GSE219006,1
1390150,GSE219113,1
1390150,GSE219198,1
1390150,GSE219263,1
1390150,GSE220086,1
1390150,GSE220129,1
1390150,GSE220199,1
1390150,GSE220431,1
1390150,GSE220451,1
1390150,GSE220710,1
1390150,GSE220748,0
1390150,GSE220767,1
1390150,GSE220793,1
1390150,GSE220857,1
1390150,GSE220904,1
1390150,GSE220953,1
1390150,GSE220957,0
1390150,GSE220984,1
1390150,GSE221010,1
1390150,GSE221040,1
1390150,GSE221089,1
1390150,GSE221175,1
1390150,GSE221368,1
1390150,GSE221393,1
1390150,GSE221445,1
1390150,GSE221452,1
1390150,GSE221463,1
1390150,GSE221487,1
1390150,GSE221503,1
1390150,GSE221523,1
1390150,GSE221556,1
1390150,GSE221591,1
1390150,GSE221622,1
1390150,GSE222404,0
1390150,GSE222405,0
1390150,GSE222406,0
1390150,GSE222850,0
1390150,GSE223206,1
1390150,GSE223413,1
1390150,GSE223427,1
1390150,GSE223431,1
1390150,GSE223443,1
1390150,GSE223547,1
1390150,GSE223563,1
1390150,GSE223633,1
1390150,GSE223696,1
1390150,GSE223737,1
1390150,GSE226097,1
1390150,GSE226826,1
1390150,GSE228814,1
1390150,GSE228951,1
1390150,GSE229061,1
1390150,GSE229149,1
1390150,GSE229169,0
1390150,GSE229385,1
1390150,GSE229625,1
1390150,GSE229678,1
1390150,GSE229751,1
1390150,GSE230015,1
1390150,GSE230070,1
1390150,GSE230159,1
1390150,GSE230209,1
1390150,GSE230219,1
1390150,GSE230220,1
1390150,GSE230221,1
1390150,GSE230222,1
1390150,GSE230223,1
1390150,GSE230224,1
1390150,GSE230225,1
1390150,GSE230226,1
1390150,GSE230242,1
1390150,GSE230248,1
1390150,GSE230312,1
1390150,GSE230335,1
1390150,GSE230336,1
1390150,GSE230338,1
1390150,GSE230339,1
1390150,GSE230595,1
1390150,GSE230684,1
1390150,GSE230782,1
1390150,GSE230818,1
1390150,GSE230823,1
1390150,GSE231230,1
1390150,GSE231326,1
1390150,GSE231414,1
1390150,GSE231442,1
1390150,GSE231537,1
1390150,GSE231622,1
1390150,GSE231722,1
1390150,GSE231811,1
1390150,GSE232006,1
1390150,GSE232116,1
1390150,GSE232148,1
1390150,GSE232210,1
1390150,GSE232229,1
1390150,GSE232321,1
1390150,GSE232420,1
1390150,GSE232442,1
1390150,GSE232492,1
1390150,GSE232494,1
1390150,GSE232495,1
1390150,GSE232499,1
1390150,GSE232593,1
1390150,GSE232663,1
1390150,GSE232668,1
1390150,GSE232768,1
1390150,GSE232909,1
1390150,GSE232945,1
1390150,GSE233154,1
1390150,GSE233185,1
1390150,GSE233243,1
1390150,GSE233268,1
1390150,GSE233325,1
1390150,GSE234066,1
1390150,GSE234152,1
1390150,GSE234175,1
1390150,GSE234208,1
1390150,GSE234264,1
1390150,GSE234321,1
1390150,GSE234950,1
1390150,GSE235004,1
1390150,GSE236274,1
1390150,GSE236428,1
1390150,GSE236451,1
1390150,GSE236574,1
1390150,GSE236583,1
1390150,GSE236612,1
1390150,GSE236699,1
1390150,GSE236893,1
1390150,GSE236973,1
1390150,GSE237288,1
1390150,GSE237325,1
1390150,GSE237437,1
1390150,GSE237455,1
1390150,GSE237580,1
1390150,GSE237699,1
1390150,GSE237781,1
1390150,GSE240297,0
1390150,GSE241339,1
1390150,GSE244618,0
1390150,GSE246760,0
1390150,GSE246791,0
1390150,GSE247988,1
1390150,GSE248919,1
1390150,GSE249238,1
1390150,GSE249336,1
1390150,GSE249399,1
1390150,GSE249705,1
1390150,GSE2504,0
1390150,GSE25246,0
1390150,GSE25247,0
1390150,GSE2847,0
1390150,GSE2848,0
1390150,GSE28682,0
1390150,GSE29069,0
1390150,GSE29118,0
1390150,GSE29119,0
1390150,GSE29120,0
1390150,GSE29127,0
1390150,GSE31704,0
1390150,GSE32977,0
1390150,GSE33184,0
1390150,GSE34654,0
1390150,GSE3485,0
1390150,GSE36025,0
1390150,GSE41753,1
1390150,GSE43463,1
1390150,GSE43857,1
1390150,GSE43858,1
1390150,GSE45173,0
1390150,GSE47966,1
1390150,GSE50191,1
1390150,GSE50691,0
1390150,GSE50719,0
1390150,GSE50720,0
1390150,GSE5074,1
1390150,GSE5094,1
1390150,GSE5174,1
1390150,GSE51859,0
1390150,GSE52457,0
1390150,GSE53060,0
1390150,GSE53094,0
1390150,GSE53096,0
1390150,GSE53141,0
1390150,GSE53348,0
1390150,GSE537,0
1390150,GSE538,0
1390150,GSE5387,1
1390150,GSE55731,0
1390150,GSE56151,0
1390150,GSE57179,0
1390150,GSE57359,0
1390150,GSE57360,0
1390150,GSE57361,0
1390150,GSE57419,0
1390150,GSE58752,0
1390150,GSE59569,0
1390150,GSE59696,0
1390150,GSE59699,0
1390150,GSE601,0
1390150,GSE60141,1
1390150,GSE60142,1
1390150,GSE60143,1
1390150,GSE604,0
1390150,GSE605,0
1390150,GSE60523,0
1390150,GSE60603,0
1390150,GSE60604,0
1390150,GSE60605,0
1390150,GSE627,0
1390150,GSE629,0
1390150,GSE630,0
1390150,GSE63137,0
1390150,GSE63568,0
1390150,GSE636,0
1390150,GSE637,0
1390150,GSE638,0
1390150,GSE639,0
1390150,GSE68087,0
1390150,GSE68193,0
1390150,GSE70533,0
1390150,GSE72550,0
1390150,GSE75868,1
1390150,GSE77394,0
1390150,GSE77395,0
1390150,GSE77396,0
1390150,GSE79300,1
1390150,GSE79309,1
1390150,GSE79310,1
1390150,GSE79708,1
1390150,GSE79709,1
1390150,GSE79710,1
1390150,GSE80564,1
1390150,GSE80565,1
1390150,GSE80566,1
1390150,GSE80567,1
1390150,GSE80568,1
1390150,GSE80744,1
1390150,GSE82022,1
1390150,GSE83765,1
1390150,GSE83993,0
1390150,GSE84382,1
1390150,GSE85689,1
1390150,GSE85708,1
1390150,GSE90142,0
1390150,GSE9317,1
1390150,GSE94486,1
1390150,GSE94710,0
1390150,GSE97179,1
1390877,GSE253936,1
1391078,GSE118343,0
1391078,GSE118344,0
1391078,GSE118349,0
1391078,GSE118685,1
1391078,GSE126488,0
1391078,GSE183516,1
1391078,GSE183548,1
1391078,GSE183549,1
1391078,GSE199582,1
1391078,GSE254755,1
1391078,GSE2930,1
1391078,GSE2931,1
1391078,GSE77843,0
1391113,GSE120648,0
1391113,GSE139413,0
1391113,GSE254890,1
1391113,GSE254891,1
1391113,GSE63800,0
1391113,GSE69354,0
1391113,GSE93126,0
1391113,GSE99215,0
1391455,GSE108813,0
1391455,GSE146935,0
1391455,GSE147119,0
1391455,GSE147121,0
1391455,GSE147830,0
1391455,GSE169392,0
1391455,GSE257869,1
1391455,GSE50809,0
1391455,GSE73391,0
1391455,GSE74456,0
1392192,GSE126516,0
1392192,GSE131503,0
1392192,GSE200974,0
1392192,GSE200975,0
1392192,GSE200976,0
1392192,GSE263629,1
1392192,GSE263630,1
1392192,GSE263631,1
1392192,GSE39966,0
1392192,GSE76992,0
1392192,GSE87530,0
1392667,GSE266886,1
1392727,GSE240406,0
1392727,GSE240409,0
1392727,GSE240424,0
1392727,GSE267183,1
1392946,GSE104991,1
1392946,GSE104992,1
1392946,GSE104993,1
1392946,GSE109933,0
1392946,GSE109935,0
1392946,GSE109971,0
1392946,GSE116867,0
1392946,GSE116868,0
1392946,GSE116869,0
1392946,GSE116870,0
1392946,GSE116871,0
1392946,GSE116872,0
1392946,GSE116873,0
1392946,GSE116874,0
1392946,GSE116875,0
1392946,GSE116876,0
1392946,GSE138892,1
1392946,GSE141845,0
1392946,GSE141846,0
1392946,GSE141847,0
1392946,GSE141852,0
1392946,GSE141853,0
1392946,GSE143802,0
1392946,GSE148073,0
1392946,GSE150955,1
1392946,GSE155916,1
1392946,GSE157636,0
1392946,GSE171098,1
1392946,GSE173841,0
1392946,GSE173842,0
1392946,GSE173843,0
1392946,GSE173846,0
1392946,GSE173847,0
1392946,GSE173862,0
1392946,GSE173863,0
1392946,GSE173864,0
1392946,GSE173866,0
1392946,GSE173867,0
1392946,GSE173868,0
1392946,GSE173869,0
1392946,GSE173870,0
1392946,GSE173871,0
1392946,GSE173872,0
1392946,GSE213234,0
1392946,GSE213236,0
1392946,GSE213238,0
1392946,GSE235530,0
1392946,GSE236516,0
1392946,GSE264705,1
1392946,GSE264706,1
1392946,GSE264707,1
1392946,GSE264708,1
1392946,GSE268224,1
1392946,GSE268225,1
1392946,GSE268226,1
1392946,GSE268227,1
1392946,GSE268228,1
1392946,GSE35698,1
1392946,GSE43504,1
1392946,GSE57147,1
1392946,GSE81301,1
1392946,GSE97541,0
1392965,GSE117492,0
1392965,GSE117493,0
1392965,GSE117494,0
1392965,GSE124826,0
1392965,GSE135540,0
1392965,GSE135723,0
1392965,GSE135807,0
1392965,GSE135808,0
1392965,GSE185648,0
1392965,GSE185649,0
1392965,GSE190284,0
1392965,GSE195561,1
1392965,GSE195562,1
1392965,GSE195563,1
1392965,GSE195565,1
1392965,GSE195566,1
1392965,GSE268339,1
1392965,GSE73956,0
1392965,GSE73957,0
1392965,GSE73958,0
1392965,GSE99539,0
1392965,GSE99540,0
1392965,GSE99541,0
1392965,GSE99542,0
1392965,GSE99544,0
1393361,GSE270246,1
1393659,GSE114853,0
1393659,GSE114913,0
1393659,GSE134726,0
1393659,GSE140243,0
1393659,GSE140461,0
1393659,GSE140462,0
1393659,GSE140463,0
1393659,GSE146782,1
1393659,GSE157864,1
1393659,GSE158005,1
1393659,GSE168387,1
1393659,GSE199036,0
1393659,GSE199215,0
1393659,GSE199216,0
1393659,GSE199301,0
1393659,GSE271635,1
1393820,GSE100285,0
1393820,GSE110345,1
1393820,GSE122481,1
1393820,GSE123719,1
1393820,GSE144807,1
1393820,GSE144809,1
1393820,GSE144812,1
1393820,GSE145036,1
1393820,GSE146053,0
1393820,GSE153271,1
1393820,GSE153272,1
1393820,GSE153273,1
1393820,GSE153274,1
1393820,GSE153300,1
1393820,GSE163286,1
1393820,GSE166991,0
1393820,GSE167025,0
1393820,GSE173857,1
1393820,GSE178086,1
1393820,GSE178140,1
1393820,GSE178141,1
1393820,GSE183119,0
1393820,GSE186860,1
1393820,GSE187633,0
1393820,GSE188738,1
1393820,GSE188882,0
1393820,GSE195889,0
1393820,GSE208636,0
1393820,GSE211390,1
1393820,GSE224901,1
1393820,GSE231568,1
1393820,GSE233863,1
1393820,GSE250455,0
1393820,GSE272411,1
1393820,GSE31281,0
1393820,GSE35782,0
1393820,GSE37350,0
1393820,GSE41386,0
1393820,GSE46996,1
1393820,GSE66894,0
1393820,GSE70087,1
1393820,GSE74879,0
1393820,GSE75445,0
1393820,GSE86808,1
1393820,GSE86809,1
1393820,GSE87855,0
1393820,GSE92287,1
1393820,GSE92292,1
1393820,GSE92295,1
1393820,GSE99247,0
1394741,GSE100170,0
1394741,GSE100238,1
1394741,GSE102004,0
1394741,GSE105783,0
1394741,GSE107746,0
1394741,GSE115256,0
1394741,GSE115515,0
1394741,GSE115516,0
1394741,GSE115517,0
1394741,GSE122530,1
1394741,GSE127736,0
1394741,GSE130155,0
1394741,GSE131058,1
1394741,GSE134920,1
1394741,GSE135697,0
1394741,GSE138478,0
1394741,GSE141293,0
1394741,GSE141355,0
1394741,GSE145329,1
1394741,GSE157650,0
1394741,GSE158526,0
1394741,GSE158679,0
1394741,GSE162080,0
1394741,GSE163853,0
1394741,GSE164158,0
1394741,GSE171758,0
1394741,GSE171760,0
1394741,GSE173277,0
1394741,GSE182553,0
1394741,GSE182555,0
1394741,GSE182566,0
1394741,GSE188296,0
1394741,GSE188297,0
1394741,GSE188298,0
1394741,GSE189318,0
1394741,GSE189593,0
1394741,GSE193075,0
1394741,GSE198304,0
1394741,GSE207268,0
1394741,GSE207269,0
1394741,GSE220676,0
1394741,GSE220677,0
1394741,GSE220678,0
1394741,GSE222477,1
1394741,GSE238077,1
1394741,GSE245041,1
1394741,GSE252127,1
1394741,GSE252700,0
1394741,GSE277656,1
1394741,GSE47666,1
1394741,GSE69666,0
1394741,GSE71032,1
1394741,GSE71257,1
1394741,GSE71318,1
1394741,GSE73703,0
1394741,GSE74344,1
1394741,GSE74766,1
1394741,GSE85619,0
1394741,GSE89497,0
1394741,GSE92317,1
1394741,GSE94991,0
