pmid,pub_title,pub_date,journal_title
25,,,
10725359,,,
10952317,,,
11124023,,,
11340181,,,
11553815,,,
11952897,,,
11994154,,,
12042773,,,
12050664,,,
12075054,,,
12096084,,,
12119387,,,
12297622,,,
12490681,,,
12534465,,,
12644598,,,
12651607,,,
12697073,,,
12730368,,,
12805270,,,
12829800,,,
12840040,,,
12865428,,,
12893945,,,
12937414,,,
12963823,,,
13130080,,,
13679573,,,
14555471,,,
14593172,,,
14594838,,,
14665430,,,
14695408,,,
14711987,,,
14737219,,,
14739279,,,
14976350,,,
14981237,,,
14993204,,,
15028281,,,
15054142,,,
15088380,,,
15102809,,,
15148346,,,
15155529,,,
15155910,,,
15163632,,,
15166183,,,
15291962,,,
15292486,,,
15300251,,,
15304623,,,
15308663,,,
15310842,,,
15314653,,,
15317747,,,
15340120,,,
15367214,,,
15374940,,,
15375197,,,
15461792,,,
15466047,,,
15467722,,,
15550693,,,
15557180,,,
15562247,,,
15574777,,,
15575969,,,
15585845,,,
15598610,,,
15616568,,,
15634696,,,
15659631,,,
15672449,,,
15692568,,,
15753290,,,
15757903,,,
15782197,,,
15789058,,,
15820940,,,
15831697,,,
15834136,,,
15834410,,,
15838786,,,
15846362,,,
15867382,,,
15870398,,,
15890899,,,
15892871,,,
15894264,,,
15896347,,,
15918878,,,
15920034,,,
15928199,,,
15942018,,,
15949447,,,
15955238,,,
15960800,,,
15987785,,,
15994966,,,
15998450,,,
16000714,,,
16043205,,,
16077094,,,
16079154,,,
16087739,,,
16103062,,,
16106032,,,
16107481,,,
16148108,,,
16204010,,,
16230380,,,
16230383,,,
16243906,,,
16258012,,,
16270623,,,
16273092,,,
16275909,,,
16277751,,,
16284307,,,
16288008,,,
16291983,,,
16306063,,,
16311605,,,
16314843,,,
16319822,,,
16339729,,,
16341221,,,
16352711,,,
16355216,,,
16357179,,,
16361876,,,
16368969,,,
16412049,,,
16413123,,,
16424807,,,
16428429,,,
16434403,,,
16434483,,,
16444260,,,
16459310,,,
16474395,,,
16489013,,,
16497717,,,
16501597,,,
16507785,,,
16518402,,,
16530701,,,
16547197,,,
16580993,,,
16582907,,,
16603191,,,
16609007,,,
16616336,,,
16618719,,,
16624518,,,
16628213,,,
16640731,,,
16643655,,,
16688228,,,
16707698,,,
16728703,,,
16735725,,,
16741228,,,
16760442,,,
16778177,,,
16782810,,,
16786575,,,
16788005,,,
16789837,,,
16791208,,,
16798779,,,
16809489,,,
16822846,,,
16823376,,,
16829574,,,
16836768,,,
16849555,,,
16857587,,,
16872517,,,
16878134,,,
16882883,,,
16884916,,,
16885540,,,
16889661,,,
16892062,,,
16894589,,,
16895450,,,
16899777,,,
16905537,,,
16910979,,,
16912112,,,
16914741,,,
16920797,,,
16924177,,,
16933469,,,
16943533,,,
16949657,,,
16953217,,,
16965766,,,
16979800,,,
16982809,,,
17003113,,,
17010133,,,
17015706,,,
17017123,,,
17018611,,,
17023574,,,
17033203,,,
17038565,,,
17039238,,,
17041601,,,
17051772,,,
17052335,,,
17060474,,,
17060531,,,
17077276,,,
17085572,,,
17096850,,,
17097559,,,
17157257,,,
17164403,,,
17183730,,,
17185464,,,
17188034,,,
17190607,,,
17192907,,,
17201672,,,
17202376,,,
17205564,,,
17215369,,,
17222352,,,
17222789,,,
17233922,,,
17234781,,,
17252012,,,
17257208,,,
17259635,,,
17260206,,,
17261194,,,
17284666,,,
17303130,,,
17311920,,,
17320163,,,
17322878,,,
17322880,,,
17327493,,,
17332290,,,
17334370,,,
17351046,,,
17374843,,,
17378698,,,
17393978,,,
17394647,,,
17397913,,,
17398174,,,
17405863,,,
17407386,,,
17416673,,,
17416750,,,
17428342,,,
17452641,,,
17461784,,,
17464315,,,
17468215,,,
17470268,,,
17472435,,,
17472752,,,
17481853,,,
17485517,,,
17488182,,,
17500590,,,
17505532,,,
17508344,,,
17510436,,,
17515910,,,
17519220,,,
17526693,,,
17535257,,,
17542650,,,
17545284,,,
17558387,,,
17559302,,,
17560336,,,
17565378,,,
17586820,,,
17589502,,,
17601789,,,
17611496,,,
17620128,,,
17635870,,,
17635928,,,
17640062,,,
17640573,,,
17651866,,,
17660535,,,
17666531,,,
17668415,,,
17683628,,,
17685434,,,
17692804,,,
17724127,,,
17761142,,,
17761519,,,
17761750,,,
17767167,,,
17785431,,,
17803905,,,
17851529,,,
17868463,,,
17875689,,,
17881745,,,
17892325,,,
17895393,,,
17905992,,,
17911620,,,
17916165,,,
17916801,,,
17932364,,,
17933900,,,
17936032,,,
17936559,,,
17965714,,,
17965775,,,
17968951,,,
17972098,,,
17974019,,,
17975176,,,
17981789,,,
17981981,,,
17984176,,,
17991715,,,
17993533,,,
17997849,,,
18023262,,,
18024188,,,
18024211,,,
18025183,,,
18025184,,,
18025261,,,
18026104,,,
18028541,,,
18030062,,,
18032389,,,
18034420,,,
18036227,,,
18037961,,,
18039366,,,
18039671,,,
18042715,,,
18055696,,,
18057241,,,
18059179,,,
18059553,,,
18060089,,,
18154652,,,
18159241,,,
18160042,,,
18167534,,,
18172304,,,
18176567,,,
18178720,,,
18199530,,,
18199546,,,
18204071,,,
18206654,,,
18208606,,,
18212050,,,
18221507,,,
18224708,,,
18235444,,,
18245369,,,
18245445,,,
18245812,,,
18250226,,,
18252223,,,
18252227,,,
18253465,,,
18256232,,,
18256240,,,
18258921,,,
18264110,,,
18270328,,,
18270589,,,
18278044,,,
18282602,,,
18283665,,,
18289901,,,
18292557,,,
18292748,,,
18310429,,,
18311145,,,
18311149,,,
18315880,,,
18321301,,,
18322534,,,
18331641,,,
18332432,,,
18332434,,,
18337559,,,
18345002,,,
18347045,,,
18348734,,,
18351644,,,
18354476,,,
18367535,,,
18373683,,,
18376406,,,
18378678,,,
18381418,,,
18385073,,,
18385275,,,
18391959,,,
18394996,,,
18397753,,,
18400754,,,
18413601,,,
18413752,,,
18413829,,,
18414000,,,
18419781,,,
18423832,,,
18423940,,,
18426895,,,
18431496,,,
18433489,,,
18442402,,,
18443592,,,
18446208,,,
18451170,,,
18456656,,,
18460334,,,
18463634,,,
18483253,,,
18483266,,,
18486559,,,
18497826,,,
18500982,,,
18506362,,,
18509088,,,
18511485,,,
18513428,,,
18535672,,,
18544165,,,
18550839,,,
18552160,,,
18552508,,,
18559478,,,
18568446,,,
18588666,,,
18590051,,,
18593563,,,
18593933,,,
18593951,,,
18594555,,,
18598941,,,
18598946,,,
18599363,,,
18599650,,,
18600498,,,
18613964,,,
18619725,,,
18622388,,,
18632618,,,
18641651,,,
18647411,,,
18648529,,,
18648539,,,
18649363,,,
18663125,,,
18663586,,,
18669862,,,
18676754,,,
18676811,,,
18682242,,,
18682280,,,
18687966,,,
18689800,,,
18691415,,,
18694566,,,
18698038,,,
18699868,,,
18701503,,,
18716133,,,
18719368,,,
18724805,,,
18725516,,,
18725995,,,
18729083,,,
18754008,,,
18757323,,,
18758466,,,
18763857,,,
18768820,,,
18772890,,,
18775308,,,
18776029,,,
18776587,,,
18778413,,,
18790870,,,
18794292,,,
18794340,,,
18799003,,,
18802101,,,
18818083,,,
18818281,,,
18820685,,,
18823559,,,
18828674,,,
18829985,,,
18843029,,,
18849451,,,
18849962,,,
18852131,,,
18854164,,,
18854335,,,
18922927,,,
18928525,,,
18936297,,,
18936300,,,
18937310,,,
18948541,,,
18948947,,,
18950829,,,
18953340,,,
18953566,,,
18976936,,,
18980691,,,
18983675,,,
18983962,,,
18989361,,,
18998772,,,
19008212,,,
19010816,,,
19011629,,,
19014460,,,
19014556,,,
19018094,,,
19018570,,,
19023330,,,
19027158,,,
19028886,,,
19029902,,,
19029904,,,
19036884,,,
19040532,,,
19047056,,,
19050079,,,
19055773,,,
19056587,,,
19057703,,,
19098899,,,
19107207,,,
19109227,,,
19109899,,,
19118031,,,
19119024,,,
19122213,,,
19135889,,,
19138406,,,
19139726,,,
19147755,,,
19148136,,,
19154717,,,
19164467,,,
19168627,,,
19169254,,,
19172291,,,
19172485,,,
19176722,,,
19178722,,,
19179452,,,
19180499,,,
19187765,,,
19190334,,,
19193619,,,
19193860,,,
19196655,,,
19196658,,,
19200802,,,
19203396,,,
19204204,,,
19208343,,,
19210792,,,
19211643,,,
19218089,,,
19220900,,,
19222804,,,
19224982,,,
19228061,,,
19229884,,,
19234157,,,
19234305,,,
19236707,,,
19240133,,,
19240692,,,
19244455,,,
19246385,,,
19246752,,,
19250903,,,
19261849,,,
19266279,,,
19269371,,,
19270706,,,
19271269,,,
19272164,,,
19279207,,,
19284540,,,
19289091,,,
19289832,,,
19309505,,,
19309508,,,
19320992,,,
19321416,,,
19329554,,,
19332562,,,
19336532,,,
19345118,,,
19345331,,,
19350679,,,
19356248,,,
19357784,,,
19359472,,,
19362539,,,
19366728,,,
19366883,,,
19370158,,,
19372580,,,
19375645,,,
19376150,,,
19376880,,,
19377048,,,
19389237,,,
19390088,,,
19395009,,,
19400950,,,
19407241,,,
19409083,,,
19414776,,,
19424418,,,
19427283,,,
19429869,,,
19430475,,,
19432961,,,
19432969,,,
19433118,,,
19448673,,,
19454673,,,
19465479,,,
19470782,,,
19476540,,,
19477427,,,
19478080,,,
19495420,,,
19497950,,,
19498199,,,
19498200,,,
19500340,,,
19500411,,,
19503079,,,
19515086,,,
19517021,,,
19535142,,,
19536202,,,
19544454,,,
19556463,,,
19559397,,,
19559614,,,
19565504,,,
19565513,,,
19574439,,,
19581361,,,
19584108,,,
19584398,,,
19590847,,,
19592655,,,
19593635,,,
19597497,,,
19602279,,,
19602709,,,
19607694,,,
19616448,,,
19619162,,,
19620965,,,
19622797,,,
19628667,,,
19632181,,,
19633656,,,
19635926,,,
19641190,,,
19644445,,,
19646876,,,
19651600,,,
19652203,,,
19657361,,,
19664223,,,
19664979,,,
19664992,,,
19666486,,,
19666505,,,
19668219,,,
19670424,,,
19671739,,,
19675170,,,
19679885,,,
19680167,,,
19686536,,,
19690134,,,
19691111,,,
19696147,,,
19701459,,,
19703393,,,
19706389,,,
19706456,,,
19706692,,,
19706712,,,
19706770,,,
19710687,,,
19712457,,,
19712482,,,
19723875,,,
19727395,,,
19730695,,,
19732723,,,
19737362,,,
19740431,,,
19741204,,,
19741609,,,
19748357,,,
19748469,,,
19748890,,,
19752216,,,
19755512,,,
19755855,,,
19759262,,,
19772648,,,
19789312,,,
19796622,,,
19796718,,,
19797313,,,
19800576,,,
19801397,,,
19801978,,,
19801979,,,
19805141,,,
19805309,,,
19812364,,,
19812599,,,
19812700,,,
19813261,,,
19815503,,,
19816418,,,
19821141,,,
19826053,,,
19826428,,,
19828696,,,
19829295,,,
19833766,,,
19833826,,,
19837979,,,
19843227,,,
19843862,,,
19852842,,,
19855080,,,
19861443,,,
19879883,,,
19881528,,,
19883615,,,
19891975,,,
19892832,,,
19903760,,,
19903850,,,
19913588,,,
19922656,,,
19922771,,,
19924793,,,
19935881,,,
19936048,,,
19939273,,,
19939278,,,
19948795,,,
19949809,,,
19952713,,,
19960063,,,
19960335,,,
19962670,,,
19962984,,,
19965430,,,
19965618,,,
19965678,,,
19965718,,,
19966280,,,
19996289,,,
19997486,,,
19997593,,,
20005572,,,
20007534,,,
20007864,,,
20008573,,,
20010803,,,
20015095,,,
20015954,,,
20016602,,,
20016837,,,
20018727,,,
20023657,,,
20038696,,,
20038714,,,
20038735,,,
20040766,,,
20043233,,,
20044575,,,
20049725,,,
20053288,,,
20055812,,,
20064375,,,
20064451,,,
20064776,,,
20068076,,,
20068170,,,
20069569,,,
20072147,,,
20078880,,,
20085741,,,
20087348,,,
20090835,,,
20097481,,,
20097852,,,
20097869,,,
20100965,,,
20107036,,,
20118358,,,
20123895,,,
20124476,,,
20124485,,,
20130591,,,
20132558,,,
20133333,,,
20139302,,,
20141841,,,
20152025,,,
20152045,,,
20159990,,,
20161708,,,
20162577,,,
20170705,,,
20173739,,,
20174553,,,
20176801,,,
20178741,,,
20181891,,,
20189714,,,
20189874,,,
20190191,,,
20190752,,,
20193684,,,
20211137,,,
20211620,,,
20213684,,,
20214815,,,
20215508,,,
20220049,,,
20221447,,,
20226095,,,
20228791,,,
20233708,,,
20233874,,,
20305017,,,
20305657,,,
20335527,,,
20338070,,,
20340164,,,
20348243,,,
20353591,,,
20353613,,,
20354195,,,
20360852,,,
20363980,,,
20364123,,,
20368579,,,
20376365,,,
20382889,,,
20385360,,,
20385361,,,
20385809,,,
20385818,,,
20386750,,,
20388846,,,
20392875,,,
20393566,,,
20395270,,,
20400566,,,
20401492,,,
20404162,,,
20404171,,,
20407027,,,
20410135,,,
20416132,,,
20419146,,,
20421498,,,
20423997,,,
20430781,,,
20431086,,,
20432501,,,
20436463,,,
20436668,,,
20436676,,,
20440878,,,
20443905,,,
20444096,,,
20444105,,,
20445634,,,
20448184,,,
20452322,,,
20459731,,,
20471072,,,
20473941,,,
20478254,,,
20479065,,,
20479123,,,
20479888,,,
20482586,,,
20484246,,,
20485525,,,
20497237,,,
20497379,,,
20500897,,,
20501946,,,
20505148,,,
20505160,,,
20508068,,,
20508144,,,
20509979,,,
20511191,,,
20516122,,,
20519630,,,
20520714,,,
20525001,,,
20525278,,,
20530215,,,
20537301,,,
20547848,,,
20547991,,,
20548029,,,
20550935,,,
20554967,,,
20562274,,,
20566846,,,
20574523,,,
20576849,,,
20577782,,,
20581290,,,
20582714,,,
20584882,,,
20594294,,,
20596025,,,
20601955,,,
20606469,,,
20609354,,,
20616235,,,
20620946,,,
20620947,,,
20621050,,,
20621051,,,
20622869,,,
20628157,,,
20628641,,,
20635329,,,
20637622,,,
20644535,,,
20644708,,,
20644729,,,
20654709,,,
20655471,,,
20659173,,,
20660648,,,
20664639,,,
20668691,,,
20676074,,,
20676099,,,
20678967,,,
20679207,,,
20682450,,,
20685852,,,
20689833,,,
20693378,,,
20699414,,,
20702727,,,
20705797,,,
20709297,,,
20711236,,,
20713790,,,
20716336,,,
20720541,,,
20725992,,,
20729844,,,
20739080,,,
20798549,,,
20799965,,,
20801882,,,
20802224,,,
20805357,,,
20805453,,,
20807887,,,
20811459,,,
20813005,,,
20817122,,,
20819179,,,
20820852,,,
20823134,,,
20829794,,,
20833363,,,
20835239,,,
20835245,,,
20838637,,,
20840779,,,
20843318,,,
20847055,,,
20854825,,,
20858713,,,
20870966,,,
20876420,,,
20888037,,,
20890043,,,
20921137,,,
20921369,,,
20923862,,,
20926834,,,
20932482,,,
20935156,,,
20937776,,,
20937782,,,
20940306,,,
20941359,,,
20943749,,,
20944086,,,
20944595,,,
20946983,,,
20950698,,,
20952636,,,
20953355,,,
20956346,,,
20957181,,,
20958245,,,
20962046,,,
20962885,,,
20966047,,,
20969775,,,
20974003,,,
20974999,,,
20975339,,,
20975942,,,
20976140,,,
20976218,,,
20977633,,,
21034448,,,
21041446,,,
21054499,,,
21057493,,,
21059851,,,
21061432,,,
21062371,,,
21062375,,,
21070396,,,
21081659,,,
21084631,,,
21084727,,,
21085693,,,
21092110,,,
21092265,,,
21092286,,,
21097712,,,
21097896,,,
21098123,,,
21098654,,,
21108336,,,
21109226,,,
21115979,,,
21123456,,,
21123943,,,
21124317,,,
21124915,,,
21124930,,,
21127054,,,
21129726,,,
21134491,,,
21138856,,,
21142452,,,
21144052,,,
21151985,,,
21152022,,,
21152434,,,
21153051,,,
21153052,,,
21156972,,,
21159965,,,
21160078,,,
21162720,,,
21163515,,,
21169565,,,
21170712,,,
21172013,,,
21177791,,,
21177969,,,
21177974,,,
21185829,,,
21186366,,,
21188144,,,
21191116,,,
21203463,,,
21209930,,,
21216829,,,
21219599,,,
21226959,,,
21227998,,,
21235737,,,
21235772,,,
21239580,,,
21249121,,,
21250865,,,
21252299,,,
21253009,,,
21253567,,,
21257794,,,
21257907,,,
21257964,,,
21258753,,,
21261984,,,
21264947,,,
21266046,,,
21266330,,,
21266361,,,
21266406,,,
21266501,,,
21269491,,,
21270055,,,
21270393,,,
21285945,,,
21289283,,,
21289626,,,
21292554,,,
21292972,,,
21294127,,,
21294158,,,
21295276,,,
21298008,,,
21305641,,,
21306619,,,
21317363,,,
21317538,,,
21320317,,,
21325133,,,
21325893,,,
21326234,,,
21330608,,,
21334429,,,
21346809,,,
21347234,,,
21349909,,,
21349973,,,
21354599,,,
21357579,,,
21357580,,,
21358717,,,
21360508,,,
21363891,,,
21364009,,,
21364752,,,
21365003,,,
21366430,,,
21366908,,,
21368758,,,
21372301,,,
21373875,,,
21392396,,,
21394097,,,
21403400,,,
21406103,,,
21406397,,,
21407816,,,
21411736,,,
21415212,,,
21418177,,,
21418656,,,
21421565,,,
21423168,,,
21423666,,,
21425313,,,
21427231,,,
21427360,,,
21430154,,,
21430775,,,
21436584,,,
21439053,,,
21443790,,,
21447175,,,
21448905,,,
21454787,,,
21455274,,,
21462378,,,
21463505,,,
21467267,,,
21467572,,,
21472139,,,
21474107,,,
21477297,,,
21479552,,,
21487109,,,
21487388,,,
21490961,,,
21490962,,,
21500311,,,
21501463,,,
21504830,,,
21505102,,,
21512002,,,
21531336,,,
21531768,,,
21533028,,,
21536901,,,
21537050,,,
21540552,,,
21543273,,,
21546504,,,
21549327,,,
21551231,,,
21551287,,,
21552279,,,
21552516,,,
21555364,,,
21555702,,,
21558411,,,
21559371,,,
21559450,,,
21559523,,,
21562599,,,
21569348,,,
21569359,,,
21569788,,,
21571948,,,
21572034,,,
21573164,,,
21575938,,,
21589891,,,
21593215,,,
21596310,,,
21596316,,,
21602514,,,
21602788,,,
21602795,,,
21602936,,,
21603610,,,
21613409,,,
21614566,,,
21619581,,,
21619626,,,
21625232,,,
21636294,,,
21637785,,,
21637825,,,
21642420,,,
21642992,,,
21645359,,,
21649561,,,
21651802,,,
21653281,,,
21658582,,,
21658583,,,
21663663,,,
21663795,,,
21665894,,,
21665939,,,
21666746,,,
21669488,,,
21670738,,,
21673079,,,
21682927,,,
21684349,,,
21693759,,,
21693768,,,
21697508,,,
21698166,,,
21699683,,,
21701487,,,
21705439,,,
21712401,,,
21712436,,,
21712494,,,
21716316,,,
21720214,,,
21723504,,,
21723509,,,
21725004,,,
21730190,,,
21730287,,,
21731613,,,
21736778,,,
21738486,,,
21738489,,,
21741598,,,
21743474,,,
21746919,,,
21747053,,,
21750684,,,
21753850,,,
21757228,,,
21757465,,,
21757609,,,
21760907,,,
21774834,,,
21777924,,,
21778235,,,
21778340,,,
21778360,,,
21779351,,,
21784468,,,
21795128,,,
21797868,,,
21799842,,,
21799870,,,
21799901,,,
21801763,,,
21805474,,,
21807638,,,
21810606,,,
21813625,,,
21816364,,,
21818254,,,
21820099,,,
21820164,,,
21820330,,,
21821793,,,
21821917,,,
21828136,,,
21829477,,,
21829517,,,
21829537,,,
21831765,,,
21836138,,,
21838877,,,
21840489,,,
21840978,,,
21841135,,,
21841785,,,
21847114,,,
21848663,,,
21849418,,,
21850204,,,
21852222,,,
21852250,,,
21853268,,,
21854744,,,
21856777,,,
21856820,,,
21856932,,,
21873981,,,
21876557,,,
21878675,,,
21885019,,,
21887294,,,
21890660,,,
21890681,,,
21892151,,,
21894573,,,
21895812,,,
21896679,,,
21896780,,,
21897848,,,
21901103,,,
21901105,,,
21903422,,,
21911366,,,
21911392,,,
21914192,,,
21921042,,,
21923738,,,
21923909,,,
21924794,,,
21925160,,,
21925322,,,
21931769,,,
21934144,,,
21935428,,,
21936662,,,
21946536,,,
21949018,,,
21949838,,,
21952072,,,
21952137,,,
21962918,,,
21963238,,,
21963537,,,
21964035,,,
21964263,,,
21966443,,,
21966512,,,
21968790,,,
21969591,,,
21976537,,,
21976543,,,
21980173,,,
21980417,,,
21981800,,,
21984258,,,
21984790,,,
21984916,,,
21985787,,,
21992792,,,
21995607,,,
21998686,,,
22002331,,,
22003205,,,
22003392,,,
22006020,,,
22010005,,,
22011439,,,
22012066,,,
22013162,,,
22017872,,,
22019781,,,
22020439,,,
22021236,,,
22025148,,,
22025212,,,
22027593,,,
22028862,,,
22031440,,,
22031862,,,
22033567,,,
22034628,,,
22038610,,,
22046374,,,
22050602,,,
22053107,,,
22055187,,,
22055504,,,
22057716,,,
22058113,,,
22065083,,,
22067320,,,
22072328,,,
22072501,,,
22072553,,,
22073229,,,
22074760,,,
22074953,,,
22075475,,,
22076376,,,
22080454,,,
22080921,,,
22081562,,,
22086488,,,
22087020,,,
22088171,,,
22089132,,,
22089643,,,
22095788,,,
22096101,,,
22101243,,,
22108299,,,
22108803,,,
22108827,,,
22111699,,,
22112802,,,
22113448,,,
22118467,,,
22120178,,,
22121215,,,
22123828,,,
22136931,,,
22137762,,,
22138974,,,
22139505,,,
22143885,,,
22144094,,,
22144909,,,
22146831,,,
22147733,,,
22151081,,,
22156296,,,
22156612,,,
22158329,,,
22158538,,,
22158963,,,
22160482,,,
22160566,,,
22162832,,,
22164259,,,
22169038,,,
22174314,,,
22174824,,,
22174898,,,
22177921,,,
22179924,,,
22182843,,,
22183965,,,
22186372,,,
22187364,,,
22190591,,,
22194415,,,
22196729,,,
22197486,,,
22198468,,,
22207624,,,
22207717,,,
22208362,,,
22215263,,,
22216762,,,
22220191,,,
22222631,,,
22223661,,,
22225612,,,
22226355,,,
22231168,,,
22231558,,,
22232210,,,
22233809,,,
22234560,,,
22235097,,,
22237106,,,
22237814,,,
22238326,,,
22241791,,,
22242153,,,
22244331,,,
22244332,,,
22246183,,,
22247430,,,
22247756,,,
22250092,,,
22251860,,,
22253262,,,
22253608,,,
22253732,,,
22257278,,,
22264274,,,
22264586,,,
22265415,,,
22266096,,,
22267813,,,
22270490,,,
22272305,,,
22272346,,,
22276102,,,
22276136,,,
22276141,,,
22277938,,,
22279145,,,
22284968,,,
22286061,,,
22287102,,,
22287715,,,
22293752,,,
22294438,,,
22294689,,,
22301954,,,
22302877,,,
22304924,,,
22308401,,,
22308434,,,
22310293,,,
22312003,,,
22312110,,,
22315472,,,
22318495,,,
22319597,,,
22320325,,,
22322993,,,
22324391,,,
22331678,,,
22334418,,,
22334709,,,
22338035,,,
22341440,,,
22343889,,,
22343897,,,
22347364,,,
22347404,,,
22347997,,,
22348014,,,
22350411,,,
22355166,,,
22355415,,,
22355682,,,
22357756,,,
22359547,,,
22362069,,,
22367483,,,
22375630,,,
22379133,,,
22384077,,,
22384141,,,
22384323,,,
22388809,,,
22400915,,,
22412841,,,
22419581,,,
22419669,,,
22423052,,,
22426421,,,
22429691,,,
22431509,,,
22432919,,,
22434908,,,
22437443,,,
22438570,,,
22439693,,,
22445337,,,
22445484,,,
22447126,,,
22450549,,,
22452946,,,
22454234,,,
22461028,,,
22465951,,,
22467474,,,
22474260,,,
22476717,,,
22483619,,,
22484851,,,
22486499,,,
22491853,,,
22495302,,,
22496154,,,
22499666,,,
22504026,,,
22505352,,,
22505458,,,
22510163,,,
22510267,,,
22512782,,,
22513257,,,
22516259,,,
22519555,,,
22523386,,,
22523571,,,
22529286,,,
22529299,,,
22529382,,,
22529744,,,
22529986,,,
22532788,,,
22535492,,,
22536829,,,
22537114,,,
22540040,,,
22540308,,,
22544700,,,
22545247,,,
22547424,,,
22549044,,,
22549178,,,
22549466,,,
22550165,,,
22550346,,,
22552627,,,
22553375,,,
22553379,,,
22554051,,,
22555458,,,
22555593,,,
22561409,,,
22562984,,,
22575960,,,
22580345,,,
22581446,,,
22586033,,,
22586274,,,
22589288,,,
22589390,,,
22589739,,,
22593193,,,
22594392,,,
22606356,,,
22609161,,,
22609917,,,
22612990,,,
22613798,,,
22615366,,,
22619309,,,
22621902,,,
22623957,,,
22626843,,,
22629382,,,
22639649,,,
22648723,,,
22652128,,,
22652664,,,
22654675,,,
22658377,,,
22660439,,,
22666492,,,
22673525,,,
22676183,,,
22681891,,,
22682761,,,
22685317,,,
22686199,,,
22687993,,,
22689379,,,
22689993,,,
22691140,,,
22693458,,,
22699621,,,
22701306,,,
22710432,,,
22718837,,,
22718948,,,
22719883,,,
22720264,,,
22722193,,,
22722342,,,
22722829,,,
22722845,,,
22722849,,,
22722868,,,
22723443,,,
22723548,,,
22723936,,,
22728437,,,
22730365,,,
22734047,,,
22738909,,,
22738990,,,
22745804,,,
22747986,,,
22748967,,,
22750547,,,
22751462,,,
22752426,,,
22753056,,,
22753872,,,
22760007,,,
22767372,,,
22768093,,,
22768844,,,
22769017,,,
22770242,,,
22777768,,,
22782891,,,
22790792,,,
22790872,,,
22797726,,,
22801959,,,
22806580,,,
22808193,,,
22810585,,,
22810586,,,
22810588,,,
22815738,,,
22815831,,,
22823569,,,
22826236,,,
22826509,,,
22829320,,,
22829983,,,
22832581,,,
22840769,,,
22846541,,,
22847438,,,
22850566,,,
22855579,,,
22855713,,,
22859400,,,
22860125,,,
22863022,,,
22863618,,,
22863620,,,
22865454,,,
22866913,,,
22869147,,,
22879202,,,
22885008,,,
22885787,,,
22889700,,,
22891273,,,
22904677,,,
22906315,,,
22907751,,,
22908260,,,
22912389,,,
22914092,,,
22923406,,,
22923691,,,
22929540,,,
22931923,,,
22935140,,,
22940431,,,
22944139,,,
22952647,,,
22955319,,,
22955828,,,
22955914,,,
22955917,,,
22955988,,,
22956915,,,
22961225,,,
22961379,,,
22970180,,,
22972934,,,
22978491,,,
22981537,,,
22981864,,,
22983211,,,
22986524,,,
22990623,,,
22992320,,,
22992520,,,
22993086,,,
22999881,,,
22999937,,,
23000141,,,
23000963,,,
23001663,,,
23013441,,,
23018034,,,
23018639,,,
23019656,,,
23021952,,,
23023169,,,
23026055,,,
23027924,,,
23028442,,,
23028523,,,
23028751,,,
23028969,,,
23029419,,,
23031258,,,
23034122,,,
23034409,,,
23036268,,,
23041623,,,
23042129,,,
23042145,,,
23042295,,,
23042816,,,
23045667,,,
23045686,,,
23046986,,,
23049694,,,
23054549,,,
23055926,,,
23056497,,,
23063654,,,
23065828,,,
23071669,,,
23071754,,,
23077097,,,
23079654,,,
23079999,,,
23083410,,,
23084923,,,
23093672,,,
23093778,,,
23094868,,,
23100115,,,
23102813,,,
23104559,,,
23111106,,,
23111773,,,
23112155,,,
23112805,,,
23116360,,,
23118859,,,
23129809,,,
23136297,,,
23140642,,,
23142657,,,
23142699,,,
23143595,,,
23144842,,,
23145933,,,
23147403,,,
23153540,,,
23155391,,,
23155476,,,
23162540,,,
23166516,,,
23166671,,,
23170974,,,
23171592,,,
23175708,,,
23176317,,,
23180765,,,
23180784,,,
23181063,,,
23181524,,,
23183685,,,
23184988,,,
23189148,,,
23201690,,,
23212521,,,
23219392,,,
23226320,,,
23233547,,,
23237666,,,
23241743,,,
23241950,,,
23248261,,,
23251491,,,
23259597,,,
23260135,,,
23260145,,,
23263233,,,
23263557,,,
23263626,,,
23265908,,,
23270926,,,
23272198,,,
23275372,,,
23275579,,,
23284171,,,
23289938,,,
23291655,,,
23295128,,,
23295673,,,
23297133,,,
23299892,,,
23300986,,,
23303785,,,
23306098,,,
23312289,,,
23314903,,,
23317700,,,
23319047,,,
23319565,,,
23319655,,,
23319804,,,
23320978,,,
23324170,,,
23324257,,,
23326304,,,
23326326,,,
23332918,,,
23333148,,,
23334668,,,
23335246,,,
23340744,,,
23341106,,,
23341612,,,
23344526,,,
23344998,,,
23345452,,,
23350733,,,
23352430,,,
23352462,,,
23352661,,,
23352666,,,
23354101,,,
23354439,,,
23357369,,,
23357978,,,
23360399,,,
23362327,,,
23364521,,,
23364941,,,
23365422,,,
23369545,,,
23371912,,,
23372714,,,
23372733,,,
23374343,,,
23374351,,,
23377542,,,
23382923,,,
23383223,,,
23385571,,,
23386435,,,
23388545,,,
23389994,,,
23390196,,,
23392257,,,
23396134,,,
23406356,,,
23409004,,,
23416462,,,
23422812,,,
23426277,,,
23426943,,,
23430108,,,
23430699,,,
23436528,,,
23437348,,,
23438860,,,
23440042,,,
23446348,,,
23447577,,,
23449625,,,
23451142,,,
23451206,,,
23453135,,,
23454623,,,
23454749,,,
23455955,,,
23456977,,,
23459460,,,
23462117,,,
23463007,,,
23467089,,,
23467092,,,
23469192,,,
23469939,,,
23474544,,,
23475073,,,
23479404,,,
23486187,,,
23487432,,,
23487796,,,
23490254,,,
23491407,,,
23493352,,,
23496831,,,
23499443,,,
23505972,,,
23512667,,,
23516208,,,
23516362,,,
23518348,,,
23520160,,,
23521863,,,
23523075,,,
23523777,,,
23524613,,,
23524971,,,
23525077,,,
23525797,,,
23527130,,,
23530204,,,
23535375,,,
23535507,,,
23536375,,,
23540701,,,
23540702,,,
23544090,,,
23552882,,,
23553052,,,
23554969,,,
23555746,,,
23557707,,,
23558169,,,
23562160,,,
23562819,,,
23563267,,,
23563690,,,
23565148,,,
23570531,,,
23570689,,,
23575373,,,
23576566,,,
23576735,,,
23578105,,,
23578319,,,
23580255,,,
23580553,,,
23583100,,,
23585472,,,
23585473,,,
23587162,,,
23587301,,,
23590298,,,
23591719,,,
23592216,,,
23595148,,,
23595228,,,
23595620,,,
23597566,,,
23600803,,,
23601105,,,
23601134,,,
23601657,,,
23601689,,,
23610445,,,
23612295,,,
23613738,,,
23616592,,,
23620402,,,
23623495,,,
23630447,,,
23632417,,,
23634996,,,
23635305,,,
23635779,,,
23637631,,,
23637875,,,
23639116,,,
23639479,,,
23645591,,,
23646174,,,
23648484,,,
23651948,,,
23652523,,,
23658224,,,
23658530,,,
23659661,,,
23660628,,,
23661089,,,
23666329,,,
23667179,,,
23671131,,,
23671674,,,
23673632,,,
23675471,,,
23676078,,,
23680150,,,
23682854,,,
23683873,,,
23685278,,,
23685454,,,
23685885,,,
23687122,,,
23694699,,,
23696748,,,
23698379,,,
23706735,,,
23707429,,,
23707792,,,
23715562,,,
23716604,,,
23716692,,,
23723424,,,
23727006,,,
23727218,,,
23728299,,,
23735746,,,
23735857,,,
23739894,,,
23739895,,,
23741392,,,
23744951,,,
23746446,,,
23747202,,,
23749191,,,
23749451,,,
23754963,,,
23770013,,,
23770079,,,
23772040,,,
23775115,,,
23775123,,,
23775127,,,
23775793,,,
23776204,,,
23776209,,,
23777634,,,
23781169,,,
23788724,,,
23789112,,,
23791529,,,
23791642,,,
23792425,,,
23796154,,,
23799049,,,
23804391,,,
23804423,,,
23805307,,,
23809164,,,
23810559,,,
23812098,,,
23812355,,,
23814041,,,
23817070,,,
23818637,,,
23822863,,,
23823498,,,
23824326,,,
23824412,,,
23825566,,,
23826145,,,
23826184,,,
23828858,,,
23828890,,,
23832230,,,
23832335,,,
23839787,,,
23840896,,,
23842454,,,
23843613,,,
23853600,,,
23857252,,,
23857717,,,
23858444,,,
23858468,,,
23863881,,,
23863942,,,
23868065,,,
23868451,,,
23868920,,,
23872679,,,
23873848,,,
23874205,,,
23874215,,,
23874220,,,
23874706,,,
23877693,,,
23880652,,,
23884607,,,
23894440,,,
23898205,,,
23898399,,,
23902260,,,
23902751,,,
23906066,,,
23906067,,,
23910086,,,
23912222,,,
23912900,,,
23913270,,,
23915008,,,
23921131,,,
23922318,,,
23924028,,,
23929855,,,
23934149,,,
23935008,,,
23935095,,,
23935120,,,
23937238,,,
23938295,,,
23940280,,,
23941360,,,
23942234,,,
23945235,,,
23948298,,,
23948639,,,
23950145,,,
23951361,,,
23953112,,,
23958793,,,
23959330,,,
23959426,,,
23959719,,,
23963175,,,
23966627,,,
23966636,,,
23966833,,,
23971877,,,
23972988,,,
23974142,,,
23975027,,,
23977042,,,
23977113,,,
23979757,,,
23982177,,,
23983221,,,
23990205,,,
23991050,,,
23993863,,,
23995229,,,
24000294,,,
24003136,,,
24003254,,,
24004468,,,
24005892,,,
24009147,,,
24011128,,,
24012417,,,
24013211,,,
24013502,,,
24013639,,,
24014597,,,
24022401,,,
24025607,,,
24026811,,,
24027283,,,
24028770,,,
24030633,,,
24030951,,,
24037760,,,
24038088,,,
24038725,,,
24039793,,,
24039832,,,
24040119,,,
24048436,,,
24048575,,,
24048703,,,
24048704,,,
24052018,,,
24054328,,,
24055054,,,
24055055,,,
24055111,,,
24056715,,,
24065129,,,
24065768,,,
24068942,,,
24072782,,,
24075995,,,
24089141,,,
24093682,,,
24094325,,,
24097067,,,
24097267,,,
24100010,,,
24101380,,,
24107449,,,
24107994,,,
24108661,,,
24115267,,,
24116131,,,
24120137,,,
24120476,,,
24121022,,,
24132643,,,
24136200,,,
24141423,,,
24141779,,,
24142050,,,
24143183,,,
24144643,,,
24145120,,,
24145350,,,
24145436,,,
24145441,,,
24147049,,,
24151430,,,
24152552,,,
24152727,,,
24153179,,,
24154525,,,
24154603,,,
24157873,,,
24159173,,,
24161946,,,
24161985,,,
24162158,,,
24162736,,,
24162740,,,
24163065,,,
24165159,,,
24166713,,,
24167554,,,
24173718,,,
24176123,,,
24179151,,,
24183664,,,
24185512,,,
24187091,,,
24190430,,,
24191696,,,
24192833,,,
24194394,,,
24194914,,,
24204606,,,
24205244,,,
24210110,,,
24212793,,,
24214913,,,
24218137,,,
24219331,,,
24226770,,,
24231354,,,
24231659,,,
24236059,,,
24239359,,,
24243019,,,
24252911,,,
24258346,,,
24260387,,,
24260392,,,
24268577,,,
24269006,,,
24269660,,,
24270663,,,
24274116,,,
24277834,,,
24278325,,,
24280387,,,
24281154,,,
24282287,,,
24286825,,,
24286928,,,
24290880,,,
24291365,,,
24293385,,,
24294214,,,
24303006,,,
24304929,,,
24304937,,,
24305048,,,
24307700,,,
24311694,,,
24317040,,,
24317396,,,
24320731,,,
24327544,,,
24327959,,,
24330401,,,
24331926,,,
24332033,,,
24332837,,,
24332851,,,
24332853,,,
24336927,,,
24337578,,,
24337596,,,
24338599,,,
24340017,,,
24344318,,,
24351288,,,
24362760,,,
24363811,,,
24366545,,,
24369304,,,
24374312,,,
24374825,,,
24375455,,,
24375627,,,
24377418,,,
24379348,,,
24379380,,,
24381249,,,
24382465,,,
24385936,,,
24386225,,,
24386457,,,
24390351,,,
24391219,,,
24392094,,,
24393021,,,
24398046,,,
24398052,,,
24398325,,,
24401939,,,
24403561,,,
24407421,,,
24412311,,,
24413916,,,
24416220,,,
24417896,,,
24421904,,,
24424412,,,
24425047,,,
24425788,,,
24431284,,,
24434208,,,
24439387,,,
24440720,,,
24441423,,,
24442672,,,
24443618,,,
24445999,,,
24447408,,,
24448395,,,
24450762,,,
24458354,,,
24458641,,,
24460498,,,
24462518,,,
24465220,,,
24465555,,,
24465567,,,
24465953,,,
24469038,,,
24474804,,,
24475181,,,
24476825,,,
24476892,,,
24476918,,,
24477198,,,
24479813,,,
24481529,,,
24486021,,,
24486028,,,
24487590,,,
24492282,,,
24495909,,,
24496616,,,
24497510,,,
24497530,,,
24498016,,,
24498407,,,
24498427,,,
24498897,,,
24500968,,,
24501001,,,
24503136,,,
24504027,,,
24505488,,,
24505496,,,
24508230,,,
24509510,,,
24510342,,,
24516132,,,
24516585,,,
24516597,,,
24518246,,,
24520123,,,
24521543,,,
24521861,,,
24522499,,,
24525840,,,
24529079,,,
24529375,,,
24529382,,,
24529596,,,
24530056,,,
24531965,,,
24532576,,,
24533144,,,
24535843,,,
24548064,,,
24549417,,,
24550240,,,
24554440,,,
24558479,,,
24563408,,,
24565511,,,
24569038,,,
24569628,,,
24569712,,,
24570141,,,
24571673,,,
24572369,,,
24573390,,,
24578130,,,
24578530,,,
24582499,,,
24585688,,,
24586032,,,
24586062,,,
24586162,,,
24586676,,,
24586907,,,
24587218,,,
24591352,,,
24591637,,,
24594098,,,
24598054,,,
24599453,,,
24603971,,,
24609896,,,
24615013,,,
24616020,,,
24616378,,,
24616499,,,
24626806,,,
24628956,,,
24630997,,,
24634377,,,
24635121,,,
24636993,,,
24638100,,,
24643722,,,
24651077,,,
24657575,,,
24658003,,,
24658156,,,
24661562,,,
24665059,,,
24667639,,,
24670642,,,
24670651,,,
24670763,,,
24672749,,,
24672774,,,
24674993,,,
24680886,,,
24686445,,,
24691445,,,
24693992,,,
24700874,,,
24703698,,,
24705811,,,
24707045,,,
24710513,,,
24711395,,,
24713300,,,
24713655,,,
24717514,,,
24725414,,,
24726324,,,
24727659,,,
24729470,,,
24732130,,,
24732378,,,
24735877,,,
24736527,,,
24743648,,,
24744442,,,
24747435,,,
24747440,,,
24748659,,,
24752897,,,
24753226,,,
24757178,,,
24758227,,,
24759943,,,
24762440,,,
24762537,,,
24762674,,,
24764292,,,
24768135,,,
24770714,,,
24776933,,,
24777532,,,
24778019,,,
24778153,,,
24779708,,,
24788100,,,
24788635,,,
24794443,,,
24794706,,,
24798377,,,
24799524,,,
24805235,,,
24807713,,,
24810336,,,
24811312,,,
24812032,,,
24812666,,,
24813609,,,
24814790,,,
24814792,,,
24823639,,,
24823806,,,
24825182,,,
24828490,,,
24830643,,,
24833660,,,
24835589,,,
24841271,,,
24842994,,,
24843164,,,
24845860,,,
24847068,,,
24850744,,,
24850902,,,
24855953,,,
24856586,,,
24857656,,,
24858832,,,
24859200,,,
24859338,,,
24862194,,,
24875834,,,
24877565,,,
24877726,,,
24879114,,,
24880487,,,
24884843,,,
24886537,,,
24887064,,,
24887289,,,
24888725,,,
24890018,,,
24891508,,,
24891615,,,
24899471,,,
24902603,,,
24904090,,,
24907942,,,
24913676,,,
24916103,,,
24916307,,,
24916506,,,
24919153,,,
24922324,,,
24924190,,,
24926788,,,
24927527,,,
24929436,,,
24929828,,,
24930433,,,
24931609,,,
24934224,,,
24936470,,,
24936790,,,
24939058,,,
24939742,,,
24942756,,,
24945319,,,
24947930,,,
24948953,,,
24949971,,,
24951773,,,
24952746,,,
24958709,,,
24964229,,,
24965556,,,
24965790,,,
24966054,,,
24974128,,,
24981610,,,
24981863,,,
24986688,,,
24991957,,,
24992598,,,
24993824,,,
24995530,,,
24995587,,,
24997154,,,
24997521,,,
24997788,,,
24998851,,,
25002228,,,
25002261,,,
25003190,,,
25003194,,,
25006255,,,
25008523,,,
25015099,,,
25015893,,,
25017071,,,
25019369,,,
25024180,,,
25024434,,,
25026212,,,
25028470,,,
25030652,,,
25032706,,,
25033179,,,
25034661,,,
25035395,,,
25035411,,,
25036052,,,
25036611,,,
25038413,,,
25038515,,,
25042405,,,
25043012,,,
25043817,,,
25049272,,,
25049506,,,
25052466,,,
25053977,,,
25056318,,,
25058496,,,
25066055,,,
25068119,,,
25068449,,,
25079327,,,
25079557,,,
25079600,,,
25081480,,,
25081901,,,
25082815,,,
25083875,,,
25085421,,,
25090446,,,
25092032,,,
25098168,,,
25100847,,,
25104330,,,
25104393,,,
25104425,,,
25108384,,,
25111050,,,
25115389,,,
25119045,,,
25122152,,,
25122745,,,
25123171,,,
25124817,,,
25124890,,,
25129077,,,
25130559,,,
25131670,,,
25132062,,,
25132549,,,
25135299,,,
25135349,,,
25136333,,,
25137043,,,
25141009,,,
25141350,,,
25142253,,,
25143365,,,
25144235,,,
25145280,,,
25146004,,,
25146236,,,
25146723,,,
25147232,,,
25151616,,,
25153325,,,
25155515,,,
25155613,,,
25157170,,,
25158132,,,
25158801,,,
25159127,,,
25159520,,,
25162887,,,
25164009,,,
25165097,,,
25167801,,,
25170028,,,
25171407,,,
25173174,,,
25176650,,,
25180572,,,
25184385,,,
25184677,,,
25186909,,,
25190313,,,
25192463,,,
25192464,,,
25193973,,,
25195102,,,
25200078,,,
25201530,,,
25201977,,,
25203321,,,
25203323,,,
25203443,,,
25205118,,,
25208476,,,
25211214,,,
25212754,,,
25213171,,,
25213859,,,
25215497,,,
25216639,,,
25217496,,,
25219674,,,
25220461,,,
25220462,,,
25225614,,,
25226589,,,
25228644,,,
25230743,,,
25232062,,,
25236801,,,
25240383,,,
25241037,,,
25242144,,,
25242146,,,
25242168,,,
25246527,,,
25248950,,,
25252918,,,
25252941,,,
25256095,,,
25258083,,,
25258085,,,
25259444,,,
25263553,,,
25266672,,,
25266797,,,
25271306,,,
25274727,,,
25274738,,,
25275495,,,
25276247,,,
25280001,,,
25280221,,,
25284794,,,
25287330,,,
25288727,,,
25294106,,,
25294882,,,
25294912,,,
25294932,,,
25296024,,,
25296918,,,
25298321,,,
25300954,,,
25304510,,,
25305080,,,
25305315,,,
25307056,,,
25307742,,,
25313140,,,
25316818,,,
25318822,,,
25320077,,,
25321415,,,
25322074,,,
25326100,,,
25327398,,,
25329394,,,
25329529,,,
25330008,,,
25330770,,,
25333900,,,
25335753,,,
25337697,,,
25340504,,,
25343476,,,
25343644,,,
25348288,,,
25348955,,,
25351332,,,
25351346,,,
25351418,,,
25352127,,,
25354238,,,
25355676,,,
25356804,,,
25358394,,,
25358764,,,
25359852,,,
25360868,,,
25367915,,,
25368381,,,
25369933,,,
25370492,,,
25371201,,,
25371314,,,
25372592,,,
25374487,,,
25378309,,,
25380226,,,
25382245,,,
25382605,,,
25384477,,,
25385755,,,
25386922,,,
25390333,,,
25393535,,,
25395428,,,
25395458,,,
25401168,,,
25401222,,,
25402615,,,
25403753,,,
25403917,,,
25405986,,,
25406666,,,
25409824,,,
25410163,,,
25411354,,,
25413326,,,
25413365,,,
25414716,,,
25415046,,,
25415051,,,
25415227,,,
25415230,,,
25416951,,,
25418722,,,
25418724,,,
25419629,,,
25419740,,,
25420416,,,
25421577,,,
25424692,,,
25429057,,,
25432921,,,
25434820,,,
25434823,,,
25435137,,,
25436972,,,
25437436,,,
25439725,,,
25440058,,,
25440059,,,
25443294,,,
25443836,,,
25446897,,,
25451292,,,
25453034,,,
25454948,,,
25456132,,,
25456834,,,
25460568,,,
25460572,,,
25462860,,,
25464844,,,
25465851,,,
25470060,,,
25470663,,,
25471879,,,
25472669,,,
25476932,,,
25477501,,,
25480298,,,
25480299,,,
25480661,,,
25484259,,,
25488987,,,
25489054,,,
25492044,,,
25496090,,,
25497086,,,
25497836,,,
25499762,,,
25500547,,,
25501485,,,
25502142,,,
25502694,,,
25502837,,,
25510491,,,
25512507,,,
25514182,,,
25519492,,,
25519955,,,
25520755,,,
25525793,,,
25527293,,,
25531777,,,
25533783,,,
25538794,,,
25543145,,,
25544761,,,
25545346,,,
25546133,,,
25548216,,,
25551767,,,
25552543,,,
25554681,,,
25557080,,,
25561519,,,
25561530,,,
25564655,,,
25566225,,,
25569111,,,
25573994,,,
25575081,,,
25576597,,,
25578726,,,
25587357,,,
25589068,,,
25589554,,,
25589773,,,
25594183,,,
25595444,,,
25595792,,,
25600436,,,
25602802,,,
25604687,,,
25605763,,,
25607660,,,
25607839,,,
25616998,,,
25617893,,,
25619765,,,
25620562,,,
25621499,,,
25622106,,,
25624355,,,
25625625,,,
25627216,,,
25630241,,,
25633388,,,
25634742,,,
25634993,,,
25635753,,,
25637521,,,
25639361,,,
25639471,,,
25639669,,,
25639793,,,
25643696,,,
25645298,,,
25651185,,,
25653011,,,
25655603,,,
25663546,,,
25664237,,,
25664725,,,
25664850,,,
25664857,,,
25669981,,,
25670083,,,
25674539,,,
25675486,,,
25681333,,,
25681338,,,
25684030,,,
25685688,,,
25685830,,,
25686840,,,
25688064,,,
25689160,,,
25693564,,,
25693566,,,
25693838,,,
25695797,,,
25698744,,,
25698924,,,
25704811,,,
25705018,,,
25706746,,,
25707580,,,
25712266,,,
25716682,,,
25719666,,,
25722368,,,
25723531,,,
25724953,,,
25732829,,,
25733852,,,
25738365,,,
25738607,,,
25739104,,,
25739401,,,
25742000,,,
25742952,,,
25745177,,,
25748237,,,
25749076,,,
25751743,,,
25753424,,,
25754329,,,
25754639,,,
25757744,,,
25758528,,,
25759377,,,
25762628,,,
25762685,,,
25778702,,,
25780045,,,
25780925,,,
25784290,,,
25784959,,,
25785607,,,
25785854,,,
25788983,,,
25791846,,,
25793379,,,
25795740,,,
25799105,,,
25799442,,,
25799993,,,
25800778,,,
25800779,,,
25804953,,,
25806405,,,
25810463,,,
25810521,,,
25813539,,,
25818297,,,
25818647,,,
25819795,,,
25825448,,,
25826681,,,
25835000,,,
25843709,,,
25847994,,,
25848977,,,
25849363,,,
25853849,,,
25853862,,,
25855289,,,
25856272,,,
25856770,,,
25857266,,,
25858458,,,
25859288,,,
25859291,,,
25865356,,,
25865501,,,
25867923,,,
25873174,,,
25873175,,,
25874869,,,
25874931,,,
25876765,,,
25877876,,,
25877919,,,
25878248,,,
25882666,,,
25882670,,,
25884766,,,
25886253,,,
25886353,,,
25887447,,,
25891907,,,
25892225,,,
25892250,,,
25895662,,,
25895923,,,
25896322,,,
25896507,,,
25897174,,,
25901032,,,
25901080,,,
25905672,,,
25907862,,,
25908251,,,
25908270,,,
25915124,,,
25915600,,,
25916830,,,
25921068,,,
25922532,,,
25925480,,,
25927723,,,
25928405,,,
25931473,,,
25934505,,,
25937446,,,
25938420,,,
25938942,,,
25939063,,,
25939064,,,
25939354,,,
25941225,,,
25944046,,,
25945737,,,
25946135,,,
25950834,,,
25955312,,,
25956916,,,
25957386,,,
25957691,,,
25959963,,,
25960328,,,
25961454,,,
25961914,,,
25963861,,,
25964533,,,
25965570,,,
25968054,,,
25971798,,,
25979828,,,
25981554,,,
25981962,,,
25984722,,,
25985394,,,
25988972,,,
25989971,,,
25990700,,,
25991924,,,
25992613,,,
25992859,,,
25993106,,,
25993322,,,
25993998,,,
25995385,,,
25998228,,,
25998508,,,
26000488,,,
26001963,,,
26004179,,,
26004781,,,
26005866,,,
26006015,,,
26008897,,,
26010865,,,
26015430,,,
26017449,,,
26020271,,,
26021296,,,
26021444,,,
26022315,,,
26023162,,,
26023795,,,
26026082,,,
26026730,,,
26028330,,,
26028579,,,
26029872,,,
26030523,,,
26034286,,,
26037119,,,
26039089,,,
26039282,,,
26040288,,,
26040697,,,
26041780,,,
26042473,,,
26044300,,,
26045162,,,
26046443,,,
26048561,,,
26050039,,,
26050930,,,
26051518,,,
26052064,,,
26055366,,,
26056355,,,
26057209,,,
26057463,,,
26059339,,,
26067893,,,
26070317,,,
26071205,,,
26071365,,,
26071498,,,
26072163,,,
26073540,,,
26075887,,,
26078720,,,
26083756,,,
26084025,,,
26084333,,,
26087164,,,
26087293,,,
26095365,,,
26096065,,,
26098215,,,
26098771,,,
26099751,,,
26100017,,,
26109433,,,
26110790,,,
26110809,,,
26111345,,,
26111978,,,
26115953,,,
26116361,,,
26116507,,,
26121239,,,
26122020,,,
26122662,,,
26124478,,,
26126853,,,
26133928,,,
26134422,,,
26135620,,,
26138677,,,
26140591,,,
26140685,,,
26142430,,,
26144554,,,
26145176,,,
26146073,,,
26147301,,,
26147685,,,
26147687,,,
26150418,,,
26152724,,,
26153425,,,
26160903,,,
26162090,,,
26163371,,,
26167915,,,
26168399,,,
26169971,,,
26173605,,,
26173833,,,
26174091,,,
26178867,,,
26180042,,,
26184543,,,
26186436,,,
26189426,,,
26189680,,,
26190106,,,
26192440,,,
26193637,,,
26196739,,,
26198637,,,
26203686,,,
26206884,,,
26207833,,,
26207988,,,
26208636,,,
26209672,,,
26213102,,,
26214373,,,
26214742,,,
26220749,,,
26220939,,,
26229056,,,
26229149,,,
26236400,,,
26236991,,,
26237075,,,
26239292,,,
26240283,,,
26240574,,,
26243311,,,
26244933,,,
26245956,,,
26246469,,,
26247463,,,
26248554,,,
26248649,,,
26248897,,,
26251845,,,
26253027,,,
26253201,,,
26253995,,,
26256209,,,
26257285,,,
26258524,,,
26258962,,,
26260970,,,
26260972,,,
26261339,,,
26265072,,,
26267356,,,
26268413,,,
26269178,,,
26272509,,,
26276836,,,
26278040,,,
26278786,,,
26279298,,,
26281848,,,
26282157,,,
26282327,,,
26283478,,,
26284050,,,
26286721,,,
26287681,,,
26288179,,,
26288846,,,
26291246,,,
26294212,,,
26295846,,,
26298234,,,
26299970,,,
26305789,,,
26305884,,,
26307087,,,
26307369,,,
26313525,,,
26314709,,,
26317340,,,
26318045,,,
26319495,,,
26321095,,,
26321254,,,
26322075,,,
26322139,,,
26322927,,,
26324326,,,
26324762,,,
26325027,,,
26328764,,,
26338460,,,
26339586,,,
26343536,,,
26343579,,,
26343801,,,
26344044,,,
26351324,,,
26353940,,,
26354680,,,
26356302,,,
26365193,,,
26365490,,,
26366234,,,
26371322,,,
26381263,,,
26384355,,,
26387537,,,
26387712,,,
26387754,,,
26390241,,,
26391122,,,
26392177,,,
26392221,,,
26394052,,,
26395599,,,
26400062,,,
26400155,,,
26400170,,,
26400962,,,
26404698,,,
26409189,,,
26411289,,,
26411290,,,
26411342,,,
26411690,,,
26412305,,,
26412562,,,
26412853,,,
26413508,,,
26413813,,,
26416748,,,
26416964,,,
26417967,,,
26424158,,,
26424569,,,
26427366,,,
26432339,,,
26436918,,,
26437366,,,
26441016,,,
26442443,,,
26442449,,,
26443638,,,
26446169,,,
26451483,,,
26451606,,,
26452100,,,
26453058,,,
26453753,,,
26457731,,,
26459632,,,
26460041,,,
26460802,,,
26461968,,,
26463163,,,
26463167,,,
26463425,,,
26465158,,,
26465397,,,
26470795,,,
26471504,,,
26472973,,,
26474067,,,
26475477,,,
26476451,,,
26477306,,,
26477559,,,
26483207,,,
26484095,,,
26484125,,,
26484126,,,
26484136,,,
26484214,,,
26484281,,,
26490224,,,
26490646,,,
26494227,,,
26497311,,,
26504220,,,
26507129,,,
26507712,,,
26510177,,,
26510930,,,
26516201,,,
26517526,,,
26522261,,,
26524530,,,
26525672,,,
26526858,,,
26528939,,,
26530316,,,
26531099,,,
26537256,,,
26539492,,,
26540282,,,
26540727,,,
26542580,,,
26545077,,,
26549021,,,
26549411,,,
26549455,,,
26551682,,,
26551751,,,
26553210,,,
26554018,,,
26554028,,,
26556537,,,
26556877,,,
26559525,,,
26560028,,,
26560356,,,
26561853,,,
26562508,,,
26565914,,,
26565915,,,
26566685,,,
26571397,,,
26571404,,,
26573234,,,
26575292,,,
26576679,,,
26581162,,,
26583585,,,
26584061,,,
26584544,,,
26584636,,,
26586691,,,
26586723,,,
26586842,,,
26593974,,,
26597293,,,
26599327,,,
26601269,,,
26602020,,,
26603343,,,
26607380,,,
26607794,,,
26608094,,,
26610607,,,
26611474,,,
26612583,,,
26613016,,,
26613787,,,
26613957,,,
26615085,,,
26620638,,,
26621032,,,
26621451,,,
26625258,,,
26628922,,,
26629322,,,
26631632,,,
26632611,,,
26633036,,,
26634440,,,
26636539,,,
26636678,,,
26637195,,,
26637527,,,
26637796,,,
26638077,,,
26639786,,,
26642437,,,
26645559,,,
26646589,,,
26650186,,,
26651603,,,
26655236,,,
26655797,,,
26655901,,,
26656643,,,
26656874,,,
26657868,,,
26658965,,,
26659182,,,
26668231,,,
26669487,,,
26669670,,,
26671237,,,
26671524,,,
26672735,,,
26674380,,,
26675721,,,
26676643,,,
26677864,,,
26679539,,,
26683334,,,
26683376,,,
26684239,,,
26684414,,,
26686628,,,
26687005,,,
26687066,,,
26687131,,,
26691752,,,
26694930,,,
26696982,,,
26697320,,,
26697339,,,
26697360,,,
26698305,,,
26699484,,,
26700766,,,
26701728,,,
26702414,,,
26703472,,,
26704449,,,
26707063,,,
26711339,,,
26716013,,,
26717982,,,
26718006,,,
26718060,,,
26718529,,,
26719341,,,
26719536,,,
26724867,,,
26724904,,,
26727473,,,
26727548,,,
26728187,,,
26729235,,,
26729620,,,
26729812,,,
26731475,,,
26732624,,,
26733602,,,
26738725,,,
26740045,,,
26743005,,,
26744317,,,
26748418,,,
26748712,,,
26748758,,,
26749280,,,
26750429,,,
26751771,,,
26752649,,,
26755332,,,
26755593,,,
26756304,,,
26756417,,,
26756592,,,
26763747,,,
26764573,,,
26766587,,,
26769127,,,
26769750,,,
26771416,,,
26771498,,,
26771841,,,
26773003,,,
26773099,,,
26774386,,,
26780092,,,
26781438,,,
26783963,,,
26784972,,,
26787651,,,
26791949,,,
26792343,,,
26792738,,,
26801061,,,
26803900,,,
26804913,,,
26804915,,,
26812616,,,
26813254,,,
26813360,,,
26813785,,,
26813791,,,
26824222,,,
26825461,,,
26826216,,,
26826238,,,
26828195,,,
26832419,,,
26837714,,,
26841680,,,
26843653,,,
26845332,,,
26847029,,,
26848154,,,
26851034,,,
26853561,,,
26853856,,,
26854228,,,
26857681,,,
26857846,,,
26858304,,,
26861560,,,
26862168,,,
26863192,,,
26863196,,,
26865667,,,
26868148,,,
26873985,,,
26875865,,,
26876787,,,
26876937,,,
26878240,,,
26878872,,,
26878873,,,
26879577,,,
26880110,,,
26880761,,,
26882475,,,
26883451,,,
26883725,,,
26884600,,,
26884679,,,
26884818,,,
26888865,,,
26893459,,,
26893473,,,
26896382,,,
26896798,,,
26898195,,,
26900662,,,
26900848,,,
26900923,,,
26902285,,,
26908771,,,
26909576,,,
26912365,,,
26915971,,,
26916849,,,
26918447,,,
26919435,,,
26921333,,,
26921339,,,
26923201,,,
26924529,,,
26925321,,,
26926107,,,
26927665,,,
26927796,,,
26928226,,,
26928278,,,
26932322,,,
26933838,,,
26934001,,,
26934227,,,
26935106,,,
26935107,,,
26935695,,,
26936319,,,
26936506,,,
26937470,,,
26938915,,,
26940097,,,
26944678,,,
26944679,,,
26944680,,,
26949250,,,
26949256,,,
26950096,,,
26950238,,,
26950362,,,
26953603,,,
26958833,,,
26959186,,,
26959607,,,
26960974,,,
26961242,,,
26965621,,,
26966136,,,
26969725,,,
26971878,,,
26972611,,,
26976439,,,
26979051,,,
26981385,,,
26981420,,,
26984536,,,
26987697,,,
26989192,,,
26989253,,,
26993211,,,
26994748,,,
26996598,,,
26997247,,,
27000654,,,
27002153,,,
27002220,,,
27006494,,,
27009811,,,
27010746,,,
27012812,,,
27014207,,,
27015311,,,
27018577,,,
27020553,,,
27026076,,,
27027282,,,
27029739,,,
27033523,,,
27034009,,,
27034506,,,
27034986,,,
27035792,,,
27036048,,,
27041221,,,
27043018,,,
27043285,,,
27043410,,,
27044095,,,
27044474,,,
27044867,,,
27048872,,,
27050099,,,
27052314,,,
27053774,,,
27056890,,,
27058444,,,
27058611,,,
27058663,,,
27058665,,,
27058758,,,
27058786,,,
27064252,,,
27065194,,,
27067026,,,
27067329,,,
27068461,,,
27068475,,,
27070086,,,
27071537,,,
27073918,,,
27075616,,,
27078102,,,
27079612,,,
27080129,,,
27084391,,,
27084430,,,
27089380,,,
27089514,,,
27090946,,,
27091841,,,
27092172,,,
27093186,,,
27097056,,,
27097556,,,
27100007,,,
27104978,,,
27105112,,,
27105113,,,
27105114,,,
27105115,,,
27105517,,,
27107207,,,
27108220,,,
27109826,,,
27110916,,,
27111144,,,
27111506,,,
27112564,,,
27113499,,,
27126736,,,
27132469,,,
27132592,,,
27132940,,,
27133129,,,
27133132,,,
27135165,,,
27135740,,,
27137185,,,
27138000,,,
27142104,,,
27145952,,,
27146892,,,
27147566,,,
27148454,,,
27149838,,,
27149854,,,
27149922,,,
27151745,,,
27151938,,,
27153541,,,
27153642,,,
27158133,,,
27160912,,,
27165481,,,
27167114,,,
27169995,,,
27170561,,,
27172225,,,
27172796,,,
27174676,,,
27177310,,,
27179036,,,
27180905,,,
27183216,,,
27183593,,,
27185370,,,
27189941,,,
27190010,,,
27191603,,,
27194304,,,
27194709,,,
27194798,,,
27195705,,,
27196599,,,
27197225,,,
27198226,,,
27198502,,,
27199664,,,
27203113,,,
27206856,,,
27207528,,,
27207647,,,
27208101,,,
27208249,,,
27208298,,,
27210754,,,
27211104,,,
27211549,,,
27212234,,,
27214280,,,
27216180,,,
27217703,,,
27221037,,,
27221067,,,
27221711,,,
27222470,,,
27223264,,,
27225130,,,
27226436,,,
27228113,,,
27230657,,,
27233751,,,
27234258,,,
27237739,,,
27238082,,,
27239403,,,
27239938,,,
27240531,,,
27241552,,,
27243651,,,
27244555,,,
27246191,,,
27247229,,,
27247353,,,
27251285,,,
27252083,,,
27256111,,,
27259700,,,
27261415,,,
27267856,,,
27271618,,,
27272143,,,
27276681,,,
27279541,,,
27281795,,,
27286452,,,
27288397,,,
27288535,,,
27292262,,,
27297950,,,
27298156,,,
27299852,,,
27302164,,,
27302840,,,
27306610,,,
27311442,,,
27311934,,,
27312099,,,
27315481,,,
27315779,,,
27315811,,,
27320919,,,
27322257,,,
27322469,,,
27322744,,,
27324164,,,
27325891,,,
27333046,,,
27335277,,,
27338251,,,
27345421,,,
27345838,,,
27346680,,,
27347756,,,
27349893,,,
27350605,,,
27353039,,,
27354116,,,
27354218,,,
27354408,,,
27356879,,,
27356971,,,
27364358,,,
27364987,,,
27370212,,,
27373157,,,
27374614,,,
27376576,,,
27381039,,,
27381510,,,
27385100,,,
27385817,,,
27386823,,,
27386920,,,
27388239,,,
27388901,,,
27397505,,,
27398095,,,
27398620,,,
27399916,,,
27400124,,,
27401177,,,
27401342,,,
27401556,,,
27402842,,,
27406984,,,
27408771,,,
27409664,,,
27411009,,,
27412700,,,
27419873,,,
27424783,,,
27428900,,,
27430722,,,
27432546,,,
27434123,,,
27436512,,,
27436900,,,
27437574,,,
27442111,,,
27445394,,,
27445395,,,
27454520,,,
27456128,,,
27457926,,,
27462457,,,
27467239,,,
27468690,,,
27474899,,,
27476854,,,
27478039,,,
27479086,,,
27479497,,,
27480274,,,
27482295,,,
27482887,,,
27483382,,,
27484840,,,
27485040,,,
27486872,,,
27486903,,,
27487209,,,
27489280,,,
27489776,,,
27492130,,,
27492902,,,
27498870,,,
27499023,,,
27499199,,,
27500525,,,
27505057,,,
27505670,,,
27507904,,,
27510727,,,
27511193,,,
27511730,,,
27518660,,,
27521447,,,
27524623,,,
27525369,,,
27525555,,,
27526324,,,
27527664,,,
27531910,,,
27532055,,,
27533013,,,
27533040,,,
27535791,,,
27535961,,,
27538588,,,
27539849,,,
27540173,,,
27545456,,,
27545843,,,
27545881,,,
27546197,,,
27548259,,,
27548260,,,
27548522,,,
27550178,,,
27552617,,,
27552618,,,
27556946,,,
27564131,,,
27568284,,,
27568520,,,
27568558,,,
27569060,,,
27569549,,,
27570068,,,
27571409,,,
27574101,,,
27576731,,,
27576952,,,
27578754,,,
27587343,,,
27590817,,,
27591185,,,
27591365,,,
27594588,,,
27595405,,,
27598998,,,
27600399,,,
27601670,,,
27602759,,,
27608497,,,
27608715,,,
27609773,,,
27612429,,,
27616062,,,
27617035,,,
27618837,,,
27622331,,,
27623010,,,
27623287,,,
27625022,,,
27626179,,,
27626379,,,
27626382,,,
27626385,,,
27626663,,,
27626689,,,
27629381,,,
27629486,,,
27630184,,,
27634205,,,
27636101,,,
27637145,,,
27637148,,,
27641338,,,
27641500,,,
27642008,,,
27642787,,,
27643841,,,
27650546,,,
27651314,,,
27653681,,,
27655681,,,
27655893,,,
27656675,,,
27659047,,,
27659211,,,
27663586,,,
27664237,,,
27666746,,,
27666791,,,
27667365,,,
27668937,,,
27677841,,,
27677865,,,
27681425,,,
27693255,,,
27694442,,,
27694491,,,
27694579,,,
27694846,,,
27694932,,,
27698350,,,
27699187,,,
27699244,,,
27699251,,,
27699576,,,
27702693,,,
27702798,,,
27703239,,,
27705793,,,
27705804,,,
27711190,,,
27713410,,,
27716033,,,
27720451,,,
27720483,,,
27720625,,,
27723719,,,
27724872,,,
27725812,,,
27730214,,,
27730721,,,
27733359,,,
27733379,,,
27734932,,,
27739513,,,
27746097,,,
27747157,,,
27748765,,,
27749837,,,
27749841,,,
27750280,,,
27756904,,,
27759007,,,
27759021,,,
27760318,,,
27767028,,,
27768893,,,
27769163,,,
27770432,,,
27773581,,,
27773593,,,
27773628,,,
27773675,,,
27773700,,,
27775720,,,
27777633,,,
27783942,,,
27783952,,,
27791169,,,
27797721,,,
27798262,,,
27799057,,,
27799288,,,
27799337,,,
27799559,,,
27800025,,,
27802170,,,
27803193,,,
27806376,,,
27806947,,,
27807171,,,
27809917,,,
27810920,,,
27811239,,,
27814298,,,
27814401,,,
27815426,,,
27819679,,,
27821408,,,
27821781,,,
27824278,,,
27825136,,,
27829007,,,
27830782,,,
27832192,,,
27840020,,,
27840027,,,
27840109,,,
27841759,,,
27841873,,,
27843766,,,
27846391,,,
27846907,,,
27852285,,,
27852626,,,
27853641,,,
27855702,,,
27856324,,,
27856734,,,
27859855,,,
27861791,,,
27863245,,,
27864379,,,
27864467,,,
27866838,,,
27866876,,,
27867007,,,
27869162,,,
27869817,,,
27871362,,,
27872814,,,
27875245,,,
27876072,,,
27880765,,,
27880766,,,
27881867,,,
27883312,,,
27883889,,,
27884981,,,
27888558,,,
27894085,,,
27897403,,,
27897969,,,
27898737,,,
27898892,,,
27899133,,,
27900258,,,
27901112,,,
27903529,,,
27909050,,,
27910818,,,
27911772,,,
27912061,,,
27913603,,,
27914912,,,
27916615,,,
27919081,,,
27919753,,,
27920338,,,
27925796,,,
27926516,,,
27926862,,,
27926879,,,
27929099,,,
27935189,,,
27935476,,,
27936099,,,
27938667,,,
27939218,,,
27941215,,,
27941241,,,
27941249,,,
27958370,,,
27959387,,,
27977683,,,
27980086,,,
27987431,,,
27991918,,,
27991928,,,
27992405,,,
27993549,,,
27993815,,,
27993966,,,
27993988,,,
27993989,,,
27996000,,,
27996033,,,
27997543,,,
27998933,,,
28002404,,,
28004750,,,
28007902,,,
28009303,,,
28011632,,,
28011693,,,
28012437,,,
28017796,,,
28018369,,,
28018974,,,
28025139,,,
28025595,,,
28028135,,,
28030540,,,
28030832,,,
28031287,,,
28031467,,,
28032595,,,
28032673,,,
28035374,,,
28039356,,,
28041875,,,
28041929,,,
28041957,,,
28045137,,,
28046107,,,
28049151,,,
28049633,,,
28049849,,,
28052240,,,
28052262,,,
28054337,,,
28057004,,,
28057743,,,
28059770,,,
28060870,,,
28061857,,,
28067246,,,
28067867,,,
28067906,,,
28068222,,,
28068672,,,
28069602,,,
28071684,,,
28073842,,,
28076331,,,
28076785,,,
28076790,,,
28076791,,,
28076795,,,
28076886,,,
28078450,,,
28088670,,,
28089671,,,
28091529,,,
28092684,,,
28093525,,,
28094016,,,
28094018,,,
28099441,,,
28103240,,,
28105698,,,
28106309,,,
28106918,,,
28108622,,,
28108626,,,
28111004,,,
28111276,,,
28112643,,,
28112681,,,
28112738,,,
28116058,,,
28118844,,,
28123069,,,
28123869,,,
28123877,,,
28126920,,,
28130500,,,
28134930,,,
28135255,,,
28137254,,,
28137280,,,
28138558,,,
28139706,,,
28145099,,,
28147284,,,
28147342,,,
28151558,,,
28152015,,,
28157508,,,
28158851,,,
28159814,,,
28167789,,,
28174235,,,
28174608,,,
28179233,,,
28180284,,,
28181038,,,
28181347,,,
28187446,,,
28190001,,,
28190776,,,
28191887,,,
28192238,,,
28192419,,,
28192528,,,
28193481,,,
28193624,,,
28193641,,,
28193834,,,
28194033,,,
28196601,,,
28196884,,,
28197369,,,
28198392,,,
28199309,,,
28199841,,,
28203709,,,
28205547,,,
28209615,,,
28211448,,,
28211508,,,
28213513,,,
28215825,,,
28215843,,,
28216144,,,
28216147,,,
28218627,,,
28218758,,,
28221248,,,
28221375,,,
28222283,,,
28228255,,,
28230051,,,
28232469,,,
28232602,,,
28235197,,,
28235773,,,
28235783,,,
28239649,,,
28240319,,,
28242647,,,
28242755,,,
28245863,,,
28248553,,,
28249167,,,
28249168,,,
28249905,,,
28252645,,,
28257233,,,
28257690,,,
28258196,,,
28263189,,,
28264028,,,
28265057,,,
28265091,,,
28266527,,,
28266612,,,
28270497,,,
28272465,,,
28273093,,,
28273451,,,
28275008,,,
28276441,,,
28279351,,,
28285017,,,
28285905,,,
28289389,,,
28291392,,,
28292424,,,
28294943,,,
28297678,,,
28298438,,,
28301469,,,
28302587,,,
28302680,,,
28303927,,,
28304275,,,
28317875,,,
28317936,,,
28320307,,,
28320772,,,
28320934,,,
28322269,,,
28323063,,,
28325473,,,
28326190,,,
28329758,,,
28331091,,,
28334759,,,
28335028,,,
28335821,,,
28337182,,,
28337978,,,
28341772,,,
28344080,,,
28345861,,,
28345955,,,
28346493,,,
28350298,,,
28351917,,,
28352661,,,
28356390,,,
28356518,,,
28362325,,,
28365150,,,
28365779,,,
28366642,,,
28368454,,,
28369750,,,
28369925,,,
28377514,,,
28377822,,,
28379442,,,
28380380,,,
28385888,,,
28386004,,,
28386079,,,
28389511,,,
28390424,,,
28390866,,,
28392221,,,
28394329,,,
28394372,,,
28394930,,,
28396406,,,
28396539,,,
28397780,,,
28397821,,,
28398475,,,
28402935,,,
28404604,,,
28405622,,,
28408459,,,
28412251,,,
28412725,,,
28413018,,,
28414315,,,
28415643,,,
28416284,,,
28418038,,,
28419088,,,
28420326,,,
28421043,,,
28421818,,,
28423511,,,
28424164,,,
28424819,,,
28425916,,,
28428330,,,
28428369,,,
28431118,,,
28432216,,,
28433800,,,
28437394,,,
28438259,,,
28439016,,,
28440341,,,
28445462,,,
28445465,,,
28447618,,,
28452714,,,
28457705,,,
28457744,,,
28457750,,,
28459433,,,
28460090,,,
28462073,,,
28465430,,,
28469078,,,
28469201,,,
28472346,,,
28473531,,,
28474697,,,
28475648,,,
28476045,,,
28480880,,,
28481224,,,
28481360,,,
28481916,,,
28482026,,,
28484260,,,
28487280,,,
28487353,,,
28487409,,,
28487411,,,
28487489,,,
28487543,,,
28489570,,,
28490812,,,
28495592,,,
28497787,,,
28498804,,,
28500237,,,
28503769,,,
28504305,,,
28504679,,,
28504680,,,
28504700,,,
28504706,,,
28505145,,,
28506464,,,
28507805,,,
28508029,,,
28514446,,,
28515231,,,
28515341,,,
28515355,,,
28515367,,,
28522579,,,
28526299,,,
28526333,,,
28526555,,,
28529062,,,
28530678,,,
28533227,,,
28533418,,,
28534508,,,
28535374,,,
28538184,,,
28542170,,,
28542576,,,
28545102,,,
28545780,,,
28546427,,,
28546545,,,
28548877,,,
28549128,,,
28552348,,,
28553318,,,
28553950,,,
28555639,,,
28558071,,,
28559416,,,
28559461,,,
28561063,,,
28570274,,,
28575086,,,
28575289,,,
28575669,,,
28577314,,,
28578692,,,
28579394,,,
28581443,,,
28581502,,,
28581522,,,
28582527,,,
28585531,,,
28588211,,,
28591577,,,
28591582,,,
28592649,,,
28592875,,,
28594911,,,
28600325,,,
28604658,,,
28604675,,,
28605401,,,
28607076,,,
28607091,,,
28607431,,,
28607484,,,
28609654,,,
28609657,,,
28611763,,,
28614293,,,
28614298,,,
28615618,,,
28615656,,,
28617821,,,
28622514,,,
28625481,,,
28625551,,,
28627414,,,
28627474,,,
28628092,,,
28628607,,,
28629479,,,
28630090,,,
28630873,,,
28636595,,,
28637794,,,
28640846,,,
28644127,,,
28646076,,,
28648376,,,
28649425,,,
28649985,,,
28651047,,,
28652445,,,
28653111,,,
28658622,,,
28659437,,,
28659443,,,
28659489,,,
28661483,,,
28663367,,,
28663436,,,
28663557,,,
28663935,,,
28664171,,,
28665271,,,
28666119,,,
28666125,,,
28667006,,,
28668075,,,
28669602,,,
28669928,,,
28674080,,,
28675158,,,
28679947,,,
28681838,,,
28683285,,,
28686870,,,
28687077,,,
28687705,,,
28692661,,,
28694385,,,
28696309,,,
28698299,,,
28698620,,,
28698627,,,
28699889,,,
28701342,,,
28705662,,,
28706564,,,
28708456,,,
28708826,,,
28711779,,,
28714863,,,
28716713,,,
28716897,,,
28718507,,,
28720901,,,
28722653,,,
28723565,,,
28723571,,,
28725744,,,
28729434,,,
28733045,,,
28733422,,,
28734833,,,
28735374,,,
28736425,,,
28740209,,,
28740262,,,
28743869,,,
28744267,,,
28745585,,,
28746305,,,
28746311,,,
28746393,,,
28747429,,,
28747644,,,
28749949,,,
28751774,,,
28754678,,,
28757253,,,
28759028,,,
28759029,,,
28759650,,,
28760199,,,
28760966,,,
28763796,,,
28768181,,,
28768717,,,
28771353,,,
28775168,,,
28775249,,,
28779136,,,
28780410,,,
28783165,,,
28790018,,,
28792938,,,
28794184,,,
28794281,,,
28797240,,,
28798132,,,
28799781,,,
28801231,,,
28802272,,,
28803728,,,
28803729,,,
28804123,,,
28805661,,,
28805801,,,
28805822,,,
28805827,,,
28805829,,,
28806688,,,
28807940,,,
28808057,,,
28810146,,,
28811280,,,
28811555,,,
28811571,,,
28814741,,,
28819201,,,
28825700,,,
28825715,,,
28827140,,,
28827345,,,
28827519,,,
28827520,,,
28830102,,,
28831001,,,
28831102,,,
28833283,,,
28833678,,,
28834169,,,
28837809,,,
28842554,,,
28843847,,,
28844864,,,
28846746,,,
28847947,,,
28850249,,,
28851814,,,
28852211,,,
28854172,,,
28855339,,,
28855340,,,
28859336,,,
28861005,,,
28869604,,,
28870693,,,
28870993,,,
28871082,,,
28871148,,,
28874118,,,
28877236,,,
28877725,,,
28878352,,,
28878772,,,
28883427,,,
28886341,,,
28889080,,,
28890086,,,
28892060,,,
28893852,,,
28898113,,,
28898250,,,
28898697,,,
28901330,,,
28902842,,,
28904384,,,
28911331,,,
28916264,,,
28918900,,,
28918903,,,
28920934,,,
28920956,,,
28920957,,,
28923857,,,
28923859,,,
28923959,,,
28924151,,,
28924247,,,
28925386,,,
28925401,,,
28928204,,,
28930659,,,
28931573,,,
28934490,,,
28934507,,,
28935237,,,
28935638,,,
28935841,,,
28935958,,,
28936470,,,
28937961,,,
28938907,,,
28942919,,,
28943253,,,
28944870,,,
28945252,,,
28947543,,,
28947679,,,
28947747,,,
28949959,,,
28951465,,,
28953874,,,
28954238,,,
28954282,,,
28955911,,,
28959008,,,
28962123,,,
28964717,,,
28965766,,,
28967519,,,
28968425,,,
28970238,,,
28970473,,,
28970523,,,
28970527,,,
28973446,,,
28974560,,,
28976803,,,
28977534,,,
28977579,,,
28977666,,,
28978469,,,
28978481,,,
28981098,,,
28981894,,,
28982115,,,
28991266,,,
29016997,,,
29017057,,,
29020985,,,
29021400,,,
29022589,,,
29024646,,,
29024665,,,
29024969,,,
29024986,,,
29026081,,,
29026085,,,
29027900,,,
29029402,,,
29029437,,,
29030335,,,
29033130,,,
29033306,,,
29035359,,,
29035364,,,
29036922,,,
29042517,,,
29042553,,,
29045843,,,
29045844,,,
29045899,,,
29045902,,,
29049317,,,
29051323,,,
29051379,,,
29055049,,,
29057876,,,
29059322,,,
29061142,,,
29065506,,,
29066557,,,
29066820,,,
29067999,,,
29069514,,,
29072299,,,
29072327,,,
29073069,,,
29073274,,,
29077059,,,
29077773,,,
29078349,,,
29080089,,,
29083320,,,
29084509,,,
29087293,,,
29087294,,,
29087317,,,
29089033,,,
29090078,,,
29091765,,,
29091769,,,
29091993,,,
29098013,,,
29099274,,,
29100357,,,
29100359,,,
29106596,,,
29109123,,,
29109286,,,
29110683,,,
29110684,,,
29111199,,,
29111977,,,
29112706,,,
29113809,,,
29114019,,,
29116249,,,
29117186,,,
29118979,,,
29119627,,,
29120328,,,
29122925,,,
29124203,,,
29125598,,,
29127378,,,
29129523,,,
29129683,,,
29129686,,,
29129908,,,
29129909,,,
29131815,,,
29132146,,,
29132502,,,
29133078,,,
29133960,,,
29136163,,,
29140244,,,
29141227,,,
29141446,,,
29142137,,,
29142230,,,
29142702,,,
29144460,,,
29145444,,,
29146936,,,
29149604,,,
29151594,,,
29151946,,,
29153655,,,
29155150,,,
29157197,,,
29158377,,,
29158441,,,
29162826,,,
29165587,,,
29167539,,,
29170386,,,
29170434,,,
29170441,,,
29172152,,,
29179815,,,
29180415,,,
29180489,,,
29180567,,,
29180631,,,
29180699,,,
29180726,,,
29183983,,,
29185012,,,
29187907,,,
29192143,,,
29193665,,,
29195073,,,
29197151,,,
29198524,,,
29198913,,,
29199959,,,
29203860,,,
29205032,,,
29205775,,,
29206307,,,
29208628,,,
29208650,,,
29209049,,,
29211713,,,
29212954,,,
29217591,,,
29217659,,,
29220657,,,
29224779,,,
29229600,,,
29229854,,,
29229958,,,
29230367,,,
29230965,,,
29232382,,,
29232556,,,
29233477,,,
29233556,,,
29233981,,,
29234109,,,
29235464,,,
29236770,,,
29237780,,,
29237843,,,
29240275,,,
29242298,,,
29244071,,,
29246798,,,
29246973,,,
29249653,,,
29255258,,,
29255304,,,
29259032,,,
29259249,,,
29259291,,,
29262348,,,
29262572,,,
29263149,,,
29263300,,,
29267140,,,
29267318,,,
29267404,,,
29267892,,,
29269483,,,
29269732,,,
29273679,,,
29275859,,,
29277702,,,
29281840,,,
29281966,,,
29282124,,,
29282201,,,
29282329,,,
29287281,,,
29288198,,,
29290627,,,
29292161,,,
29294107,,,
29294109,,,
29296022,,,
29296789,,,
29296884,,,
29296902,,,
29298422,,,
29298817,,,
29299535,,,
29301956,,,
29302027,,,
29302039,,,
29303144,,,
29303477,,,
29304333,,,
29305506,,,
29305587,,,
29306595,,,
29309048,,,
29311116,,,
29311580,,,
29315726,,,
29320736,,,
29321003,,,
29324392,,,
29324782,,,
29325449,,,
29326275,,,
29326438,,,
29328911,,,
29330205,,,
29334373,,,
29334376,,,
29334995,,,
29335449,,,
29335468,,,
29335486,,,
29335648,,,
29337117,,,
29337183,,,
29340039,,,
29343721,,,
29348496,,,
29353739,,,
29356198,,,
29358404,,,
29358650,,,
29360169,,,
29361035,,,
29361088,,,
29361555,,,
29362864,,,
29364875,,,
29364907,,,
29367210,,,
29367234,,,
29367455,,,
29367615,,,
29368212,,,
29373746,,,
29374233,,,
29375595,,,
29377931,,,
29378633,,,
29379474,,,
29382830,,,
29385124,,,
29385529,,,
29386107,,,
29386185,,,
29386283,,,
29396139,,,
29396184,,,
29396410,,,
29398449,,,
29404483,,,
29404495,,,
29408237,,,
29408885,,,
29414941,,,
29414946,,,
29415894,,,
29415896,,,
29419434,,,
29421152,,,
29422643,,,
29423054,,,
29423132,,,
29423270,,,
29424686,,,
29425494,,,
29427407,,,
29428674,,,
29431643,,,
29431743,,,
29431745,,,
29433542,,,
29434377,,,
29437254,,,
29438740,,,
29438977,,,
29439024,,,
29440379,,,
29443965,,,
29444893,,,
29449575,,,
29452566,,,
29453249,,,
29454790,,,
29456073,,,
29456179,,,
29456185,,,
29456763,,,
29457796,,,
29461643,,,
29462620,,,
29466739,,,
29467313,,,
29467665,,,
29472356,,,
29472484,,,
29472722,,,
29474379,,,
29476097,,,
29476110,,,
29481550,,,
29481901,,,
29484655,,,
29486586,,,
29487136,,,
29487201,,,
29487289,,,
29487324,,,
29488319,,,
29490948,,,
29491469,,,
29497140,,,
29499134,,,
29503225,,,
29504232,,,
29506076,,,
29507226,,,
29507348,,,
29507391,,,
29508278,,,
29510661,,,
29511063,,,
29511234,,,
29513653,,,
29514095,,,
29514301,,,
29514634,,,
29515000,,,
29518357,,,
29525529,,,
29526553,,,
29529061,,,
29529258,,,
29530749,,,
29531064,,,
29532865,,,
29537367,,,
29538454,,,
29539639,,,
29540180,,,
29544736,,,
29545397,,,
29549264,,,
29549331,,,
29554113,,,
29562175,,,
29563966,,,
29567676,,,
29567771,,,
29568956,,,
29571083,,,
29578536,,,
29579120,,,
29580210,,,
29580384,,,
29581184,,,
29581847,,,
29581865,,,
29584733,,,
29584756,,,
29590628,,,
29593283,,,
29599757,,,
29602945,,,
29606099,,,
29606349,,,
29608179,,,
29615514,,,
29616079,,,
29617354,,,
29618061,,,
29618337,,,
29618659,,,
29618661,,,
29619268,,,
29621782,,,
29622548,,,
29622567,,,
29622580,,,
29625039,,,
29626186,,,
29628371,,,
29632194,,,
29632539,,,
29634432,,,
29634950,,,
29636009,,,
29638227,,,
29642015,,,
29643512,,,
29643944,,,
29653252,,,
29653584,,,
29654302,,,
29655599,,,
29656941,,,
29661911,,,
29662071,,,
29666124,,,
29666442,,,
29669006,,,
29669287,,,
29669939,,,
29669940,,,
29670091,,,
29670099,,,
29670509,,,
29675264,,,
29676999,,,
29677493,,,
29678683,,,
29679004,,,
29679008,,,
29682174,,,
29684358,,,
29685894,,,
29686265,,,
29686312,,,
29687884,,,
29688430,,,
29689192,,,
29691232,,,
29692408,,,
29695788,,,
29700467,,,
29701262,,,
29702633,,,
29703149,,,
29706541,,,
29706544,,,
29706549,,,
29706628,,,
29706629,,,
29709033,,,
29712909,,,
29713087,,,
29717110,,,
29719259,,,
29719262,,,
29720215,,,
29724730,,,
29725116,,,
29725373,,,
29727680,,,
29727685,,,
29728366,,,
29728440,,,
29730990,,,
29731168,,,
29732366,,,
29736258,,,
29738711,,,
29739946,,,
29740082,,,
29742422,,,
29748285,,,
29748571,,,
29750268,,,
29750274,,,
29753320,,,
29754954,,,
29755323,,,
29756027,,,
29757368,,,
29760697,,,
29762551,,,
29763693,,,
29765129,,,
29765154,,,
29766641,,,
29767438,,,
29769258,,,
29769727,,,
29771284,,,
29771686,,,
29773599,,,
29773669,,,
29774023,,,
29777026,,,
29777108,,,
29777224,,,
29778662,,,
29779019,,,
29779946,,,
29780577,,,
29783949,,,
29784854,,,
29785071,,,
29786075,,,
29788176,,,
29789568,,,
29790588,,,
29790953,,,
29791850,,,
29794169,,,
29795194,,,
29795225,,,
29795344,,,
29795348,,,
29802342,,,
29804836,,,
29808006,,,
29808619,,,
29808917,,,
29844125,,,
29844370,,,
29844387,,,
29846699,,,
29848492,,,
29849141,,,
29849151,,,
29851958,,,
29859120,,,
29861096,,,
29861157,,,
29866884,,,
29867213,,,
29867223,,,
29867773,,,
29870118,,,
29870545,,,
29871612,,,
29874595,,,
29875316,,,
29875417,,,
29877212,,,
29878763,,,
29880660,,,
29883638,,,
29885943,,,
29887318,,,
29887522,,,
29888960,,,
29889098,,,
29889102,,,
29891551,,,
29891760,,,
29892061,,,
29896299,,,
29897792,,,
29898394,,,
29898397,,,
29898403,,,
29898962,,,
29899877,,,
29901136,,,
29901772,,,
29902480,,,
29907613,,,
29907650,,,
29907691,,,
29909983,,,
29910151,,,
29915193,,,
29915357,,,
29920280,,,
29921915,,,
29924995,,,
29925501,,,
29925993,,,
29930101,,,
29930727,,,
29930735,,,
29932899,,,
29932905,,,
29934580,,,
29937226,,,
29939160,,,
29940860,,,
29942093,,,
29942094,,,
29945573,,,
29945882,,,
29950719,,,
29950724,,,
29954933,,,
29955902,,,
29958801,,,
29962238,,,
29967444,,,
29968710,,,
29972793,,,
29973406,,,
29975684,,,
29975766,,,
29981742,,,
29982688,,,
29982879,,,
29984403,,,
29985392,,,
29986073,,,
29986092,,,
29987030,,,
29987051,,,
29988122,,,
29988124,,,
29988126,,,
29996948,,,
29997117,,,
29997230,,,
29997232,,,
30002204,,,
30003673,,,
30006483,,,
30006499,,,
30006619,,,
30007418,,,
30008324,,,
30008328,,,
30014619,,,
30015668,,,
30016465,,,
30016497,,,
30016500,,,
30018075,,,
30021166,,,
30022042,,,
30024860,,,
30024931,,,
30026317,,,
30026340,,,
30026560,,,
30028518,,,
30033366,,,
30034620,,,
30037855,,,
30037925,,,
30038251,,,
30038282,,,
30039525,,,
30039798,,,
30042384,,,
30044992,,,
30046111,,,
30046115,,,
30048615,,,
30049311,,,
30050033,,,
30053898,,,
30054204,,,
30054467,,,
30054515,,,
30055169,,,
30057115,,,
30061100,,,
30061411,,,
30061746,,,
30062672,,,
30064361,,,
30065029,,,
30065716,,,
30065723,,,
30067821,,,
30067966,,,
30068946,,,
30069046,,,
30072421,,,
30074477,,,
30075049,,,
30075151,,,
30076848,,,
30078552,,,
30078704,,,
30080846,,,
30083155,,,
30088019,,,
30089253,,,
30092825,,,
30093402,,,
30093612,,,
30104650,,,
30107478,,,
30107566,,,
30108162,,,
30108238,,,
30111633,,,
30111801,,,
30111840,,,
30111857,,,
30114334,,,
30115703,,,
30115738,,,
30116021,,,
30118678,,,
30120937,,,
30122476,,,
30126942,,,
30127060,,,
30129931,,,
30135097,,,
30135250,,,
30135430,,,
30135584,,,
30139328,,,
30139917,,,
30139998,,,
30143027,,,
30143796,,,
30144030,,,
30144432,,,
30145115,,,
30146127,,,
30146158,,,
30146161,,,
30146410,,,
30152752,,,
30154151,,,
30154464,,,
30157422,,,
30158154,,,
30161141,,,
30166344,,,
30169518,,,
30170615,,,
30173913,,,
30173917,,,
30174296,,,
30175270,,,
30178746,,,
30180878,,,
30185226,,,
30185548,,,
30185909,,,
30186843,,,
30188322,,,
30188895,,,
30190287,,,
30190462,,,
30194451,,,
30201971,,,
30202007,,,
30205048,,,
30206180,,,
30208973,,,
30209221,,,
30209392,,,
30209397,,,
30211126,,,
30212572,,,
30216339,,,
30220457,,,
30222771,,,
30223853,,,
30224479,,,
30224649,,,
30228232,,,
30228947,,,
30231671,,,
30231850,,,
30231992,,,
30232164,,,
30232284,,,
30235256,,,
30236109,,,
30237242,,,
30237449,,,
30237493,,,
30237855,,,
30239726,,,
30240750,,,
30242024,,,
30242092,,,
30242153,,,
30242258,,,
30245844,,,
30250226,,,
30251915,,,
30251953,,,
30253116,,,
30253806,,,
30254141,,,
30256508,,,
30257209,,,
30257941,,,
30258954,,,
30260323,,,
30262634,,,
30262994,,,
30268778,,,
30270042,,,
30270043,,,
30270106,,,
30271901,,,
30271923,,,
30273559,,,
30274248,,,
30274972,,,
30274982,,,
30275344,,,
30275444,,,
30275963,,,
30282034,,,
30282819,,,
30283300,,,
30286088,,,
30286151,,,
30286710,,,
30287954,,,
30288342,,,
30289576,,,
30290179,,,
30290792,,,
30291161,,,
30293774,,,
30295850,,,
30297778,,,
30298636,,,
30299256,,,
30301579,,,
30301917,,,
30302725,,,
30305427,,,
30307970,,,
30309899,,,
30310055,,,
30310934,,,
30311909,,,
30312469,,,
30314329,,,
30315101,,,
30318337,,,
30318339,,,
30318414,,,
30318445,,,
30318446,,,
30322406,,,
30323255,,,
30323285,,,
30323343,,,
30325306,,,
30327348,,,
30327994,,,
30332637,,,
30332658,,,
30333121,,,
30333314,,,
30333746,,,
30335165,,,
30337373,,,
30337542,,,
30337646,,,
30337919,,,
30343900,,,
30344014,,,
30345349,,,
30348622,,,
30348985,,,
30352428,,,
30352973,,,
30353166,,,
30355451,,,
30355484,,,
30355619,,,
30356216,,,
30359577,,,
30361512,,,
30365157,,,
30366908,,,
30366940,,,
30366982,,,
30369556,,,
30371153,,,
30371824,,,
30373821,,,
30375064,,,
30375971,,,
30378296,,,
30382078,,,
30382079,,,
30382087,,,
30382198,,,
30382200,,,
30384911,,,
30385464,,,
30385764,,,
30385785,,,
30385793,,,
30387712,,,
30388456,,,
30389926,,,
30390635,,,
30392830,,,
30392959,,,
30395194,,,
30395284,,,
30395538,,,
30395586,,,
30396857,,,
30397205,,,
30397315,,,
30397325,,,
30397335,,,
30398377,,,
30402543,,,
30404006,,,
30404014,,,
30404016,,,
30404791,,,
30405152,,,
30405245,,,
30408051,,,
30408466,,,
30409805,,,
30409996,,,
30410665,,,
30410674,,,
30411505,,,
30412050,,,
30412052,,,
30412255,,,
30413360,,,
30413361,,,
30413758,,,
30418965,,,
30418981,,,
30420285,,,
30420454,,,
30420658,,,
30425508,,,
30425971,,,
30429326,,,
30429332,,,
30429498,,,
30443311,,,
30444878,,,
30446643,,,
30446660,,,
30447121,,,
30449681,,,
30451863,,,
30455249,,,
30455465,,,
30455990,,,
30456361,,,
30458308,,,
30459321,,,
30459712,,,
30464211,,,
30464317,,,
30464347,,,
30466060,,,
30466390,,,
30467178,,,
30472010,,,
30472193,,,
30474248,,,
30474258,,,
30476274,,,
30478249,,,
30479347,,,
30479382,,,
30480765,,,
30485816,,,
30486888,,,
30487180,,,
30487219,,,
30487290,,,
30488488,,,
30496141,,,
30496486,,,
30496528,,,
30499379,,,
30500538,,,
30500812,,,
30503141,,,
30503770,,,
30505294,,,
30507613,,,
30510213,,,
30510251,,,
30511962,,,
30511964,,,
30514258,,,
30514397,,,
30514845,,,
30517867,,,
30518632,,,
30518749,,,
30518925,,,
30519364,,,
30520728,,,
30523111,,,
30526862,,,
30528432,,,
30530502,,,
30530755,,,
30532051,,,
30535430,,,
30536754,,,
30536898,,,
30537446,,,
30537984,,,
30538293,,,
30538543,,,
30539330,,,
30539648,,,
30541888,,,
30542108,,,
30545929,,,
30550790,,,
30553769,,,
30554520,,,
30557328,,,
30559359,,,
30559439,,,
30559470,,,
30559478,,,
30559668,,,
30559749,,,
30564233,,,
30564271,,,
30566875,,,
30566880,,,
30567574,,,
30568036,,,
30568299,,,
30568303,,,
30570107,,,
30570705,,,
30574141,,,
30575716,,,
30575749,,,
30580963,,,
30581080,,,
30582219,,,
30582655,,,
30585358,,,
30586455,,,
30588557,,,
30590035,,,
30590832,,,
30591458,,,
30595533,,,
30597065,,,
30597922,,,
30598549,,,
30602391,,,
30602780,,,
30604764,,,
30605524,,,
30605667,,,
30605676,,,
30606845,,,
30608923,,,
30609410,,,
30610013,,,
30611556,,,
30612136,,,
30614183,,,
30619403,,,
30619416,,,
30620009,,,
30621044,,,
30622257,,,
30625328,,,
30626868,,,
30626926,,,
30629778,,,
30631056,,,
30632432,,,
30635013,,,
30635375,,,
30635612,,,
30635805,,,
30638736,,,
30639359,,,
30641038,,,
30641411,,,
30641895,,,
30643263,,,
30643281,,,
30644360,,,
30645099,,,
30645593,,,
30645971,,,
30648789,,,
30650361,,,
30655337,,,
30655535,,,
30655599,,,
30657772,,,
30659148,,,
30659200,,,
30659795,,,
30661753,,,
30664766,,,
30664768,,,
30665597,,,
30668923,,,
30670059,,,
30670627,,,
30673129,,,
30674556,,,
30676318,,,
30679343,,,
30679434,,,
30679557,,,
30679800,,,
30681409,,,
30683844,,,
30686581,,,
30686763,,,
30686992,,,
30689565,,,
30690589,,,
30692203,,,
30692258,,,
30696706,,,
30696826,,,
30696953,,,
30700908,,,
30700987,,,
30702441,,,
30703341,,,
30704526,,,
30705153,,,
30712990,,,
30715466,,,
30718506,,,
30718509,,,
30718512,,,
30718683,,,
30723117,,,
30723131,,,
30723160,,,
30723624,,,
30728292,,,
30728331,,,
30728393,,,
30733330,,,
30733564,,,
30735537,,,
30735634,,,
30737083,,,
30739589,,,
30739914,,,
30742096,,,
30742122,,,
30742630,,,
30742728,,,
30745086,,,
30755422,,,
30755478,,,
30760496,,,
30760640,,,
30763282,,,
30763398,,,
30764863,,,
30765332,,,
30768126,,,
30770823,,,
30771488,,,
30774990,,,
30777123,,,
30777872,,,
30778087,,,
30778241,,,
30779711,,,
30779925,,,
30779940,,,
30785807,,,
30788515,,,
30793188,,,
30796046,,,
30796352,,,
30799147,,,
30804043,,,
30804514,,,
30804515,,,
30805632,,,
30807115,,,
30808771,,,
30809231,,,
30811418,,,
30814124,,,
30814537,,,
30814735,,,
30814741,,,
30818087,,,
30818362,,,
30822414,,,
30824444,,,
30826177,,,
30827680,,,
30827684,,,
30831192,,,
30832682,,,
30833353,,,
30833646,,,
30833784,,,
30842629,,,
30842658,,,
30843877,,,
30846691,,,
30846834,,,
30850393,,,
30850646,,,
30852379,,,
30853353,,,
30855280,,,
30858614,,,
30862719,,,
30867051,,,
30867303,,,
30867424,,,
30867589,,,
30869147,,,
30872492,,,
30872742,,,
30872783,,,
30874579,,,
30875235,,,
30880078,,,
30882371,,,
30882958,,,
30884816,,,
30885246,,,
30886344,,,
30886404,,,
30886407,,,
30887000,,,
30887098,,,
30889379,,,
30891496,,,
30891857,,,
30892142,,,
30892991,,,
30893315,,,
30893613,,,
30893855,,,
30894485,,,
30897080,,,
30898137,,,
30902986,,,
30904067,,,
30905761,,,
30910960,,,
30911006,,,
30913248,,,
30914792,,,
30916335,,,
30917309,,,
30917316,,,
30922380,,,
30926812,,,
30926814,,,
30926818,,,
30929512,,,
30930119,,,
30930145,,,
30930171,,,
30932294,,,
30936474,,,
30936938,,,
30938456,,,
30939206,,,
30940805,,,
30941426,,,
30943410,,,
30944225,,,
30944250,,,
30949682,,,
30949693,,,
30949699,,,
30951672,,,
30952905,,,
30953555,,,
30953787,,,
30955884,,,
30958261,,,
30961659,,,
30962288,,,
30962421,,,
30962586,,,
30962591,,,
30963107,,,
30963110,,,
30963568,,,
30964696,,,
30967529,,,
30967541,,,
30967542,,,
30971321,,,
30971823,,,
30971824,,,
30975452,,,
30975723,,,
30979687,,,
30979776,,,
30979870,,,
30979898,,,
30980673,,,
30982740,,,
30985881,,,
30986246,,,
30986495,,,
30987380,,,
30988346,,,
30993572,,,
30994250,,,
30994860,,,
30995102,,,
30995463,,,
30995479,,,
30996254,,,
30996346,,,
31006590,,,
31011186,,,
31011226,,,
31012849,,,
31013254,,,
31014396,,,
31015297,,,
31015298,,,
31015412,,,
31015415,,,
31015447,,,
31015473,,,
31015486,,,
31015515,,,
31015518,,,
31015529,,,
31018121,,,
31018126,,,
31018141,,,
31019051,,,
31019095,,,
31019265,,,
31019299,,,
31020902,,,
31021473,,,
31022154,,,
31023846,,,
31023878,,,
31024170,,,
31024538,,,
31026806,,,
31027966,,,
31027998,,,
31028100,,,
31029150,,,
31030285,,,
31030944,,,
31036712,,,
31036713,,,
31036928,,,
31040302,,,
31041561,,,
31043582,,,
31043609,,,
31044053,,,
31045573,,,
31048498,,,
31050699,,,
31053162,,,
31053165,,,
31053533,,,
31053557,,,
31053643,,,
31053729,,,
31060542,,,
31061469,,,
31064740,,,
31067455,,,
31067475,,,
31068472,,,
31068579,,,
31071093,,,
31073028,,,
31073224,,,
31074696,,,
31075840,,,
31076479,,,
31076528,,,
31076612,,,
31077319,,,
31080134,,,
31080135,,,
31085554,,,
31086203,,,
31088495,,,
31091446,,,
31094678,,,
31095587,,,
31096984,,,
31098403,,,
31101825,,,
31102142,,,
31104839,,,
31105698,,,
31106149,,,
31109956,,,
31110021,,,
31110176,,,
31110180,,,
31110217,,,
31110243,,,
31111599,,,
31111894,,,
31112137,,,
31112563,,,
31112699,,,
31113363,,,
31113851,,,
31114314,,,
31116980,,,
31118283,,,
31118289,,,
31119329,,,
31122257,,,
31123029,,,
31123710,,,
31126900,,,
31126916,,,
31126966,,,
31126997,,,
31127138,,,
31127177,,,
31130617,,,
31131231,,,
31131328,,,
31131878,,,
31133759,,,
31135901,,,
31136199,,,
31138136,,,
31138768,,,
31138781,,,
31138842,,,
31140921,,,
31142509,,,
31142640,,,
31142655,,,
31142855,,,
31144574,,,
31145872,,,
31145973,,,
31146783,,,
31147464,,,
31149338,,,
31149730,,,
31151404,,,
31151460,,,
31152140,,,
31152164,,,
31154903,,,
31155351,,,
31155504,,,
31156629,,,
31159814,,,
31159833,,,
31160375,,,
31160712,,,
31161221,,,
31161938,,,
31162144,,,
31168092,,,
31170154,,,
31171808,,,
31173718,,,
31178118,,,
31178392,,,
31182587,,,
31182869,,,
31184997,,,
31185214,,,
31186409,,,
31187215,,,
31187329,,,
31188831,,,
31188901,,,
31189722,,,
31189876,,,
31191543,,,
31191544,,,
31195238,,,
31196980,,,
31201182,,,
31201211,,,
31201646,,,
31202576,,,
31204170,,,
31204172,,,
31204999,,,
31205472,,,
31206195,,,
31209053,,,
31209068,,,
31209222,,,
31209379,,,
31209384,,,
31209406,,,
31214234,,,
31216485,,,
31216486,,,
31217349,,,
31217356,,,
31217904,,,
31218107,,,
31221018,,,
31221965,,,
31226122,,,
31227306,,,
31227503,,,
31229557,,,
31230715,,,
31231035,,,
31232447,,,
31234785,,,
31234850,,,
31235565,,,
31235883,,,
31235935,,,
31238586,,,
31239324,,,
31242409,,,
31242426,,,
31243106,,,
31243274,,,
31243293,,,
31244650,,,
31248899,,,
31249869,,,
31249870,,,
31250031,,,
31251698,,,
31253200,,,
31253778,,,
31255486,,,
31256208,,,
31257073,,,
31257184,,,
31263286,,,
31265809,,,
31266892,,,
31276604,,,
31281898,,,
31286141,,,
31287994,,,
31288860,,,
31291576,,,
31292135,,,
31293546,,,
31294790,,,
31296250,,,
31296738,,,
31300418,,,
31300459,,,
31300673,,,
31303997,,,
31307377,,,
31308078,,,
31308175,,,
31310588,,,
31311601,,,
31311844,,,
31315889,,,
31316066,,,
31316208,,,
31316728,,,
31319606,,,
31320627,,,
31322220,,,
31324766,,,
31324780,,,
31327044,,,
31327173,,,
31327527,,,
31329973,,,
31330067,,,
31331261,,,
31331382,,,
31331920,,,
31332313,,,
31334126,,,
31336727,,,
31337978,,,
31340143,,,
31340144,,,
31341159,,,
31341169,,,
31341219,,,
31343987,,,
31346092,,,
31348492,,,
31348890,,,
31350310,,,
31353074,,,
31353224,,,
31353801,,,
31354981,,,
31355778,,,
31355779,,,
31356623,,,
31357577,,,
31358019,,,
31358043,,,
31358969,,,
31359001,,,
31359002,,,
31361600,,,
31361898,,,
31363221,,,
31365872,,,
31366886,,,
31366901,,,
31368616,,,
31371381,,,
31371824,,,
31372377,,,
31373884,,,
31374856,,,
31375632,,,
31375813,,,
31378669,,,
31378673,,,
31378695,,,
31379949,,,
31380274,,,
31381567,,,
31385572,,,
31387917,,,
31388629,,,
31390564,,,
31391082,,,
31391335,,,
31391455,,,
31393856,,,
31396262,,,
31396265,,,
31398325,,,
31399282,,,
31399583,,,
31399586,,,
31402173,,,
31402283,,,
31403184,,,
31405179,,,
31406163,,,
31406254,,,
31406377,,,
31406378,,,
31408457,,,
31409710,,,
31409898,,,
31410392,,,
31411564,,,
31412686,,,
31413296,,,
31413369,,,
31416833,,,
31417029,,,
31418686,,,
31418690,,,
31419161,,,
31419544,,,
31419938,,,
31422869,,,
31422906,,,
31425511,,,
31426508,,,
31427643,,,
31427770,,,
31428934,,,
31430893,,,
31433977,,,
31433990,,,
31434869,,,
31434886,,,
31435009,,,
31435013,,,
31439663,,,
31443657,,,
31444215,,,
31444346,,,
31446059,,,
31446835,,,
31447324,,,
31447391,,,
31447688,,,
31447864,,,
31450981,,,
31451483,,,
31451521,,,
31451708,,,
31456285,,,
31462737,,,
31465999,,,
31467126,,,
31467287,,,
31474513,,,
31474572,,,
31480541,,,
31481663,,,
31481951,,,
31484061,,,
31484443,,,
31484742,,,
31488567,,,
31488827,,,
31492853,,,
31492856,,,
31495563,,,
31497001,,,
31501549,,,
31504242,,,
31505254,,,
31511425,,,
31511511,,,
31511635,,,
31513547,,,
31513574,,,
31515109,,,
31515258,,,
31515477,,,
31519522,,,
31519896,,,
31519904,,,
31519912,,,
31523008,,,
31527052,,,
31527169,,,
31527591,,,
31527824,,,
31527834,,,
31527911,,,
31530725,,,
31530843,,,
31531882,,,
31533032,,,
31533233,,,
31533980,,,
31534115,,,
31534153,,,
31534547,,,
31536771,,,
31537618,,,
31537788,,,
31539914,,,
31541022,,,
31541232,,,
31542297,,,
31542774,,,
31548239,,,
31548373,,,
31551365,,,
31551601,,,
31551709,,,
31552482,,,
31553907,,,
31554327,,,
31554736,,,
31554791,,,
31554806,,,
31554869,,,
31556482,,,
31557719,,,
31557894,,,
31559901,,,
31562139,,,
31564637,,,
31566233,,,
31568691,,,
31568751,,,
31574534,,,
31575647,,,
31578081,,,
31578346,,,
31578390,,,
31578521,,,
31582414,,,
31582559,,,
31582744,,,
31585079,,,
31585941,,,
31587991,,,
31588021,,,
31591446,,,
31597643,,,
31598571,,,
31599491,,,
31599722,,,
31603915,,,
31604914,,,
31608026,,,
31611390,,,
31611402,,,
31611556,,,
31616795,,,
31618209,,,
31618627,,,
31619387,,,
31619570,,,
31624141,,,
31624228,,,
31625810,,,
31628150,,,
31628323,,,
31631013,,,
31633304,,,
31633483,,,
31637814,,,
31640782,,,
31641121,,,
31645732,,,
31647206,,,
31649152,,,
31657982,,,
31659215,,,
31662020,,,
31662474,,,
31663852,,,
31664194,,,
31665133,,,
31665635,,,
31666517,,,
31668803,,,
31669422,,,
31670864,,,
31671075,,,
31672995,,,
31675496,,,
31675501,,,
31675998,,,
31676292,,,
31678057,,,
31679176,,,
31681403,,,
31682608,,,
31684108,,,
31685921,,,
31685984,,,
31690123,,,
31690660,,,
31694959,,,
31695038,,,
31695197,,,
31695787,,,
31698461,,,
31700183,,,
31702556,,,
31702900,,,
31703090,,,
31703622,,,
31704931,,,
31710289,,,
31710624,,,
31715132,,,
31717805,,,
31721388,,,
31722205,,,
31722596,,,
31722716,,,
31723063,,,
31723143,,,
31726115,,,
31727690,,,
31729368,,,
31730624,,,
31731490,,,
31732517,,,
31733138,,,
31733287,,,
31733517,,,
31735626,,,
31736098,,,
31736226,,,
31736786,,,
31736877,,,
31740487,,,
31746735,,,
31747589,,,
31747600,,,
31747613,,,
31748204,,,
31748229,,,
31748500,,,
31748536,,,
31748743,,,
31749151,,,
31749671,,,
31750562,,,
31752022,,,
31752957,,,
31754642,,,
31755159,,,
31755865,,,
31756561,,,
31757957,,,
31759129,,,
31759698,,,
31765427,,,
31767564,,,
31767858,,,
31767869,,,
31768607,,,
31772018,,,
31772025,,,
31772167,,,
31775188,,,
31778654,,,
31780728,,,
31781562,,,
31784259,,,
31784286,,,
31784359,,,
31784538,,,
31784727,,,
31784728,,,
31792212,,,
31792411,,,
31794598,,,
31795319,,,
31796518,,,
31798605,,,
31799347,,,
31799607,,,
31800587,,,
31801070,,,
31801076,,,
31801409,,,
31801887,,,
31802000,,,
31802004,,,
31802519,,,
31804970,,,
31805186,,,
31809738,,,
31809739,,,
31811116,,,
31813625,,,
31813670,,,
31813828,,,
31815181,,,
31815603,,,
31817495,,,
31818247,,,
31818324,,,
31819221,,,
31820119,,,
31820734,,,
31822798,,,
31826865,,,
31827000,,,
31827102,,,
31829238,,,
31831715,,,
31831875,,,
31835035,,,
31836668,,,
31836708,,,
31840082,,,
31840109,,,
31841113,,,
31842752,,,
31843922,,,
31845972,,,
31847788,,,
31848250,,,
31851934,,,
31851938,,,
31852800,,,
31852847,,,
31852898,,,
31853997,,,
31855178,,,
31856924,,,
31857580,,,
31862000,,,
31862728,,,
31862972,,,
31863590,,,
31869513,,,
31871154,,,
31872076,,,
31873312,,,
31875561,,,
31877118,,,
31878883,,,
31881983,,,
31882815,,,
31890206,,,
31890740,,,
31892342,,,
31900405,,,
31905853,,,
31906131,,,
31906585,,,
31907020,,,
31907200,,,
31907335,,,
31908002,,,
31908037,,,
31911274,,,
31911938,,,
31914399,,,
31915197,,,
31915293,,,
31915379,,,
31917787,,,
31918046,,,
31921138,,,
31921420,,,
31923184,,,
31923394,,,
31924647,,,
31924652,,,
31924735,,,
31924774,,,
31925334,,,
31925439,,,
31928967,,,
31932810,,,
31937643,,,
31941829,,,
31944217,,,
31945016,,,
31945018,,,
31950077,,,
31950348,,,
31955846,,,
31956040,,,
31956890,,,
31959746,,,
31961916,,,
31962291,,,
31963351,,,
31964861,,,
31965050,,,
31968245,,,
31968258,,,
31969705,,,
31969707,,,
31969991,,,
31971976,,,
31974205,,,
31974223,,,
31974273,,,
31975687,,,
31979107,,,
31979995,,,
31980617,,,
31980632,,,
31980649,,,
31990682,,,
31996670,,,
31996853,,,
32000564,,,
32001439,,,
32001675,,,
32001677,,,
32004492,,,
32004563,,,
32005248,,,
32005677,,,
32005798,,,
32005809,,,
32012890,,,
32013867,,,
32014461,,,
32015097,,,
32015105,,,
32015501,,,
32017448,,,
32017896,,,
32022326,,,
32023463,,,
32023475,,,
32024545,,,
32024802,,,
32024826,,,
32025032,,,
32025033,,,
32027307,,,
32027689,,,
32028108,,,
32028632,,,
32029838,,,
32030468,,,
32030835,,,
32034154,,,
32037375,,,
32038604,,,
32039023,,,
32039538,,,
32042151,,,
32045043,,,
32046454,,,
32047161,,,
32047912,,,
32049047,,,
32049053,,,
32049955,,,
32051560,,,
32052053,,,
32053631,,,
32054698,,,
32059044,,,
32059772,,,
32059791,,,
32060173,,,
32060266,,,
32061262,,,
32065054,,,
32065074,,,
32065581,,,
32066997,,,
32070397,,,
32071305,,,
32075734,,,
32075753,,,
32075955,,,
32076030,,,
32076263,,,
32078472,,,
32084337,,,
32086365,,,
32086523,,,
32088381,,,
32090446,,,
32090859,,,
32094334,,,
32094452,,,
32098170,,,
32098766,,,
32102931,,,
32102997,,,
32103173,,,
32103174,,,
32103242,,,
32107212,,,
32107344,,,
32109341,,,
32111229,,,
32111885,,,
32112110,,,
32115407,,,
32115746,,,
32116114,,,
32117312,,,
32117359,,,
32118485,,,
32123397,,,
32125036,,,
32125291,,,
32126024,,,
32129897,,,
32130226,,,
32130917,,,
32132863,,,
32139423,,,
32139672,,,
32142654,,,
32142665,,,
32143621,,,
32144352,,,
32149608,,,
32150623,,,
32152281,,,
32152472,,,
32153537,,,
32154507,,,
32156775,,,
32157726,,,
32158757,,,
32159514,,,
32160399,,,
32160527,,,
32161189,,,
32161196,,,
32161614,,,
32161967,,,
32162843,,,
32164155,,,
32164626,,,
32165633,,,
32169167,,,
32169218,,,
32170165,,,
32170290,,,
32176716,,,
32176820,,,
32176824,,,
32179481,,,
32179550,,,
32179949,,,
32180230,,,
32180561,,,
32182218,,,
32184465,,,
32187572,,,
32188504,,,
32188706,,,
32188932,,,
32190913,,,
32191585,,,
32193360,,,
32193374,,,
32194870,,,
32195191,,,
32197070,,,
32197073,,,
32199616,,,
32200131,,,
32203145,,,
32203384,,,
32203922,,,
32205878,,,
32208170,,,
32209468,,,
32210226,,,
32211331,,,
32213289,,,
32213713,,,
32213963,,,
32214220,,,
32214314,,,
32214337,,,
32219437,,,
32220303,,,
32220312,,,
32220884,,,
32221409,,,
32223897,,,
32224917,,,
32228459,,,
32230714,,,
32231311,,,
32231668,,,
32231867,,,
32231998,,,
32236524,,,
32236527,,,
32237262,,,
32238162,,,
32239644,,,
32241868,,,
32241891,,,
32242051,,,
32245946,,,
32246150,,,
32246814,,,
32251702,,,
32252341,,,
32252403,,,
32253320,,,
32255245,,,
32256272,,,
32258035,,,
32259483,,,
32264938,,,
32265819,,,
32271880,,,
32272082,,,
32272449,,,
32272893,,,
32276965,,,
32277099,,,
32277121,,,
32277131,,,
32284594,,,
32286279,,,
32286318,,,
32287312,,,
32289119,,,
32289254,,,
32289375,,,
32290071,,,
32290274,,,
32290278,,,
32293435,,,
32295893,,,
32296081,,,
32297952,,,
32299104,,,
32299514,,,
32301703,,,
32302573,,,
32302590,,,
32302591,,,
32303578,,,
32304628,,,
32312822,,,
32313019,,,
32313246,,,
32315970,,,
32317642,,,
32318770,,,
32320643,,,
32320667,,,
32321567,,,
32321940,,,
32325086,,,
32327653,,,
32327701,,,
32327756,,,
32329713,,,
32330423,,,
32330454,,,
32332020,,,
32332916,,,
32340108,,,
32341360,,,
32343675,,,
32344427,,,
32345215,,,
32346380,,,
32348296,,,
32349983,,,
32350368,,,
32351541,,,
32354235,,,
32355198,,,
32355793,,,
32358566,,,
32358605,,,
32366252,,,
32366839,,,
32366868,,,
32366930,,,
32366954,,,
32366993,,,
32367190,,,
32368828,,,
32369449,,,
32369512,,,
32369572,,,
32369597,,,
32369735,,,
32370801,,,
32371941,,,
32375047,,,
32376827,,,
32378719,,,
32379046,,,
32382044,,,
32382723,,,
32384158,,,
32385235,,,
32385332,,,
32392463,,,
32393182,,,
32393661,,,
32393731,,,
32393884,,,
32393888,,,
32396852,,,
32396861,,,
32396938,,,
32398747,,,
32400970,,,
32402251,,,
32405436,,,
32405640,,,
32407006,,,
32407670,,,
32409712,,,
32413319,,,
32415222,,,
32416059,,,
32416070,,,
32418995,,,
32420869,,,
32423473,,,
32424151,,,
32424276,,,
32426497,,,
32426945,,,
32427842,,,
32430040,,,
32432483,,,
32434841,,,
32436772,,,
32438860,,,
32439336,,,
32439855,,,
32440474,,,
32441123,,,
32442221,,,
32442405,,,
32443980,,,
32444631,,,
32445454,,,
32445619,,,
32451460,,,
32451488,,,
32453450,,,
32454154,,,
32457162,,,
32457396,,,
32459996,,,
32460018,,,
32460431,,,
32466671,,,
32467755,,,
32468058,,,
32468095,,,
32470361,,,
32471461,,,
32471474,,,
32473302,,,
32474753,,,
32475074,,,
32479508,,,
32483152,,,
32483172,,,
32483330,,,
32486514,,,
32487737,,,
32487742,,,
32487761,,,
32492431,,,
32492433,,,
32492819,,,
32494026,,,
32494069,,,
32496553,,,
32497259,,,
32497356,,,
32497499,,,
32497523,,,
32498593,,,
32499401,,,
32499524,,,
32499568,,,
32499639,,,
32499640,,,
32499651,,,
32502463,,,
32503845,,,
32503921,,,
32503973,,,
32504069,,,
32508810,,,
32508817,,,
32509197,,,
32509599,,,
32511403,,,
32512511,,,
32512818,,,
32513244,,,
32513715,,,
32514071,,,
32516590,,,
32518142,,,
32518403,,,
32520974,,,
32521264,,,
32521267,,,
32521738,,,
32522485,,,
32523092,,,
32526449,,,
32527837,,,
32531194,,,
32531271,,,
32531351,,,
32531947,,,
32533805,,,
32533832,,,
32534961,,,
32537514,,,
32539073,,,
32540494,,,
32540599,,,
32541654,,,
32541879,,,
32541956,,,
32547603,,,
32552404,,,
32552779,,,
32555463,,,
32556286,,,
32558077,,,
32559301,,,
32571844,,,
32572255,,,
32577515,,,
32577618,,,
32579593,,,
32579671,,,
32579914,,,
32579935,,,
32581101,,,
32581127,,,
32581250,,,
32582226,,,
32582229,,,
32585597,,,
32585982,,,
32586406,,,
32589883,,,
32589942,,,
32589966,,,
32591393,,,
32591534,,,
32592467,,,
32593682,,,
32596237,,,
32601060,,,
32603604,,,
32603655,,,
32606006,,,
32611548,,,
32612176,,,
32612238,,,
32614830,,,
32615085,,,
32615088,,,
32616520,,,
32617371,,,
32619424,,,
32619460,,,
32619517,,,
32620742,,,
32620778,,,
32620823,,,
32621799,,,
32622528,,,
32626660,,,
32631996,,,
32632238,,,
32632272,,,
32633781,,,
32634130,,,
32641748,,,
32643603,,,
32649877,,,
32650713,,,
32650803,,,
32651166,,,
32651197,,,
32651222,,,
32651669,,,
32651727,,,
32655365,,,
32655837,,,
32658892,,,
32660606,,,
32661239,,,
32661301,,,
32661325,,,
32661364,,,
32661549,,,
32662516,,,
32664318,,,
32664538,,,
32668198,,,
32668199,,,
32669324,,,
32669468,,,
32669546,,,
32669548,,,
32669713,,,
32670081,,,
32671071,,,
32671793,,,
32676087,,,
32678909,,,
32679107,,,
32680723,,,
32680952,,,
32681011,,,
32681188,,,
32685988,,,
32686664,,,
32686767,,,
32690906,,,
32692727,,,
32692974,,,
32694683,,,
32694734,,,
32694784,,,
32697997,,,
32699843,,,
32701512,,,
32703941,,,
32703943,,,
32705161,,,
32706237,,,
32707082,,,
32707573,,,
32707845,,,
32708910,,,
32708981,,,
32709741,,,
32709847,,,
32711581,,,
32719138,,,
32719562,,,
32720440,,,
32722783,,,
32727470,,,
32728246,,,
32730243,,,
32730272,,,
32730293,,,
32730745,,,
32730809,,,
32731586,,,
32732285,,,
32732875,,,
32733009,,,
32733475,,,
32735645,,,
32735821,,,
32735836,,,
32736653,,,
32737396,,,
32747783,,,
32747814,,,
32747828,,,
32749854,,,
32753408,,,
32753502,,,
32753619,,,
32753692,,,
32755548,,,
32755576,,,
32758484,,,
32759214,,,
32759958,,,
32759968,,,
32763147,,,
32764665,,,
32764691,,,
32767058,,,
32768387,,,
32769171,,,
32771388,,,
32772918,,,
32774160,,,
32778664,,,
32778845,,,
32778999,,,
32780722,,,
32786149,,,
32787523,,,
32788238,,,
32791513,,,
32792006,,,
32792398,,,
32792503,,,
32792541,,,
32795319,,,
32796817,,,
32796847,,,
32805183,,,
32813887,,,
32814027,,,
32814028,,,
32814826,,,
32814898,,,
32815516,,,
32816914,,,
32817553,,,
32817651,,,
32818230,,,
32818241,,,
32818496,,,
32818920,,,
32819190,,,
32819367,,,
32820022,,,
32820219,,,
32820662,,,
32820719,,,
32822486,,,
32822602,,,
32823041,,,
32826341,,,
32826883,,,
32832657,,,
32835548,,,
32839274,,,
32839537,,,
32839612,,,
32839764,,,
32841602,,,
32841603,,,
32844992,,,
32845007,,,
32845240,,,
32847042,,,
32849388,,,
32849812,,,
32853550,,,
32855215,,,
32855642,,,
32857768,,,
32858886,,,
32859947,,,
32861997,,,
32863958,,,
32866618,,,
32868297,,,
32868912,,,
32870822,,,
32872278,,,
32873321,,,
32873602,,,
32873625,,,
32873799,,,
32875282,,,
32878895,,,
32878980,,,
32880972,,,
32882850,,,
32883299,,,
32883872,,,
32884836,,,
32885222,,,
32887795,,,
32888429,,,
32888433,,,
32888486,,,
32888494,,,
32889431,,,
32891189,,,
32894169,,,
32894284,,,
32897363,,,
32897879,,,
32898249,,,
32900949,,,
32903551,,,
32907628,,,
32907836,,,
32908002,,,
32908007,,,
32908142,,,
32908310,,,
32911536,,,
32913532,,,
32916131,,,
32916216,,,
32919612,,,
32920490,,,
32922662,,,
32923839,,,
32928291,,,
32928922,,,
32929374,,,
32931017,,,
32933205,,,
32935369,,,
32936072,,,
32938397,,,
32938922,,,
32938943,,,
32938979,,,
32939092,,,
32941642,,,
32942044,,,
32943286,,,
32945258,,,
32948591,,,
32948671,,,
32948837,,,
32951127,,,
32954824,,,
32956836,,,
32957918,,,
32960813,,,
32961131,,,
32962996,,,
32966789,,,
32967703,,,
32972203,,,
32976661,,,
32976767,,,
32976798,,,
32977850,,,
32978233,,,
32979316,,,
32980951,,,
32983020,,,
32984350,,,
32986727,,,
32986841,,,
32986844,,,
32988399,,,
32988975,,,
32989249,,,
32989314,,,
32990380,,,
32991787,,,
32991819,,,
32991841,,,
32994320,,,
32995793,,,
32997974,,,
32997990,,,
32999308,,,
32999373,,,
32999462,,,
32999463,,,
33002291,,,
33002421,,,
33004416,,,
33007869,,,
33008446,,,
33017217,,,
33017228,,,
33017301,,,
33027640,,,
33028592,,,
33033147,,,
33034410,,,
33035480,,,
33037696,,,
33038264,,,
33042275,,,
33044766,,,
33045061,,,
33045726,,,
33046443,,,
33046520,,,
33046696,,,
33046701,,,
33046834,,,
33046882,,,
33046887,,,
33048844,,,
33049217,,,
33051000,,,
33051578,,,
33051686,,,
33053343,,,
33054396,,,
33055221,,,
33059736,,,
33060135,,,
33060580,,,
33060583,,,
33060802,,,
33060834,,,
33063451,,,
33066726,,,
33068537,,,
33070315,,,
33073368,,,
33075202,,,
33075803,,,
33077976,,,
33079185,,,
33080033,,,
33082276,,,
33083145,,,
33083527,,,
33085906,,,
33088283,,,
33089214,,,
33092643,,,
33093443,,,
33094674,,,
33096335,,,
33096483,,,
33096636,,,
33098193,,,
33098888,,,
33099088,,,
33099406,,,
33101712,,,
33102213,,,
33106633,,,
33109764,,,
33112375,,,
33113353,,,
33115415,,,
33116299,,,
33119185,,,
33120014,,,
33123010,,,
33123026,,,
33125867,,,
33127391,,,
33127758,,,
33127880,,,
33127955,,,
33128002,,,
33128319,,,
33128789,,,
33130055,,,
33139490,,,
33139574,,,
33139635,,,
33143730,,,
33144283,,,
33144586,,,
33145806,,,
33147210,,,
33147444,,,
33148325,,,
33148654,,,
33148793,,,
33148882,,,
33149265,,,
33149302,,,
33150374,,,
33150865,,,
33151035,,,
33151971,,,
33154377,,,
33158248,,,
33158814,,,
33158842,,,
33158843,,,
33159718,,,
33160365,,,
33163396,,,
33163943,,,
33164753,,,
33164985,,,
33166393,,,
33168060,,,
33168079,,,
33169013,,,
33170215,,,
33172888,,,
33172933,,,
33172972,,,
33176144,,,
33176148,,,
33177090,,,
33177106,,,
33177495,,,
33177681,,,
33178188,,,
33178684,,,
33184180,,,
33184181,,,
33184237,,,
33184486,,,
33186095,,,
33188777,,,
33193343,,,
33195269,,,
33197428,,,
33198269,,,
33199607,,,
33199643,,,
33199802,,,
33201861,,,
33202381,,,
33203444,,,
33203699,,,
33203843,,,
33203959,,,
33205021,,,
33205517,,,
33207193,,,
33207201,,,
33208001,,,
33208556,,,
33211885,,,
33214552,,,
33214631,,,
33216750,,,
33217319,,,
33217323,,,
33219153,,,
33220174,,,
33225985,,,
33228848,,,
33229569,,,
33231170,,,
33232656,,,
33232663,,,
33234703,,,
33235981,,,
33236003,,,
33238137,,,
33238290,,,
33239297,,,
33239393,,,
33242392,,,
33246333,,,
33246552,,,
33246884,,,
33247230,,,
33247761,,,
33251041,,,
33251223,,,
33257424,,,
33257475,,,
33257699,,,
33257808,,,
33257861,,,
33258951,,,
33259630,,,
33259802,,,
33263113,,,
33264613,,,
33266321,,,
33268382,,,
33268509,,,
33268593,,,
33268787,,,
33268865,,,
33269701,,,
33272205,,,
33273606,,,
33274363,,,
33275892,,,
33278339,,,
33282293,,,
33282720,,,
33284790,,,
33287707,,,
33289480,,,
33289590,,,
33290741,,,
33292203,,,
33294796,,,
33296081,,,
33296673,,,
33296686,,,
33296687,,,
33297959,,,
33298456,,,
33298885,,,
33298918,,,
33298930,,,
33299016,,,
33299181,,,
33300287,,,
33301456,,,
33301708,,,
33302864,,,
33303685,,,
33306162,,,
33306674,,,
33306988,,,
33309739,,,
33310192,,,
33311456,,,
33311488,,,
33311847,,,
33312178,,,
33318036,,,
33318485,,,
33320841,,,
33327742,,,
33328501,,,
33328630,,,
33328638,,,
33331926,,,
33332381,,,
33333986,,,
33335034,,,
33335944,,,
33336366,,,
33336840,,,
33338421,,,
33345777,,,
33351127,,,
33351795,,,
33355184,,,
33357405,,,
33357414,,,
33357464,,,
33359755,,,
33361757,,,
33361815,,,
33362275,,,
33363531,,,
33367832,,,
33370256,,,
33370286,,,
33370392,,,
33371772,,,
33372065,,,
33372158,,,
33372598,,,
33373293,,,
33375642,,,
33377660,,,
33378680,,,
33382535,,,
33382955,,,
33382968,,,
33382972,,,
33383072,,,
33385586,,,
33388094,,,
33391210,,,
33391480,,,
33397444,,,
33397927,,,
33398982,,,
33402335,,,
33402390,,,
33402532,,,
33402536,,,
33402679,,,
33404500,,,
33406262,,,
33406409,,,
33406420,,,
33408116,,,
33408345,,,
33410252,,,
33411695,,,
33413690,,,
33414138,,,
33414401,,,
33414433,,,
33414462,,,
33414472,,,
33414552,,,
33415077,,,
33417276,,,
33417618,,,
33417778,,,
33417871,,,
33417998,,,
33420030,,,
33420329,,,
33420340,,,
33420376,,,
33420427,,,
33420488,,,
33421118,,,
33425485,,,
33429418,,,
33431496,,,
33431657,,,
33431820,,,
33432071,,,
33432115,,,
33432228,,,
33436641,,,
33440998,,,
33441400,,,
33441767,,,
33444449,,,
33445170,,,
33445503,,,
33446752,,,
33448313,,,
33450185,,,
33450403,,,
33451349,,,
33452241,,,
33452355,,,
33458693,,,
33462227,,,
33462245,,,
33462315,,,
33462406,,,
33462489,,,
33462491,,,
33462494,,,
33465699,,,
33467116,,,
33468665,,,
33468685,,,
33469030,,,
33469078,,,
33469418,,,
33469587,,,
33471428,,,
33471819,,,
33472070,,,
33472215,,,
33473324,,,
33476303,,,
33476374,,,
33476716,,,
33478577,,,
33479225,,,
33480359,,,
33482742,,,
33483495,,,
33483496,,,
33483601,,,
33483627,,,
33483757,,,
33483966,,,
33484110,,,
33484195,,,
33484480,,,
33491669,,,
33493091,,,
33494096,,,
33495219,,,
33495337,,,
33495342,,,
33495472,,,
33495575,,,
33497014,,,
33497366,,,
33498271,,,
33500244,,,
33501759,,,
33503407,,,
33504604,,,
33505018,,,
33505431,,,
33507295,,,
33507881,,,
33509158,,,
33510208,,,
33510216,,,
33510256,,,
33511777,,,
33512471,,,
33513191,,,
33513359,,,
33514742,,,
33522250,,,
33523850,,,
33523865,,,
33531476,,,
33531485,,,
33536225,,,
33536587,,,
33536616,,,
33536620,,,
33538776,,,
33539590,,,
33539777,,,
33540554,,,
33542077,,,
33542190,,,
33542466,,,
33542905,,,
33545035,,,
33545081,,,
33545713,,,
33547202,,,
33547328,,,
33552051,,,
33552054,,,
33552094,,,
33552104,,,
33552118,,,
33557217,,,
33557303,,,
33558271,,,
33558511,,,
33558530,,,
33558616,,,
33558653,,,
33558697,,,
33558705,,,
33561015,,,
33561324,,,
33561428,,,
33563697,,,
33565211,,,
33567098,,,
33567812,,,
33568457,,,
33568811,,,
33569544,,,
33571538,,,
33572851,,,
33574265,,,
33575555,,,
33576154,,,
33580144,,,
33584828,,,
33585804,,,
33586677,,,
33588838,,,
33589424,,,
33589527,,,
33589603,,,
33592174,,,
33593877,,,
33593913,,,
33594057,,,
33594975,,,
33595864,,,
33596420,,,
33596640,,,
33596784,,,
33596996,,,
33597266,,,
33597532,,,
33597588,,,
33598660,,,
33601339,,,
33601919,,,
33602809,,,
33602823,,,
33602869,,,
33602872,,,
33605558,,,
33606988,,,
33607115,,,
33609405,,,
33609440,,,
33609461,,,
33613110,,,
33613525,,,
33613536,,,
33616528,,,
33619282,,,
33619534,,,
33621485,,,
33622974,,,
33625469,,,
33626321,,,
33627408,,,
33627642,,,
33627658,,,
33627870,,,
33627871,,,
33632899,,,
33633365,,,
33634895,,,
33634966,,,
33635431,,,
33636112,,,
33636116,,,
33636117,,,
33637522,,,
33637716,,,
33637727,,,
33637999,,,
33639916,,,
33647277,,,
33648633,,,
33649198,,,
33649593,,,
33653920,,,
33654095,,,
33654293,,,
33657363,,,
33657410,,,
33658193,,,
33658347,,,
33658578,,,
33658714,,,
33660333,,,
33660785,,,
33661764,,,
33664453,,,
33664480,,,
33665640,,,
33666644,,,
33666652,,,
33666854,,,
33667223,,,
33667385,,,
33667649,,,
33668084,,,
33670495,,,
33674273,,,
33674349,,,
33674591,,,
33677214,,,
33677640,,,
33679867,,,
33679894,,,
33682796,,,
33684179,,,
33687977,,,
33688010,,,
33689682,,,
33691105,,,
33691114,,,
33691139,,,
33692103,,,
33692482,,,
33692491,,,
33692994,,,
33707234,,,
33707236,,,
33707237,,,
33707310,,,
33708626,,,
33711267,,,
33712379,,,
33712578,,,
33712615,,,
33713619,,,
33718266,,,
33718351,,,
33719314,,,
33720519,,,
33721894,,,
33722704,,,
33722937,,,
33723254,,,
33724187,,,
33724958,,,
33729568,,,
33730555,,,
33730567,,,
33730576,,,
33731701,,,
33731849,,,
33731850,,,
33731875,,,
33735607,,,
33735615,,,
33737576,,,
33737919,,,
33739284,,,
33740162,,,
33740891,,,
33741710,,,
33741948,,,
33742099,,,
33742149,,,
33743111,,,
33743195,,,
33743211,,,
33743554,,,
33747015,,,
33748146,,,
33748720,,,
33750787,,,
33750801,,,
33750804,,,
33750880,,,
33753779,,,
33755662,,,
33755803,,,
33755911,,,
33758843,,,
33761358,,,
33761896,,,
33762006,,,
33762571,,,
33762636,,,
33763686,,,
33763704,,,
33764154,,,
33764639,,,
33765443,,,
33767450,,,
33768568,,,
33769968,,,
33771206,,,
33771887,,,
33771899,,,
33771977,,,
33771989,,,
33772001,,,
33772013,,,
33772096,,,
33773029,,,
33773996,,,
33785524,,,
33785758,,,
33785765,,,
33789089,,,
33790326,,,
33792219,,,
33793565,,,
33793815,,,
33795352,,,
33795428,,,
33795674,,,
33795748,,,
33795875,,,
33796004,,,
33798424,,,
33805821,,,
33807742,,,
33808696,,,
33811806,,,
33818129,,,
33823870,,,
33823916,,,
33826403,,,
33826782,,,
33826889,,,
33827925,,,
33828297,,,
33828448,,,
33829052,,,
33830083,,,
33831349,,,
33831432,,,
33833385,,,
33833453,,,
33833454,,,
33836143,,,
33837425,,,
33838111,,,
33839696,,,
33841401,,,
33842376,,,
33844153,,,
33845354,,,
33846759,,,
33850120,,,
33850140,,,
33851458,,,
33852831,,,
33852834,,,
33852838,,,
33852840,,,
33852846,,,
33852884,,,
33853355,,,
33854067,,,
33854168,,,
33854495,,,
33855751,,,
33857287,,,
33859437,,,
33861963,,,
33863814,,,
33868267,,,
33868323,,,
33869219,,,
33869230,,,
33870126,,,
33870241,,,
33870722,,,
33872990,,,
33875594,,,
33876188,,,
33876209,,,
33877296,,,
33878189,,,
33879231,,,
33879258,,,
33883138,,,
33883145,,,
33883682,,,
33883687,,,
33886094,,,
33887198,,,
33888516,,,
33888582,,,
33888612,,,
33889540,,,
33889575,,,
33892077,,,
33892503,,,
33892914,,,
33893273,,,
33893290,,,
33895780,,,
33896623,,,
33898319,,,
33898513,,,
33899080,,,
33899734,,,
33903612,,,
33904651,,,
33905739,,,
33906919,,,
33909998,,,
33910563,,,
33910599,,,
33910993,,,
33911148,,,
33911285,,,
33912565,,,
33912935,,,
33913170,,,
33913468,,,
33915568,,,
33919312,,,
33921436,,,
33923085,,,
33923454,,,
33924042,,,
33926376,,,
33929324,,,
33929904,,,
33930309,,,
33931637,,,
33932349,,,
33936070,,,
33937236,,,
33939688,,,
33941777,,,
33942716,,,
33945508,,,
33948573,,,
33951416,,,
33951921,,,
33952672,,,
33953401,,,
33956074,,,
33957084,,,
33958675,,,
33959635,,,
33960413,,,
33962884,,,
33962950,,,
33968139,,,
33969332,,,
33970124,,,
33970188,,,
33970999,,,
33971010,,,
33973518,,,
33975627,,,
33975917,,,
33976139,,,
33976158,,,
33976164,,,
33976187,,,
33976194,,,
33979605,,,
33979616,,,
33979654,,,
33980589,,,
33980863,,,
33981968,,,
33983114,,,
33984509,,,
33984520,,,
33985562,,,
33986176,,,
33986193,,,
33988272,,,
33989522,,,
33990559,,,
33990599,,,
33990693,,,
33993190,,,
33993729,,,
33996909,,,
33996965,,,
33997693,,,
33997809,,,
34001247,,,
34001262,,,
34001893,,,
34001972,,,
34001994,,,
34003795,,,
34004146,,,
34004159,,,
34004356,,,
34006221,,,
34006870,,,
34006921,,,
34010142,,,
34010296,,,
34011283,,,
34011527,,,
34011606,,,
34012031,,,
34012444,,,
34013174,,,
34014371,,,
34015058,,,
34015256,,,
34017121,,,
34017329,,,
34021643,,,
34022742,,,
34025359,,,
34029205,,,
34031589,,,
34031592,,,
34031618,,,
34033143,,,
34033742,,,
34035068,,,
34035238,,,
34035246,,,
34035282,,,
34036317,,,
34036652,,,
34040255,,,
34040261,,,
34041236,,,
34043949,,,
34044317,,,
34045355,,,
34050173,,,
34050248,,,
34054788,,,
34054852,,,
34055876,,,
34056657,,,
34059820,,,
34060483,,,
34060910,,,
34061778,,,
34062119,,,
34063463,,,
34063609,,,
34063989,,,
34064989,,,
34066536,,,
34067117,,,
34068244,,,
34068249,,,
34077752,,,
34077955,,,
34078875,,,
34078900,,,
34079898,,,
34081913,,,
34083527,,,
34083792,,,
34084133,,,
34087162,,,
34088671,,,
34088716,,,
34091929,,,
34093224,,,
34094709,,,
34095155,,,
34095887,,,
34096575,,,
34098567,,,
34099540,,,
34099558,,,
34099666,,,
34099702,,,
34101624,,,
34102100,,,
34103504,,,
34103518,,,
34105306,,,
34108218,,,
34108263,,,
34108617,,,
34108627,,,
34108683,,,
34108684,,,
34111398,,,
34111580,,,
34112753,,,
34113649,,,
34113805,,,
34116023,,,
34117031,,,
34118180,,,
34119876,,,
34122346,,,
34128959,,,
34132490,,,
34132743,,,
34133934,,,
34133945,,,
34135935,,,
34139149,,,
34140518,,,
34140685,,,
34142042,,,
34142063,,,
34145026,,,
34145242,,,
34145279,,,
34145395,,,
34149804,,,
34149906,,,
34150759,,,
34151224,,,
34153031,,,
34155349,,,
34155583,,,
34156424,,,
34158490,,,
34161266,,,
34161584,,,
34162549,,,
34162555,,,
34162733,,,
34162860,,,
34162871,,,
34165176,,,
34166567,,,
34168367,,,
34168651,,,
34168655,,,
34170902,,,
34171263,,,
34173975,,,
34174113,,,
34177845,,,
34181969,,,
34184765,,,
34185380,,,
34185705,,,
34188173,,,
34189439,,,
34189576,,,
34195684,,,
34195686,,,
34197620,,,
34206917,,,
34208581,,,
34211474,,,
34216539,,,
34216540,,,
34216724,,,
34218273,,,
34220794,,,
34220851,,,
34224201,,,
34225776,,,
34228644,,,
34229732,,,
34230488,,,
34232987,,,
34233672,,,
34234169,,,
34234345,,,
34234346,,,
34237254,,,
34238922,,,
34240584,,,
34240701,,,
34242617,,,
34242700,,,
34244384,,,
34244823,,,
34246806,,,
34248943,,,
34253898,,,
34254999,,,
34257378,,,
34258103,,,
34260918,,,
34261293,,,
34261657,,,
34267262,,,
34268123,,,
34270823,,,
34271221,,,
34271981,,,
34272228,,,
34272310,,,
34272384,,,
34272396,,,
34272475,,,
34274947,,,
34276703,,,
34278249,,,
34278264,,,
34278746,,,
34280472,,,
34281396,,,
34281603,,,
34282143,,,
34285077,,,
34285924,,,
34288010,,,
34288360,,,
34289383,,,
34289986,,,
34290403,,,
34290732,,,
34293216,,,
34294847,,,
34298684,,,
34298922,,,
34299315,,,
34300226,,,
34301753,,,
34301759,,,
34301760,,,
34301800,,,
34301937,,,
34301992,,,
34302498,,,
34309190,,,
34310651,,,
34312180,,,
34312385,,,
34312544,,,
34315861,,,
34316693,,,
34318329,,,
34320350,,,
34320359,,,
34320364,,,
34321484,,,
34324523,,,
34326198,,,
34326467,,,
34326481,,,
34326534,,,
34327153,,,
34330825,,,
34331874,,,
34335968,,,
34335981,,,
34336929,,,
34337561,,,
34338635,,,
34340996,,,
34343136,,,
34344973,,,
34348091,,,
34348759,,,
34350957,,,
34353949,,,
34357353,,,
34358447,,,
34358448,,,
34365503,,,
34365695,,,
34365742,,,
34367159,,,
34367261,,,
34368865,,,
34369094,,,
34371081,,,
34375004,,,
34375307,,,
34376576,,,
34376651,,,
34377368,,,
34378323,,,
34378534,,,
34379512,,,
34380613,,,
34381049,,,
34381107,,,
34382747,,,
34383559,,,
34385184,,,
34385420,,,
34385434,,,
34385462,,,
34388375,,,
34389706,,,
34389722,,,
34389752,,,
34390642,,,
34391780,,,
34393780,,,
34394120,,,
34396985,,,
34397088,,,
34398873,,,
34403363,,,
34403557,,,
34404410,,,
34407456,,,
34408135,,,
34408147,,,
34408322,,,
34408325,,,
34409038,,,
34409288,,,
34411378,,,
34411391,,,
34412669,,,
34413140,,,
34413292,,,
34415992,,,
34417449,,,
34418430,,,
34418597,,,
34420357,,,
34422813,,,
34426439,,,
34426691,,,
34429546,,,
34433039,,,
34433046,,,
34433064,,,
34433692,,,
34433827,,,
34433918,,,
34433969,,,
34434927,,,
34435466,,,
34437124,,,
34437836,,,
34437837,,,
34439480,,,
34439758,,,
34439819,,,
34440226,,,
34440425,,,
34440533,,,
34445655,,,
34446700,,,
34446707,,,
34448454,,,
34449440,,,
34449942,,,
34450029,,,
34451580,,,
34453052,,,
34454584,,,
34457045,,,
34458885,,,
34459501,,,
34462276,,,
34462284,,,
34462739,,,
34463254,,,
34463714,,,
34465601,,,
34466226,,,
34471112,,,
34473054,,,
34474592,,,
34475267,,,
34475432,,,
34478631,,,
34479564,,,
34479963,,,
34479995,,,
34480023,,,
34480152,,,
34483940,,,
34484198,,,
34485158,,,
34485650,,,
34485935,,,
34488832,,,
34489433,,,
34489438,,,
34489456,,,
34489572,,,
34494546,,,
34496239,,,
34496257,,,
34497273,,,
34497603,,,
34502030,,,
34502358,,,
34502527,,,
34503222,,,
34504093,,,
34510716,,,
34512013,,,
34512599,,,
34512724,,,
34513313,,,
34515347,,,
34516753,,,
34516780,,,
34516825,,,
34516894,,,
34517816,,,
34518653,,,
34519101,,,
34520261,,,
34520743,,,
34523252,,,
34523259,,,
34523966,,,
34526716,,,
34529467,,,
34529715,,,
34531575,,,
34534335,,,
34534448,,,
34535011,,,
34535185,,,
34535664,,,
34535769,,,
34536354,,,
34538015,,,
34541869,,,
34543389,,,
34543624,,,
34544495,,,
34545083,,,
34545347,,,
34546071,,,
34546215,,,
34546377,,,
34547430,,,
34548323,,,
34548404,,,
34548630,,,
34549824,,,
34551807,,,
34552071,,,
34552271,,,
34552568,,,
34554928,,,
34555354,,,
34555356,,,
34556855,,,
34556860,,,
34556879,,,
34556881,,,
34556885,,,
34559986,,,
34560002,,,
34560105,,,
34561429,,,
34561439,,,
34561453,,,
34561461,,,
34568832,,,
34569598,,,
34570762,,,
34570834,,,
34572384,,,
34572841,,,
34572872,,,
34579774,,,
34580113,,,
34581622,,,
34581788,,,
34582792,,,
34584066,,,
34584079,,,
34585448,,,
34586646,,,
34587228,,,
34587479,,,
34587756,,,
34591974,,,
34593606,,,
34593619,,,
34593792,,,
34593797,,,
34593836,,,
34597584,,,
34599103,,,
34599305,,,
34599932,,,
34601385,,,
34601654,,,
34604909,,,
34605600,,,
34605607,,,
34605719,,,
34608333,,,
34608846,,,
34609279,,,
34609966,,,
34610266,,,
34610961,,,
34611130,,,
34611612,,,
34611656,,,
34613655,,,
34613756,,,
34613780,,,
34613814,,,
34615655,,,
34616061,,,
34616062,,,
34616065,,,
34616068,,,
34616072,,,
34616737,,,
34618691,,,
34620713,,,
34621188,,,
34623332,,,
34623902,,,
34623903,,,
34624206,,,
34625470,,,
34626548,,,
34630033,,,
34631277,,,
34632024,,,
34632327,,,
34632572,,,
34633146,,,
34635729,,,
34637435,,,
34637754,,,
34638328,,,
34638443,,,
34639134,,,
34642112,,,
34642184,,,
34643097,,,
34644150,,,
34644563,,,
34645812,,,
34648590,,,
34650237,,,
34650971,,,
34652942,,,
34653365,,,
34653464,,,
34654425,,,
34654826,,,
34657245,,,
34658910,,,
34661337,,,
34661369,,,
34661724,,,
34662377,,,
34663432,,,
34663594,,,
34663816,,,
34663973,,,
34663976,,,
34668757,,,
34669442,,,
34669463,,,
34670213,,,
34671010,,,
34671097,,,
34672721,,,
34675338,,,
34675383,,,
34675436,,,
34675437,,,
34675930,,,
34676048,,,
34678206,,,
34678208,,,
34678511,,,
34680291,,,
34686187,,,
34686499,,,
34687147,,,
34687652,,,
34688032,,,
34691074,,,
34691553,,,
34694888,,,
34695836,,,
34696474,,,
34696890,,,
34697315,,,
34698806,,,
34702952,,,
34706228,,,
34707105,,,
34707135,,,
34707603,,,
34707642,,,
34709113,,,
34711654,,,
34711820,,,
34711954,,,
34712237,,,
34712656,,,
34714577,,,
34715039,,,
34715055,,,
34716314,,,
34716325,,,
34716557,,,
34717796,,,
34718356,,,
34718550,,,
34720086,,,
34722532,,,
34724238,,,
34728525,,,
34729247,,,
34730111,,,
34730257,,,
34731001,,,
34732703,,,
34732721,,,
34732726,,,
34732895,,,
34733307,,,
34734806,,,
34736405,,,
34737197,,,
34737213,,,
34737261,,,
34737269,,,
34739170,,,
34739845,,,
34741023,,,
34741033,,,
34741035,,,
34741068,,,
34741115,,,
34743196,,,
34743552,,,
34748230,,,
34748562,,,
34750374,,,
34750386,,,
34750474,,,
34751128,,,
34757783,,,
34758300,,,
34758338,,,
34762598,,,
34764253,,,
34764281,,,
34766154,,,
34767029,,,
34769061,,,
34774131,,,
34774811,,,
34775384,,,
34775600,,,
34776864,,,
34777354,,,
34778803,,,
34780106,,,
34781022,,,
34782454,,,
34782617,,,
34782770,,,
34783015,,,
34788079,,,
34788094,,,
34790902,,,
34792289,,,
34793334,,,
34793335,,,
34795238,,,
34796552,,,
34798047,,,
34799401,,,
34799566,,,
34799588,,,
34801693,,,
34802521,,,
34805176,,,
34810198,,,
34812843,,,
34813980,,,
34815400,,,
34815405,,,
34816102,,,
34817551,,,
34818047,,,
34818547,,,
34819339,,,
34819374,,,
34819668,,,
34819671,,,
34820606,,,
34824242,,,
34824250,,,
34824279,,,
34824542,,,
34825137,,,
34827715,,,
34827757,,,
34830054,,,
34830760,,,
34831448,,,
34836966,,,
34839571,,,
34843580,,,
34844932,,,
34845188,,,
34845225,,,
34845392,,,
34846534,,,
34848712,,,
34849385,,,
34849795,,,
34850543,,,
34851663,,,
34852222,,,
34853070,,,
34853721,,,
34864742,,,
34867850,,,
34867944,,,
34867955,,,
34867983,,,
34868026,,,
34869336,,,
34871442,,,
34872593,,,
34873156,,,
34873160,,,
34873805,,,
34874913,,,
34874923,,,
34874940,,,
34875226,,,
34876587,,,
34877495,,,
34879241,,,
34879244,,,
34880236,,,
34881794,,,
34885140,,,
34887328,,,
34890398,,,
34893587,,,
34893620,,,
34893641,,,
34893754,,,
34893914,,,
34898002,,,
34899662,,,
34899694,,,
34900689,,,
34903738,,,
34903884,,,
34905516,,,
34905696,,,
34909713,,,
34910106,,,
34910907,,,
34910930,,,
34912114,,,
34914499,,,
34914695,,,
34914824,,,
34915921,,,
34916498,,,
34917090,,,
34917657,,,
34919438,,,
34921111,,,
34921145,,,
34922263,,,
34923751,,,
34928497,,,
34930827,,,
34931081,,,
34931082,,,
34932867,,,
34935134,,,
34935415,,,
34936223,,,
34936433,,,
34936466,,,
34937926,,,
34937930,,,
34941867,,,
34943123,,,
34943821,,,
34943871,,,
34943873,,,
34944934,,,
34945002,,,
34946866,,,
34949839,,,
34954109,,,
34956138,,,
34956864,,,
34957478,,,
34961960,,,
34963056,,,
34964438,,,
34965936,,,
34965946,,,
34966385,,,
34968297,,,
34968386,,,
34969849,,,
34970419,,,
34970543,,,
34970966,,,
34970970,,,
34974159,,,
34975749,,,
34978355,,,
34980917,,,
34983546,,,
34983631,,,
34985961,,,
34986190,,,
34986349,,,
34988410,,,
34991687,,,
34992217,,,
34992297,,,
34992422,,,
34994962,,,
34995096,,,
34996891,,,
34997317,,,
35004673,,,
35005123,,,
35007555,,,
35008777,,,
35013097,,,
35013139,,,
35013188,,,
35013221,,,
35013311,,,
35013473,,,
35015026,,,
35015732,,,
35015830,,,
35017523,,,
35017529,,,
35017658,,,
35019856,,,
35020534,,,
35020873,,,
35021083,,,
35022194,,,
35022314,,,
35022400,,,
35022690,,,
35023164,,,
35024609,,,
35025731,,,
35027454,,,
35027754,,,
35028452,,,
35028604,,,
35028612,,,
35029669,,,
35030322,,,
35032430,,,
35032575,,,
35037038,,,
35038375,,,
35038906,,,
35041461,,,
35041939,,,
35042235,,,
35042798,,,
35043960,,,
35049501,,,
35050301,,,
35051358,,,
35058367,,,
35058881,,,
35058920,,,
35060899,,,
35061545,,,
35063125,,,
35064153,,,
35064215,,,
35065713,,,
35066810,,,
35066875,,,
35072021,,,
35074876,,,
35075279,,,
35077667,,,
35078860,,,
35081338,,,
35081371,,,
35082166,,,
35082295,,,
35082299,,,
35084807,,,
35087040,,,
35087175,,,
35089096,,,
35090594,,,
35091682,,,
35092277,,,
35092309,,,
35092356,,,
35092726,,,
35093191,,,
35093590,,,
35094010,,,
35094088,,,
35094416,,,
35094644,,,
35096633,,,
35101444,,,
35104452,,,
35104835,,,
35104843,,,
35105868,,,
35105870,,,
35108511,,,
35108537,,,
35110421,,,
35111157,,,
35111748,,,
35115407,,,
35115943,,,
35116043,,,
35119366,,,
35119792,,,
35121645,,,
35121941,,,
35121991,,,
35122060,,,
35123499,,,
35127377,,,
35127549,,,
35130721,,,
35132407,,,
35133984,,,
35134235,,,
35134856,,,
35135958,,,
35136059,,,
35136065,,,
35137157,,,
35137168,,,
35139355,,,
35140221,,,
35141286,,,
35141505,,,
35142342,,,
35143619,,,
35145080,,,
35148649,,,
35148843,,,
35149688,,,
35149708,,,
35150283,,,
35150568,,,
35151685,,,
35154188,,,
35155564,,,
35155868,,,
35157910,,,
35158371,,,
35159152,,,
35163149,,,
35165263,,,
35165388,,,
35167486,,,
35167498,,,
35168946,,,
35169122,,,
35172134,,,
35174906,,,
35176137,,,
35177031,,,
35177605,,,
35177654,,,
35178295,,,
35179309,,,
35179319,,,
35179487,,,
35179955,,,
35180225,,,
35180231,,,
35181787,,,
35182476,,,
35186010,,,
35189026,,,
35190532,,,
35191504,,,
35192684,,,
35192733,,,
35193410,,,
35193942,,,
35194965,,,
35196021,,,
35196078,,,
35196484,,,
35196497,,,
35196500,,,
35197051,,,
35197461,,,
35199647,,,
35201318,,,
35202626,,,
35209946,,,
35210361,,,
35210624,,,
35211032,,,
35212000,,,
35212163,,,
35216222,,,
35216340,,,
35216965,,,
35222366,,,
35224628,,,
35228745,,,
35228746,,,
35230915,,,
35230972,,,
35230973,,,
35232997,,,
35233546,,,
35235716,,,
35235759,,,
35235782,,,
35235783,,,
35236346,,,
35236847,,,
35236848,,,
35239439,,,
35241097,,,
35241665,,,
35241678,,,
35241842,,,
35242938,,,
35243267,,,
35244538,,,
35245111,,,
35245124,,,
35246475,,,
35247891,,,
35247927,,,
35255712,,,
35256819,,,
35258392,,,
35258704,,,
35260552,,,
35260583,,,
35260802,,,
35263585,,,
35264144,,,
35265620,,,
35266829,,,
35267534,,,
35267590,,,
35274380,,,
35278276,,,
35278628,,,
35279203,,,
35280993,,,
35281000,,,
35281039,,,
35281512,,,
35284622,,,
35288651,,,
35288709,,,
35288749,,,
35289477,,,
35292083,,,
35293598,,,
35294258,,,
35294501,,,
35294884,,,
35294889,,,
35294891,,,
35294950,,,
35295992,,,
35296659,,,
35297980,,,
35298243,,,
35298257,,,
35298627,,,
35301011,,,
35301236,,,
35301407,,,
35301425,,,
35303419,,,
35303421,,,
35303483,,,
35306440,,,
35309301,,,
35309349,,,
35313970,,,
35314812,,,
35318461,,,
35319724,,,
35320727,,,
35320755,,,
35322228,,,
35323972,,,
35326375,,,
35326450,,,
35331335,,,
35331339,,,
35332307,,,
35333354,,,
35338173,,,
35344764,,,
35346019,,,
35347136,,,
35347229,,,
35347276,,,
35348006,,,
35348112,,,
35348629,,,
35349784,,,
35351890,,,
35354792,,,
35354948,,,
35357563,,,
35357885,,,
35359606,,,
35359829,,,
35359922,,,
35360677,,,
35361683,,,
35362543,,,
35363516,,,
35364013,,,
35369338,,,
35371065,,,
35371477,,,
35372436,,,
35377459,,,
35377872,,,
35379068,,,
35379995,,,
35380306,,,
35380990,,,
35385746,,,
35388001,,,
35389778,,,
35389781,,,
35389887,,,
35390145,,,
35390162,,,
35390280,,,
35392965,,,
35393414,,,
35393420,,,
35394046,,,
35395675,,,
35395767,,,
35396276,,,
35396513,,,
35398222,,,
35399519,,,
35401557,,,
35402083,,,
35404079,,,
35404279,,,
35410381,,,
35410412,,,
35411048,,,
35411077,,,
35411591,,,
35413095,,,
35413274,,,
35413480,,,
35416977,,,
35417530,,,
35418124,,,
35418676,,,
35419551,,,
35422502,,,
35425987,,,
35426377,,,
35426393,,,
35427178,,,
35428760,,,
35428874,,,
35429693,,,
35430298,,,
35430316,,,
35430876,,,
35432468,,,
35438006,,,
35438176,,,
35438764,,,
35439023,,,
35440133,,,
35440562,,,
35440644,,,
35443279,,,
35443793,,,
35446112,,,
35446789,,,
35446923,,,
35449309,,,
35464065,,,
35464860,,,
35464952,,,
35468731,,,
35468973,,,
35469026,,,
35471600,,,
35471950,,,
35474299,,,
35476977,,,
35477960,,,
35478247,,,
35481783,,,
35482418,,,
35482762,,,
35482917,,,
35483404,,,
35483745,,,
35484250,,,
35484422,,,
35485993,,,
35487953,,,
35490198,,,
35491423,,,
35494066,,,
35494227,,,
35495145,,,
35495953,,,
35499391,,,
35500226,,,
35501385,,,
35501486,,,
35502319,,,
35502615,,,
35503251,,,
35503263,,,
35508139,,,
35508495,,,
35510953,,,
35511484,,,
35511947,,,
35513850,,,
35523141,,,
35523177,,,
35524156,,,
35524742,,,
35526671,,,
35532173,,,
35534224,,,
35534493,,,
35534729,,,
35534923,,,
35536645,,,
35536649,,,
35536873,,,
35537780,,,
35545674,,,
35546538,,,
35549404,,,
35550602,,,
35550611,,,
35550916,,,
35552618,,,
35552703,,,
35559667,,,
35559731,,,
35563008,,,
35563134,,,
35563269,,,
35563635,,,
35565298,,,
35567709,,,
35567999,,,
35568035,,,
35568393,,,
35570408,,,
35571680,,,
35572125,,,
35573776,,,
35574381,,,
35575026,,,
35575504,,,
35576187,,,
35577813,,,
35579943,,,
35580607,,,
35581202,,,
35583996,,,
35584084,,,
35584120,,,
35584631,,,
35584694,,,
35585070,,,
35585236,,,
35587837,,,
35588457,,,
35589715,,,
35589753,,,
35589967,,,
35590030,,,
35590109,,,
35594906,,,
35595980,,,
35596083,,,
35596715,,,
35600311,,,
35603814,,,
35603967,,,
35604009,,,
35604506,,,
35605192,,,
35608297,,,
35608905,,,
35610334,,,
35612714,,,
35613277,,,
35613844,,,
35614043,,,
35614060,,,
35614107,,,
35614218,,,
35617030,,,
35617427,,,
35618311,,,
35618797,,,
35618883,,,
35619099,,,
35621025,,,
35623342,,,
35624089,,,
35624894,,,
35627218,,,
35631574,,,
35634291,,,
35636967,,,
35637194,,,
35640155,,,
35642432,,,
35645831,,,
35646902,,,
35650196,,,
35650286,,,
35652295,,,
35654045,,,
35654861,,,
35655748,,,
35656547,,,
35657344,,,
35657348,,,
35657352,,,
35658596,,,
35658900,,,
35660135,,,
35661831,,,
35664000,,,
35664466,,,
35665306,,,
35666176,,,
35666812,,,
35666813,,,
35667685,,,
35668135,,,
35669782,,,
35669791,,,
35671108,,,
35672415,,,
35672452,,,
35675394,,,
35675522,,,
35675771,,,
35676475,,,
35678674,,,
35678717,,,
35679863,,,
35681201,,,
35682747,,,
35683981,,,
35687691,,,
35694846,,,
35695839,,,
35697692,,,
35697798,,,
35697804,,,
35700056,,,
35701597,,,
35701843,,,
35704598,,,
35704755,,,
35704759,,,
35705030,,,
35705375,,,
35705813,,,
35706367,,,
35710836,,,
35710867,,,
35710938,,,
35710943,,,
35711419,,,
35711662,,,
35712781,,,
35714196,,,
35715427,,,
35715442,,,
35717025,,,
35717949,,,
35723626,,,
35726060,,,
35726067,,,
35726356,,,
35727638,,,
35728062,,,
35729093,,,
35729111,,,
35730579,,,
35732128,,,
35732814,,,
35733354,,,
35733868,,,
35735979,,,
35736224,,,
35737787,,,
35739109,,,
35739197,,,
35740559,,,
35740984,,,
35742976,,,
35743252,,,
35747128,,,
35749158,,,
35750043,,,
35750044,,,
35750512,,,
35750885,,,
35752626,,,
35754340,,,
35754713,,,
35757538,,,
35757783,,,
35757784,,,
35758064,,,
35759853,,,
35760778,,,
35760883,,,
35762231,,,
35764091,,,
35764708,,,
35767650,,,
35767654,,,
35767735,,,
35768279,,,
35768511,,,
35771919,,,
35771990,,,
35773268,,,
35773409,,,
35774589,,,
35776660,,,
35776908,,,
35780132,,,
35784283,,,
35785521,,,
35785620,,,
35787684,,,
35788181,,,
35788719,,,
35788760,,,
35789154,,,
35789380,,,
35789859,,,
35797243,,,
35798053,,,
35798383,,,
35799782,,,
35800778,,,
35800779,,,
35801824,,,
35801870,,,
35802021,,,
35802025,,,
35802677,,,
35803227,,,
35803246,,,
35803545,,,
35803954,,,
35805969,,,
35806108,,,
35806779,,,
35807851,,,
35810186,,,
35810502,,,
35815410,,,
35816041,,,
35817517,,,
35821981,,,
35831300,,,
35831322,,,
35831497,,,
35831503,,,
35833123,,,
35833127,,,
35833708,,,
35834269,,,
35834333,,,
35835117,,,
35835937,,,
35837332,,,
35838828,,,
35840558,,,
35840631,,,
35844509,,,
35844581,,,
35847555,,,
35849143,,,
35849783,,,
35850385,,,
35850762,,,
35851422,,,
35851726,,,
35852875,,,
35854322,,,
35857500,,,
35857512,,,
35857578,,,
35857588,,,
35857628,,,
35857643,,,
35857823,,,
35857848,,,
35858543,,,
35858559,,,
35858579,,,
35860330,,,
35860547,,,
35862195,,,
35863348,,,
35864190,,,
35866148,,,
35866661,,,
35867177,,,
35868533,,,
35869369,,,
35871105,,,
35871303,,,
35875866,,,
35878796,,,
35879302,,,
35879310,,,
35879361,,,
35879545,,,
35879829,,,
35880727,,,
35881476,,,
35881538,,,
35883107,,,
35884472,,,
35886026,,,
35888078,,,
35891396,,,
35895513,,,
35896748,,,
35899427,,,
35900258,,,
35901960,,,
35902637,,,
35902743,,,
35902861,,,
35903272,,,
35904241,,,
35906240,,,
35908287,,,
35910766,,,
35912104,,,
35912857,,,
35913115,,,
35913163,,,
35914133,,,
35914530,,,
35915142,,,
35916406,,,
35917517,,,
35918147,,,
35920020,,,
35920794,,,
35927451,,,
35931676,,,
35931682,,,
35932893,,,
35934520,,,
35935956,,,
35941292,,,
35943291,,,
35944008,,,
35947077,,,
35947672,,,
35947675,,,
35947947,,,
35947961,,,
35948563,,,
35949298,,,
35950162,,,
35950218,,,
35951767,,,
35952673,,,
35953673,,,
35958610,,,
35961752,,,
35961968,,,
35962298,,,
35963521,,,
35965840,,,
35968152,,,
35969234,,,
35970919,,,
35971133,,,
35972072,,,
35974011,,,
35974102,,,
35975552,,,
35976266,,,
35977481,,,
35977482,,,
35977543,,,
35978192,,,
35980024,,,
35980387,,,
35982235,,,
35982897,,,
35983805,,,
35984304,,,
35984904,,,
35984907,,,
35985530,,,
35988542,,,
35988690,,,
35992681,,,
35993785,,,
35994477,,,
35995769,,,
35995800,,,
35998078,,,
35998224,,,
35999210,,,
35999496,,,
36001538,,,
36001668,,,
36001732,,,
36001968,,,
36002574,,,
36002648,,,
36005555,,,
36006872,,,
36007006,,,
36007540,,,
36008159,,,
36008383,,,
36008405,,,
36008580,,,
36009444,,,
36028574,,,
36029179,,,
36029799,,,
36030268,,,
36033544,,,
36034743,,,
36035984,,,
36036571,,,
36037374,,,
36038602,,,
36038904,,,
36040155,,,
36040792,,,
36042203,,,
36043458,,,
36046338,,,
36046622,,,
36047377,,,
36047744,,,
36048943,,,
36048960,,,
36049539,,,
36049643,,,
36050300,,,
36050398,,,
36050707,,,
36055228,,,
36055241,,,
36056002,,,
36057257,,,
36057605,,,
36057693,,,
36058144,,,
36059442,,,
36063138,,,
36064543,,,
36066968,,,
36066972,,,
36069770,,,
36070682,,,
36070798,,,
36071032,,,
36071055,,,
36071169,,,
36071173,,,
36071975,,,
36072583,,,
36072977,,,
36073816,,,
36074606,,,
36074819,,,
36076188,,,
36077707,,,
36077757,,,
36077842,,,
36077904,,,
36081509,,,
36083891,,,
36085302,,,
36088459,,,
36091043,,,
36097183,,,
36098762,,,
36099047,,,
36099324,,,
36102736,,,
36102738,,,
36103539,,,
36103820,,,
36104080,,,
36104291,,,
36104445,,,
36104564,,,
36107478,,,
36107780,,,
36111561,,,
36112601,,,
36112677,,,
36113773,,,
36113897,,,
36114329,,,
36115064,,,
36119118,,,
36120562,,,
36121125,,,
36123354,,,
36123433,,,
36130016,,,
36130301,,,
36130508,,,
36131013,,,
36131014,,,
36131015,,,
36131042,,,
36131044,,,
36134447,,,
36134690,,,
36136607,,,
36137009,,,
36138187,,,
36138189,,,
36148239,,,
36149794,,,
36149942,,,
36150502,,,
36151093,,,
36151395,,,
36153311,,,
36153349,,,
36153585,,,
36153599,,,
36161905,,,
36163326,,,
36167073,,,
36169218,,,
36170207,,,
36171283,,,
36171294,,,
36171606,,,
36172132,,,
36172600,,,
36175407,,,
36178121,,,
36178457,,,
36179046,,,
36179695,,,
36180927,,,
36181640,,,
36183832,,,
36184650,,,
36193535,,,
36195598,,,
36195603,,,
36195635,,,
36196602,,,
36197007,,,
36197994,,,
36198031,,,
36198774,,,
36198801,,,
36198802,,,
36199571,,,
36200916,,,
36202780,,,
36202854,,,
36203187,,,
36206577,,,
36206731,,,
36206732,,,
36207293,,,
36208629,,,
36209198,,,
36210597,,,
36212452,,,
36214691,,,
36215509,,,
36216505,,,
36217821,,,
36219398,,,
36222710,,,
36222846,,,
36223740,,,
36224648,,,
36227799,,,
36229481,,,
36230857,,,
36232439,,,
36232951,,,
36237168,,,
36239699,,,
36239995,,,
36240264,,,
36240286,,,
36241617,,,
36246269,,,
36248819,,,
36248850,,,
36250966,,,
36253572,,,
36256477,,,
36256508,,,
36260981,,,
36261019,,,
36261024,,,
36261025,,,
36261423,,,
36261634,,,
36262047,,,
36263021,,,
36263780,,,
36264161,,,
36265687,,,
36266324,,,
36266581,,,
36267418,,,
36267574,,,
36267874,,,
36269833,,,
36269840,,,
36270275,,,
36270985,,,
36271049,,,
36271073,,,
36274943,,,
36276299,,,
36276964,,,
36277068,,,
36277849,,,
36278683,,,
36279294,,,
36279473,,,
36282525,,,
36282598,,,
36282915,,,
36288280,,,
36289205,,,
36289450,,,
36289626,,,
36289911,,,
36290085,,,
36291932,,,
36292775,,,
36301822,,,
36302761,,,
36303071,,,
36303224,,,
36305367,,,
36306369,,,
36307504,,,
36309484,,,
36309495,,,
36309522,,,
36309699,,,
36310139,,,
36311783,,,
36316087,,,
36316968,,,
36319622,,,
36319643,,,
36322628,,,
36323259,,,
36323321,,,
36323778,,,
36323780,,,
36323781,,,
36323783,,,
36326727,,,
36329447,,,
36330771,,,
36331122,,,
36331259,,,
36332011,,,
36332029,,,
36332606,,,
36333467,,,
36333737,,,
36335128,,,
36341374,,,
36342127,,,
36345783,,,
36346110,,,
36346347,,,
36347867,,,
36348017,,,
36349594,,,
36350314,,,
36351769,,,
36352089,,,
36352225,,,
36353180,,,
36354073,,,
36355429,,,
36356046,,,
36356142,,,
36359732,,,
36359855,,,
36362052,,,
36365352,,,
36367776,,,
36368988,,,
36369237,,,
36369244,,,
36369338,,,
36370708,,,
36371333,,,
36371602,,,
36372898,,,
36373384,,,
36373432,,,
36375118,,,
36375250,,,
36380627,,,
36382086,,,
36383655,,,
36384095,,,
36384102,,,
36384106,,,
36384856,,,
36386908,,,
36394951,,,
36394953,,,
36395757,,,
36397155,,,
36397653,,,
36400769,,,
36400788,,,
36400926,,,
36403512,,,
36407327,,,
36407766,,,
36408179,,,
36408416,,,
36413415,,,
36414711,,,
36414721,,,
36415827,,,
36416142,,,
36417521,,,
36417539,,,
36417870,,,
36417881,,,
36420143,,,
36421680,,,
36424602,,,
36426871,,,
36427020,,,
36427317,,,
36427571,,,
36433861,,,
36433934,,,
36433992,,,
36434141,,,
36435834,,,
36436489,,,
36437415,,,
36437988,,,
36438452,,,
36439639,,,
36440760,,,
36442297,,,
36442540,,,
36443295,,,
36443301,,,
36443310,,,
36447645,,,
36449519,,,
36449602,,,
36449969,,,
36450256,,,
36450752,,,
36450771,,,
36450981,,,
36451107,,,
36451814,,,
36453940,,,
36455589,,,
36456784,,,
36456835,,,
36459087,,,
36459434,,,
36459970,,,
36459994,,,
36461076,,,
36463230,,,
36463298,,,
36464714,,,
36467040,,,
36468984,,,
36469363,,,
36470976,,,
36471076,,,
36471127,,,
36472361,,,
36475797,,,
36475881,,,
36476868,,,
36477533,,,
36477539,,,
36480501,,,
36482101,,,
36482253,,,
36490332,,,
36490343,,,
36490346,,,
36497479,,,
36502574,,,
36502939,,,
36503150,,,
36503893,,,
36504388,,,
36507562,,,
36507874,,,
36509106,,,
36509746,,,
36510222,,,
36511116,,,
36511706,,,
36512424,,,
36513773,,,
36514779,,,
36515099,,,
36515553,,,
36516268,,,
36516754,,,
36516757,,,
36516770,,,
36516854,,,
36517593,,,
36517594,,,
36517604,,,
36518247,,,
36520060,,,
36522426,,,
36525288,,,
36525505,,,
36525966,,,
36526599,,,
36526735,,,
36528616,,,
36530127,,,
36530252,,,
36534518,,,
36536032,,,
36536106,,,
36536150,,,
36537238,,,
36537711,,,
36540608,,,
36542664,,,
36543805,,,
36543959,,,
36544159,,,
36550137,,,
36550277,,,
36550535,,,
36552881,,,
36555730,,,
36561048,,,
36561310,,,
36563688,,,
36564025,,,
36565788,,,
36569291,,,
36572121,,,
36572750,,,
36575212,,,
36576405,,,
36577402,,,
36578038,,,
36579645,,,
36579891,,,
36581694,,,
36581993,,,
36583047,,,
36583686,,,
36583990,,,
36584682,,,
36585416,,,
36587899,,,
36590168,,,
36593397,,,
36594467,,,
36596776,,,
36596993,,,
36597549,,,
36598924,,,
36598943,,,
36598988,,,
36599933,,,
36602025,,,
36602878,,,
36603581,,,
36606322,,,
36607777,,,
36608654,,,
36609611,,,
36610028,,,
36610750,,,
36611026,,,
36613720,,,
36617658,,,
36617688,,,
36618412,,,
36618671,,,
36620222,,,
36620547,,,
36620589,,,
36620874,,,
36624638,,,
36625344,,,
36625483,,,
36627643,,,
36629404,,,
36629912,,,
36631247,,,
36631435,,,
36632886,,,
36634204,,,
36635351,,,
36635388,,,
36635662,,,
36636818,,,
36638333,,,
36639926,,,
36640322,,,
36640327,,,
36640455,,,
36641456,,,
36641754,,,
36643544,,,
36644347,,,
36646694,,,
36646721,,,
36648392,,,
36649084,,,
36650150,,,
36650715,,,
36653345,,,
36653361,,,
36653804,,,
36656641,,,
36656789,,,
36656933,,,
36657447,,,
36657561,,,
36658614,,,
36658732,,,
36669105,,,
36670412,,,
36672198,,,
36674797,,,
36675181,,,
36679067,,,
36680774,,,
36681667,,,
36682412,,,
36683218,,,
36689623,,,
36690626,,,
36690642,,,
36690785,,,
36691074,,,
36694264,,,
36698077,,,
36698218,,,
36700539,,,
36708514,,,
36712090,,,
36713383,,,
36713435,,,
36715552,,,
36717741,,,
36718802,,,
36719797,,,
36720443,,,
36720500,,,
36720873,,,
36722641,,,
36722855,,,
36724291,,,
36725887,,,
36726756,,,
36727462,,,
36729831,,,
36731066,,,
36732424,,,
36732514,,,
36732631,,,
36736291,,,
36736301,,,
36737797,,,
36738487,,,
36738733,,,
36741385,,,
36742369,,,
36744866,,,
36744963,,,
36747093,,,
36747096,,,
36747621,,,
36749873,,,
36750099,,,
36750366,,,
36750787,,,
36750850,,,
36753564,,,
36754049,,,
36754052,,,
36755096,,,
36756948,,,
36757889,,,
36758549,,,
36759154,,,
36763532,,,
36764520,,,
36765089,,,
36765091,,,
36765586,,,
36766726,,,
36766843,,,
36768797,,,
36769164,,,
36776784,,,
36777184,,,
36777346,,,
36778348,,,
36779841,,,
36780189,,,
36781848,,,
36786566,,,
36788578,,,
36791099,,,
36792372,,,
36792599,,,
36792604,,,
36792607,,,
36793737,,,
36795001,,,
36795469,,,
36795578,,,
36795805,,,
36795892,,,
36797258,,,
36797287,,,
36797499,,,
36798317,,,
36799338,,,
36800428,,,
36800432,,,
36800907,,,
36801005,,,
36801171,,,
36802267,,,
36803626,,,
36805688,,,
36806740,,,
36807140,,,
36808431,,,
36808555,,,
36808651,,,
36809789,,,
36810234,,,
36810573,,,
36810872,,,
36816948,,,
36817432,,,
36819665,,,
36822494,,,
36823172,,,
36823193,,,
36823310,,,
36823373,,,
36825001,,,
36827974,,,
36828918,,,
36830716,,,
36830965,,,
36834506,,,
36834608,,,
36839265,,,
36839614,,,
36841178,,,
36841868,,,
36843845,,,
36845191,,,
36847866,,,
36848231,,,
36848289,,,
36849558,,,
36851380,,,
36851842,,,
36854930,,,
36857347,,,
36858042,,,
36859544,,,
36861964,,,
36862005,,,
36862513,,,
36864754,,,
36865165,,,
36865221,,,
36868189,,,
36868238,,,
36869028,,,
36869033,,,
36869101,,,
36869665,,,
36869735,,,
36870611,,,
36871219,,,
36875325,,,
36875643,,,
36875753,,,
36876119,,,
36878908,,,
36879169,,,
36879437,,,
36880581,,,
36882410,,,
36882421,,,
36882486,,,
36882772,,,
36883630,,,
36888663,,,
36891158,,,
36891292,,,
36891903,,,
36893254,,,
36893735,,,
36894681,,,
36894709,,,
36895061,,,
36897912,,,
36897941,,,
36897957,,,
36898377,,,
36899402,,,
36899442,,,
36900235,,,
36902377,,,
36905126,,,
36911660,,,
36912618,,,
36912927,,,
36913357,,,
36914836,,,
36916921,,,
36916958,,,
36918038,,,
36918693,,,
36918927,,,
36920782,,,
36921016,,,
36921033,,,
36922516,,,
36922568,,,
36922585,,,
36922640,,,
36923308,,,
36923414,,,
36923555,,,
36924499,,,
36926045,,,
36927865,,,
36928415,,,
36928661,,,
36928815,,,
36928817,,,
36930354,,,
36932186,,,
36933556,,,
36934083,,,
36934086,,,
36936029,,,
36936082,,,
36938886,,,
36939204,,,
36939205,,,
36939772,,,
36940535,,,
36941461,,,
36941703,,,
36942484,,,
36943669,,,
36945110,,,
36945593,,,
36945837,,,
36945893,,,
36947594,,,
36947858,,,
36948185,,,
36948186,,,
36949050,,,
36949074,,,
36949076,,,
36949106,,,
36949528,,,
36950383,,,
36951889,,,
36958335,,,
36959757,,,
36963497,,,
36963728,,,
36964140,,,
36966228,,,
36967761,,,
36967990,,,
36968081,,,
36968212,,,
36969081,,,
36969743,,,
36971422,,,
36971776,,,
36973261,,,
36973268,,,
36973520,,,
36974749,,,
36976175,,,
36976323,,,
36976637,,,
36977781,,,
36979867,,,
36980623,,,
36980717,,,
36982476,,,
36983764,,,
36986706,,,
36988391,,,
36989344,,,
36990046,,,
36994871,,,
36995326,,,
36995340,,,
36997670,,,
36999023,,,
37001502,,,
37001504,,,
37002649,,,
37003585,,,
37003985,,,
37006253,,,
37006485,,,
37009900,,,
37011193,,,
37011211,,,
37012457,,,
37013819,,,
37013908,,,
37014697,,,
37014813,,,
37016431,,,
37017529,,,
37018379,,,
37018971,,,
37021532,,,
37021585,,,
37023372,,,
37028598,,,
37029425,,,
37031257,,,
37036005,,,
37036425,,,
37037399,,,
37037941,,,
37038094,,,
37038186,,,
37039367,,,
37040733,,,
37042686,,,
37042701,,,
37043428,,,
37043533,,,
37044069,,,
37044136,,,
37045841,,,
37045950,,,
37046805,,,
37047575,,,
37052506,,,
37057593,,,
37057595,,,
37058270,,,
37058558,,,
37058563,,,
37060905,,,
37063248,,,
37063885,,,
37066300,,,
37068114,,,
37069359,,,
37070173,,,
37070193,,,
37071673,,,
37074930,,,
37075128,,,
37075701,,,
37075753,,,
37075810,,,
37076494,,,
37077887,,,
37080958,,,
37080962,,,
37080971,,,
37080995,,,
37081976,,,
37082139,,,
37082140,,,
37082147,,,
37083536,,,
37083955,,,
37084418,,,
37085898,,,
37090516,,,
37092320,,,
37092553,,,
37094136,,,
37095322,,,
37100826,,,
37102148,,,
37106060,,,
37106386,,,
37107179,,,
37107275,,,
37108716,,,
37111549,,,
37114537,,,
37115004,,,
37115755,,,
37117181,,,
37117763,,,
37118429,,,
37120619,,,
37120813,,,
37121509,,,
37123538,,,
37126714,,,
37126720,,,
37127185,,,
37127714,,,
37131654,,,
37131809,,,
37133746,,,
37134161,,,
37138676,,,
37142773,,,
37143090,,,
37145142,,,
37146076,,,
37146152,,,
37146239,,,
37146607,,,
37146715,,,
37146911,,,
37147291,,,
37147330,,,
37147730,,,
37148871,,,
37148882,,,
37149697,,,
37152125,,,
37152987,,,
37156909,,,
37156995,,,
37159663,,,
37159667,,,
37160119,,,
37160121,,,
37161053,,,
37162929,,,
37163587,,,
37164016,,,
37169737,,,
37169743,,,
37169842,,,
37170094,,,
37171793,,,
37171959,,,
37171962,,,
37173394,,,
37175530,,,
37175668,,,
37178122,,,
37178919,,,
37180827,,,
37181876,,,
37183219,,,
37183231,,,
37183820,,,
37184765,,,
37188783,,,
37191437,,,
37192170,,,
37192973,,,
37193769,,,
37194236,,,
37195197,,,
37198149,,,
37198482,,,
37198486,,,
37200088,,,
37200193,,,
37202533,,,
37205188,,,
37205380,,,
37207275,,,
37208336,,,
37208779,,,
37209097,,,
37209681,,,
37209997,,,
37212045,,,
37214927,,,
37214956,,,
37217469,,,
37217832,,,
37221451,,,
37223244,,,
37223353,,,
37224925,,,
37225696,,,
37225862,,,
37225988,,,
37228089,,,
37228617,,,
37232378,,,
37233348,,,
37234859,,,
37235474,,,
37235660,,,
37239473,,,
37242247,,,
37243592,,,
37244975,,,
37245006,,,
37248224,,,
37250301,,,
37250773,,,
37250784,,,
37252932,,,
37254190,,,
37257918,,,
37258521,,,
37258531,,,
37258566,,,
37258666,,,
37258678,,,
37260601,,,
37263303,,,
37263310,,,
37263996,,,
37264042,,,
37264201,,,
37264282,,,
37266426,,,
37267384,,,
37267903,,,
37268690,,,
37270516,,,
37270611,,,
37270643,,,
37277530,,,
37277650,,,
37279110,,,
37280220,,,
37280224,,,
37286545,,,
37286550,,,
37286599,,,
37291118,,,
37291161,,,
37291189,,,
37291192,,,
37292918,,,
37292997,,,
37294749,,,
37296155,,,
37296483,,,
37296662,,,
37301319,,,
37303951,,,
37304762,,,
37306101,,,
37306301,,,
37307441,,,
37308586,,,
37308786,,,
37310411,,,
37310920,,,
37311462,,,
37311769,,,
37311905,,,
37312623,,,
37314125,,,
37314413,,,
37315534,,,
37316562,,,
37316926,,,
37317894,,,
37318863,,,
37322036,,,
37322110,,,
37322115,,,
37322153,,,
37324585,,,
37329887,,,
37329888,,,
37330071,,,
37333095,,,
37333155,,,
37333182,,,
37334382,,,
37334609,,,
37335463,,,
37337125,,,
37339167,,,
37339216,,,
37339634,,,
37339952,,,
37341054,,,
37343664,,,
37344477,,,
37344588,,,
37344645,,,
37345802,,,
37346371,,,
37347276,,,
37347298,,,
37347559,,,
37349299,,,
37349576,,,
37350578,,,
37350973,,,
37351176,,,
37352396,,,
37352852,,,
37352860,,,
37353110,,,
37353497,,,
37353755,,,
37354697,,,
37354902,,,
37358260,,,
37363990,,,
37365374,,,
37365684,,,
37367205,,,
37369201,,,
37369668,,,
37369679,,,
37370129,,,
37370820,,,
37377453,,,
37377902,,,
37378317,,,
37379316,,,
37380764,,,
37380767,,,
37384409,,,
37384622,,,
37384771,,,
37386131,,,
37386214,,,
37386249,,,
37386251,,,
37386564,,,
37386588,,,
37386941,,,
37388539,,,
37389981,,,
37390336,,,
37392167,,,
37393374,,,
37395281,,,
37396347,,,
37396509,,,
37397079,,,
37398248,,,
37399271,,,
37399395,,,
37399593,,,
37400850,,,
37400936,,,
37402719,,,
37403161,,,
37403796,,,
37405912,,,
37406085,,,
37406095,,,
37406115,,,
37406716,,,
37407816,,,
37409632,,,
37411041,,,
37414763,,,
37414931,,,
37416876,,,
37418299,,,
37418531,,,
37421620,,,
37421943,,,
37422456,,,
37423299,,,
37425353,,,
37426531,,,
37427387,,,
37429525,,,
37429856,,,
37429857,,,
37429863,,,
37430246,,,
37433297,,,
37433783,,,
37434394,,,
37435029,,,
37436901,,,
37438530,,,
37438531,,,
37438758,,,
37440594,,,
37441495,,,
37441604,,,
37442131,,,
37442376,,,
37443031,,,
37443176,,,
37445621,,,
37445678,,,
37446144,,,
37447090,,,
37450044,,,
37452013,,,
37452018,,,
37452037,,,
37452367,,,
37452493,,,
37453057,,,
37453060,,,
37456846,,,
37457712,,,
37458356,,,
37459514,,,
37459895,,,
37460638,,,
37460718,,,
37460898,,,
37461466,,,
37462076,,,
37462077,,,
37463203,,,
37463454,,,
37463905,,,
37463913,,,
37468555,,,
37468583,,,
37468627,,,
37470704,,,
37471539,,,
37473757,,,
37478846,,,
37478857,,,
37478862,,,
37479733,,,
37479765,,,
37479880,,,
37481725,,,
37486064,,,
37486206,,,
37487070,,,
37487081,,,
37488117,,,
37488355,,,
37490914,,,
37491696,,,
37493250,,,
37494060,,,
37494476,,,
37494539,,,
37495570,,,
37500667,,,
37503329,,,
37508475,,,
37509414,,,
37513270,,,
37515158,,,
37516843,,,
37516964,,,
37520727,,,
37522872,,,
37523383,,,
37523551,,,
37526084,,,
37526602,,,
37527035,,,
37527036,,,
37528066,,,
37532691,,,
37534988,,,
37535424,,,
37535729,,,
37537159,,,
37537502,,,
37537841,,,
37541244,,,
37542143,,,
37542720,,,
37543250,,,
37543610,,,
37545495,,,
37547760,,,
37548590,,,
37550304,,,
37555319,,,
37555357,,,
37558130,,,
37558705,,,
37558707,,,
37558878,,,
37559721,,,
37561875,,,
37562294,,,
37563120,,,
37563136,,,
37563227,,,
37563650,,,
37565264,,,
37565350,,,
37565511,,,
37566052,,,
37566909,,,
37579636,,,
37580326,,,
37580380,,,
37580596,,,
37582760,,,
37584250,,,
37584665,,,
37586319,,,
37586322,,,
37587191,,,
37587197,,,
37587336,,,
37587511,,,
37590144,,,
37591243,,,
37591859,,,
37591949,,,
37592014,,,
37595039,,,
37595278,,,
37595589,,,
37596606,,,
37597510,,,
37601821,,,
37603573,,,
37604687,,,
37604818,,,
37604829,,,
37605008,,,
37605829,,,
37607954,,,
37609485,,,
37611581,,,
37612267,,,
37612319,,,
37612507,,,
37614064,,,
37615858,,,
37620362,,,
37620896,,,
37624843,,,
37624910,,,
37624915,,,
37625401,,,
37625403,,,
37625789,,,
37626054,,,
37626055,,,
37626123,,,
37629141,,,
37639608,,,
37640701,,,
37640706,,,
37640929,,,
37643024,,,
37643174,,,
37643610,,,
37644220,,,
37645788,,,
37646165,,,
37647218,,,
37647592,,,
37647896,,,
37648857,,,
37648864,,,
37649077,,,
37650637,,,
37651203,,,
37651534,,,
37652913,,,
37652986,,,
37653039,,,
37657440,,,
37657757,,,
37658791,,,
37660780,,,
37661576,,,
37662218,,,
37662558,,,
37663298,,,
37663929,,,
37667913,,,
37668356,,,
37668551,,,
37670087,,,
37670779,,,
37671016,,,
37671566,,,
37671834,,,
37673118,,,
37673856,,,
37673898,,,
37673914,,,
37674079,,,
37675124,,,
37676378,,,
37679035,,,
37679820,,,
37680639,,,
37681909,,,
37682716,,,
37682722,,,
37682902,,,
37683603,,,
37684044,,,
37684234,,,
37686626,,,
37689751,,,
37691541,,,
37693487,,,
37694285,,,
37697045,,,
37697435,,,
37701444,,,
37704733,,,
37705071,,,
37705115,,,
37708272,,,
37709752,,,
37710960,,,
37711550,,,
37712426,,,
37714135,,,
37714156,,,
37714160,,,
37715981,,,
37721002,,,
37721967,,,
37722727,,,
37723209,,,
37723279,,,
37723297,,,
37723865,,,
37724373,,,
37724723,,,
37726288,,,
37726321,,,
37726478,,,
37729412,,,
37729615,,,
37729871,,,
37729919,,,
37730682,,,
37731000,,,
37731001,,,
37731623,,,
37732504,,,
37732778,,,
37733447,,,
37733872,,,
37735474,,,
37735685,,,
37737027,,,
37737611,,,
37738562,,,
37738652,,,
37738977,,,
37738983,,,
37739936,,,
37740230,,,
37740239,,,
37741451,,,
37742191,,,
37744107,,,
37746265,,,
37746718,,,
37748191,,,
37748648,,,
37749075,,,
37749100,,,
37749225,,,
37749325,,,
37749331,,,
37750583,,,
37750721,,,
37751306,,,
37751522,,,
37752791,,,
37756565,,,
37758738,,,
37764281,,,
37768825,,,
37769108,,,
37769126,,,
37770635,,,
37772822,,,
37774678,,,
37774892,,,
37775438,,,
37776595,,,
37776858,,,
37782439,,,
37783352,,,
37783879,,,
37788061,,,
37789352,,,
37794185,,,
37794493,,,
37794587,,,
37794590,,,
37796107,,,
37796127,,,
37798266,,,
37801396,,,
37802055,,,
37803001,,,
37807017,,,
37807875,,,
37808628,,,
37809058,,,
37810211,,,
37813896,,,
37814815,,,
37815732,,,
37815869,,,
37815914,,,
37816712,,,
37816736,,,
37816864,,,
37817932,,,
37819236,,,
37819759,,,
37819786,,,
37820724,,,
37821590,,,
37821954,,,
37822767,,,
37823268,,,
37823593,,,
37823778,,,
37824216,,,
37824524,,,
37824643,,,
37824674,,,
37828611,,,
37830622,,,
37831068,,,
37831606,,,
37834462,,,
37837188,,,
37837383,,,
37838725,,,
37838732,,,
37838776,,,
37841321,,,
37843554,,,
37844464,,,
37845689,,,
37845713,,,
37846809,,,
37847647,,,
37848452,,,
37849042,,,
37849446,,,
37849753,,,
37849808,,,
37851064,,,
37851578,,,
37851822,,,
37852796,,,
37853001,,,
37853316,,,
37854702,,,
37855606,,,
37856482,,,
37858465,,,
37858472,,,
37861314,,,
37863068,,,
37863933,,,
37864206,,,
37864255,,,
37864798,,,
37865090,,,
37866662,,,
37868811,,,
37868997,,,
37869071,,,
37870650,,,
37871123,,,
37872450,,,
37873380,,,
37874295,,,
37874309,,,
37875486,,,
37878651,,,
37880182,,,
37880368,,,
37881937,,,
37882527,,,
37883227,,,
37883975,,,
37884562,,,
37884859,,,
37886564,,,
37887346,,,
37889753,,,
37889967,,,
37890156,,,
37891516,,,
37894498,,,
37895219,,,
37898598,,,
37901245,,,
37902007,,,
37903791,,,
37903887,,,
37904045,,,
37904244,,,
37907652,,,
37907741,,,
37908335,,,
37908721,,,
37913832,,,
37914731,,,
37914940,,,
37915575,,,
37915582,,,
37916875,,,
37917179,,,
37917586,,,
37919293,,,
37919659,,,
37922365,,,
37922907,,,
37923722,,,
37924814,,,
37925421,,,
37925424,,,
37925458,,,
37925520,,,
37925638,,,
37929582,,,
37931099,,,
37932341,,,
37932847,,,
37934799,,,
37935712,,,
37935903,,,
37937441,,,
37938576,,,
37938580,,,
37938972,,,
37939712,,,
37941041,,,
37942320,,,
37944511,,,
37944512,,,
37944526,,,
37945900,,,
37948524,,,
37949939,,,
37952157,,,
37952848,,,
37952849,,,
37953789,,,
37954242,,,
37957324,,,
37958523,,,
37960344,,,
37961185,,,
37961903,,,
37962303,,,
37962958,,,
37963469,,,
37963886,,,
37965134,,,
37965353,,,
37967106,,,
37967174,,,
37971144,,,
37971875,,,
37972953,,,
37973845,,,
37974010,,,
37974651,,,
37974970,,,
37976347,,,
37977120,,,
37977411,,,
37978295,,,
37980406,,,
37981423,,,
37981650,,,
37984408,,,
37985771,,,
37986910,,,
37988981,,,
37989315,,,
37989873,,,
37991384,,,
37992083,,,
37993455,,,
37995683,,,
37996443,,,
37996709,,,
37996952,,,
37999377,,,
37999506,,,
38000033,,,
38000387,,,
38001542,,,
38002344,,,
38003603,,,
38003720,,,
38009950,,,
38010945,,,
38012001,,,
38012636,,,
38014075,,,
38014168,,,
38014192,,,
38015629,,,
38015828,,,
38016472,,,
38016475,,,
38019905,,,
38020067,,,
38020894,,,
38020967,,,
38020969,,,
38020974,,,
38022530,,,
38022639,,,
38026201,,,
38026791,,,
38028432,,,
38030596,,,
38033053,,,
38034389,,,
38035793,,,
38036539,,,
38036593,,,
38037472,,,
38037844,,,
38039364,,,
38039374,,,
38042809,,,
38048222,,,
38048351,,,
38048968,,,
38049085,,,
38049604,,,
38051102,,,
38051727,,,
38052795,,,
38052854,,,
38053639,,,
38055613,,,
38055802,,,
38056513,,,
38057310,,,
38057643,,,
38057925,,,
38058213,,,
38059556,,,
38060615,,,
38060659,,,
38062244,,,
38063424,,,
38063857,,,
38064712,,,
38065081,,,
38066314,,,
38066332,,,
38066546,,,
38066689,,,
38069004,,,
38070726,,,
38071204,,,
38077137,,,
38077333,,,
38078651,,,
38079220,,,
38081939,,,
38082211,,,
38089590,,,
38091391,,,
38091578,,,
38091995,,,
38091996,,,
38091997,,,
38092041,,,
38092736,,,
38092806,,,
38092883,,,
38092916,,,
38092917,,,
38092918,,,
38092919,,,
38094743,,,
38096059,,,
38096290,,,
38096824,,,
38096903,,,
38097539,,,
38097562,,,
38097707,,,
38098488,,,
38099492,,,
38099494,,,
38101397,,,
38109538,,,
38110059,,,
38110397,,,
38110534,,,
38114474,,,
38115140,,,
38115217,,,
38117035,,,
38118405,,,
38123561,,,
38127441,,,
38129572,,,
38130748,,,
38131671,,,
38132362,,,
38134876,,,
38135757,,,
38136364,,,
38136560,,,
38141063,,,
38142429,,,
38142439,,,
38143800,,,
38144457,,,
38145748,,,
38147543,,,
38152039,,,
38152893,,,
38153787,,,
38155930,,,
38155938,,,
38157855,,,
38160941,,,
38161208,,,
38162643,,,
38162899,,,
38163893,,,
38165930,,,
38167059,,,
38167338,,,
38167721,,,
38168026,,,
38168040,,,
38168066,,,
38168677,,,
38168932,,,
38168996,,,
38169284,,,
38169468,,,
38170742,,,
38171360,,,
38172260,,,
38172382,,,
38172915,,,
38174321,,,
38175729,,,
38175751,,,
38176627,,,
38179044,,,
38179063,,,
38179939,,,
38180972,,,
38181427,,,
38181749,,,
38182037,,,
38182585,,,
38182591,,,
38182647,,,
38182669,,,
38183361,,,
38186738,,,
38189137,,,
38190710,,,
38191550,,,
38191855,,,
38194275,,,
38194449,,,
38194455,,,
38195860,,,
38196272,,,
38196311,,,
38198277,,,
38198571,,,
38198573,,,
38199298,,,
38200005,,,
38200130,,,
38200184,,,
38200272,,,
38200311,,,
38200558,,,
38203541,,,
38203617,,,
38204971,,,
38205248,,,
38206869,,,
38207030,,,
38207055,,,
38212682,,,
38213620,,,
38215172,,,
38215738,,,
38215759,,,
38216617,,,
38224094,,,
38226976,,,
38227896,,,
38228679,,,
38228729,,,
38228917,,,
38229153,,,
38233416,,,
38233586,,,
38236896,,,
38237586,,,
38238517,,,
38238903,,,
38242120,,,
38242126,,,
38242888,,,
38243114,,,
38243310,,,
38246514,,,
38246584,,,
38246920,,,
38251369,,,
38251863,,,
38253266,,,
38253523,,,
38253560,,,
38255844,,,
38259324,,,
38259467,,,
38260476,,,
38260642,,,
38262672,,,
38263873,,,
38264262,,,
38266090,,,
38270272,,,
38271119,,,
38272035,,,
38272206,,,
38274743,,,
38276989,,,
38278149,,,
38280852,,,
38280869,,,
38280896,,,
38281188,,,
38282893,,,
38288246,,,
38289252,,,
38289962,,,
38291039,,,
38291183,,,
38293053,,,
38296184,,,
38297127,,,
38297352,,,
38300709,,,
38302740,,,
38304234,,,
38305985,,,
38307028,,,
38307723,,,
38308117,,,
38308367,,,
38311010,,,
38311286,,,
38313292,,,
38315443,,,
38316463,,,
38317006,,,
38318864,,,
38319104,,,
38319148,,,
38319732,,,
38320485,,,
38321013,,,
38321024,,,
38321568,,,
38322248,,,
38324474,,,
38326615,,,
38326859,,,
38327665,,,
38327800,,,
38328142,,,
38329875,,,
38330097,,,
38332738,,,
38332914,,,
38335962,,,
38338939,,,
38339863,,,
38340319,,,
38340716,,,
38340731,,,
38344207,,,
38344273,,,
38344825,,,
38345319,,,
38345344,,,
38347148,,,
38347920,,,
38349111,,,
38349790,,,
38352301,,,
38354231,,,
38354248,,,
38354738,,,
38355560,,,
38355622,,,
38355749,,,
38355776,,,
38355799,,,
38356058,,,
38356412,,,
38360659,,,
38360757,,,
38360882,,,
38360902,,,
38365636,,,
38365772,,,
38365833,,,
38365970,,,
38366138,,,
38366623,,,
38368420,,,
38370646,,,
38371594,,,
38373953,,,
38373993,,,
38375080,,,
38376465,,,
38378697,,,
38378758,,,
38378993,,,
38381785,,,
38383062,,,
38383439,,,
38383456,,,
38383483,,,
38383551,,,
38385073,,,
38386110,,,
38386415,,,
38388531,,,
38388710,,,
38388736,,,
38389303,,,
38394242,,,
38397385,,,
38402617,,,
38405932,,,
38407383,,,
38407952,,,
38409164,,,
38409190,,,
38410440,,,
38412125,,,
38413582,,,
38414241,,,
38416644,,,
38416702,,,
38416842,,,
38418394,,,
38418883,,,
38418917,,,
38419111,,,
38420756,,,
38422122,,,
38424041,,,
38424273,,,
38424446,,,
38424603,,,
38425500,,,
38426339,,,
38426493,,,
38427557,,,
38427718,,,
38428409,,,
38428421,,,
38431222,,,
38431383,,,
38431617,,,
38432633,,,
38433440,,,
38437679,,,
38438734,,,
38438896,,,
38441406,,,
38446446,,,
38446667,,,
38446877,,,
38448424,,,
38451736,,,
38452765,,,
38453894,,,
38453961,,,
38454121,,,
38456508,,,
38457494,,,
38458187,,,
38458188,,,
38458195,,,
38458428,,,
38458566,,,
38459032,,,
38459052,,,
38459109,,,
38459511,,,
38462574,,,
38462819,,,
38464090,,,
38468866,,,
38469237,,,
38470479,,,
38471819,,,
38472198,,,
38475968,,,
38477771,,,
38478620,,,
38478683,,,
38479160,,,
38480572,,,
38481391,,,
38481808,,,
38481989,,,
38482753,,,
38489263,,,
38489358,,,
38489911,,,
38492219,,,
38494844,,,
38499326,,,
38499565,,,
38499690,,,
38499720,,,
38500966,,,
38502193,,,
38502704,,,
38503283,,,
38503727,,,
38505753,,,
38506708,,,
38508141,,,
38509096,,,
38509366,,,
38509377,,,
38509504,,,
38510108,,,
38510129,,,
38510131,,,
38512058,,,
38512984,,,
38514704,,,
38516885,,,
38518837,,,
38519468,,,
38519480,,,
38527495,,,
38528148,,,
38528182,,,
38528952,,,
38530808,,,
38531971,,,
38536037,,,
38538785,,,
38538789,,,
38540020,,,
38540156,,,
38540357,,,
38542450,,,
38544573,,,
38546197,,,
38546787,,,
38548722,,,
38548742,,,
38553499,,,
38554115,,,
38554704,,,
38556087,,,
38557498,,,
38561334,,,
38561465,,,
38561497,,,
38561804,,,
38562878,,,
38565140,,,
38566207,,,
38566989,,,
38568091,,,
38569548,,,
38570491,,,
38570506,,,
38570691,,,
38571958,,,
38573813,,,
38574299,,,
38575728,,,
38577979,,,
38578073,,,
38579685,,,
38580349,,,
38580631,,,
38580649,,,
38580675,,,
38580899,,,
38580917,,,
38582086,,,
38584493,,,
38585916,,,
38585989,,,
38586200,,,
38587411,,,
38587452,,,
38589650,,,
38589664,,,
38589879,,,
38590653,,,
38593809,,,
38594380,,,
38594460,,,
38597673,,,
38598837,,,
38600061,,,
38600112,,,
38600570,,,
38602876,,,
38604387,,,
38605083,,,
38605224,,,
38607915,,,
38609156,,,
38609365,,,
38609408,,,
38609488,,,
38609677,,,
38613395,,,
38614091,,,
38618957,,,
38619434,,,
38622115,,,
38623341,,,
38624230,,,
38625791,,,
38626769,,,
38626772,,,
38627364,,,
38627393,,,
38628155,,,
38628442,,,
38632316,,,
38632339,,,
38632658,,,
38634175,,,
38636522,,,
38636661,,,
38637625,,,
38637626,,,
38637896,,,
38637948,,,
38638443,,,
38643480,,,
38646531,,,
38649367,,,
38649617,,,
38649950,,,
38650939,,,
38652140,,,
38653237,,,
38655196,,,
38655201,,,
38655836,,,
38655899,,,
38657065,,,
38657611,,,
38658612,,,
38658752,,,
38658954,,,
38662435,,,
38662543,,,
38662826,,,
38663691,,,
38664739,,,
38671495,,,
38673963,,,
38675952,,,
38678011,,,
38678237,,,
38678564,,,
38678957,,,
38679799,,,
38683565,,,
38683993,,,
38684650,,,
38684700,,,
38684783,,,
38684886,,,
38687617,,,
38688280,,,
38689254,,,
38691604,,,
38692273,,,
38692412,,,
38693412,,,
38696257,,,
38697112,,,
38698087,,,
38701780,,,
38703368,,,
38709823,,,
38712036,,,
38713438,,,
38713722,,,
38716730,,,
38717161,,,
38718791,,,
38719469,,,
38719621,,,
38719973,,,
38722697,,,
38723194,,,
38724524,,,
38724705,,,
38727310,,,
38730056,,,
38730241,,,
38730500,,,
38733583,,,
38734851,,,
38736550,,,
38740087,,,
38740822,,,
38741011,,,
38742875,,,
38744839,,,
38745274,,,
38746415,,,
38746443,,,
38748572,,,
38748874,,,
38749447,,,
38750021,,,
38750585,,,
38753011,,,
38754418,,,
38755258,,,
38755290,,,
38755647,,,
38758779,,,
38758782,,,
38758808,,,
38760444,,,
38760566,,,
38761287,,,
38761795,,,
38762882,,,
38765135,,,
38765984,,,
38768074,,,
38768217,,,
38769169,,,
38771396,,,
38775664,,,
38776917,,,
38776918,,,
38779483,,,
38780213,,,
38781032,,,
38781172,,,
38781213,,,
38781369,,,
38782199,,,
38782926,,,
38787961,,,
38794880,,,
38802496,,,
38802512,,,
38803235,,,
38806480,,,
38806647,,,
38809511,,,
38809976,,,
38811530,,,
38811945,,,
38813868,,,
38815582,,,
38816360,,,
38821174,,,
38821980,,,
38822028,,,
38822080,,,
38824179,,,
38826195,,,
38830870,,,
38832131,,,
38833303,,,
38833481,,,
38834613,,,
38834752,,,
38834758,,,
38834912,,,
38835076,,,
38838017,,,
38838225,,,
38838469,,,
38839949,,,
38839956,,,
38839969,,,
38842383,,,
38844455,,,
38844464,,,
38844821,,,
38847231,,,
38848342,,,
38848986,,,
38849354,,,
38849358,,,
38849411,,,
38849928,,,
38851302,,,
38851747,,,
38851846,,,
38853891,,,
38854072,,,
38858384,,,
38858386,,,
38860845,,,
38862786,,,
38866484,,,
38866555,,,
38866588,,,
38867004,,,
38867048,,,
38868181,,,
38868202,,,
38870309,,,
38871184,,,
38871845,,,
38875317,,,
38875319,,,
38876105,,,
38876109,,,
38876796,,,
38876998,,,
38877170,,,
38877290,,,
38883705,,,
38886396,,,
38889724,,,
38891081,,,
38897168,,,
38898005,,,
38900797,,,
38900973,,,
38902234,,,
38902687,,,
38902818,,,
38902843,,,
38904042,,,
38904364,,,
38904376,,,
38904402,,,
38905110,,,
38905335,,,
38906711,,,
38908378,,,
38912578,,,
38912733,,,
38914562,,,
38917002,,,
38917323,,,
38918213,,,
38925112,,,
38926398,,,
38926583,,,
38927910,,,
38931108,,,
38933905,,,
38934864,,,
38935789,,,
38937456,,,
38937512,,,
38937629,,,
38938681,,,
38942020,,,
38942804,,,
38948765,,,
38949179,,,
38951159,,,
38955423,,,
38957986,,,
38958280,,,
38959302,,,
38961125,,,
38961228,,,
38963038,,,
38964327,,,
38965223,,,
38965605,,,
38965683,,,
38968120,,,
38969660,,,
38969721,,,
38969762,,,
38971151,,,
38974097,,,
38976088,,,
38976323,,,
38978787,,,
38979427,,,
38980870,,,
38982480,,,
38984877,,,
38986569,,,
38986579,,,
38987588,,,
38987605,,,
38988496,,,
38989021,,,
38989586,,,
38990725,,,
38993727,,,
38994683,,,
38995840,,,
38996019,,,
38996918,,,
39000139,,,
39000594,,,
39003349,,,
39009280,,,
39011095,,,
39012348,,,
39013884,,,
39014006,,,
39021294,,,
39022746,,,
39025525,,,
39025846,,,
39025915,,,
39025928,,,
39028828,,,
39029464,,,
39034312,,,
39039043,,,
39039212,,,
39040102,,,
39043634,,,
39043661,,,
39043703,,,
39048795,,,
39048800,,,
39048801,,,
39048815,,,
39048817,,,
39056803,,,
39058769,,,
39060233,,,
39060269,,,
39060446,,,
39060501,,,
39062774,,,
39066335,,,
39067718,,,
39068155,,,
39068192,,,
39068433,,,
39070292,,,
39070537,,,
39071312,,,
39071799,,,
39072276,,,
39075073,,,
39081633,,,
39085346,,,
39085419,,,
39086373,,,
39087348,,,
39090109,,,
39090283,,,
39090568,,,
39091296,,,
39093977,,,
39095402,,,
39095587,,,
39095594,,,
39095597,,,
39095703,,,
39097198,,,
39097412,,,
39103322,,,
39104416,,,
39106166,,,
39106859,,,
39107881,,,
39108501,,,
39108749,,,
39109172,,,
39109392,,,
39110799,,,
39117038,,,
39117640,,,
39117959,,,
39121849,,,
39122676,,,
39124145,,,
39128904,,,
39133697,,,
39137778,,,
39138169,,,
39143065,,,
39143086,,,
39143206,,,
39147780,,,
39148099,,,
39149359,,,
39149498,,,
39156641,,,
39160575,,,
39164619,,,
39164752,,,
39169056,,,
39172838,,,
39174739,,,
39176088,,,
39188951,,,
39190705,,,
39191261,,,
39193905,,,
39195240,,,
39198433,,,
39198632,,,
39198634,,,
39199549,,,
39209905,,,
39214079,,,
39233335,,,
39236183,,,
39259805,,,
39260063,,,
39261580,,,
39264480,,,
39265577,,,
39273396,,,
39275801,,,
39277594,,,
39280612,,,
39282497,,,
39283487,,,
39286508,,,
39289471,,,
39294186,,,
39294368,,,
39303041,,,
