series_id,pmid
GSE1,10952317
GSE100024,29636009
GSE100024,30578270
GSE100026,32405436
GSE100029,32001677
GSE100033,29434377
GSE100033,29497140
GSE10004,18258921
GSE100048,28792938
GSE100060,29634950
GSE100066,30971321
GSE100070,28768717
GSE100098,28698299
GSE100102,28759028
GSE100104,28861005
GSE100114,32664538
GSE100114,34094709
GSE100117,29661911
GSE100150,32736569
GSE100150,33377660
GSE100150,34282143
GSE100150,37845713
GSE100151,32736569
GSE100151,33377660
GSE100151,34282143
GSE100151,37845713
GSE100152,32736569
GSE100152,33377660
GSE100152,34282143
GSE100152,37845713
GSE100153,32736569
GSE100153,33377660
GSE100153,34282143
GSE100153,37845713
GSE100154,32736569
GSE100154,33377660
GSE100154,34282143
GSE100154,37845713
GSE100155,32736569
GSE100155,33377660
GSE100155,34282143
GSE100155,37845713
GSE100156,32736569
GSE100156,33377660
GSE100156,34282143
GSE100156,37845713
GSE100157,32736569
GSE100157,33377660
GSE100157,34282143
GSE100157,37845713
GSE100158,32736569
GSE100158,33377660
GSE100158,34282143
GSE100158,37845713
GSE100159,32736569
GSE100159,33377660
GSE100159,34282143
GSE100159,37845713
GSE100160,32736569
GSE100160,33377660
GSE100160,34282143
GSE100160,37845713
GSE100161,32736569
GSE100161,33377660
GSE100161,34282143
GSE100161,37845713
GSE100162,32736569
GSE100162,33377660
GSE100162,34282143
GSE100162,37845713
GSE100163,32736569
GSE100163,33377660
GSE100163,34282143
GSE100163,37845713
GSE100164,32736569
GSE100164,33377660
GSE100164,34282143
GSE100164,37845713
GSE100165,32736569
GSE100165,33377660
GSE100165,34282143
GSE100165,37845713
GSE100166,32736569
GSE100166,33377660
GSE100166,34282143
GSE100166,37845713
GSE100170,28831102
GSE100191,29584756
GSE100194,28659489
GSE100195,28659489
GSE100196,28659489
GSE1002,15260981
GSE1002,17945030
GSE1002,21103382
GSE1002,26717982
GSE1002,27648972
GSE100200,38904402
GSE100206,26138677
GSE100210,29129909
GSE100222,28760199
GSE100227,26527295
GSE100227,28814741
GSE100227,29099274
GSE100227,29456763
GSE100227,33092643
GSE100227,34460342
GSE100238,29367615
GSE100255,29802342
GSE100255,34463254
GSE100257,29802342
GSE100257,34463254
GSE100258,29802342
GSE100258,34463254
GSE100259,29802342
GSE100259,34463254
GSE100263,30559359
GSE100266,28844864
GSE100272,29915357
GSE100273,31015515
GSE100277,28792938
GSE100278,28792938
GSE10028,16822846
GSE10028,17932364
GSE100281,30111857
GSE100285,32513715
GSE100319,29193665
GSE100332,28792938
GSE100333,28792938
GSE100355,30116021
GSE100371,29367234
GSE100372,28705662
GSE100397,28890086
GSE10040,18250226
GSE100402,29431745
GSE100436,28970238
GSE100455,30455465
GSE100467,28934507
GSE100467,33575555
GSE100469,29579120
GSE100475,28827140
GSE100476,28827140
GSE100477,28827140
GSE100478,29305587
GSE100478,33917026
GSE100479,29305587
GSE100480,29305587
GSE10049,18385275
GSE100540,29267404
GSE100543,28936470
GSE100549,29305587
GSE10055,18348734
GSE100550,29305587
GSE100550,33917026
GSE10056,18348734
GSE10057,18057241
GSE100571,29507391
GSE100572,29507391
GSE100573,29507391
GSE100576,29579120
GSE100578,29490272
GSE100578,38597673
GSE100611,29579120
GSE100651,29111977
GSE100652,29111977
GSE100652,31975687
GSE100669,28039356
GSE100681,32669468
GSE100687,29422643
GSE100697,29790953
GSE100698,29790953
GSE100699,29790953
GSE100711,28669928
GSE100712,28669928
GSE100716,30242024
GSE100721,29281966
GSE10076,18258921
GSE100770,32873602
GSE100772,29849151
GSE100787,29423054
GSE100788,28669928
GSE100807,28803728
GSE100808,28803728
GSE100809,28803728
GSE100823,29140244
GSE100833,28892060
GSE100861,29689192
GSE100865,29299535
GSE100872,29337183
GSE100874,29337183
GSE100875,29337183
GSE100876,29337183
GSE10090,18258921
GSE100903,29622567
GSE100903,29636481
GSE10091,18206654
GSE10105,18057241
GSE101058,28806688
GSE10107,18057241
GSE101072,29303477
GSE101074,29695788
GSE101074,32048992
GSE101075,29127378
GSE101079,28747429
GSE101082,31663852
GSE10109,17257208
GSE101115,28747429
GSE101116,28747429
GSE10112,18258921
GSE101124,30787278
GSE101124,34729247
GSE10114,18258921
GSE101142,29162826
GSE10119,18725995
GSE101198,30186843
GSE101340,29398449
GSE101353,32432483
GSE10137,19861443
GSE10138,19861443
GSE101386,37620362
GSE10139,19861443
GSE101397,28954238
GSE101409,32241891
GSE101410,29581865
GSE101424,29305506
GSE101426,29024646
GSE101432,30014619
GSE101432,36008383
GSE101457,28930659
GSE101458,28930659
GSE101459,28930659
GSE101498,28945252
GSE101498,30580963
GSE10151,18348734
GSE101527,29072299
GSE101540,29769258
GSE101541,29769258
GSE101576,29141227
GSE101587,30518925
GSE101589,30764863
GSE101592,29581184
GSE101593,29072299
GSE101601,29180631
GSE10161,18443592
GSE101626,28855340
GSE101627,28855340
GSE101628,28855340
GSE101629,28855340
GSE101629,37378433
GSE101630,28855340
GSE101630,37378433
GSE101660,29419434
GSE101660,34805223
GSE101673,28898697
GSE101678,29051379
GSE101697,32345215
GSE101704,30929512
GSE101705,33482742
GSE101705,36248906
GSE101707,30929512
GSE101711,30929512
GSE101713,29273679
GSE101713,31299961
GSE101714,29273679
GSE101714,31299961
GSE101715,29273679
GSE101715,31299961
GSE101717,29273679
GSE101717,31299961
GSE10172,18509088
GSE10172,23143595
GSE101721,30039798
GSE101731,29579120
GSE101740,29197151
GSE101741,34422813
GSE101746,28811280
GSE101765,23747202
GSE101765,30457566
GSE101765,31903125
GSE101765,32055844
GSE101765,34412677
GSE101773,29453404
GSE101773,35550602
GSE101774,29453404
GSE101774,35550602
GSE101775,29453404
GSE101775,35550602
GSE101776,29453404
GSE101776,35550602
GSE101780,29262572
GSE101794,30542108
GSE101820,37395281
GSE101836,28923857
GSE10186,19723656
GSE10186,28644127
GSE101862,28898697
GSE101863,28898697
GSE101864,28898697
GSE101881,30886344
GSE10189,18278044
GSE101892,31721388
GSE101895,29240275
GSE101907,29100357
GSE101910,28827345
GSE101938,28790018
GSE101945,30302725
GSE101947,30302725
GSE101949,30302725
GSE101960,28916264
GSE101976,29042553
GSE101978,29386283
GSE101978,29846699
GSE101978,38006335
GSE101980,29786075
GSE101986,29233477
GSE101986,29233554
GSE101986,31631019
GSE10199,18347045
GSE102004,29423270
GSE102009,30260323
GSE102010,30260323
GSE102011,30260323
GSE102020,28898113
GSE10203,18790870
GSE102043,30650361
GSE102044,30202007
GSE102052,30455990
GSE102053,30455990
GSE102064,29113809
GSE102073,29042553
GSE102085,29042553
GSE102094,29042553
GSE102100,29205032
GSE102104,30650361
GSE102105,30650361
GSE10211,18292557
GSE102118,29229600
GSE102119,29229600
GSE102119,33289590
GSE102120,29229600
GSE102120,33289590
GSE102128,29396410
GSE102144,30464347
GSE10216,20962046
GSE102180,29151946
GSE102208,29951927
GSE102208,30289576
GSE102243,30805632
GSE102249,29511167
GSE102249,32859967
GSE102249,34357353
GSE102253,31036713
GSE102254,31036713
GSE102255,31036713
GSE102274,29508278
GSE102299,28902842
GSE102316,29756027
GSE102349,28851814
GSE10235,19234157
GSE102368,29719259
GSE102369,29719259
GSE102370,29719259
GSE102392,29021400
GSE102392,30621044
GSE102395,35883107
GSE10240,18264110
GSE10240,25141009
GSE102403,30231671
GSE102405,29678683
GSE102440,29334373
GSE102443,28970527
GSE102457,29077773
GSE102478,35944008
GSE102485,31574534
GSE102485,35721704
GSE102495,30072421
GSE102498,31539914
GSE102513,29362864
GSE102514,29362864
GSE102515,29362864
GSE102525,29335648
GSE102526,29335648
GSE102527,29335648
GSE102533,29907650
GSE102534,29907650
GSE102535,29907650
GSE102540,29487289
GSE102556,28825715
GSE102556,37884562
GSE102558,30378296
GSE102580,30069046
GSE102612,29887522
GSE102639,29045843
GSE102653,29433542
GSE102665,29728440
GSE102672,29530749
GSE102675,28701342
GSE102773,29129523
GSE102787,28877725
GSE102823,30755478
GSE102830,30135584
GSE102838,28970473
GSE102848,29220657
GSE102862,29537367
GSE102870,30271901
GSE102870,32327693
GSE102870,35650273
GSE102872,29410524
GSE102872,30463281
GSE102872,31608026
GSE102884,29217591
GSE102884,32065581
GSE102889,30510251
GSE102890,29069514
GSE102895,29136163
GSE102897,29643944
GSE102897,31799347
GSE102912,29141446
GSE102925,34996891
GSE102926,34996891
GSE102929,34996891
GSE102931,34996891
GSE102938,29653252
GSE102970,29024969
GSE102970,33547328
GSE1030,15375197
GSE103086,29042517
GSE103119,30425971
GSE103123,29514301
GSE103133,29091769
GSE103145,30061746
GSE103145,32764497
GSE103150,28898697
GSE103159,30926814
GSE103162,29141227
GSE103163,29141227
GSE103164,29141227
GSE103183,28920934
GSE103187,30455990
GSE103205,28968425
GSE103211,28978469
GSE103220,31944217
GSE103232,29382830
GSE10325,18275831
GSE10325,23826184
GSE103258,29932905
GSE103260,34301800
GSE103278,29375595
GSE103321,29301956
GSE103322,29198524
GSE103324,29049317
GSE103331,28898697
GSE103362,29220657
GSE103370,29220657
GSE103417,30016500
GSE103425,29192143
GSE103426,29192143
GSE103427,29192143
GSE103429,29106596
GSE103460,29237843
GSE103467,29167539
GSE103472,29888960
GSE103472,31135901
GSE103473,29506076
GSE103477,30146161
GSE103488,29133960
GSE103569,30365157
GSE10358,18270328
GSE10358,19651600
GSE103591,29315726
GSE103665,30178746
GSE10368,18699868
GSE10369,18699868
GSE103692,29385124
GSE10370,18699868
GSE10371,18682280
GSE103723,29867213
GSE103734,31765427
GSE103738,29962238
GSE103738,33053156
GSE103769,28978976
GSE103769,29203860
GSE103771,29909983
GSE103772,29909983
GSE103778,29267892
GSE103778,30210481
GSE103781,30585358
GSE103782,30585358
GSE103783,30585358
GSE103787,29110683
GSE103795,32385332
GSE103834,32299104
GSE103835,29077059
GSE103847,29035364
GSE103864,30679434
GSE103866,29315726
GSE103867,29315726
GSE10388,18310429
GSE103899,29367455
GSE103912,31515109
GSE103930,29142230
GSE103944,29567771
GSE103944,31039827
GSE103949,29149604
GSE103983,29513653
GSE10399,23181524
GSE103991,29217659
GSE103994,31015415
GSE104008,30893855
GSE104009,32494069
GSE10402,19050079
GSE104022,29246798
GSE104038,29514634
GSE104039,29514634
GSE104040,29514634
GSE104041,29514634
GSE104042,29514634
GSE104081,32494069
GSE104082,32494069
GSE104092,29136163
GSE104096,29045902
GSE104103,29901772
GSE104130,29844370
GSE104134,32494069
GSE104135,32494069
GSE104152,29851958
GSE104154,29590628
GSE104154,34108218
GSE104156,29513653
GSE104157,29513653
GSE104158,29513653
GSE104169,30539330
GSE104181,30046111
GSE104182,30046111
GSE104190,29415896
GSE104195,29415896
GSE104196,29415896
GSE104215,29452591
GSE104215,32126024
GSE104216,29452591
GSE104216,32126024
GSE104217,29452591
GSE104217,32126024
GSE10423,18397753
GSE104238,29326438
GSE104244,29195073
GSE104274,31515109
GSE104281,30169518
GSE104288,29125828
GSE104288,31665133
GSE104288,32291635
GSE104288,34718736
GSE104293,29368212
GSE104306,29361035
GSE104319,29670509
GSE104321,28874118
GSE104322,29662071
GSE104328,29662071
GSE104341,30537984
GSE104378,29481550
GSE104410,28874118
GSE104416,29232382
GSE104423,29236770
GSE104429,31161221
GSE104430,31161221
GSE104431,31161221
GSE104451,29146936
GSE104466,29481550
GSE104467,29481550
GSE104469,29481550
GSE104470,29481550
GSE104473,30356216
GSE104491,29563966
GSE104536,29151594
GSE104543,29141227
GSE104560,29065506
GSE104576,29848492
GSE104577,31123029
GSE104583,29129686
GSE104600,29309048
GSE104602,29779946
GSE104612,30597922
GSE104613,30597922
GSE104630,29643512
GSE104634,29679021
GSE104634,30385785
GSE104635,30587130
GSE104635,31061469
GSE104636,29503225
GSE104644,29415894
GSE104651,29129683
GSE104661,29180489
GSE104687,29120328
GSE104712,29618061
GSE104713,29618061
GSE104720,29259032
GSE104721,29244071
GSE104721,33749894
GSE104721,35597810
GSE104740,31554791
GSE104753,29311580
GSE104754,29311580
GSE104755,29311580
GSE104775,29518357
GSE104779,30597922
GSE104800,29249653
GSE104827,29233477
GSE104827,31631019
GSE104827,31814692
GSE104833,29072327
GSE104836,30039525
GSE104858,29503225
GSE104870,30466060
GSE104897,31011226
GSE104897,39145444
GSE104898,31011226
GSE104898,39145444
GSE104899,31011226
GSE104899,39145444
GSE104910,29669287
GSE104913,32541956
GSE104914,32541956
GSE104915,32541956
GSE104917,30536898
GSE104927,29294107
GSE104942,29491469
GSE104943,29224779
GSE104948,29724730
GSE104954,29724730
GSE104961,29170434
GSE104994,29580210
GSE10500,18345002
GSE105001,29937226
GSE105018,29325449
GSE105018,30091980
GSE105018,30770782
GSE105018,32885222
GSE105033,29487201
GSE105068,30404006
GSE105068,35365562
GSE105094,31133691
GSE105094,31980649
GSE105110,29562175
GSE105131,29703149
GSE105142,29632539
GSE105152,29709033
GSE105153,29709033
GSE105154,29709033
GSE105160,31649152
GSE105216,29296884
GSE105226,29233981
GSE105248,29158377
GSE105266,30742630
GSE105401,32668199
GSE105402,30242024
GSE10546,18460334
GSE10547,18483266
GSE10548,18682280
GSE10567,18376406
GSE105772,29385670
GSE105772,31138781
GSE105783,29361555
GSE105944,30250226
GSE106090,31853997
GSE106107,29211713
GSE10612,18446208
GSE106130,32005677
GSE106131,30398377
GSE106140,30250226
GSE106145,29731168
GSE106148,29514095
GSE106148,30507613
GSE106153,29731168
GSE106156,31217356
GSE106175,31399583
GSE106176,29731168
GSE106190,29731168
GSE106194,29731168
GSE106197,29731168
GSE106244,30887098
GSE106257,29701262
GSE106269,30262634
GSE106291,29242298
GSE106305,30655535
GSE106314,29282124
GSE106316,29263149
GSE106320,30209221
GSE106335,31195238
GSE106372,30464347
GSE106396,30778241
GSE106409,30126942
GSE106410,30887098
GSE106411,30887098
GSE106419,30185909
GSE106420,30111633
GSE106428,30464347
GSE106429,30464347
GSE106430,30464347
GSE106431,30464347
GSE106432,29454790
GSE106433,29454790
GSE106434,29454790
GSE10646,18599650
GSE106483,30926818
GSE106486,29209049
GSE106487,30174296
GSE106487,37083227
GSE106534,30237493
GSE106534,33661764
GSE106535,29343721
GSE106547,29467665
GSE106548,32109341
GSE106553,35695839
GSE106557,29386185
GSE106563,30190462
GSE106564,30190462
GSE106565,30190462
GSE106579,29507391
GSE106581,29567676
GSE106588,29321003
GSE106594,29326275
GSE106598,29875316
GSE106604,30390635
GSE106612,29281840
GSE106631,29259034
GSE106631,32355198
GSE106637,30237493
GSE106643,31244650
GSE106648,29921915
GSE106649,29975684
GSE106652,30003673
GSE106652,34332122
GSE106659,27208298
GSE106708,30134177
GSE106708,37292997
GSE106708,39039043
GSE106712,27208298
GSE106713,27208298
GSE106748,30228947
GSE106782,29229854
GSE106789,29328911
GSE106801,30539330
GSE106802,30539330
GSE106805,29866884
GSE106806,29866884
GSE106807,29866884
GSE106808,29670091
GSE106822,29432181
GSE106822,38678011
GSE10685,18511485
GSE106850,33238290
GSE106864,29788176
GSE106896,29051323
GSE10694,18649363
GSE106942,30104650
GSE106943,30104650
GSE106944,30104650
GSE106965,32214220
GSE106997,30410665
GSE107004,29438740
GSE107004,33203444
GSE107045,30930145
GSE107055,29303144
GSE107063,30818087
GSE107093,29578536
GSE107100,29871612
GSE107101,29871612
GSE107102,29871612
GSE107105,29476097
GSE107109,29414946
GSE107127,35151685
GSE107128,29275859
GSE107129,29275859
GSE107130,29275859
GSE107139,30188895
GSE10714,18843029
GSE10714,20087348
GSE10714,23155391
GSE10714,25723531
GSE10715,18843029
GSE10716,20497379
GSE107173,29292161
GSE107176,30139998
GSE107189,30994860
GSE107199,29777026
GSE107199,29885943
GSE107206,32755576
GSE10722,18497826
GSE107229,29481550
GSE107277,32873321
GSE107278,29211713
GSE107281,29211713
GSE107282,26248554
GSE107282,29654302
GSE107285,32873321
GSE107286,26248554
GSE107286,29654302
GSE107289,29211713
GSE107290,26248554
GSE107290,29654302
GSE107291,26248554
GSE107291,29654302
GSE107294,29619268
GSE107295,29619268
GSE107296,29619268
GSE107297,29619268
GSE107298,34824250
GSE107299,30889379
GSE107299,34716314
GSE107302,29337117
GSE107310,32873321
GSE107319,30395538
GSE107320,30395538
GSE107321,30395538
GSE107338,29288198
GSE107339,31118289
GSE107358,29396184
GSE107359,29396184
GSE107360,29396184
GSE107373,29211713
GSE107374,29525529
GSE107392,29449575
GSE107395,29211713
GSE107397,29449575
GSE107413,29358404
GSE107433,30289576
GSE107433,33675174
GSE107439,31659215
GSE107450,29311116
GSE107455,29506156
GSE107455,34846534
GSE107456,29506156
GSE107456,34846534
GSE107477,29740082
GSE107490,29773599
GSE10750,18854164
GSE107507,29449575
GSE107510,29449575
GSE107513,29449575
GSE107521,30568299
GSE107542,29269483
GSE107546,29183983
GSE107558,29748285
GSE107559,29748285
GSE107560,29748285
GSE107591,29262850
GSE107591,32967703
GSE107607,29907613
GSE107620,30240750
GSE107621,30240750
GSE107622,30240750
GSE107623,31536771
GSE107650,29456073
GSE107654,29208628
GSE107664,32094334
GSE107666,32094334
GSE107676,29706628
GSE107701,29930101
GSE107704,29487136
GSE10772,18497826
GSE107746,30472193
GSE107757,29275859
GSE107764,29996881
GSE107764,36635351
GSE107766,31363146
GSE107766,32728246
GSE107767,32728246
GSE107768,31363146
GSE107768,32728246
GSE10780,19266279
GSE107808,30832682
GSE107814,30026340
GSE107840,29728366
GSE107849,29206307
GSE107850,29571083
GSE107867,30559470
GSE107878,30392976
GSE107878,36635662
GSE107895,30559470
GSE107896,30559470
GSE107899,29674659
GSE107899,38544573
GSE107900,29674659
GSE107900,38544573
GSE107901,29674659
GSE107901,38544573
GSE107912,29421152
GSE107925,29275859
GSE107926,29844125
GSE107963,35752626
GSE107967,30037925
GSE107975,30271923
GSE107976,30904067
GSE108008,30474248
GSE108009,30474248
GSE108010,30474248
GSE108021,29795287
GSE108021,32369512
GSE108034,29255304
GSE108045,29275859
GSE108050,29669006
GSE108052,29669006
GSE108072,30293774
GSE108072,30567413
GSE108085,29732366
GSE108088,29732366
GSE108089,29732366
GSE108092,29211713
GSE108101,30405245
GSE108102,29377931
GSE108107,30645971
GSE108109,29724730
GSE108112,29724730
GSE108113,29724730
GSE108134,29897792
GSE108149,30074477
GSE108150,30074477
GSE108151,30074477
GSE108160,30645971
GSE108175,29427407
GSE108188,29511063
GSE108192,32611548
GSE108193,31676292
GSE108199,29199959
GSE108203,29484655
GSE108217,31676292
GSE108219,31676292
GSE108221,29199959
GSE108223,30185548
GSE108225,29655599
GSE108226,31204172
GSE108229,30355451
GSE108230,29199959
GSE108233,29950724
GSE108248,30686763
GSE108249,30979776
GSE108254,29526553
GSE108255,29526553
GSE108256,29526553
GSE108261,31907200
GSE108265,30034620
GSE108293,30024860
GSE108313,30567574
GSE108330,31015515
GSE108331,31015515
GSE108332,31015515
GSE108333,31015515
GSE108339,31534153
GSE108345,30536754
GSE108356,30038282
GSE108391,29472484
GSE108399,30115738
GSE108401,30657772
GSE108406,30995479
GSE10841,18451170
GSE108413,30078552
GSE108413,33281748
GSE108424,29377931
GSE108438,29456179
GSE108439,29456179
GSE108440,29456179
GSE108441,29456179
GSE10845,18391959
GSE108451,29618659
GSE108458,29208628
GSE108459,29208628
GSE10846,19038878
GSE10846,21546504
GSE108460,29208628
GSE108468,30154464
GSE108469,30154464
GSE108470,30154464
GSE10848,18552160
GSE10849,18719368
GSE108502,30080846
GSE108524,29440379
GSE108527,29794169
GSE108541,29997232
GSE108578,30002204
GSE108593,31189722
GSE10863,18367535
GSE10864,18367535
GSE108644,30049311
GSE108677,32755548
GSE10868,18367535
GSE108707,29431643
GSE108708,30146410
GSE108710,30146410
GSE108711,30146410
GSE108740,30728393
GSE108757,29386107
GSE108764,30380407
GSE108764,32817553
GSE108765,30380407
GSE108765,32817553
GSE108766,30380407
GSE108766,32817553
GSE108767,30380407
GSE108767,32817553
GSE10877,18423832
GSE108809,32028108
GSE10881,18725516
GSE10881,28879493
GSE108810,29670091
GSE108811,29773669
GSE108813,31348890
GSE108830,29425494
GSE108838,24788100
GSE108838,29762551
GSE108852,30380407
GSE108852,32817553
GSE10886,19204204
GSE108867,30833646
GSE108878,30057115
GSE108879,31221018
GSE108885,30971824
GSE108891,30971824
GSE108892,30971824
GSE108897,29437254
GSE108941,29706541
GSE108961,31221018
GSE108962,29617354
GSE108963,31221018
GSE108970,30404016
GSE108974,30404016
GSE108977,30404016
GSE108979,30257941
GSE108979,35177654
GSE108980,30257941
GSE108980,35177654
GSE108981,30257941
GSE108981,35177654
GSE108989,30479382
GSE108989,31341169
GSE108989,32286268
GSE108999,30371153
GSE109001,29456185
GSE109010,29892061
GSE109011,29892061
GSE10902,18378678
GSE10902,19018287
GSE109020,29892061
GSE109026,32103174
GSE109029,31337978
GSE109033,30404016
GSE109037,30404016
GSE109049,30404016
GSE109056,29750268
GSE109056,34968297
GSE109058,24788100
GSE109058,29762551
GSE109059,24788100
GSE109059,29762551
GSE109070,29615514
GSE109073,31307377
GSE109086,29788176
GSE109087,29788176
GSE10910,19148136
GSE109124,29599757
GSE109126,29599757
GSE109127,29599757
GSE109128,29599757
GSE109129,29599757
GSE109131,29424686
GSE109136,30251915
GSE109142,30604764
GSE10916,19147755
GSE10916,20371714
GSE109174,32753502
GSE109178,25313409
GSE109178,32592467
GSE109183,31361898
GSE109184,30582655
GSE109185,29481901
GSE109200,31189722
GSE109211,30108162
GSE109220,29379474
GSE10924,18724805
GSE109248,29889098
GSE109270,29808006
GSE109292,30892991
GSE109318,30591458
GSE109319,31096984
GSE109327,29466739
GSE109372,29621782
GSE109379,29539639
GSE109381,29539639
GSE109381,36964296
GSE109410,30674556
GSE109410,35145080
GSE109427,29606349
GSE109448,29476097
GSE109448,32637608
GSE109449,29476097
GSE109450,29476097
GSE109450,32637608
GSE109457,30366908
GSE109458,30366908
GSE109459,30366908
GSE109477,30496486
GSE109480,30842658
GSE109489,31907335
GSE109508,30333746
GSE109509,30333746
GSE109511,30333746
GSE109513,30333746
GSE109514,30333746
GSE109540,30325306
GSE109555,31435013
GSE109555,35784461
GSE10956,18953340
GSE10957,18980691
GSE109578,30541888
GSE109579,30905761
GSE109580,29932905
GSE109585,30537446
GSE109599,30016465
GSE109610,31702900
GSE109614,31733287
GSE109620,29510190
GSE109620,35241665
GSE109620,37790936
GSE109633,29753320
GSE10966,18423832
GSE109669,31131878
GSE10967,18423832
GSE109670,31131878
GSE109678,31131878
GSE10968,18423832
GSE10969,18423832
GSE1097,15461792
GSE109704,28628607
GSE109717,30323255
GSE109743,31015447
GSE109743,34580161
GSE109756,37377902
GSE109793,29453249
GSE109804,29986092
GSE109860,30216339
GSE109880,31131878
GSE109903,29353739
GSE109911,31557894
GSE109920,30382078
GSE109923,30382078
GSE109933,29958801
GSE109935,29958801
GSE109954,29353739
GSE109955,29353739
GSE109971,29958801
GSE109985,29515000
GSE109986,29515000
GSE109987,29515000
GSE110012,31809738
GSE110013,31809738
GSE110015,31809738
GSE110037,31809738
GSE110038,31809738
GSE110041,31890206
GSE110057,32351541
GSE110079,30413758
GSE110109,32396938
GSE110112,32396938
GSE110165,29985392
GSE110168,30301917
GSE110175,30905761
GSE110178,30679800
GSE110199,29385529
GSE110230,30144030
GSE110243,29424686
GSE11027,20015954
GSE110278,30682454
GSE110278,32426497
GSE110279,29424686
GSE11028,20015954
GSE11029,20015954
GSE11030,20015954
GSE110302,29628371
GSE110331,31799607
GSE110333,30231992
GSE110344,29861096
GSE110344,36763659
GSE110350,29622580
GSE110368,30107566
GSE110369,30107566
GSE110370,30107566
GSE110374,29756027
GSE11038,18521849
GSE11038,19960063
GSE110395,31399282
GSE110403,31399282
GSE110404,32694734
GSE11042,18928525
GSE110426,29878763
GSE11043,18550839
GSE110436,31024170
GSE110440,30530755
GSE110456,31399282
GSE110464,29506156
GSE110464,34846534
GSE110465,29506156
GSE110465,34846534
GSE110500,30382087
GSE110500,30979870
GSE110510,30382087
GSE110513,29608179
GSE110529,30236109
GSE110539,30382087
GSE110539,30979870
GSE110544,29208628
GSE110545,30144030
GSE110550,29618337
GSE110593,30173917
GSE110600,29529061
GSE110617,29467313
GSE110623,35167498
GSE110630,29954933
GSE110631,29954933
GSE110632,29954933
GSE110633,29954933
GSE110634,29954933
GSE110635,29954933
GSE110636,29954933
GSE110636,33259601
GSE110637,29954933
GSE110637,33259601
GSE110648,29754954
GSE110650,31736226
GSE110696,31862972
GSE110697,31862972
GSE110697,35406427
GSE110699,31862972
GSE110699,35406427
GSE11070,18486559
GSE110713,29867773
GSE110725,29549264
GSE110726,29666442
GSE110751,31799607
GSE110787,29684358
GSE110794,30231992
GSE110795,31366886
GSE110796,30231992
GSE110798,29486586
GSE110875,30361512
GSE110893,29504232
GSE110914,30232284
GSE11092,19289091
GSE110935,29669939
GSE110975,29870118
GSE110985,29581184
GSE110986,29581184
GSE11099,20015954
GSE110996,37377902
GSE110999,29717110
GSE111043,30006483
GSE111074,30514845
GSE111077,31704931
GSE111091,31015447
GSE111109,30645099
GSE111115,30268778
GSE111120,31917787
GSE111123,30718683
GSE11113,18588666
GSE111145,29899877
GSE111146,29899877
GSE111147,29899877
GSE111152,29625039
GSE111153,29967444
GSE111166,29642015
GSE111169,31015298
GSE11117,19833826
GSE111177,30314329
GSE11119,18854335
GSE111233,31704931
GSE111234,31704931
GSE111241,30083155
GSE111269,31080135
GSE111274,32720440
GSE11128,18559478
GSE111283,30644360
GSE111292,31221965
GSE11130,19180499
GSE111301,30500538
GSE111308,30253806
GSE111310,29712909
GSE111310,30150773
GSE111318,30273559
GSE111326,30282034
GSE111339,27898892
GSE111339,28380590
GSE111339,29616079
GSE111352,33561428
GSE111354,34036652
GSE111362,25451292
GSE111368,29777224
GSE111410,33621485
GSE111410,33798424
GSE111431,29750274
GSE111447,30139328
GSE111478,29760697
GSE111487,33636117
GSE111495,29540180
GSE111496,29763693
GSE111506,29930735
GSE111517,29677493
GSE11152,18535672
GSE111521,30655599
GSE11153,18776029
GSE111530,30867303
GSE111537,32883299
GSE111557,29656941
GSE111557,29727685
GSE111568,31433990
GSE111570,32272449
GSE111581,20078880
GSE111582,30135250
GSE111586,30078704
GSE111640,31513574
GSE111650,29656941
GSE111650,29727685
GSE111655,29679004
GSE111662,30922380
GSE111664,30643263
GSE111668,30024931
GSE111690,30643263
GSE111697,30274972
GSE111697,32596441
GSE111698,30274972
GSE111698,32596441
GSE111699,30274972
GSE111699,32596441
GSE111700,30274972
GSE111700,32596441
GSE111717,30311909
GSE111742,29920280
GSE111742,37980416
GSE111782,30335165
GSE111794,30335165
GSE111796,29670099
GSE111811,29920280
GSE111811,37980416
GSE111812,29920280
GSE111812,37980416
GSE111813,29920280
GSE111813,37980416
GSE111814,29920280
GSE111814,37980416
GSE111823,35965840
GSE111839,30188322
GSE111839,31913116
GSE111874,30420454
GSE111879,30476274
GSE111880,30476274
GSE111881,30476274
GSE111889,31142855
GSE111914,36230857
GSE111930,32763147
GSE111931,30257209
GSE111933,32498593
GSE111959,31249870
GSE111960,31249870
GSE111961,31249870
GSE111972,30867424
GSE111977,29727680
GSE111978,29727680
GSE111979,29727680
GSE111999,37344645
GSE11202,19179452
GSE112038,31114314
GSE11204,20090835
GSE112084,32514071
GSE112084,36938415
GSE112087,31890206
GSE112087,31921420
GSE112089,30389926
GSE112090,30389926
GSE112091,30389926
GSE112104,32090859
GSE11211,21159965
GSE11211,21521612
GSE112118,31206195
GSE112147,30404791
GSE112173,25356804
GSE112194,30389926
GSE112195,30389926
GSE112198,30389926
GSE112200,30389926
GSE112208,32989249
GSE112215,30108238
GSE112219,37344645
GSE112230,29937226
GSE112245,30389926
GSE112246,30389926
GSE112254,30619403
GSE112264,30808771
GSE112291,29719262
GSE112298,30242092
GSE112300,30242092
GSE112304,29924995
GSE112304,32504069
GSE112328,30429326
GSE11233,18772890
GSE112336,30429326
GSE112340,30429326
GSE112355,32855642
GSE112361,29774023
GSE112364,29738711
GSE112370,31434869
GSE112384,29939160
GSE112394,30659148
GSE112394,33579822
GSE112422,30420658
GSE11244,19370158
GSE112444,30877256
GSE112444,38886396
GSE112445,30877256
GSE112445,38886396
GSE112446,30877256
GSE112446,38886396
GSE112448,35359922
GSE11247,18647411
GSE112471,30237449
GSE11248,18647411
GSE112494,29849141
GSE112494,37467321
GSE112502,30373821
GSE112510,30022042
GSE112545,30088019
GSE11255,18647411
GSE112558,30209392
GSE112560,30209392
GSE112561,30209392
GSE112582,29874595
GSE112585,29777108
GSE112611,30779925
GSE112611,35172000
GSE112615,30209397
GSE112616,30209397
GSE112617,30209397
GSE11262,20385809
GSE11262,23319655
GSE112629,29982879
GSE112629,37115004
GSE112637,30235256
GSE112638,30235256
GSE112639,30235256
GSE112652,32661301
GSE112688,32780722
GSE112721,30275344
GSE112722,37344645
GSE112776,30006619
GSE112793,33903612
GSE112825,30922380
GSE112827,30964696
GSE112846,30007418
GSE112883,30987380
GSE112883,32847042
GSE112885,32632272
GSE112923,29766641
GSE112925,30312469
GSE112929,32632272
GSE112935,29972793
GSE112947,30343673
GSE112947,30639359
GSE112947,34697471
GSE112965,30979870
GSE112966,30312469
GSE112968,30312469
GSE112970,30796352
GSE112970,38267663
GSE112971,30312469
GSE112972,30312469
GSE112973,29784854
GSE112986,30824444
GSE112987,30873861
GSE112987,37047575
GSE112995,31189531
GSE112995,34732703
GSE113018,30873861
GSE113018,37047575
GSE113024,35474299
GSE113029,32632272
GSE113030,30288342
GSE113031,30228232
GSE113036,29915193
GSE113040,30397315
GSE113041,30397315
GSE113042,30397315
GSE113046,31126997
GSE113069,30375971
GSE113087,29783949
GSE113110,30410674
GSE113112,29925993
GSE113119,30735634
GSE113120,30735634
GSE113121,30735634
GSE113124,30735634
GSE113126,29942093
GSE113128,30157778
GSE113128,31113363
GSE113135,37270611
GSE113144,30679557
GSE113152,32179949
GSE113154,30201971
GSE113155,30143027
GSE113159,31067455
GSE113163,29859120
GSE113177,29844387
GSE113185,29902480
GSE113187,29791850
GSE113194,29907691
GSE113195,29676999
GSE11321,19229884
GSE113238,29982688
GSE113259,29748571
GSE113266,29791850
GSE113275,30006499
GSE113277,29691232
GSE113279,31752957
GSE113283,31752957
GSE113288,31752957
GSE113289,31752957
GSE11330,18456656
GSE11331,18641651
GSE113322,30068946
GSE113327,29870545
GSE113348,30146127
GSE113349,29932899
GSE113351,30046111
GSE11336,19148136
GSE113377,30723624
GSE113400,30382079
GSE113402,30455465
GSE113427,23054549
GSE113432,30286088
GSE11350,18849962
GSE113518,30107478
GSE113536,29887318
GSE113542,31467287
GSE113550,30139917
GSE113556,31391082
GSE113557,31391082
GSE113558,31391082
GSE113563,30455465
GSE113576,30385464
GSE113577,33046701
GSE113578,31467287
GSE113578,33046701
GSE113581,30626868
GSE113657,30366982
GSE113660,29855333
GSE113660,31566233
GSE113694,31043609
GSE113703,30146161
GSE113712,30955884
GSE113730,32735645
GSE113734,30443311
GSE113739,30511962
GSE113742,30511962
GSE113770,29870118
GSE113781,30048615
GSE113789,30048615
GSE113793,30048615
GSE113796,30048615
GSE113798,30048615
GSE113801,30048615
GSE113805,30369556
GSE113809,30696862
GSE113809,34195686
GSE113810,30065716
GSE113818,30093612
GSE113833,30111840
GSE113834,30111840
GSE113838,30111840
GSE113840,30111840
GSE113842,30111840
GSE113846,30067821
GSE113850,29790588
GSE113851,29765154
GSE113852,30499379
GSE11387,18593563
GSE113875,30173913
GSE113887,29883638
GSE113887,38643244
GSE113895,29891551
GSE113922,30696953
GSE113926,30065029
GSE113931,29880660
GSE11394,18593563
GSE113943,30519364
GSE113945,29907691
GSE113947,34732726
GSE11395,18593563
GSE113964,30696862
GSE113964,34195686
GSE113966,30696862
GSE113966,31829938
GSE113966,34195686
GSE11398,18500982
GSE114005,30643263
GSE114031,30429498
GSE114031,35983805
GSE114037,30696862
GSE114037,31829938
GSE114037,34195686
GSE114097,32492819
GSE114105,29910151
GSE114106,29910151
GSE114109,29910151
GSE114111,29910151
GSE114144,29975766
GSE114145,29975766
GSE114146,29975766
GSE114159,30053898
GSE114168,30075151
GSE114183,30075151
GSE114192,32533832
GSE114199,30135097
GSE114225,31373884
GSE114251,29891760
GSE114269,30075151
GSE114273,31266892
GSE114274,31266892
GSE114275,31266892
GSE114298,29898397
GSE114345,30310055
GSE114372,30862719
GSE114374,30270042
GSE114379,29898403
GSE114398,30185226
GSE114430,31755159
GSE114432,30337646
GSE114447,30321081
GSE114447,34608846
GSE114468,30648789
GSE114477,29981742
GSE114477,34389752
GSE114480,29986073
GSE114484,30712990
GSE114489,29997230
GSE114493,29042553
GSE114515,30037855
GSE114518,31373884
GSE114523,30514397
GSE114553,30251953
GSE114609,31020902
GSE114630,30054204
GSE114654,32989249
GSE114655,32989249
GSE114656,31857580
GSE114657,31857580
GSE114658,31857580
GSE114659,31857580
GSE114665,32371941
GSE114674,32818920
GSE114682,34691553
GSE114697,30396857
GSE114700,30396857
GSE114701,30396857
GSE114707,30028518
GSE114720,30715466
GSE114726,33601919
GSE114729,30120937
GSE114729,35785620
GSE114731,38020967
GSE114737,30620009
GSE114740,37668356
GSE114748,30223853
GSE114794,30089253
GSE114808,31446059
GSE114814,29885943
GSE114846,30397335
GSE114847,30396857
GSE114853,30733330
GSE114873,32989249
GSE114874,30396857
GSE11488,26883451
GSE11488,26937470
GSE114885,30420285
GSE114906,30955884
GSE114906,36653361
GSE114913,30733330
GSE114914,30955884
GSE114922,29930011
GSE114922,36040792
GSE114927,30412050
GSE114964,31554806
GSE114976,30686581
GSE114988,30038251
GSE114998,30061100
GSE115001,30115738
GSE115003,30154151
GSE115004,30154151
GSE115005,30154151
GSE115021,30939206
GSE115036,30936474
GSE115037,30936474
GSE115038,30936474
GSE115040,30936474
GSE115091,30290792
GSE115098,30275566
GSE115098,31167971
GSE115098,31451708
GSE115098,34426578
GSE115098,38287030
GSE115107,32577515
GSE115109,31974273
GSE115112,30993572
GSE11513,19139726
GSE115146,30297778
GSE115155,30387712
GSE115193,30449681
GSE115207,30315101
GSE11521,20301094
GSE11521,21103382
GSE11521,26717982
GSE115256,30008324
GSE115257,30412052
GSE115258,30485816
GSE115267,33898513
GSE115317,30307970
GSE115318,30307970
GSE115319,30307970
GSE11533,18663125
GSE11533,19265543
GSE11534,18663125
GSE11534,19265543
GSE115344,30021166
GSE115354,31645732
GSE115371,27859855
GSE115372,27859855
GSE115373,27859855
GSE115389,30962421
GSE115437,32424276
GSE115438,29987030
GSE115440,30770053
GSE115440,35116043
GSE115447,30385785
GSE115449,30270043
GSE115456,30535430
GSE115457,30535430
GSE115458,30535430
GSE115469,30348985
GSE115473,34535664
GSE115476,30479347
GSE115477,30061411
GSE115482,31243274
GSE115491,31243274
GSE115492,31243274
GSE115493,31243274
GSE115494,31243274
GSE115500,30157422
GSE115503,30076848
GSE115506,30936938
GSE115515,30570107
GSE115516,30570107
GSE115517,30570107
GSE115524,31133759
GSE115529,30026317
GSE11556,18663125
GSE11556,19265543
GSE11557,18682242
GSE115597,34463254
GSE115598,34463254
GSE115599,30910960
GSE115599,34463254
GSE115600,30827680
GSE115615,30496141
GSE115616,30496141
GSE115617,30496141
GSE115619,30496141
GSE115622,30827680
GSE115626,30827680
GSE115645,30846834
GSE115646,34417449
GSE115652,30275444
GSE115652,38607069
GSE115661,31255486
GSE115661,34649511
GSE11568,19018570
GSE115683,30635612
GSE11569,18592372
GSE11569,18768820
GSE115690,30643281
GSE115725,32537514
GSE115729,30232164
GSE115732,30190287
GSE115736,30395284
GSE115746,30382198
GSE115746,34616065
GSE115751,30723160
GSE115757,30275444
GSE115758,30405152
GSE115775,30318445
GSE115796,30327994
GSE115796,39036353
GSE115797,30092825
GSE1158,15955238
GSE115806,30588557
GSE115810,31795319
GSE115811,30500812
GSE115811,37651474
GSE11583,19047056
GSE115867,30044992
GSE115871,33378680
GSE115908,32025033
GSE115929,31018126
GSE115945,30464347
GSE115947,30408051
GSE115949,31131231
GSE115955,31019299
GSE115956,31019299
GSE115958,31019299
GSE115959,30760496
GSE11596,18989361
GSE115960,30760496
GSE115961,30760496
GSE115963,31235883
GSE115968,29987051
GSE115968,31601804
GSE115970,29987051
GSE115980,29988122
GSE116007,31474572
GSE116008,31230715
GSE116009,30543522
GSE116009,30686992
GSE116010,30686992
GSE116022,30411505
GSE116077,30505294
GSE116086,31110176
GSE116086,33594057
GSE116096,31067461
GSE116096,35244538
GSE116104,30146410
GSE116110,30251915
GSE116112,33139574
GSE116130,31801887
GSE116137,31243274
GSE116138,30718509
GSE116139,31801887
GSE116141,31801887
GSE116177,30395284
GSE116193,30046115
GSE116198,30033366
GSE116199,33893290
GSE11620,18983675
GSE116201,31028100
GSE116202,31028100
GSE116203,31028100
GSE116204,31028100
GSE116205,31028100
GSE116206,31028100
GSE116207,31028100
GSE116208,31028100
GSE116212,35260552
GSE116222,30814735
GSE116246,30299256
GSE116246,32420869
GSE116247,30580963
GSE116248,30580963
GSE116249,30580963
GSE116280,29955902
GSE116285,30580963
GSE116297,30580963
GSE116299,30298636
GSE116325,31135901
GSE11633,20038714
GSE116331,31690123
GSE116331,36438658
GSE116332,30380407
GSE116332,32817553
GSE116333,30380407
GSE116333,32817553
GSE116334,30380407
GSE116334,32817553
GSE116335,30037817
GSE116335,34412669
GSE116335,37923752
GSE116349,30026317
GSE116354,30404006
GSE116354,35365562
GSE116355,30026317
GSE116356,31263286
GSE116369,30242153
GSE116425,31015415
GSE116428,31154903
GSE116428,37401732
GSE116436,30355619
GSE116437,30355619
GSE116438,30355619
GSE116439,30355619
GSE116440,30355619
GSE116441,30355619
GSE116442,30355619
GSE116443,30355619
GSE116444,30355619
GSE116445,30355619
GSE116446,30355619
GSE116447,30355619
GSE116448,30355619
GSE116449,30355619
GSE116450,30355619
GSE116451,30355619
GSE116457,30065723
GSE116464,32459996
GSE116471,30635375
GSE116497,30224649
GSE116505,30299256
GSE116506,30638736
GSE116519,30638736
GSE116521,30425508
GSE116553,30760640
GSE116553,31331261
GSE116557,30804514
GSE116559,30507613
GSE116590,31111894
GSE11661,19498199
GSE116613,30146158
GSE116627,32875282
GSE116642,30323285
GSE116646,30793188
GSE116650,30451863
GSE116672,30530648
GSE116672,31820734
GSE116687,30258954
GSE11671,18699868
GSE116720,30122476
GSE116721,30122476
GSE116722,30122476
GSE116723,30122476
GSE116744,30180878
GSE11675,19855080
GSE116759,32398747
GSE116780,31300459
GSE116789,30953787
GSE116831,30893315
GSE116835,32160527
GSE11686,19602279
GSE116863,30882371
GSE116867,30745086
GSE116868,30745086
GSE116869,30745086
GSE116870,30745086
GSE116871,30745086
GSE116872,30745086
GSE116873,30745086
GSE116874,30745086
GSE116875,30745086
GSE116876,30745086
GSE116896,31813828
GSE116897,31813828
GSE116898,31813828
GSE116904,30728331
GSE116964,30696706
GSE116992,30459321
GSE116992,31029150
GSE116999,30018075
GSE117011,30796046
GSE117015,31144574
GSE117087,31085554
GSE117088,33990693
GSE117093,35362543
GSE117106,31138842
GSE117122,31071093
GSE117155,31616795
GSE117161,31006590
GSE117161,33598660
GSE117164,30510251
GSE117180,31060542
GSE117181,31633304
GSE117183,30211126
GSE117193,30742096
GSE117224,31138842
GSE11725,19409083
GSE117271,30566875
GSE117284,32457396
GSE117285,32457396
GSE117301,30858614
GSE117309,31152164
GSE117310,32071305
GSE117311,30858614
GSE117315,33275892
GSE117316,33275892
GSE117318,33275892
GSE117340,30352428
GSE117374,30735537
GSE117377,30404006
GSE117377,35365562
GSE117379,30404006
GSE117379,35365562
GSE117385,30723131
GSE117391,31381567
GSE117403,30566875
GSE117405,30054515
GSE117420,33771899
GSE117429,30930119
GSE117430,30930119
GSE117431,30930119
GSE117437,31023878
GSE117438,30464317
GSE117456,33795674
GSE117460,33795674
GSE117479,30980673
GSE117485,30496486
GSE117492,30833784
GSE117493,30833784
GSE117494,30833784
GSE117538,30111801
GSE117539,32593682
GSE117557,30582219
GSE117559,30670059
GSE11756,18598946
GSE117561,30392830
GSE117569,30455249
GSE117578,31372377
GSE117579,30352973
GSE117632,30392959
GSE117639,30765332
GSE117734,30858614
GSE117735,30858614
GSE117739,30874579
GSE117741,30893613
GSE117741,34031123
GSE117753,37202533
GSE117759,30114334
GSE117760,30114334
GSE117761,30114334
GSE117776,30559470
GSE117830,31767869
GSE117837,31068579
GSE11784,21829517
GSE11784,32277131
GSE117840,30886404
GSE117842,31385572
GSE117862,31243293
GSE117863,31243293
GSE117864,31243293
GSE117865,31243293
GSE117869,32676087
GSE117870,31036712
GSE117872,30467425
GSE117872,32764731
GSE117872,34915921
GSE117887,33119185
GSE117895,30127060
GSE117926,30352973
GSE117939,30287822
GSE117939,34327153
GSE117945,30842629
GSE117946,30842629
GSE117947,30842629
GSE117953,31542774
GSE117993,30604764
GSE117993,34325702
GSE118002,30352973
GSE118003,30352973
GSE118006,36179046
GSE118036,30986495
GSE118048,30395194
GSE118061,31366901
GSE118089,31624141
GSE118089,36434087
GSE118090,30375064
GSE118092,30392959
GSE118093,30392959
GSE11811,18778413
GSE118176,30371824
GSE118177,30371824
GSE118178,30371824
GSE118187,30917309
GSE118224,30348622
GSE118238,30093402
GSE118270,30447121
GSE118293,31077319
GSE118311,30344014
GSE118313,30664768
GSE118317,31427770
GSE118320,31368616
GSE118337,30539648
GSE118343,31257073
GSE118344,31257073
GSE118345,30286151
GSE118349,31257073
GSE11836,18381418
GSE118391,31542774
GSE118392,31542774
GSE118422,30224479
GSE118433,31974205
GSE118436,30971824
GSE11845,18599363
GSE11845,21803289
GSE118450,31182869
GSE118462,32060173
GSE118468,33658578
GSE118486,30676318
GSE118490,30353166
GSE118491,31542774
GSE118492,31542774
GSE118516,30520728
GSE118517,30520728
GSE118518,30520728
GSE118527,30853353
GSE118527,34006255
GSE118527,34615706
GSE118527,36153392
GSE118527,37061514
GSE118548,30353166
GSE118549,31356623
GSE118549,31527911
GSE118559,31950348
GSE118566,30282819
GSE118587,30144432
GSE118613,31159814
GSE118615,30869147
GSE11864,18976936
GSE118643,33691114
GSE118657,30015668
GSE118677,30880078
GSE118677,32351783
GSE118679,30880078
GSE118679,32351783
GSE11868,19590847
GSE11868,19720801
GSE118680,30880078
GSE118680,32351783
GSE118686,30550790
GSE11869,18936297
GSE11869,26865667
GSE118697,36202854
GSE11871,26150418
GSE118729,31378669
GSE118748,32005809
GSE118760,30872742
GSE118773,31937643
GSE118814,31756561
GSE118843,31784727
GSE118846,30581080
GSE118874,32371941
GSE118874,37264042
GSE118878,31784727
GSE118882,31316208
GSE118883,31316208
GSE118884,31316208
GSE118885,31316208
GSE118890,30590832
GSE118898,30846691
GSE118904,30855280
GSE118911,31784727
GSE118912,31784727
GSE118916,31127138
GSE118920,30323343
GSE118921,30323343
GSE118925,24710513
GSE118928,31371824
GSE118933,30763282
GSE118933,35980387
GSE118948,30679343
GSE118954,30402543
GSE118959,31341219
GSE118959,34945002
GSE118967,30995463
GSE118969,30257209
GSE118974,30641411
GSE118988,31959746
GSE118991,30875235
GSE118993,31959746
GSE118995,30332658
GSE118997,31959746
GSE118999,31959746
GSE119006,31862000
GSE119020,30683844
GSE119029,30337919
GSE119047,30366940
GSE119051,31542774
GSE11906,19852842
GSE119066,30170615
GSE119081,30392959
GSE119086,30220457
GSE119088,30220457
GSE119094,30412255
GSE119117,30222771
GSE119140,30763398
GSE119143,32295893
GSE119143,34113649
GSE119182,30382200
GSE119260,32000564
GSE11927,18794292
GSE119270,31527834
GSE119311,30496528
GSE119322,30938456
GSE119352,30343900
GSE119385,30274982
GSE119407,31045573
GSE119420,31044053
GSE119422,30605667
GSE119432,31256208
GSE119437,30333121
GSE119453,30858613
GSE119453,32888494
GSE119453,37596262
GSE119463,30566880
GSE119467,30814124
GSE119474,31373884
GSE119485,31253655
GSE119485,31340143
GSE119488,30916335
GSE119500,30325306
GSE119509,30566880
GSE119518,30458308
GSE119521,30566880
GSE119532,31146783
GSE119546,32012890
GSE119562,30413361
GSE119562,38956378
GSE119567,31053533
GSE119568,31053533
GSE119569,31053533
GSE119600,31076612
GSE11961,23027924
GSE119641,31296738
GSE119655,30626926
GSE119663,30986246
GSE119665,30325306
GSE119666,30325306
GSE119688,30629778
GSE119709,31836668
GSE119716,33372065
GSE119719,30632432
GSE11972,18799003
GSE119724,30645593
GSE119724,38623411
GSE119731,34285924
GSE119732,34285924
GSE119734,34285924
GSE119757,30511964
GSE119758,30511964
GSE119759,30511964
GSE119762,31556482
GSE119772,30532051
GSE119793,30704526
GSE119808,31941829
GSE11981,18754008
GSE119813,31941829
GSE119824,34613780
GSE119825,33361815
GSE119829,32075734
GSE119830,32075734
GSE119831,32075734
GSE119832,30237855
GSE11986,19014460
GSE119871,30459712
GSE119875,30530502
GSE119883,32694784
GSE119886,32290274
GSE119928,30237242
GSE119930,31531882
GSE119931,31531882
GSE119937,30345349
GSE119946,31218107
GSE119946,33425485
GSE119979,33361815
GSE119996,30397335
GSE119997,30397335
GSE119998,30318414
GSE119999,32042151
GSE120003,31216485
GSE120004,30446660
GSE120005,30446660
GSE120006,30446660
GSE120017,31531882
GSE120022,31026806
GSE120027,30397205
GSE120047,36920782
GSE120057,31131328
GSE120058,31131328
GSE120059,31131328
GSE120060,31131328
GSE120073,30455465
GSE120085,31151404
GSE120099,30528432
GSE12011,18694566
GSE12012,18694566
GSE120121,30962591
GSE120141,31151404
GSE120158,31151404
GSE120160,31151404
GSE120160,37005657
GSE120181,31805186
GSE120190,32764691
GSE120207,34353949
GSE120208,31162144
GSE120239,30291161
GSE120241,31905853
GSE120241,34911954
GSE120250,30239726
GSE120252,33664480
GSE120262,30559439
GSE120284,32045043
GSE120293,30665597
GSE120294,30397335
GSE120297,30718512
GSE120298,30718512
GSE120299,30507613
GSE120305,30355484
GSE120314,30518632
GSE12033,19701459
GSE12034,16968779
GSE12034,25035411
GSE12035,19701459
GSE120370,31048498
GSE12038,18775308
GSE12039,18694566
GSE120391,31201646
GSE120399,30979898
GSE12040,17668415
GSE120429,30887000
GSE12050,19056587
GSE120514,30404014
GSE120540,31932810
GSE120542,31932810
GSE120543,31932810
GSE120559,30523111
GSE120568,30523111
GSE120571,30476196
GSE120571,37640706
GSE120572,30523111
GSE120575,30388456
GSE120597,30359577
GSE120648,30590035
GSE120650,30523111
GSE120660,30305041
GSE120660,33976187
GSE120664,32393884
GSE120668,32393884
GSE120669,32393884
GSE120678,30503141
GSE120693,38580917
GSE120695,30503770
GSE120697,30385764
GSE120698,30385764
GSE120711,30413360
GSE120716,30566875
GSE120724,32423473
GSE120738,30464211
GSE120741,30464211
GSE120742,30464211
GSE120755,30598549
GSE120774,31513547
GSE120793,30737083
GSE120836,30739589
GSE120837,30739589
GSE120838,30739589
GSE120854,31851934
GSE120856,31396265
GSE120857,31396265
GSE120858,31396265
GSE120859,31396265
GSE120935,31122257
GSE120950,30692203
GSE120951,30692203
GSE120952,30692203
GSE120953,30692203
GSE121002,30638736
GSE121007,33150374
GSE121015,31145872
GSE121024,32102997
GSE121077,29778662
GSE121086,30659795
GSE121094,30366908
GSE12113,18852131
GSE121131,31826865
GSE12116,19055773
GSE121168,31015230
GSE121168,34440533
GSE121172,30538543
GSE121177,30526862
GSE121178,30474258
GSE121178,32468058
GSE12118,19055773
GSE121183,31666517
GSE121183,33568457
GSE121192,32264938
GSE121198,31391455
GSE121198,32321567
GSE121198,35326450
GSE121199,31171808
GSE121212,30641038
GSE121212,31891686
GSE121212,35862195
GSE12124,18669862
GSE121255,31582744
GSE121267,30575716
GSE121276,31578521
GSE121277,31578521
GSE121284,30575716
GSE121286,31217349
GSE121287,30575716
GSE121299,32214314
GSE121301,31465999
GSE121301,32289119
GSE121316,30659200
GSE121317,30659200
GSE121319,31276604
GSE121320,30771488
GSE121321,30659200
GSE121325,38802496
GSE121326,30487180
GSE121349,32188504
GSE121350,32188504
GSE121352,32188504
GSE121355,31402173
GSE121359,31842752
GSE121370,32655837
GSE121376,30664768
GSE121386,30575716
GSE121393,30575716
GSE12140,18936300
GSE121423,31411564
GSE121448,32818230
GSE121462,30472010
GSE121467,30254141
GSE121471,32276965
GSE121481,30395586
GSE121492,32330454
GSE121537,30606845
GSE121541,31018121
GSE121542,31018121
GSE121545,30409805
GSE121546,30409805
GSE121547,30409805
GSE121550,30635805
GSE121574,31611390
GSE121580,31447391
GSE121588,30385793
GSE121590,30785807
GSE121597,30568299
GSE121598,30568299
GSE121599,30568299
GSE121611,30554520
GSE121626,31334126
GSE121634,32878980
GSE121653,31242409
GSE121682,30486888
GSE12172,19010816
GSE121729,34035282
GSE121734,31018121
GSE121735,31018121
GSE121736,33391480
GSE121740,31202576
GSE121741,31202576
GSE121742,31202576
GSE121755,30718506
GSE121761,31537788
GSE121762,31537788
GSE121763,31537788
GSE121768,31852898
GSE121793,30774990
GSE121803,32025032
GSE121810,30742122
GSE121816,31104839
GSE121817,31104839
GSE121821,31104839
GSE121822,31104839
GSE121823,31104839
GSE121826,31104839
GSE121836,32103173
GSE121837,32103173
GSE121838,32103173
GSE121857,30517867
GSE121859,30564233
GSE121880,31804970
GSE121906,30894485
GSE121923,30661753
GSE121930,31962291
GSE121931,31350847
GSE121931,31962291
GSE121932,31962291
GSE121935,30661753
GSE121957,30418965
GSE121961,30932294
GSE121978,30951672
GSE121984,31293546
GSE121985,31293546
GSE121986,31293546
GSE121987,31293546
GSE121994,30397335
GSE121996,31073224
GSE121996,31357577
GSE121996,31947648
GSE121999,31216486
GSE122027,32957918
GSE122038,31802000
GSE122040,31300418
GSE122043,30595533
GSE122044,31251698
GSE122067,30510213
GSE122071,30467178
GSE122108,27327993
GSE122108,36708514
GSE122113,30661753
GSE122119,30661753
GSE122128,30397335
GSE122148,31015518
GSE122161,31784538
GSE122161,32471953
GSE122162,31784538
GSE122162,32471953
GSE122163,31784538
GSE122163,32471953
GSE122164,31784538
GSE122164,32471953
GSE122166,31784538
GSE122166,32471953
GSE122167,32005798
GSE12218,18758466
GSE122189,30612136
GSE122189,32655995
GSE122191,31030944
GSE122200,32521264
GSE122202,31406254
GSE122204,30705153
GSE122218,30574141
GSE122223,30574141
GSE122228,33070315
GSE122231,24144643
GSE122231,26022710
GSE122261,35194965
GSE12228,19309508
GSE12229,19309508
GSE122292,32385332
GSE122300,32385332
GSE122314,31418686
GSE122329,30604742
GSE122329,38540357
GSE122330,30604742
GSE122330,38540357
GSE122331,30604742
GSE122331,38540357
GSE122332,30604742
GSE122332,38540357
GSE122344,31102142
GSE122367,31390564
GSE122367,32929410
GSE122383,30686763
GSE122385,30686763
GSE122400,30884816
GSE122433,31923184
GSE122438,30559668
GSE122457,32213289
GSE122481,33495575
GSE122489,30622257
GSE122494,30768126
GSE122498,30568303
GSE12250,19309508
GSE122505,31918046
GSE122506,32407006
GSE122507,32407006
GSE122508,32407006
GSE122511,31918046
GSE122515,31918046
GSE122517,31918046
GSE122517,34040261
GSE122525,32817553
GSE122526,32817553
GSE122528,32817553
GSE12253,20382889
GSE122531,30610013
GSE122538,30487219
GSE122542,31752022
GSE122557,31159833
GSE122565,32208170
GSE122572,31925334
GSE122573,31159833
GSE122574,31159833
GSE122575,31159833
GSE122576,30958261
GSE122577,30958261
GSE122578,30958261
GSE122589,30655337
GSE122613,32407006
GSE122624,30602780
GSE122635,30668923
GSE122659,31110217
GSE122661,30686581
GSE122677,30944225
GSE122697,31229557
GSE122703,30718356
GSE122703,35390145
GSE122710,31419161
GSE12272,18998772
GSE122724,32558077
GSE122734,30681409
GSE122735,31492853
GSE122752,31308175
GSE122756,31014396
GSE122757,31014396
GSE122758,31014396
GSE122767,30605676
GSE122784,36669105
GSE122785,31329596
GSE122785,35621025
GSE122815,31156629
GSE122826,31492853
GSE122841,30619416
GSE122866,31234785
GSE122876,30631056
GSE122877,32220312
GSE122906,31416833
GSE122918,32514071
GSE122918,36938415
GSE122920,32064499
GSE122920,32991787
GSE122922,33096335
GSE122923,33096335
GSE122924,33096335
GSE122932,30609410
GSE122933,30733564
GSE122934,31331920
GSE122940,32205878
GSE122941,32205878
GSE122942,32205878
GSE122943,32205878
GSE122945,32205878
GSE122946,32205878
GSE122958,31492853
GSE122960,30554520
GSE122994,32064499
GSE122994,32991787
GSE12305,19240692
GSE123068,30926812
GSE123078,30971824
GSE123082,32407006
GSE123086,31358043
GSE123087,31358043
GSE123088,31358043
GSE123100,32115746
GSE123109,31332313
GSE123112,29155150
GSE12316,19646876
GSE123180,30553769
GSE123187,32076263
GSE123195,30941426
GSE12323,21124915
GSE123248,31235565
GSE123250,33667649
GSE123253,30621044
GSE123292,31324780
GSE123333,30930119
GSE123370,32385332
GSE123375,32393661
GSE123377,32393661
GSE123378,32393661
GSE123395,30963568
GSE123405,32727470
GSE123408,30690589
GSE123437,30833353
GSE123437,34544281
GSE123449,33737576
GSE123454,30586455
GSE123456,30872783
GSE123459,30575749
GSE123471,30936474
GSE123473,30936474
GSE123474,30936474
GSE123476,28111004
GSE123480,32427842
GSE123481,32427842
GSE123482,32427842
GSE123485,31698461
GSE12350,19826428
GSE123507,30625328
GSE123507,33016879
GSE123522,34066536
GSE123534,32445619
GSE123543,31923394
GSE123557,32385332
GSE123560,32060266
GSE12358,18849451
GSE12359,18849451
GSE123594,30891857
GSE123627,30605524
GSE123627,35104843
GSE123630,31204170
GSE123646,31406163
GSE12365,18849451
GSE123678,31533980
GSE123678,33720519
GSE123678,35563134
GSE123680,31403184
GSE123682,31533980
GSE123682,33720519
GSE123686,30641895
GSE123689,30597065
GSE123728,30804515
GSE123729,31075840
GSE123729,35844509
GSE123730,31075840
GSE123730,35844509
GSE123731,31075840
GSE123731,35844509
GSE123740,33772001
GSE123741,31456285
GSE123742,31456285
GSE123743,31456285
GSE123747,31406377
GSE123751,31467126
GSE12378,19040532
GSE123794,31406377
GSE123796,31406377
GSE123797,31406377
GSE123798,31406377
GSE123799,31406377
GSE123800,31406377
GSE123802,31374856
GSE123802,33879258
GSE123803,31374856
GSE123803,33879258
GSE123804,31374856
GSE123804,33879258
GSE123812,31359002
GSE123813,31359002
GSE123814,31359002
GSE123830,31053162
GSE123864,30951671
GSE123864,30951672
GSE123865,30951671
GSE123865,30951672
GSE123866,30951671
GSE123866,30951672
GSE123875,31669422
GSE123876,31882815
GSE12388,18687966
GSE123882,31053162
GSE123885,31053162
GSE123886,31027998
GSE123887,31027998
GSE123888,31027998
GSE123892,31533980
GSE123892,33720519
GSE123892,35563134
GSE123893,31669422
GSE123894,31669422
GSE123896,31669422
GSE123911,31142640
GSE123912,31142640
GSE123922,30779711
GSE123926,30770823
GSE123937,30962288
GSE123940,30735634
GSE123941,32159514
GSE123943,32029838
GSE12395,19178722
GSE123951,31354981
GSE123963,31374856
GSE123963,33879258
GSE123973,30778087
GSE123984,31811116
GSE123989,31836708
GSE123993,31138136
GSE124011,31815603
GSE12402,20385809
GSE12402,23319655
GSE124021,31405179
GSE12403,20385809
GSE12403,23319655
GSE124035,32730243
GSE12404,23319655
GSE12404,25684030
GSE124044,30913248
GSE124102,31123029
GSE124134,31702556
GSE124135,31702556
GSE124136,31702556
GSE124141,31702556
GSE124142,31702556
GSE124161,30822414
GSE124167,31530843
GSE12417,18716133
GSE12417,33225420
GSE124170,30833353
GSE124171,31191544
GSE124174,30886407
GSE124191,31784727
GSE124193,31784727
GSE124199,30926812
GSE124200,31702556
GSE124201,31702556
GSE12422,19122213
GSE124253,31443657
GSE124258,31443657
GSE124260,32054698
GSE124261,32054698
GSE124262,32054698
GSE124265,31443657
GSE124275,31924774
GSE124278,31924774
GSE124279,31924774
GSE124280,31924774
GSE124285,30808698
GSE124285,33109764
GSE124290,31819221
GSE124307,32313019
GSE124323,32059772
GSE124324,32059772
GSE124325,32059772
GSE124346,31446835
GSE124388,31155351
GSE124391,31501549
GSE124392,31265809
GSE124396,35190532
GSE124401,30852379
GSE124402,30852379
GSE124405,30852379
GSE124420,31170154
GSE124443,31155504
GSE124450,30952905
GSE124451,30952905
GSE124472,31265809
GSE124497,31053165
GSE124497,38643244
GSE124501,31484443
GSE12453,18794340
GSE12453,24376854
GSE12453,29889102
GSE124535,30814741
GSE124535,32968453
GSE12457,18937310
GSE124579,30891496
GSE124610,30702441
GSE124622,31906131
GSE124622,34391780
GSE124636,31145973
GSE124637,31451521
GSE124653,31403184
GSE124675,30850393
GSE124691,31801070
GSE124704,31227306
GSE124715,32730293
GSE124719,33613536
GSE124721,34429546
GSE124745,32894169
GSE124757,30882958
GSE124791,31511635
GSE124794,30673129
GSE124795,30673129
GSE124796,30673129
GSE124804,31064740
GSE124826,30833784
GSE124831,30949682
GSE124858,30635013
GSE124859,30635013
GSE124860,30635013
GSE124862,30635013
GSE124870,35236346
GSE124876,30867051
GSE124885,32112047
GSE124885,33772013
GSE124891,30892142
GSE124891,31676784
GSE124892,30892142
GSE124892,31676784
GSE124893,30892142
GSE124893,31676784
GSE124898,30718356
GSE124898,35390145
GSE124899,30718356
GSE124899,35390145
GSE124903,31759698
GSE124911,31341159
GSE124912,31341159
GSE124913,31341159
GSE124914,31341159
GSE12493,19812599
GSE124930,31235935
GSE124947,30728292
GSE124992,32492433
GSE125004,31679176
GSE125016,31772167
GSE125024,31294790
GSE125040,30970016
GSE125040,32651197
GSE125051,32601060
GSE125054,32013867
GSE125092,31118289
GSE12511,19107207
GSE12514,19172291
GSE12515,18828674
GSE125158,30742728
GSE125182,30799147
GSE125205,31127177
GSE125206,31534547
GSE125207,30827684
GSE125208,30827684
GSE125209,30827684
GSE125210,30827684
GSE125212,31631013
GSE125213,31631013
GSE125214,31631013
GSE125240,31281898
GSE125295,31015412
GSE125298,30867589
GSE125317,31217904
GSE125354,31324766
GSE125367,31288860
GSE125368,31329973
GSE125392,31030285
GSE12540,19193860
GSE12540,20400566
GSE125423,31357577
GSE125424,31355778
GSE125449,31588021
GSE125458,30911006
GSE125460,32680723
GSE125508,34669463
GSE125519,32053631
GSE125522,31015529
GSE125527,32826341
GSE125547,30975452
GSE125589,30961659
GSE125667,30872492
GSE125668,31444346
GSE125669,31444346
GSE125670,31444346
GSE125671,31444346
GSE125676,30872492
GSE125683,31723143
GSE125688,31080134
GSE125691,30872492
GSE125693,31189876
GSE125733,30850646
GSE125740,30943410
GSE125743,31106149
GSE125743,31578346
GSE125747,30804043
GSE12576,19400950
GSE125765,32027689
GSE125771,31109707
GSE125771,34063989
GSE125771,35494231
GSE125771,36188622
GSE125794,31425511
GSE125797,31019095
GSE125805,31019265
GSE125851,30807115
GSE125857,30686763
GSE125916,32102931
GSE125930,31119329
GSE125945,35145080
GSE125956,37183231
GSE125974,31019051
GSE125982,32661239
GSE125989,31527824
GSE125999,31019265
GSE126003,32679107
GSE126004,32679107
GSE126005,33962884
GSE126006,32679107
GSE126008,33417778
GSE126053,19691111
GSE126064,31759129
GSE126066,31678057
GSE126077,32051560
GSE126077,32669713
GSE126078,31361600
GSE126078,33471819
GSE126079,30930171
GSE126080,30930171
GSE126090,31188831
GSE126098,30930171
GSE126112,32203384
GSE12612,19271269
GSE126124,31618209
GSE12613,19011629
GSE126169,31076528
GSE126191,31675998
GSE126223,32669713
GSE126224,32669713
GSE126225,32669713
GSE126226,32669713
GSE126227,32669713
GSE12623,20404162
GSE126253,31041561
GSE126268,31665635
GSE126269,33602823
GSE126273,33602823
GSE126274,33602823
GSE126287,33602823
GSE126288,33602823
GSE126297,31250031
GSE126310,31011186
GSE126310,31465740
GSE126316,30755422
GSE12632,19203396
GSE12632,29563966
GSE126348,31881983
GSE126349,31881983
GSE126350,31881983
GSE126351,31881983
GSE126353,32531271
GSE126378,30930171
GSE126386,31736877
GSE126388,30799483
GSE126388,30955884
GSE126398,31024170
GSE126400,31024170
GSE126401,31024170
GSE126403,31024170
GSE126406,31024170
GSE126410,32231311
GSE126411,32231311
GSE126412,32231311
GSE126413,32231311
GSE126414,32231311
GSE126416,31348492
GSE126423,32483152
GSE126425,33298456
GSE126427,30826177
GSE126464,30971823
GSE12647,18729083
GSE126470,30975723
GSE126471,30975723
GSE126472,30975723
GSE126483,35752626
GSE126488,32034154
GSE126494,31492856
GSE126516,31187215
GSE126520,31012849
GSE126521,31012849
GSE126522,31012849
GSE126523,31012849
GSE126529,30914792
GSE126536,30955884
GSE126537,30955884
GSE126538,30955884
GSE126539,30955884
GSE126565,32759968
GSE126574,32188932
GSE126587,33266321
GSE126587,38049085
GSE126613,30975723
GSE126656,30917316
GSE12667,18948947
GSE126680,31413296
GSE126683,31331909
GSE126683,36606322
GSE126685,31315889
GSE126689,31315889
GSE126689,32986844
GSE126696,30962421
GSE126715,33268787
GSE126716,33268787
GSE126724,33637727
GSE126725,33506198
GSE126725,36353180
GSE126749,30902986
GSE126772,32001677
GSE126799,35508495
GSE126814,30696826
GSE126823,30702441
GSE12684,19234305
GSE126850,31257184
GSE126852,29808619
GSE126883,31379949
GSE126885,30996346
GSE126888,30996254
GSE126892,31232447
GSE126903,30488488
GSE126904,30488488
GSE126905,30488488
GSE126914,30897080
GSE12692,19289832
GSE126985,31950077
GSE126988,30940805
GSE126990,31204999
GSE127002,31142655
GSE127004,31515109
GSE127060,31515109
GSE127079,34593836
GSE12713,19424418
GSE127165,32487167
GSE127165,33234130
GSE127165,37205188
GSE127171,31098403
GSE127180,32203145
GSE127186,32989249
GSE127186,33921436
GSE127222,31186409
GSE127332,31908037
GSE127333,31110180
GSE127344,31265809
GSE12743,19470782
GSE12744,19470782
GSE12745,19470782
GSE12746,19470782
GSE127465,30979687
GSE127468,32157726
GSE12747,19470782
GSE127501,33558653
GSE127502,33558653
GSE127503,33558653
GSE127503,38443365
GSE127504,33558653
GSE127504,38443365
GSE12767,19027158
GSE12768,18818281
GSE127706,36100324
GSE127706,36290085
GSE127707,30831192
GSE127724,31027966
GSE127736,31073028
GSE127760,31727690
GSE127764,31110180
GSE127789,31243106
GSE127790,31747613
GSE127793,31585079
GSE12781,19122651
GSE12781,19706456
GSE12783,19122651
GSE12783,19706456
GSE127831,31748229
GSE127831,34009107
GSE127831,37603573
GSE127831,38709823
GSE127832,31363221
GSE127852,31086203
GSE127865,31209053
GSE127866,31209053
GSE127867,31209053
GSE127868,31209053
GSE127870,31209053
GSE127873,34035068
GSE127884,31018141
GSE127884,38539015
GSE127885,30963110
GSE127892,31018141
GSE127892,38539015
GSE127893,31018141
GSE127893,38539015
GSE127894,35394046
GSE127896,31094678
GSE127912,31116980
GSE127913,31116980
GSE127914,31116980
GSE127918,31965050
GSE127918,33749894
GSE127918,35597810
GSE127940,31641121
GSE127948,31227503
GSE127965,31110180
GSE127967,30963107
GSE127972,31111599
GSE127983,31755865
GSE127984,32661325
GSE127987,31112699
GSE127989,31554327
GSE128005,31664194
GSE128020,30898137
GSE128029,30917316
GSE128030,30917316
GSE128040,30982740
GSE128053,31319606
GSE128062,33109764
GSE128066,30967541
GSE128087,31444215
GSE128088,31140921
GSE128088,32228459
GSE128093,31015473
GSE128100,31531882
GSE128115,34593836
GSE128174,31015486
GSE128198,32499651
GSE128207,32094452
GSE128212,33970999
GSE128213,33711267
GSE128218,31996670
GSE128221,32494069
GSE128223,31118283
GSE128225,32494069
GSE128227,32494069
GSE128236,32494069
GSE128238,32494069
GSE128245,30975723
GSE128273,31316066
GSE128276,31733517
GSE128284,31747600
GSE128295,31036928
GSE128305,31147464
GSE128305,31249869
GSE128306,32690906
GSE128308,32111885
GSE128322,32341360
GSE128323,32341360
GSE128324,32341360
GSE12835,18823559
GSE128357,31956040
GSE128367,33238137
GSE128367,34151300
GSE128387,32509197
GSE128415,31969705
GSE128459,31585941
GSE128494,33514742
GSE128504,33127955
GSE12851,20008573
GSE128520,32402251
GSE128523,31234850
GSE128537,31980617
GSE128553,32367190
GSE128553,36797258
GSE128565,36113773
GSE128569,31187329
GSE128571,31286141
GSE128574,32402251
GSE128575,32402251
GSE128580,35121941
GSE128582,35121941
GSE128591,31091446
GSE128592,31091446
GSE128593,31091446
GSE128594,31091446
GSE128614,31628327
GSE128614,31699819
GSE128614,31722205
GSE128621,31628327
GSE128621,31699819
GSE128621,31722205
GSE128622,31628327
GSE128622,31699819
GSE128622,31722205
GSE128631,30788515
GSE128632,31243293
GSE128639,31178118
GSE128641,31053729
GSE128655,33721894
GSE128657,31587991
GSE128658,31587991
GSE128659,31587991
GSE12866,19236707
GSE128661,32385235
GSE128661,36475892
GSE128662,31587991
GSE128662,32362324
GSE128676,32956836
GSE128696,31921138
GSE128706,32037375
GSE128708,32432483
GSE128709,32432483
GSE128723,30995102
GSE128724,31390564
GSE128724,32929410
GSE128735,31024538
GSE128748,32237262
GSE128783,31647206
GSE128784,31647206
GSE128786,31647206
GSE128789,31647206
GSE128795,31647206
GSE128801,31160375
GSE128816,33552054
GSE128822,32125291
GSE128822,34552178
GSE128831,32017896
GSE128832,32017896
GSE128833,31964861
GSE128834,31964861
GSE128835,31964861
GSE128836,31964861
GSE128837,31964861
GSE128845,31768607
GSE128846,31768607
GSE128847,31768607
GSE128853,31822798
GSE128880,32341360
GSE128901,38627364
GSE128913,31043582
GSE128914,31296250
GSE128931,30985881
GSE128935,32213289
GSE128949,31205472
GSE128952,36949074
GSE128983,33973518
GSE128997,31633483
GSE129000,32030468
GSE129006,31562139
GSE129030,34022742
GSE129044,31304677
GSE129044,31921138
GSE129074,31160712
GSE129107,31235935
GSE129150,31209379
GSE129166,31378695
GSE129192,31792212
GSE129205,35013221
GSE129219,36111561
GSE12922,18983962
GSE129222,31908002
GSE12923,19536208
GSE12923,25806405
GSE129290,31173718
GSE129290,32321511
GSE129303,32371941
GSE129303,37264042
GSE129305,34520743
GSE129325,31126966
GSE129334,31109956
GSE129336,31396262
GSE129336,37107179
GSE129337,31554806
GSE129339,31554806
GSE129343,32371941
GSE129347,31578081
GSE129359,30967529
GSE129363,32066997
GSE129378,33483495
GSE129380,31564637
GSE129381,31564637
GSE129382,31564637
GSE129389,31388629
GSE129393,34846534
GSE12940,32699267
GSE12940,33552094
GSE12941,20388846
GSE129471,31021473
GSE129479,31123710
GSE129481,32176820
GSE129491,31768607
GSE129499,32988975
GSE129501,31495563
GSE129507,31239324
GSE129516,31398325
GSE129516,35973424
GSE129539,31736786
GSE129545,36006872
GSE129565,31110243
GSE129566,31110243
GSE129567,31110243
GSE129568,31110243
GSE129578,31209384
GSE129582,33148793
GSE129585,31053643
GSE129585,31439663
GSE12959,20016837
GSE129596,31308078
GSE129613,32015501
GSE129613,33150865
GSE129616,32426497
GSE129631,34253898
GSE129685,31336727
GSE12971,19478080
GSE12971,19812418
GSE129715,33148793
GSE129722,31209068
GSE129724,31872076
GSE129743,32132863
GSE129779,31391455
GSE129779,32321567
GSE129779,35326450
GSE129780,31391455
GSE129780,32321567
GSE129780,35326450
GSE129781,31391455
GSE129781,32321567
GSE129781,35326450
GSE129782,31391455
GSE129782,32321567
GSE129782,35326450
GSE129783,31391455
GSE129783,32321567
GSE129783,35326450
GSE129784,31391455
GSE129784,35326450
GSE129785,31375813
GSE129788,31551601
GSE129811,31523008
GSE129836,31303997
GSE129852,32255245
GSE129853,32255245
GSE129854,32255245
GSE129855,32255245
GSE129856,32255245
GSE129864,32681188
GSE12988,21257794
GSE129881,31695038
GSE129902,31188901
GSE129906,31533032
GSE12991,19240133
GSE130000,34992217
GSE13002,18619725
GSE130029,31053557
GSE130029,31427643
GSE130030,31053557
GSE130030,31427643
GSE130045,32213713
GSE130121,32730745
GSE130155,32479508
GSE130186,32027307
GSE130195,31113851
GSE130201,31668803
GSE130209,38931108
GSE130219,31915293
GSE130226,31126900
GSE130246,31855178
GSE130249,31353224
GSE130251,32179550
GSE130272,31142509
GSE130306,32220303
GSE130324,31597643
GSE13033,19023330
GSE13034,19023330
GSE130340,33450185
GSE130341,33450185
GSE130344,33450185
GSE130345,33450185
GSE130349,32606006
GSE13035,19023330
GSE130350,32606006
GSE130351,32606006
GSE130353,31088495
GSE130358,31380274
GSE130359,31380274
GSE130359,31685921
GSE130362,32497259
GSE130365,33462494
GSE130383,33503407
GSE130383,35496794
GSE130383,36610795
GSE130385,33833385
GSE130404,31126916
GSE130452,32376827
GSE130468,31399586
GSE130474,31422869
GSE130475,31422869
GSE130476,31214234
GSE130478,31300673
GSE130485,31182587
GSE130491,31300673
GSE130494,31300673
GSE130499,31161938
GSE130525,33048844
GSE130525,38049085
GSE130538,31152140
GSE130539,31152140
GSE130540,31152140
GSE130551,33948573
GSE130553,34616061
GSE130554,31582414
GSE130559,31409710
GSE13056,18950829
GSE130604,29982879
GSE130605,33234130
GSE130605,37205188
GSE130608,31330067
GSE130613,31848250
GSE130616,31138768
GSE130635,31112563
GSE130655,31433990
GSE130657,32014461
GSE130679,32231867
GSE130684,31481951
GSE130688,35567709
GSE130711,31501549
GSE130711,35419551
GSE130720,31095587
GSE130734,31142640
GSE130737,31196980
GSE130748,31149338
GSE130751,31185214
GSE130763,31112137
GSE130772,31209406
GSE130773,31209406
GSE130774,31209406
GSE130775,31209406
GSE130784,32382044
GSE130803,34758338
GSE130838,31110021
GSE130839,31110021
GSE130840,31110021
GSE130856,32046454
GSE130857,31731490
GSE130899,32796847
GSE130901,31213562
GSE130901,36453940
GSE130906,31287994
GSE130918,32898249
GSE130920,32160543
GSE130920,35760778
GSE130921,32160543
GSE130921,35760778
GSE130922,32160543
GSE130922,35760778
GSE130926,33589603
GSE130935,32190913
GSE130949,31488827
GSE13095,19515086
GSE130974,31340144
GSE13098,19369426
GSE13098,26717982
GSE130983,31554736
GSE130984,31784259
GSE13099,19369426
GSE13099,26717982
GSE131028,33594975
GSE131031,31168092
GSE131032,31253778
GSE131039,32908310
GSE131041,32152281
GSE131058,31450981
GSE131077,31598571
GSE131085,31840082
GSE13114,23455955
GSE131140,31840082
GSE131142,31840082
GSE131165,31488567
GSE131181,31201182
GSE131192,34616061
GSE131201,32289254
GSE131213,33594975
GSE131251,31932810
GSE131252,31932810
GSE131276,37723865
GSE131283,33594975
GSE131291,31847788
GSE131326,34616061
GSE131339,31792212
GSE131340,33724187
GSE131354,34616061
GSE131356,31599722
GSE131358,31715132
GSE131359,31191543
GSE131360,34616061
GSE131365,31149730
GSE131368,31792212
GSE131373,32379046
GSE131374,32379046
GSE131376,32379046
GSE131381,32908142
GSE131388,32503921
GSE131389,32503921
GSE131390,32503921
GSE131393,34616061
GSE131406,34616061
GSE131410,31924647
GSE131412,32379046
GSE131413,32379046
GSE131420,31841113
GSE131427,34616061
GSE131430,34616061
GSE131432,37400850
GSE131455,32088381
GSE131482,34545083
GSE131489,32619460
GSE131490,32619460
GSE131492,32619460
GSE131493,32619460
GSE131498,32685006
GSE131498,36737797
GSE13150,19536208
GSE13150,25806405
GSE131500,33667385
GSE131501,34616061
GSE131503,31242426
GSE131507,32471474
GSE131509,34616061
GSE13151,19029904
GSE131519,34616061
GSE131534,32466671
GSE13155,19536202
GSE131550,31890740
GSE131554,34616061
GSE131557,34616061
GSE131558,32259483
GSE13156,21092110
GSE13156,22659651
GSE131570,34616061
GSE131598,35066810
GSE131600,32755548
GSE131627,31253200
GSE131629,32194870
GSE13163,19668219
GSE131630,31900405
GSE131636,32317642
GSE131641,31628150
GSE131646,31136199
GSE131649,34663594
GSE131661,32619460
GSE131671,35105868
GSE131679,32327756
GSE131702,31201211
GSE131706,31681403
GSE131739,32162843
GSE131740,32162843
GSE131741,32162843
GSE131755,32471474
GSE131757,34616061
GSE131765,35141286
GSE131766,34616061
GSE131771,34616061
GSE131773,32194870
GSE131774,31226122
GSE131776,31359001
GSE131777,31359001
GSE131778,31359001
GSE131778,35430876
GSE131779,31359001
GSE131780,31359001
GSE131795,32321940
GSE131796,31619570
GSE131807,31542297
GSE131821,31775188
GSE131836,34616061
GSE131867,34616061
GSE131889,34616061
GSE131897,31343987
GSE131904,34616061
GSE131905,31447864
GSE131913,34616061
GSE131928,31327527
GSE131930,34616061
GSE131935,31231035
GSE131936,31355779
GSE131937,31231035
GSE131941,31292135
GSE131951,34616061
GSE131956,31748743
GSE131959,32534961
GSE131960,32534961
GSE131961,32534961
GSE131963,27821781
GSE131963,31184997
GSE131969,31722716
GSE131988,31811116
GSE132011,31428934
GSE132025,31433977
GSE132045,31591446
GSE132050,33648633
GSE13206,19135889
GSE132060,34616061
GSE13207,19135889
GSE132077,31189531
GSE132077,34732703
GSE132078,31189531
GSE132078,34732703
GSE132079,31189531
GSE132079,34732703
GSE13208,19135889
GSE132089,32976767
GSE132089,35265611
GSE13209,19135889
GSE132090,31484061
GSE132101,34616061
GSE132107,32049047
GSE132114,34616061
GSE132126,34616061
GSE132127,31291576
GSE132132,33088283
GSE132135,34616061
GSE132143,32972203
GSE132144,32972203
GSE132145,32972203
GSE132146,32972203
GSE132149,32049047
GSE132172,31151460
GSE132178,31353801
GSE1322,16361876
GSE132226,31320627
GSE132237,31955846
GSE132238,31955846
GSE132239,31406378
GSE132240,31406378
GSE132241,31406378
GSE132243,31511511
GSE132248,31955846
GSE132250,31955846
GSE132257,32451460
GSE132265,31310588
GSE132269,32686664
GSE13229,19234143
GSE13229,22267813
GSE132290,32460018
GSE132291,32460018
GSE132292,32460018
GSE132293,32460018
GSE132316,31662474
GSE132320,31481663
GSE132321,31481663
GSE132322,31481663
GSE132324,31481663
GSE132326,33536616
GSE132329,33536616
GSE132330,33536616
GSE132336,32289119
GSE132338,33363531
GSE132342,32473302
GSE132343,31815181
GSE13236,22046374
GSE132391,31519522
GSE132395,31519522
GSE132398,31519522
GSE132400,31519522
GSE132403,31974223
GSE132405,34616061
GSE13243,19377048
GSE132440,33536616
GSE132445,34616061
GSE132456,34616061
GSE132458,32180561
GSE132463,34616061
GSE132465,32451460
GSE132471,33372158
GSE132484,34616061
GSE132489,34616061
GSE132498,34616061
GSE132503,34616061
GSE132506,32686664
GSE132516,32176824
GSE132541,34616061
GSE132542,31238586
GSE132554,31969991
GSE132558,32686664
GSE132565,34240584
GSE132566,31474513
GSE132571,34616061
GSE132601,34616061
GSE132609,34616061
GSE132621,34616061
GSE132628,31733138
GSE132629,34616061
GSE132639,34616061
GSE132670,31327173
GSE132672,31996853
GSE132676,34616061
GSE132692,34616061
GSE132700,34616061
GSE132710,34616061
GSE13272,19135889
GSE132724,32369597
GSE132729,31813670
GSE132730,32442405
GSE132730,32499648
GSE132730,36209152
GSE132738,31248899
GSE132745,33357405
GSE132746,33357405
GSE132767,31406378
GSE132768,31406378
GSE132770,31406377
GSE132781,32197070
GSE132803,33859437
GSE132813,32332020
GSE132827,34711954
GSE132835,31365872
GSE132852,32541654
GSE132853,32541654
GSE132854,32541654
GSE132859,32086365
GSE132860,32086365
GSE132861,32086365
GSE132886,33258951
GSE132886,39010112
GSE132920,33148793
GSE132927,31578390
GSE132929,33792219
GSE132953,36207293
GSE132962,31412686
GSE132964,31353074
GSE132965,32320667
GSE13299,19536202
GSE132990,32369597
GSE133015,31399586
GSE133017,31399586
GSE133025,28808057
GSE133025,31053643
GSE133025,31439663
GSE133031,31353074
GSE133032,31353074
GSE133036,32025032
GSE133069,31435009
GSE133083,31391335
GSE133090,31515109
GSE133094,32908142
GSE133095,31733287
GSE133102,33232656
GSE133110,34784250
GSE133110,38081939
GSE133141,32098766
GSE133200,35947672
GSE133207,31959746
GSE133208,31959746
GSE133209,31959746
GSE133230,32396852
GSE133236,32487761
GSE133237,32487761
GSE133238,32487761
GSE133239,32487761
GSE13324,19544454
GSE133240,32487761
GSE133241,32487761
GSE133245,31378673
GSE133246,32541654
GSE133248,31378673
GSE133253,33199802
GSE133253,33557303
GSE133254,31519912
GSE133283,36197007
GSE133283,36450771
GSE133290,37769126
GSE13332,19118031
GSE133323,31327044
GSE13335,19109899
GSE133357,31350310
GSE133360,31350310
GSE133362,31350310
GSE133379,33045726
GSE13338,19246385
GSE133382,31784286
GSE133391,31422906
GSE133396,31519912
GSE133405,32913532
GSE133406,37400850
GSE133408,32170290
GSE133428,31640782
GSE133428,33123010
GSE133454,32868912
GSE133456,32117359
GSE133477,31419544
GSE133506,32161327
GSE133506,37816864
GSE133511,32577618
GSE133529,31511425
GSE133530,32622528
GSE133535,32051003
GSE133535,32518403
GSE133536,32051003
GSE133536,32518403
GSE133537,32051003
GSE133537,32518403
GSE133538,32051003
GSE133538,32518403
GSE133539,32051003
GSE133539,32518403
GSE133540,32051003
GSE133540,32518403
GSE133541,32051003
GSE133541,32518403
GSE133542,32051003
GSE133542,32518403
GSE133543,32051003
GSE133543,32518403
GSE133544,32051003
GSE133544,32518403
GSE133545,32051003
GSE133545,32518403
GSE133546,32051003
GSE133546,32518403
GSE133547,32051003
GSE133547,32518403
GSE133548,32051003
GSE133548,32518403
GSE133549,32518403
GSE13355,19169254
GSE13355,21129726
GSE13355,21483750
GSE133587,31504242
GSE133601,32512511
GSE133620,31358969
GSE133621,31358969
GSE133622,31358969
GSE133623,31358969
GSE133624,31358969
GSE133625,31358969
GSE133655,34732721
GSE133671,31358969
GSE133682,33619534
GSE133697,33730576
GSE133719,31559901
GSE13375,19028886
GSE133753,31695197
GSE133757,31710289
GSE133758,32221409
GSE13377,19224982
GSE133774,31829238
GSE133774,32928291
GSE133787,31551709
GSE133807,32664318
GSE133813,34552568
GSE133837,32219437
GSE133844,32015501
GSE133863,33169013
GSE133868,32378719
GSE133876,33976187
GSE133886,31413369
GSE133892,31548373
GSE133905,33113353
GSE133913,31447688
GSE133925,31387917
GSE133928,32841603
GSE133955,34534448
GSE133956,34534448
GSE13397,20360852
GSE133975,31990682
GSE13398,20360852
GSE133989,32369735
GSE13399,20360852
GSE133992,31796518
GSE133994,32988399
GSE133995,31809738
GSE134027,32820719
GSE134028,32371941
GSE134048,32988399
GSE134068,31361602
GSE134068,33981968
GSE13408,21059851
GSE134109,34302498
GSE13412,19187765
GSE134137,33284790
GSE134139,31527834
GSE13415,19356248
GSE134155,31703622
GSE134161,32205878
GSE13417,23639116
GSE134175,31809738
GSE134178,31505254
GSE134196,31557719
GSE134201,31480541
GSE134203,31585079
GSE134219,32320643
GSE134221,32320643
GSE134222,32320643
GSE134223,32320643
GSE134224,32320643
GSE134225,32320643
GSE134238,33586677
GSE134241,31519904
GSE134243,31878883
GSE134252,31736098
GSE134253,31736098
GSE134254,32753692
GSE134284,33113353
GSE134285,33113353
GSE13430,19008212
GSE134300,33300287
GSE134301,33300287
GSE134302,33300287
GSE134306,33462494
GSE134308,33605558
GSE134308,36620589
GSE134330,32327701
GSE134331,33829052
GSE134336,32030835
GSE134339,33351795
GSE134339,33859742
GSE134340,31430893
GSE134359,32753692
GSE134377,33979654
GSE13438,19390088
GSE134382,31492853
GSE134385,31527834
GSE134392,33979654
GSE134393,33979654
GSE134394,33979654
GSE134395,33595864
GSE134397,33586677
GSE134398,33586677
GSE134403,33414472
GSE134406,31608026
GSE134406,34169004
GSE134406,35783403
GSE134406,38203573
GSE134410,33483627
GSE134413,31527834
GSE134419,31434886
GSE134474,34616061
GSE134475,31393856
GSE134482,36046338
GSE134484,34616061
GSE134487,33037696
GSE13449,19478080
GSE134490,34616061
GSE134499,31682594
GSE134499,34335968
GSE134500,31682594
GSE134500,34335968
GSE134507,34616061
GSE134509,31748204
GSE134516,32496553
GSE134520,31067475
GSE134520,33521016
GSE134524,34534448
GSE134527,34534448
GSE134528,34534448
GSE134529,34534448
GSE134534,32503921
GSE134540,31736098
GSE134550,31541022
GSE13456,25049506
GSE134564,31541022
GSE134565,31541022
GSE134566,31541022
GSE13458,19478080
GSE13459,19478080
GSE134593,34616061
GSE134595,31599491
GSE134617,34616061
GSE134627,31402283
GSE134628,31402283
GSE134629,31402283
GSE134635,34616061
GSE134638,31402283
GSE13465,19008212
GSE134651,34040255
GSE134653,34616061
GSE134657,32888433
GSE134671,36643544
GSE134687,32130226
GSE134688,36345783
GSE134705,31835035
GSE134706,31835035
GSE134707,31835035
GSE134718,31515477
GSE134719,31515477
GSE134720,31515477
GSE134721,31515477
GSE134726,31447324
GSE134735,34068244
GSE134738,36345783
GSE134740,36345783
GSE134750,34616061
GSE134751,32514071
GSE134751,32686676
GSE134753,32514071
GSE134753,32686676
GSE134773,34616061
GSE134783,31603915
GSE134784,32344427
GSE134793,34616061
GSE134806,34616061
GSE134818,32297952
GSE134818,38132362
GSE134830,31591446
GSE134832,31591446
GSE134836,33712615
GSE134837,33712615
GSE134838,33712615
GSE134839,33712615
GSE13484,19029902
GSE134841,33712615
GSE134842,33712615
GSE13485,19029902
GSE134856,35789859
GSE134857,35789859
GSE134858,35789859
GSE134859,35789859
GSE13486,19029902
GSE134860,35789859
GSE134861,35789859
GSE134862,34616061
GSE134882,34616061
GSE134899,34616061
GSE134920,32144352
GSE134920,32290278
GSE134934,31497001
GSE134940,34616061
GSE134951,31582559
GSE134955,32319726
GSE134955,34480023
GSE134958,34616061
GSE134967,34616061
GSE134980,32494026
GSE134985,32024802
GSE13501,19565513
GSE135023,32242051
GSE135024,32242051
GSE135025,32242051
GSE135026,32242051
GSE135028,31371381
GSE135030,32418995
GSE135045,35669791
GSE135085,32589942
GSE135086,32589942
GSE135101,32015097
GSE135108,31827102
GSE135128,34389706
GSE135131,32919612
GSE135139,34616061
GSE13514,19018094
GSE135142,32393888
GSE135143,32393888
GSE135144,32393888
GSE135145,32393888
GSE135146,32393888
GSE135152,35137168
GSE135169,34616061
GSE135179,34616061
GSE135188,32277131
GSE135189,30570705
GSE135190,34593792
GSE135194,32556286
GSE135194,33372598
GSE135194,33919312
GSE135194,36292775
GSE135203,34616061
GSE135205,34790902
GSE135206,34790902
GSE135207,34790902
GSE135218,31663852
GSE135225,32023463
GSE135226,32023463
GSE135227,32023463
GSE135230,31408457
GSE135234,34616061
GSE135248,34616061
GSE135251,33268509
GSE135251,33762733
GSE135252,34616061
GSE135260,34616061
GSE135264,31553907
GSE135269,34616061
GSE135307,34616061
GSE135318,33060580
GSE135338,31746735
GSE135352,31527169
GSE135354,33060583
GSE135354,35837599
GSE135354,38251974
GSE135355,33060583
GSE135355,35837599
GSE135355,38251974
GSE135356,33060583
GSE135356,35837599
GSE135356,38251974
GSE135357,33060583
GSE135357,35837599
GSE135357,38251974
GSE135378,34790902
GSE135388,32001439
GSE135406,33004674
GSE135406,35259089
GSE135406,38123561
GSE135411,34694888
GSE135446,31851934
GSE135447,34616061
GSE135449,33637522
GSE135484,34616061
GSE135517,31533233
GSE135518,31533233
GSE135519,31533233
GSE135534,34616061
GSE135539,31873312
GSE135540,36747093
GSE135543,34616061
GSE135570,34616061
GSE135583,32439855
GSE135585,34616061
GSE135594,31740487
GSE135596,34616061
GSE135598,33691114
GSE135606,34616061
GSE135610,31784359
GSE135620,33149302
GSE135637,32920490
GSE135641,34616061
GSE135643,31671075
GSE135675,31611556
GSE135676,31611556
GSE135677,31611556
GSE135679,31611556
GSE135680,31611556
GSE135685,32290071
GSE135693,34380613
GSE135694,34380613
GSE135695,34380613
GSE135696,34380613
GSE135697,32112110
GSE135723,36747093
GSE135733,33149302
GSE135762,31422906
GSE13577,19478080
GSE135770,32117312
GSE135775,32066997
GSE135776,32066997
GSE135779,32747814
GSE135807,36747093
GSE135808,36747093
GSE135826,32555463
GSE135826,33772246
GSE13584,19222804
GSE135841,32572255
GSE135849,31862728
GSE135855,31575647
GSE135863,32277099
GSE135881,29925501
GSE135885,32521267
GSE135891,32521267
GSE135892,32521267
GSE135897,34344973
GSE135925,32239644
GSE135977,34185705
GSE13599,19670424
GSE135993,32289375
GSE135997,31451483
GSE136005,34344973
GSE136005,38791687
GSE13601,19138406
GSE136031,31519896
GSE136062,32370801
GSE136064,32424151
GSE136090,33298918
GSE136092,32239644
GSE136095,32001675
GSE136099,36939772
GSE136100,31484742
GSE13611,19732723
GSE136115,31784359
GSE136117,31784359
GSE13612,19732723
GSE136121,31375632
GSE136125,31375632
GSE136126,31375632
GSE136128,33750801
GSE136129,33750801
GSE136130,33750801
GSE13614,19498200
GSE136148,31925417
GSE136148,34412669
GSE136159,32884836
GSE136169,32059044
GSE136169,32815516
GSE136172,33234703
GSE136179,31551365
GSE136180,31551365
GSE136181,31551365
GSE136184,36050300
GSE136188,34449942
GSE136199,33357414
GSE136199,36482253
GSE136210,33051000
GSE136229,32066997
GSE136230,32066997
GSE136245,31675501
GSE136246,33854168
GSE136262,31331382
GSE136268,34691553
GSE136269,34691553
GSE136313,32759958
GSE136315,32116114
GSE136348,32236524
GSE136365,31618627
GSE136373,32129897
GSE136384,32116114
GSE136385,32116114
GSE136393,31781562
GSE136404,33558705
GSE136409,31852800
GSE136439,31710624
GSE136440,31710624
GSE136452,33986176
GSE136453,33986176
GSE136456,33986176
GSE13646,21285945
GSE136470,31800587
GSE136533,31604914
GSE136534,31527052
GSE136535,33411695
GSE136536,31732517
GSE136543,37440594
GSE136544,31581665
GSE136544,31684108
GSE136568,32759958
GSE136571,33626321
GSE136587,33852838
GSE136587,34632417
GSE1366,15374940
GSE136619,31515258
GSE136628,31685984
GSE136688,32815516
GSE13671,19190334
GSE136713,32483330
GSE136719,34605607
GSE136729,37925458
GSE136731,31474513
GSE136732,31474513
GSE136796,31802004
GSE136805,31802004
GSE136812,35241842
GSE136815,35241842
GSE136816,35241842
GSE136823,32847042
GSE136836,36420143
GSE136837,36420143
GSE136849,33099088
GSE136849,34589113
GSE13685,19329554
GSE136853,31802004
GSE136863,31552482
GSE136869,32468095
GSE136874,31802004
GSE136891,31802004
GSE13690,19200802
GSE136909,36420143
GSE13692,19200802
GSE136923,31628323
GSE136927,33411695
GSE13693,19200802
GSE136932,32039023
GSE13696,19372580
GSE136977,33068537
GSE137007,31530725
GSE137022,32193374
GSE137025,35980387
GSE137026,35980387
GSE137029,33127880
GSE137031,33979616
GSE137032,33979616
GSE137033,33979616
GSE137034,33979616
GSE137041,33653920
GSE137060,37624843
GSE137069,33536616
GSE137073,32694683
GSE137076,32694683
GSE137077,32694683
GSE137089,32022326
GSE1371,15291962
GSE1371,16894589
GSE1371,17205564
GSE1371,17260206
GSE137101,31784728
GSE137106,33976158
GSE137109,32650803
GSE137114,32483172
GSE137127,31784728
GSE137129,31820119
GSE137129,34663447
GSE13716,20064776
GSE137199,32483172
GSE137205,31717805
GSE137213,31749671
GSE137222,32075955
GSE137248,31754642
GSE137291,33465699
GSE13730,19220900
GSE137304,31794598
GSE137312,32061262
GSE137323,31801076
GSE137328,31694959
GSE137356,31657982
GSE137380,33170215
GSE137382,32188706
GSE13739,19176722
GSE137398,31784286
GSE137400,31784286
GSE137422,31730624
GSE137424,35145080
GSE137428,31840109
GSE137429,35241842
GSE137456,32737396
GSE137464,34827757
GSE137470,32299514
GSE137473,32581127
GSE137473,33584828
GSE137473,38961125
GSE137473,38995967
GSE137476,32483172
GSE137477,32483172
GSE137493,34429546
GSE137495,31611402
GSE137498,34408325
GSE137502,31611402
GSE137503,31611402
GSE137511,32443980
GSE137511,33202381
GSE137515,32792398
GSE137520,32188706
GSE137521,32188706
GSE137523,32188706
GSE137527,31735626
GSE137535,32816914
GSE137541,31925439
GSE137543,32061262
GSE137575,32354235
GSE137576,32354235
GSE137577,32354235
GSE137628,33970124
GSE137630,37316926
GSE137663,31925439
GSE137668,31925439
GSE137682,31611402
GSE137688,31611402
GSE137710,31668803
GSE137719,31548239
GSE137722,31971976
GSE137733,38057925
GSE137756,32730809
GSE137758,32686664
GSE137828,31784286
GSE137830,32075753
GSE137841,31611402
GSE137851,31767858
GSE137851,34261293
GSE13786,22652664
GSE137861,33666644
GSE137863,31784286
GSE137884,31611402
GSE137886,31729368
GSE137887,32393884
GSE137894,31611402
GSE137898,31611402
GSE137899,31611402
GSE137899,31653858
GSE137903,31611402
GSE137904,31611402
GSE137906,32366252
GSE137912,31915379
GSE137917,33306988
GSE137923,34271221
GSE137939,33027640
GSE137945,32182218
GSE137951,32818241
GSE137953,33743195
GSE137957,32126024
GSE13796,19200802
GSE137992,31852847
GSE137998,31748500
GSE137999,32711581
GSE138000,32354235
GSE138032,32396861
GSE138033,32396861
GSE138035,32475074
GSE138036,32396861
GSE138037,32396861
GSE13808,19098899
GSE138082,32152472
GSE138084,32193360
GSE138089,32193360
GSE138097,34475267
GSE138113,32075753
GSE138114,32075753
GSE138115,32075753
GSE138125,34244823
GSE13813,19193619
GSE13814,19210792
GSE138147,31907020
GSE138168,31748536
GSE138209,32193360
GSE138210,32193360
GSE138211,33771977
GSE13822,19686536
GSE138233,31537618
GSE138269,32014859
GSE138269,32238403
GSE138269,33708626
GSE138273,34017329
GSE138279,31611402
GSE138288,31619387
GSE138289,32861997
GSE138318,33575555
GSE138322,31831875
GSE13835,20606469
GSE13836,20606469
GSE138364,31541232
GSE138379,32160399
GSE138404,33462406
GSE138405,32065581
GSE138417,34168367
GSE138433,33462406
GSE138438,33203699
GSE138458,32154507
GSE138459,32661364
GSE138460,34489572
GSE138471,31747589
GSE138478,31802519
GSE138485,33102213
GSE138485,33225985
GSE138485,33680932
GSE138486,33112375
GSE138487,31703090
GSE13849,19565504
GSE138490,31772025
GSE138503,34680291
GSE138507,32301703
GSE138509,32301703
GSE138510,32301703
GSE138511,32301703
GSE138513,32301703
GSE138514,32301703
GSE138519,32332916
GSE138539,31624228
GSE138542,31818324
GSE138563,34762598
GSE138564,34762598
GSE138565,34762598
GSE138574,32208170
GSE138579,32350368
GSE138580,32327653
GSE138598,31869513
GSE138602,33483757
GSE138611,31827102
GSE138631,32521267
GSE138633,31723063
GSE13865,20606469
GSE138664,33462406
GSE138665,33462406
GSE138677,32304628
GSE138680,31703090
GSE138682,32922662
GSE138695,31670864
GSE138696,33203699
GSE138708,33398982
GSE138740,32191585
GSE138765,36001538
GSE138766,32197073
GSE138773,32669713
GSE13878,19949809
GSE138789,26528939
GSE138805,31697040
GSE138805,31722596
GSE138812,31959746
GSE138832,33099406
GSE138833,33099406
GSE138840,31801409
GSE138856,32253320
GSE138868,35260552
GSE138875,31726115
GSE138885,32253320
GSE138892,32123397
GSE138892,34433064
GSE138950,31956890
GSE13896,19635926
GSE138980,32022326
GSE138981,32541879
GSE138982,32059791
GSE13899,20416132
GSE139039,31945018
GSE139041,32022326
GSE13905,19644445
GSE139053,32747783
GSE139054,32747783
GSE139055,32747783
GSE139059,32619424
GSE139074,31980632
GSE139079,32049047
GSE139082,31778654
GSE139115,32059791
GSE139132,32589964
GSE139132,35869369
GSE139146,31809739
GSE139184,34561461
GSE139192,31772018
GSE139193,31772018
GSE139194,31772018
GSE139239,34732895
GSE139242,32393182
GSE139296,34140685
GSE139303,31757957
GSE139320,35429693
GSE139327,32508817
GSE13933,20443905
GSE13935,19208343
GSE139350,34220794
GSE139369,31792411
GSE139369,37597510
GSE13937,19789312
GSE139391,32589966
GSE139391,36869665
GSE139392,32111229
GSE139406,32440474
GSE139407,32440474
GSE139413,35679863
GSE139434,33431820
GSE139435,33431820
GSE139436,33431820
GSE139437,33431820
GSE139439,31625810
GSE139444,31871154
GSE139448,32004492
GSE139473,33059736
GSE139474,33059736
GSE139475,33059736
GSE139476,33059736
GSE139488,32047161
GSE139490,32017448
GSE139511,32223897
GSE139518,32161614
GSE139523,33569544
GSE139531,31813625
GSE139537,31955846
GSE139538,31955846
GSE139539,32771388
GSE139541,31945018
GSE139547,32911536
GSE139592,31690660
GSE139604,32612176
GSE139659,32366839
GSE139675,34004159
GSE139686,34593619
GSE139688,35028452
GSE139688,38927507
GSE13982,19246752
GSE139832,34035238
GSE139834,31845972
GSE139835,32444631
GSE139836,32444631
GSE139874,32049955
GSE139875,32049955
GSE139876,32049955
GSE139878,31975687
GSE139879,31975687
GSE139880,31975687
GSE139881,31975687
GSE139909,32038604
GSE139913,31906585
GSE139951,32579935
GSE139952,31845972
GSE139966,32086523
GSE139969,33113353
GSE139970,33113353
GSE139971,33113353
GSE139993,33096636
GSE1400,15574777
GSE140021,31875561
GSE140057,36179695
GSE140063,31851938
GSE140068,33148793
GSE140070,32582226
GSE140072,31750562
GSE140078,33096636
GSE140079,33096636
GSE140082,28159814
GSE140084,32938922
GSE140133,32444631
GSE14016,19109227
GSE140163,33826889
GSE140178,31979995
GSE140208,34035238
GSE140209,32620823
GSE14022,19706456
GSE140228,31675496
GSE140232,32582229
GSE140243,32460431
GSE140257,33552094
GSE140257,35774823
GSE140257,37047052
GSE14026,19119024
GSE140295,33096636
GSE140298,30816183
GSE140298,32528016
GSE140298,33441873
GSE140298,36803626
GSE140343,32649877
GSE140347,33203699
GSE14038,20049725
GSE14038,23685747
GSE14038,24832557
GSE14038,38458648
GSE140381,32231311
GSE140386,31842747
GSE140386,33552104
GSE140417,31818247
GSE140417,32241868
GSE140422,32615085
GSE140457,32024545
GSE140459,33971010
GSE140461,32460431
GSE140462,32460431
GSE140463,32460431
GSE140466,32170165
GSE140468,32615085
GSE140481,32329713
GSE140482,32329713
GSE140484,32329713
GSE14049,19815503
GSE140493,35419551
GSE140520,32170132
GSE140520,38037844
GSE140556,31749151
GSE140577,33148654
GSE140578,33148654
GSE140579,33148654
GSE140582,33148654
GSE140586,33148654
GSE140589,33148654
GSE140590,33148654
GSE140591,33148654
GSE140600,33627642
GSE140600,35798936
GSE140686,33479225
GSE14069,19497950
GSE1407,15314653
GSE140708,33432115
GSE140757,31968245
GSE14077,19696888
GSE14077,26717982
GSE140772,31961916
GSE140773,31961916
GSE140774,31961916
GSE140797,32792503
GSE14080,19696888
GSE14080,26717982
GSE140839,33761358
GSE140839,35036954
GSE140848,32523092
GSE140875,35428874
GSE140876,35428874
GSE140877,35428874
GSE14090,19559614
GSE140913,32076030
GSE140949,33448313
GSE140956,32457396
GSE140965,31877118
GSE140969,32651727
GSE140973,34271981
GSE140975,32612238
GSE140986,32076030
GSE140987,32076030
GSE140989,32107344
GSE140989,33568476
GSE140994,32916216
GSE140995,32293435
GSE141001,32916216
GSE141003,32916216
GSE141004,32916216
GSE141006,32615085
GSE141008,31914399
GSE141021,31924735
GSE141048,32522485
GSE141065,33151971
GSE141065,33784941
GSE141085,36575212
GSE141090,33163943
GSE141091,32024826
GSE141092,32586406
GSE141093,33558271
GSE141111,32699843
GSE141114,32585597
GSE141116,31843922
GSE141117,32699843
GSE141142,32164626
GSE141147,32735836
GSE141148,34288360
GSE141149,34288360
GSE141150,34288360
GSE141151,34288360
GSE141152,34288360
GSE141154,33462227
GSE141158,32236527
GSE141159,32236527
GSE141160,32236527
GSE141161,32236527
GSE141167,34398873
GSE141208,32287312
GSE141209,32474753
GSE141216,34893641
GSE141216,35927268
GSE141221,34415992
GSE141232,37191437
GSE141237,32499524
GSE141239,32158757
GSE141244,35015830
GSE141245,34893641
GSE141245,35927268
GSE141257,31968258
GSE141264,33594057
GSE141265,33594057
GSE141266,33594057
GSE141267,32252341
GSE141271,33594057
GSE141272,33594057
GSE141276,32487742
GSE141277,35015830
GSE141278,35015830
GSE141282,32252341
GSE141292,32252341
GSE141293,36319643
GSE141297,34111398
GSE141300,32252341
GSE141303,31863590
GSE141325,34893641
GSE141325,35927268
GSE141326,31963351
GSE141344,33417998
GSE141344,34386667
GSE141352,33115415
GSE141352,35264144
GSE141355,31979107
GSE141388,34678206
GSE141432,33712379
GSE141445,33420488
GSE141469,32051003
GSE141469,32518403
GSE141493,33080033
GSE141499,31911938
GSE141503,32180230
GSE141511,33768568
GSE141526,33033234
GSE141526,35687691
GSE141539,34189576
GSE141546,31969707
GSE141549,32859947
GSE141551,25990700
GSE141551,28145099
GSE141551,28496006
GSE141551,32226005
GSE141587,35604009
GSE141603,32152281
GSE141604,32152281
GSE141608,32258035
GSE141609,33462491
GSE141639,32139672
GSE141658,32436772
GSE141681,33214631
GSE141707,31827000
GSE141709,32499401
GSE141737,32633781
GSE141742,33220679
GSE141742,36073816
GSE141748,32513244
GSE141749,32513244
GSE141751,32513244
GSE141752,32513244
GSE141758,33906919
GSE141759,33906919
GSE141760,33906919
GSE141761,33906919
GSE141762,33906919
GSE141767,33127391
GSE141769,32499640
GSE141798,33852840
GSE141799,33852840
GSE141799,35983130
GSE141800,33852840
GSE141800,35983130
GSE141812,32330454
GSE141813,32330454
GSE141821,28679947
GSE141829,34757783
GSE141831,33382535
GSE141835,34050248
GSE141837,34762598
GSE141838,34762598
GSE141845,32049053
GSE141846,32049053
GSE141847,32049053
GSE141849,33911285
GSE141849,37085492
GSE141852,32049053
GSE141853,32049053
GSE141861,34271981
GSE141867,32366868
GSE141872,33911285
GSE141872,37085492
GSE141873,32024004
GSE141873,36983764
GSE141878,31892342
GSE141915,33911285
GSE141915,37085492
GSE141917,33911285
GSE141917,37085492
GSE141927,32142665
GSE141928,32142665
GSE141929,32142665
GSE141937,33247230
GSE141942,32571844
GSE141955,32805183
GSE141972,32078472
GSE141972,37516843
GSE142013,32286318
GSE142031,32415222
GSE142041,32989314
GSE142042,32585982
GSE142044,37264201
GSE142045,34815400
GSE14206,20479932
GSE14206,21266046
GSE14206,22733135
GSE142068,31928967
GSE142070,33658193
GSE142096,34515347
GSE142099,34515347
GSE1421,15466047
GSE142107,34515347
GSE142136,32317642
GSE142140,32317642
GSE142155,32015105
GSE142174,34433918
GSE142174,34548630
GSE142175,32165633
GSE142188,32471461
GSE14219,19350679
GSE142203,37369679
GSE142205,32670081
GSE14221,19628667
GSE142213,32330454
GSE142220,33299016
GSE142221,34101624
GSE142223,32585597
GSE142224,33096636
GSE142235,32858886
GSE142235,33372598
GSE142235,33919312
GSE142235,36292775
GSE142237,33945508
GSE142237,34336929
GSE14224,19168627
GSE142247,36179046
GSE142263,32118485
GSE142291,34170902
GSE142316,33406262
GSE142316,37884859
GSE142321,32759214
GSE142322,32759214
GSE142334,33569544
GSE142335,33569544
GSE142336,33569544
GSE142339,33301456
GSE142357,31915197
GSE142361,32065074
GSE142424,32139423
GSE142430,32709847
GSE142437,32213963
GSE142437,32256272
GSE142439,32210226
GSE142439,38848365
GSE142442,32004563
GSE142444,33988272
GSE142467,32633781
GSE14247,19196655
GSE142499,33269701
GSE14250,19244455
GSE142503,35998224
GSE14251,19244455
GSE142526,32023475
GSE142526,37931105
GSE142543,32658892
GSE142576,34515347
GSE14260,19703393
GSE142612,32070397
GSE142614,32540494
GSE142618,33970124
GSE142627,32265819
GSE142644,32271880
GSE142653,33077725
GSE142653,36754052
GSE142660,34017121
GSE142661,34017121
GSE142662,34017121
GSE142664,32351541
GSE142679,34512599
GSE142723,37316926
GSE142724,37316926
GSE142725,37316926
GSE142726,37316926
GSE142746,36179046
GSE142748,32160527
GSE142749,32839274
GSE142774,31969707
GSE142775,32014859
GSE142775,32238403
GSE142775,33708626
GSE142822,33328638
GSE142834,32585597
GSE142835,34893641
GSE142842,32366930
GSE142843,32366930
GSE142844,32366930
GSE142851,34599305
GSE142872,32453450
GSE143018,32819367
GSE143143,32346380
GSE143147,33042275
GSE143169,32819190
GSE143185,34549824
GSE14319,19366728
GSE143195,33402390
GSE143203,32075734
GSE143207,32143621
GSE143209,32736653
GSE143210,32823041
GSE143218,33328630
GSE143219,33328630
GSE143220,33328630
GSE143231,32246814
GSE143233,32368828
GSE143234,32368828
GSE143235,32368828
GSE143239,32052053
GSE143245,36834506
GSE143248,32514071
GSE143279,32028632
GSE143288,33850120
GSE143288,35681201
GSE143291,31924652
GSE143293,33299181
GSE143306,35145080
GSE143314,32545904
GSE143314,33076970
GSE143314,36112677
GSE143318,31945016
GSE143318,38055614
GSE143324,32228459
GSE143325,32272893
GSE14334,19815808
GSE14334,24929828
GSE143356,33257808
GSE143358,34519101
GSE143367,35331335
GSE143376,32822486
GSE143379,32822486
GSE143380,33257808
GSE143381,33257808
GSE143384,32822486
GSE143386,32822486
GSE14339,19465479
GSE143393,34437837
GSE14340,19666486
GSE143415,34316693
GSE143417,32302591
GSE14343,20038696
GSE143439,37709752
GSE143440,33060834
GSE14345,20482586
GSE143471,32492433
GSE143514,34248943
GSE143516,32499651
GSE143518,32142654
GSE143519,32302590
GSE143523,33049217
GSE143529,32142654
GSE143537,32142654
GSE143542,32142654
GSE14355,20482586
GSE143558,35042798
GSE143562,32130917
GSE143563,32928922
GSE143566,35042798
GSE143570,35042798
GSE143573,35042798
GSE143574,35042798
GSE143608,33636116
GSE143618,33289480
GSE143636,34001262
GSE143649,32252403
GSE143649,33730996
GSE143668,33561428
GSE143670,33561428
GSE143680,35042798
GSE14370,19395009
GSE14370,19732946
GSE143703,34519101
GSE14373,20977633
GSE143734,33568811
GSE143747,32052053
GSE143754,33160365
GSE143755,32991787
GSE143802,32150623
GSE143803,34272396
GSE143809,32065054
GSE143810,34350957
GSE143821,35165263
GSE143830,34099558
GSE143842,32991787
GSE143843,32991787
GSE143852,33432228
GSE143853,33432228
GSE143898,32552779
GSE143899,32552779
GSE143900,32552779
GSE143901,32552779
GSE143902,32552779
GSE143915,32814826
GSE143945,32384158
GSE143975,33795875
GSE143978,32669546
GSE143988,32169167
GSE144015,33007869
GSE144033,33571538
GSE144051,35697692
GSE144095,33046520
GSE144097,33128002
GSE144097,35399519
GSE144106,33046520
GSE144118,32203922
GSE144119,33322625
GSE144119,34830054
GSE144142,32084337
GSE144208,34337561
GSE144265,32612176
GSE144269,32873799
GSE144269,38753612
GSE144271,32521264
GSE144278,32492431
GSE144282,32409712
GSE14431,20508068
GSE14431,28680571
GSE144311,34365742
GSE144315,32434841
GSE144316,32434841
GSE144317,32313246
GSE144321,33166393
GSE144336,34108683
GSE144347,33468685
GSE14437,19270706
GSE144372,33596420
GSE144377,32956836
GSE144378,32956836
GSE144380,32956836
GSE144391,33046882
GSE144397,32514071
GSE144397,36938415
GSE144459,32816243
GSE144459,35404279
GSE144459,37212113
GSE144473,32161196
GSE144484,33063451
GSE144498,35747128
GSE144507,32169218
GSE144510,35104452
GSE144519,33505018
GSE144533,32149608
GSE144547,32531947
GSE144560,32098170
GSE144561,32620742
GSE144567,32547603
GSE144575,31700183
GSE14458,19759262
GSE14458,27999749
GSE144580,33420376
GSE14459,19404390
GSE14459,19759262
GSE14459,27999749
GSE144600,35476977
GSE144608,32169218
GSE144609,32169218
GSE144611,32169218
GSE144612,32169218
GSE144615,33561324
GSE144616,33561324
GSE144618,33561324
GSE144622,32662516
GSE144625,32508810
GSE144641,32986841
GSE144654,32107212
GSE144674,32098170
GSE144675,34448454
GSE144700,32161189
GSE144701,32518142
GSE144704,32633781
GSE144709,31700183
GSE144728,32125036
GSE144735,32451460
GSE144748,32591534
GSE14477,19701459
GSE144794,32220884
GSE14480,19741609
GSE14480,23055926
GSE144820,32420869
GSE144840,33144586
GSE144843,33144586
GSE144844,33144586
GSE144867,32115407
GSE144868,32115407
GSE144869,32115407
GSE144883,32730272
GSE144883,35860330
GSE144883,36407327
GSE144899,32393884
GSE144900,32393884
GSE144908,33328501
GSE144917,33707234
GSE144952,32589883
GSE14496,19752216
GSE144960,33452241
GSE144961,33452241
GSE144962,33452241
GSE144983,34437837
GSE145022,32271879
GSE145022,36657447
GSE145032,32320643
GSE145036,36037374
GSE145038,34497603
GSE145043,33541860
GSE145043,34479963
GSE145052,35657352
GSE145061,33500244
GSE145065,33184486
GSE145069,32531194
GSE145078,32231998
GSE145081,32199616
GSE145100,32880972
GSE145108,33654095
GSE14512,23512667
GSE145122,32989314
GSE145128,36239995
GSE145129,32195191
GSE145132,35657352
GSE145133,35657352
GSE145136,32209468
GSE145136,32214337
GSE145154,34601654
GSE145157,33654095
GSE145191,34632024
GSE145191,34844932
GSE145195,34145395
GSE145215,32758484
GSE145237,32753408
GSE14524,19218089
GSE145265,32438860
GSE145286,32499639
GSE145290,33359755
GSE145307,32315970
GSE145310,32931017
GSE145329,32290278
GSE14536,18224708
GSE145360,32603604
GSE145360,36516754
GSE145383,32211331
GSE145393,32547603
GSE145407,33414433
GSE145428,32516590
GSE145429,32516590
GSE145432,32516590
GSE145438,33251041
GSE14544,19228061
GSE145459,32187572
GSE145460,32251702
GSE145474,32184465
GSE145492,34554928
GSE145495,32179481
GSE145499,33558653
GSE145502,32632238
GSE145531,33763704
GSE145534,33980589
GSE145550,32492431
GSE145552,32492431
GSE145567,33654095
GSE145568,33654095
GSE145573,36322628
GSE14559,19796622
GSE145597,33762636
GSE14561,19679885
GSE145613,34716557
GSE145627,32997974
GSE145628,32997974
GSE145629,32997974
GSE145634,32753619
GSE145657,32427842
GSE145657,33297480
GSE145668,33763704
GSE145669,33763704
GSE145678,34385184
GSE145687,33239393
GSE145688,33239393
GSE145689,33239393
GSE145690,33239393
GSE145710,32703943
GSE145711,32703943
GSE145761,32231668
GSE145780,32090446
GSE145781,32753619
GSE145797,32735821
GSE145817,33839696
GSE145822,33168079
GSE145833,33077976
GSE145838,32497356
GSE145843,32497356
GSE14586,19796622
GSE145861,32497356
GSE145865,32497356
GSE145899,32620778
GSE145915,33214552
GSE145921,36765089
GSE145927,32669324
GSE145928,32497356
GSE145929,32497356
GSE145970,35013139
GSE145988,32923839
GSE145996,32708981
GSE146001,32286279
GSE146019,32407670
GSE146020,32407670
GSE146021,32407670
GSE146025,35258392
GSE146028,32820219
GSE146036,33073368
GSE146039,32948837
GSE146047,34166567
GSE146053,32631996
GSE146065,32984350
GSE146066,32984350
GSE146067,32984350
GSE146079,32156775
GSE146080,37723209
GSE146085,37264201
GSE146088,32977850
GSE146092,32977850
GSE146093,32977850
GSE146101,33046834
GSE146106,32948837
GSE146113,32284594
GSE146116,33769968
GSE146126,33793815
GSE14613,17495134
GSE14613,21878675
GSE14613,24224072
GSE14615,17495134
GSE14615,21878675
GSE14615,24224072
GSE146158,35729093
GSE146173,32358566
GSE14618,17495134
GSE14618,20007543
GSE14618,21878675
GSE14618,24224072
GSE146184,32908007
GSE146214,33177090
GSE146214,36951889
GSE146223,34289986
GSE146237,32894284
GSE146240,32454154
GSE146241,33177090
GSE146241,36951889
GSE146242,33177090
GSE146242,36951889
GSE146245,33177090
GSE146245,36951889
GSE146251,32318770
GSE146252,32416059
GSE146257,32156775
GSE146258,32156775
GSE146264,33309739
GSE14627,19345331
GSE146274,32366954
GSE146280,35244538
GSE146283,34294847
GSE146286,34375307
GSE146294,32284594
GSE146295,32284594
GSE146320,32303578
GSE14633,19168627
GSE14634,19168627
GSE146347,35711662
GSE146348,38229153
GSE146370,32200131
GSE146371,32369572
GSE146378,32651669
GSE146403,32878895
GSE14645,21406397
GSE146453,29415894
GSE146453,32500289
GSE146464,33658714
GSE146465,33658714
GSE146466,33658714
GSE146467,33658714
GSE146472,33892914
GSE146477,32224917
GSE146509,33469418
GSE146525,34616062
GSE146542,33500244
GSE146544,33500244
GSE146561,34616062
GSE146590,33500244
GSE146591,34903738
GSE146592,33500244
GSE146597,32451488
GSE146600,32451488
GSE146602,32451488
GSE146608,34616062
GSE146614,34671097
GSE146623,33355184
GSE146624,33355184
GSE146625,33355184
GSE146633,34616062
GSE146652,32999373
GSE146654,32999373
GSE146655,32999373
GSE14668,20421498
GSE146680,32703941
GSE146680,36067217
GSE146696,32596237
GSE146731,33259802
GSE146753,33432228
GSE146754,33432228
GSE146755,33432228
GSE146760,32619517
GSE146771,32302573
GSE146782,32272082
GSE146784,32908002
GSE14680,19196658
GSE146809,35020873
GSE146831,32402251
GSE146849,32402251
GSE14685,19706389
GSE146856,33096483
GSE14686,19321416
GSE146864,33207193
GSE146865,33207193
GSE146866,33207193
GSE146867,33483601
GSE146874,32402251
GSE146883,32349983
GSE146896,32966789
GSE146898,32349983
GSE146911,32430040
GSE146917,32913184
GSE146917,37563227
GSE146917,38848365
GSE146924,33883682
GSE146935,33750804
GSE146957,32349983
GSE146958,32349983
GSE14697,19309505
GSE146980,33139490
GSE146988,32651222
GSE146992,37684044
GSE146993,37684044
GSE146994,37684044
GSE14700,20713790
GSE147002,32913184
GSE147002,37563227
GSE147002,38848365
GSE147003,32913184
GSE147003,37563227
GSE147003,38848365
GSE147004,32913184
GSE147004,36382198
GSE147004,37563227
GSE147004,38848365
GSE147020,36207293
GSE147024,36369244
GSE147033,32330423
GSE14705,19433118
GSE147056,32312822
GSE14709,19321416
GSE14711,19269371
GSE147119,33750804
GSE147121,33750804
GSE147125,32330423
GSE147143,32671793
GSE147153,32832657
GSE147156,32913184
GSE147156,36382198
GSE147156,37563227
GSE147156,38848365
GSE147190,34234346
GSE147197,32813887
GSE147200,35596715
GSE147201,33144586
GSE14721,20582714
GSE147211,33731849
GSE147276,33158842
GSE147285,32349983
GSE147289,35605192
GSE147296,35605192
GSE147301,35605192
GSE147305,33626321
GSE147336,32348296
GSE14734,19376920
GSE14734,20400566
GSE14735,19376920
GSE14735,20400566
GSE14736,19376920
GSE14736,20400566
GSE147361,34099666
GSE147362,34099666
GSE147363,34099666
GSE147368,32581250
GSE14737,19321416
GSE147394,33046887
GSE147395,33046887
GSE147397,33046887
GSE147398,33046887
GSE147407,32424276
GSE147412,33539777
GSE147431,33272205
GSE147436,33268865
GSE147445,35590030
GSE147475,33318036
GSE147476,33318036
GSE147477,33318036
GSE147478,33318036
GSE147479,33318036
GSE14749,19250903
GSE147507,32416070
GSE147507,33782412
GSE147516,33089214
GSE147525,32651222
GSE147527,32296081
GSE147527,38069004
GSE147535,34936223
GSE147564,32939092
GSE147565,33483966
GSE147587,36282525
GSE147620,32539073
GSE147633,35015830
GSE147641,32939092
GSE147670,33420223
GSE147670,35650196
GSE147672,33106633
GSE147672,38781344
GSE147694,32459996
GSE147707,32938397
GSE147716,34446700
GSE147722,33402532
GSE147734,32948591
GSE147745,36198774
GSE147746,32908310
GSE147750,34446700
GSE147751,34446700
GSE147758,36279294
GSE147760,36279294
GSE147762,32521738
GSE147768,34429546
GSE147779,33098888
GSE1478,15304623
GSE147820,37566052
GSE147821,33833454
GSE14783,19924793
GSE147830,36261025
GSE14784,19924793
GSE147848,32405640
GSE14785,19924793
GSE147883,32375047
GSE14792,19924793
GSE147930,33596640
GSE147931,33596640
GSE147932,33596640
GSE147933,33596640
GSE14794,19517021
GSE147942,37957324
GSE147948,37957324
GSE147949,37957324
GSE147975,33116299
GSE147983,32705161
GSE147984,32705161
GSE147985,32705161
GSE147996,34382747
GSE147996,38337709
GSE148003,33172933
GSE148003,35931676
GSE148013,34335968
GSE148016,34335968
GSE148023,32366993
GSE148046,34258103
GSE148047,34258103
GSE148048,34258103
GSE148057,36537238
GSE148069,34108263
GSE148073,35228745
GSE148080,33957084
GSE148113,33116299
GSE148118,32502463
GSE148148,33740891
GSE148163,34623902
GSE148190,32539073
GSE148199,33497366
GSE148205,33370392
GSE148209,32479261
GSE148209,39025525
GSE148216,33446752
GSE148227,34552271
GSE14827,20159990
GSE14827,24448647
GSE148293,32788238
GSE1483,16640731
GSE148309,33298885
GSE148310,32400970
GSE148338,34623902
GSE148348,34504093
GSE148350,33208001
GSE148381,35094416
GSE148381,38318864
GSE148385,35866661
GSE148396,34799401
GSE148434,37058563
GSE148450,33159718
GSE148455,33373293
GSE148461,33712615
GSE148462,35196500
GSE148465,33712615
GSE148466,33712615
GSE148470,33176148
GSE148470,35326450
GSE148471,33176148
GSE148471,35326450
GSE148472,33176148
GSE148472,35326450
GSE148473,33176148
GSE148473,35326450
GSE148474,33176148
GSE148474,35326450
GSE148500,32778845
GSE148505,32747828
GSE14852,19826053
GSE148538,33471819
GSE148557,33402536
GSE148571,32615088
GSE148572,32615088
GSE148573,32615088
GSE14860,19261849
GSE148646,36103820
GSE148652,33602809
GSE148653,33602809
GSE148654,33602809
GSE148658,32835548
GSE148661,33687977
GSE148678,34535769
GSE148678,34824268
GSE148679,34535769
GSE148679,34824268
GSE148680,34535769
GSE148680,34824268
GSE148688,33082276
GSE148697,32511403
GSE148699,34014371
GSE1487,15300251
GSE148702,30843877
GSE148715,32393731
GSE148729,33585804
GSE148758,33300287
GSE148765,32817651
GSE148780,33370392
GSE148784,35032575
GSE14879,19657361
GSE14879,24376854
GSE14879,25873174
GSE14879,29889102
GSE1488,15300251
GSE148806,34737261
GSE148807,34737261
GSE148808,34737261
GSE148829,32413319
GSE148837,32747828
GSE148838,33539777
GSE148839,33539777
GSE148841,32817651
GSE148854,32369449
GSE148854,38302740
GSE148868,33246333
GSE148882,32497523
GSE1489,15300251
GSE148905,33707234
GSE148920,32619460
GSE148935,35672415
GSE148955,32994320
GSE148983,33038264
GSE148984,33149265
GSE148996,32908310
GSE1490,15300251
GSE149015,32980951
GSE149023,32882850
GSE149029,33484480
GSE149036,32591393
GSE149049,33331926
GSE14905,18648529
GSE149050,33674349
GSE149052,33888612
GSE149054,32732285
GSE149056,33444449
GSE149066,34232987
GSE149075,34246806
GSE149091,32512818
GSE149091,32531951
GSE149099,32531351
GSE149100,32531351
GSE149100,35705048
GSE149103,34348759
GSE149105,33888612
GSE149107,33888612
GSE149134,33197428
GSE149135,33888612
GSE149139,33707234
GSE149152,34330825
GSE149163,33397927
GSE149200,32626660
GSE149214,33712615
GSE149215,33712615
GSE149238,33458693
GSE149239,32503973
GSE149248,33420340
GSE149272,33536620
GSE149274,32706237
GSE149297,33034410
GSE149322,33083527
GSE149322,33767190
GSE149333,33282293
GSE14934,19362539
GSE149366,34516894
GSE149383,33712615
GSE149395,33536587
GSE149402,32954824
GSE149413,33512471
GSE149419,35934520
GSE149420,34526716
GSE149422,32841602
GSE149428,32945258
GSE149434,34195686
GSE149436,34195686
GSE149437,34195686
GSE149438,34465601
GSE149440,34195686
GSE149468,32526449
GSE149482,33536620
GSE149492,33504604
GSE149494,33273606
GSE149508,32442221
GSE14951,17192907
GSE149510,32772918
GSE149573,33627871
GSE149574,36456784
GSE149581,35428760
GSE149587,32863958
GSE149602,31346092
GSE149613,33246884
GSE149617,32392463
GSE149618,32392463
GSE149619,32392463
GSE149647,32938943
GSE149652,32497499
GSE149654,34015058
GSE149655,32891189
GSE149665,32655365
GSE149666,33066726
GSE149683,33184180
GSE149694,32939092
GSE149699,35258704
GSE149734,32559301
GSE149763,33596784
GSE149767,33242392
GSE149767,34485935
GSE149772,34365503
GSE149773,34365503
GSE149774,34365503
GSE149776,34848712
GSE149802,32692974
GSE149813,32891189
GSE149821,33589424
GSE149822,33589424
GSE149824,33589424
GSE149825,33589424
GSE149826,33589424
GSE149833,34077955
GSE149870,32470361
GSE149884,32831131
GSE149884,33845354
GSE149884,35075772
GSE149897,32999463
GSE149909,32891189
GSE149921,32897363
GSE149947,32617371
GSE149952,34463714
GSE149972,34479564
GSE149994,33888612
GSE149995,33523850
GSE149996,33523850
GSE149997,33523850
GSE149998,33888612
GSE150026,32701508
GSE150026,34006921
GSE150027,33432071
GSE150043,35773268
GSE150050,33420427
GSE150051,33558697
GSE150081,33539590
GSE150085,33990599
GSE150086,33990599
GSE150087,33990599
GSE150088,33913468
GSE150089,33913468
GSE150090,33913468
GSE150096,32845007
GSE150120,32579593
GSE150131,32679107
GSE150144,33649198
GSE150156,32943286
GSE150162,34033143
GSE150163,33634895
GSE150167,34195686
GSE150170,34616065
GSE150174,29282329
GSE150201,32581101
GSE150202,33558697
GSE150216,34158490
GSE150233,32907628
GSE150234,32907628
GSE150235,32907628
GSE150237,32907628
GSE150239,33634966
GSE150261,34720086
GSE150263,32891189
GSE150288,33510256
GSE15029,19414776
GSE150291,33361757
GSE150311,32939092
GSE150316,33298930
GSE150331,32792006
GSE150334,33414462
GSE150358,32579671
GSE150363,33178188
GSE150382,33335944
GSE150383,32820662
GSE150393,32849812
GSE150403,32513244
GSE150405,33414462
GSE150406,33414462
GSE150425,32891189
GSE150426,32552404
GSE150430,32686767
GSE150443,33852846
GSE150443,34818047
GSE150468,32520974
GSE150494,33850140
GSE150502,34737213
GSE150503,34737213
GSE150505,34737213
GSE150506,34737213
GSE150513,34433039
GSE150564,35710836
GSE150565,32778999
GSE150575,33083527
GSE150575,33767190
GSE150576,33083527
GSE150576,33767190
GSE150590,32939092
GSE1506,15340120
GSE150604,32897363
GSE150612,32897363
GSE150614,32897363
GSE150615,32897363
GSE150616,32939092
GSE150617,38319148
GSE150637,32939092
GSE150639,33336840
GSE150645,33336840
GSE150646,33017301
GSE150647,33336840
GSE150654,33382535
GSE150668,32540599
GSE150679,33259630
GSE150683,32701512
GSE150686,34552071
GSE150696,33128789
GSE150700,33199643
GSE150701,33199643
GSE150702,33199643
GSE150708,32839764
GSE15073,19821141
GSE150752,32579914
GSE150753,32709741
GSE150758,33468665
GSE150768,32441123
GSE150774,32457162
GSE150782,32849388
GSE150805,32719138
GSE150805,37115755
GSE150806,33178188
GSE150818,34348091
GSE150836,32503845
GSE150847,32643603
GSE150851,35757783
GSE150858,33888612
GSE150859,38986579
GSE150861,32764665
GSE150901,34946866
GSE150904,35617427
GSE150905,35617427
GSE150906,35617427
GSE150907,35617427
GSE150921,32732875
GSE15093,19732723
GSE150932,33217319
GSE150962,32962996
GSE150966,32732875
GSE150967,32732875
GSE150968,32732875
GSE150979,33707310
GSE150981,33833453
GSE150982,33833453
GSE150984,33833453
GSE150991,32680952
GSE151064,33975627
GSE151074,34021643
GSE151096,33287707
GSE151106,33692103
GSE151143,34437124
GSE151151,32814028
GSE151152,32814028
GSE151154,33085906
GSE151182,32942044
GSE151191,32976661
GSE151193,33607115
GSE151196,32845240
GSE151196,35058367
GSE151196,36421680
GSE151196,38748572
GSE151197,32732875
GSE1512,15310842
GSE151204,33193343
GSE151214,33852846
GSE15123,19812700
GSE151236,34584079
GSE151237,33370256
GSE15127,19412164
GSE15127,20635329
GSE15127,20813005
GSE15127,21418177
GSE15127,21693768
GSE151273,33476374
GSE151278,28369750
GSE151278,33846759
GSE151279,32697997
GSE151281,34903884
GSE151316,33852846
GSE151316,37090516
GSE151343,33046443
GSE151355,32650713
GSE151356,32603655
GSE151363,34385420
GSE151364,34385420
GSE151365,34385420
GSE151366,34385420
GSE151374,36227799
GSE151385,34088716
GSE151386,34088716
GSE151389,34088716
GSE151390,34088716
GSE151415,33750787
GSE151421,32768387
GSE151433,38238517
GSE151443,34135935
GSE151444,33079185
GSE151445,33079185
GSE151446,33079185
GSE151452,32527837
GSE151455,33505431
GSE151460,32603655
GSE151484,32634130
GSE151509,33123026
GSE151530,31588021
GSE151530,34216724
GSE151580,33397441
GSE151580,33420030
GSE151580,35478937
GSE151587,33497366
GSE15159,19879883
GSE15160,20385809
GSE15160,23319655
GSE151600,32660606
GSE151601,32660606
GSE151602,32660606
GSE151603,32660606
GSE151604,32660606
GSE151605,36936029
GSE151611,33602823
GSE151617,32660606
GSE151619,33576154
GSE15165,20385809
GSE15165,23319655
GSE151675,32870822
GSE151682,32579887
GSE151682,35245124
GSE151695,32621799
GSE151699,33060135
GSE151704,35511947
GSE15173,19332562
GSE151733,34767029
GSE151742,32853550
GSE151761,32999462
GSE151780,35511947
GSE151798,32719562
GSE151804,33932349
GSE151813,32903551
GSE151826,33739284
GSE151829,32641748
GSE151830,32641748
GSE151831,32641748
GSE151834,32621799
GSE151851,33855751
GSE151860,34451580
GSE151878,33236003
GSE151879,33236003
GSE15188,19620965
GSE151880,33236003
GSE151920,34054788
GSE151936,32814898
GSE151958,33976139
GSE151958,34910520
GSE151958,35263594
GSE151960,33976139
GSE151960,34910520
GSE151960,35263594
GSE151960,35643321
GSE151961,33976139
GSE151961,34910520
GSE151961,35263594
GSE151962,33976139
GSE151962,34910520
GSE151962,35263594
GSE151962,35643321
GSE152001,35186953
GSE152001,36971776
GSE152004,32640237
GSE152004,33046696
GSE152004,35347136
GSE15201,20068076
GSE152029,32669548
GSE152040,35090594
GSE152043,32668198
GSE152047,38431617
GSE152067,38809511
GSE152072,35768511
GSE152077,33205021
GSE152082,34429546
GSE152090,34799566
GSE152092,34799566
GSE152093,33094674
GSE152094,33094674
GSE152095,33094674
GSE152097,34799566
GSE152098,34799566
GSE15210,20038735
GSE152118,32487737
GSE15212,20473941
GSE152122,32621799
GSE152142,33939688
GSE152147,34584066
GSE152163,33805821
GSE152167,32445454
GSE152177,33246552
GSE152179,32733475
GSE152186,34397088
GSE152201,32816914
GSE152202,32816914
GSE152202,35221336
GSE152203,32816914
GSE152205,32816914
GSE152205,35221336
GSE152217,38062244
GSE152218,33482742
GSE152218,36248906
GSE152230,33576154
GSE152231,33576154
GSE152295,34078900
GSE152329,32866618
GSE152355,32664538
GSE152355,34094709
GSE152378,33921436
GSE152380,32708910
GSE152413,33522250
GSE152420,33731850
GSE152435,32616520
GSE152436,32616520
GSE152437,32616520
GSE152451,33311488
GSE15246,19597497
GSE152467,35695839
GSE152468,33507881
GSE152564,33093443
GSE152565,33093443
GSE152566,33093443
GSE152567,33093443
GSE152568,33093443
GSE152569,33093443
GSE152570,33093443
GSE152583,32678909
GSE152611,32707082
GSE152660,33075803
GSE152661,33075803
GSE152662,33075803
GSE152663,33075803
GSE152674,32651166
GSE152680,33228848
GSE152681,37095322
GSE152708,34099702
GSE152734,37095322
GSE152735,37095322
GSE152756,33870126
GSE152806,34099702
GSE152819,33008446
GSE152821,36934086
GSE152822,36934086
GSE152823,36934086
GSE152824,36934086
GSE152826,36934086
GSE152833,36934086
GSE152834,36934086
GSE152835,36934086
GSE152837,36934086
GSE152838,36934086
GSE152839,36934086
GSE152840,36934086
GSE152843,36934086
GSE152844,36934086
GSE152847,36934086
GSE152848,36934086
GSE152856,38510108
GSE152862,34516894
GSE152862,35058574
GSE152876,33292203
GSE152885,34818047
GSE152889,35999210
GSE152890,35999210
GSE152891,35999210
GSE152892,35999210
GSE152894,35999210
GSE152895,35999210
GSE152897,35999210
GSE152898,35999210
GSE152899,35999210
GSE152900,35999210
GSE152901,33205517
GSE152914,34140518
GSE152931,36451107
GSE152936,33311847
GSE152939,33513359
GSE152947,36851380
GSE152964,36934086
GSE152966,36934086
GSE152967,36934086
GSE152968,36934086
GSE152969,36934086
GSE15299,19477427
GSE152991,33164985
GSE152995,33926376
GSE153002,37565350
GSE153013,35999210
GSE153017,33666854
GSE153031,33051578
GSE153056,33649593
GSE153089,33282720
GSE153097,34420357
GSE153099,33513359
GSE153101,33513359
GSE153105,34633146
GSE153106,34633146
GSE153107,34633146
GSE153109,34633146
GSE153110,34633146
GSE153111,34633146
GSE153112,34633146
GSE153118,32938979
GSE153126,33984520
GSE153134,33688010
GSE153137,35005123
GSE153138,35005123
GSE153139,35005123
GSE153140,35005123
GSE153174,32731586
GSE153180,34633146
GSE153200,33588838
GSE153210,33169013
GSE153211,32928291
GSE153228,37565350
GSE153230,37565350
GSE153233,33125867
GSE153238,33169013
GSE153256,34108683
GSE153260,34230488
GSE153262,32900949
GSE153263,32814027
GSE153271,33741948
GSE153272,33741948
GSE153273,33741948
GSE153274,33741948
GSE153277,32979316
GSE153282,35550611
GSE153299,33567098
GSE15330,19345118
GSE153300,33741948
GSE153319,33542466
GSE153320,33476716
GSE153399,34162549
GSE153401,33421118
GSE153424,35210624
GSE153431,32439336
GSE153444,33762571
GSE153446,32787523
GSE153447,32787523
GSE153448,32787523
GSE153449,32787523
GSE153459,34605719
GSE153495,34234169
GSE153498,34234169
GSE153511,33220174
GSE153512,33220174
GSE153516,33542905
GSE153520,34145026
GSE153521,34145026
GSE153522,34145026
GSE15353,17558387
GSE153548,35646902
GSE153550,33480359
GSE153566,32935369
GSE153567,32941642
GSE153577,35042798
GSE153578,33731875
GSE153584,33731875
GSE153587,33731875
GSE153610,33327714
GSE153610,34012444
GSE153613,33462315
GSE153625,32887795
GSE153638,32791513
GSE153643,33654293
GSE153647,32961131
GSE153648,37044136
GSE153650,34396985
GSE153667,33148325
GSE153679,33748720
GSE153680,33748720
GSE153703,25908270
GSE153710,32844992
GSE153712,33771206
GSE153717,32733009
GSE153718,32733009
GSE153723,33909998
GSE153750,32733009
GSE153815,32983020
GSE153851,35236847
GSE153887,34741115
GSE15389,19755512
GSE15390,21841785
GSE153907,33748720
GSE153908,33748720
GSE15392,19755512
GSE153921,33602872
GSE153922,33602872
GSE153929,32792541
GSE153940,32707573
GSE153948,34326481
GSE15395,19755512
GSE15396,19755512
GSE153981,34561429
GSE153985,33689682
GSE153992,28266612
GSE154008,34326481
GSE154009,34326481
GSE154036,33054396
GSE154041,32661549
GSE154042,32661549
GSE154043,32661549
GSE154065,34503222
GSE154077,33450403
GSE154104,32839612
GSE154109,32692727
GSE154136,32727470
GSE15416,19535142
GSE154166,33960413
GSE154170,33930309
GSE154175,35093191
GSE154181,34011527
GSE154186,33229569
GSE154187,33229569
GSE154188,33229569
GSE154189,33229569
GSE15419,21156972
GSE154199,32822602
GSE154203,32916131
GSE154221,32857768
GSE154245,32707845
GSE154253,32795319
GSE154286,32767058
GSE154301,33452355
GSE154311,33986193
GSE154325,33172888
GSE154328,33658714
GSE154329,33658714
GSE154338,34561453
GSE154341,33391210
GSE154386,33513191
GSE154405,35600311
GSE15445,19430475
GSE154451,33418509
GSE154451,38464090
GSE154492,35064215
GSE154494,34326467
GSE154504,33637999
GSE154532,35585070
GSE154543,33536616
GSE154566,33371772
GSE15457,19376150
GSE154609,32978233
GSE154619,34480023
GSE154632,33975627
GSE154633,33975627
GSE154645,34737269
GSE154646,37620362
GSE154650,33888516
GSE154672,33750880
GSE154676,34816102
GSE154682,34816102
GSE154703,33876188
GSE154713,33750880
GSE154723,33469078
GSE154734,37620362
GSE154759,33257861
GSE154761,33147444
GSE154763,33545035
GSE15477,19432969
GSE154777,38022639
GSE154782,33147444
GSE154783,33147444
GSE154784,33147444
GSE15479,32759958
GSE154795,34836966
GSE154816,33970188
GSE154824,32916216
GSE154827,32916216
GSE154828,32916216
GSE154845,35092309
GSE15487,19816418
GSE154872,34001972
GSE154890,33383072
GSE15492,19741204
GSE154928,33170215
GSE154929,33170215
GSE154967,34707105
GSE154998,33306162
GSE155067,33677214
GSE155126,33929904
GSE155127,33929904
GSE155128,33929904
GSE155164,35294258
GSE155172,34195684
GSE155175,33417618
GSE155181,33336840
GSE155196,35567999
GSE155204,32855215
GSE155207,33414138
GSE155231,34096575
GSE155232,34480152
GSE155233,34480152
GSE155234,34480152
GSE155236,34480152
GSE155241,33116299
GSE155242,33755911
GSE155244,36691074
GSE155249,33429418
GSE155250,34011606
GSE15532,24586032
GSE155328,33144283
GSE155353,33635431
GSE155364,33055221
GSE155371,33601339
GSE155381,33861963
GSE155392,33002421
GSE155405,32818496
GSE155407,34118180
GSE155413,33657363
GSE155421,33523865
GSE15543,19622797
GSE155442,32873625
GSE155447,33657363
GSE155448,33657363
GSE155468,33017217
GSE155468,37308786
GSE155482,32778664
GSE155515,34497273
GSE155524,33990559
GSE155546,34189439
GSE155547,34189439
GSE155555,33828297
GSE155558,34543389
GSE155559,34543389
GSE155592,34543389
GSE155598,34234345
GSE155600,34234345
GSE155601,34234345
GSE155603,34234345
GSE155604,34234345
GSE155606,33172972
GSE155607,33172972
GSE155608,33172972
GSE155622,33692491
GSE155641,32868297
GSE155664,34234345
GSE155678,32755548
GSE155684,35177654
GSE155685,35177654
GSE155686,35177654
GSE155719,33312178
GSE155719,36930354
GSE155739,32999308
GSE155740,35235716
GSE155763,34732703
GSE15577,19901554
GSE15577,22324391
GSE155782,33211885
GSE155789,33098193
GSE155799,34644563
GSE155818,35399519
GSE155832,34224201
GSE155840,33263113
GSE155867,33139635
GSE155867,34064989
GSE15587,21403400
GSE155883,36930354
GSE155897,34012444
GSE15595,19737362
GSE155955,33647277
GSE155956,33045061
GSE155958,33275892
GSE155961,38933905
GSE155972,33953401
GSE1560,15550693
GSE1560,15870398
GSE156002,33336366
GSE156011,34185380
GSE15602,19389237
GSE156028,33177681
GSE15603,19427283
GSE156032,32889431
GSE156035,35058920
GSE156044,32991841
GSE156055,33177681
GSE156103,35196484
GSE156112,33789089
GSE156128,34661337
GSE156129,34661337
GSE156130,34661337
GSE15614,19664223
GSE15615,19389237
GSE156185,33627408
GSE156201,34630033
GSE156207,33462245
GSE156209,34006870
GSE156214,33627408
GSE156219,35038906
GSE156221,33163396
GSE156222,33762006
GSE15623,19664992
GSE156287,34142042
GSE156308,33661764
GSE156318,33472070
GSE15632,19690134
GSE156326,34716325
GSE156326,37111549
GSE156329,34151224
GSE156337,32976798
GSE156339,33060583
GSE156339,35837599
GSE156339,38251974
GSE156340,33060583
GSE156340,35837599
GSE156340,38251974
GSE156341,33060583
GSE156341,35837599
GSE156341,38251974
GSE15636,21831765
GSE156395,33472215
GSE156396,33195269
GSE156405,34426439
GSE156416,33976194
GSE156417,33976194
GSE156418,33976194
GSE156445,34635729
GSE156461,33661764
GSE156462,34707105
GSE156463,34707105
GSE156478,34083792
GSE156485,32936072
GSE156486,32936072
GSE156487,32936072
GSE156488,32936072
GSE156524,35947947
GSE156542,33127758
GSE156556,34748562
GSE156557,35235716
GSE156558,35235716
GSE156581,33888612
GSE156583,33888612
GSE156586,33888612
GSE156598,32855215
GSE156611,35482418
GSE156624,32936072
GSE156625,32976798
GSE156626,32976798
GSE156631,33888612
GSE156638,37447090
GSE156656,31130617
GSE156663,33771989
GSE156677,34365695
GSE156683,34616061
GSE156696,36930354
GSE156713,35178295
GSE156728,34914499
GSE156742,36171294
GSE156757,33888612
GSE156759,33823870
GSE156760,33904651
GSE156770,35388001
GSE156771,35388001
GSE156772,35388001
GSE156773,35388001
GSE156776,32991841
GSE156783,35280993
GSE156793,33184181
GSE156817,32997990
GSE156846,34385434
GSE156868,33154377
GSE156914,33458693
GSE156915,33028592
GSE156921,33312178
GSE156921,34670213
GSE156921,37040733
GSE156927,32897879
GSE156967,34516753
GSE156972,33561194
GSE156972,34604909
GSE156977,34185380
GSE156978,33310192
GSE156979,33208556
GSE156988,32995793
GSE156988,34561439
GSE156989,34113805
GSE156990,34782770
GSE156991,34782770
GSE156992,34782770
GSE157024,32907836
GSE157026,32991841
GSE157037,33333986
GSE157037,34625017
GSE157040,33143730
GSE157047,36194479
GSE157047,37916875
GSE157075,37991384
GSE157092,35857643
GSE157093,35857643
GSE157094,35857643
GSE157095,35857643
GSE157125,35941292
GSE157140,37159663
GSE157144,33101712
GSE157148,38069004
GSE157161,34970419
GSE157201,32942044
GSE157203,32942044
GSE157204,33404500
GSE157206,33145806
GSE157208,32818241
GSE157210,32818241
GSE157212,33177495
GSE157232,38776918
GSE157233,33445170
GSE157240,34777354
GSE157244,33525909
GSE157244,36034743
GSE157246,32951127
GSE157247,32951127
GSE157248,32951127
GSE157256,33402335
GSE157262,33886094
GSE157263,33886094
GSE157264,33886094
GSE157265,33886094
GSE157267,33886094
GSE157269,34338635
GSE157271,33207201
GSE157272,34454584
GSE157273,34454584
GSE157291,34715039
GSE157294,33417871
GSE157295,33417871
GSE157296,33417871
GSE157298,33022376
GSE157298,33417871
GSE157305,34717796
GSE157312,36240286
GSE157314,36240286
GSE157320,34151224
GSE157322,33510208
GSE157324,33609405
GSE157332,33888582
GSE157342,33893273
GSE157344,33674591
GSE157345,33893273
GSE157361,33357414
GSE157361,36482253
GSE157362,33912935
GSE157376,34151224
GSE157377,34151224
GSE157378,34151224
GSE157379,34151224
GSE157386,34445655
GSE157399,34625470
GSE15741,19759262
GSE157423,33357414
GSE157423,36482253
GSE157425,33357414
GSE157425,36482253
GSE157435,33035480
GSE157436,32933205
GSE157441,34367159
GSE157462,33278339
GSE157467,34496257
GSE157490,34433827
GSE157497,32976661
GSE157516,33445170
GSE157522,33440998
GSE157574,33580144
GSE157596,34216540
GSE157597,34216540
GSE157598,34216540
GSE15762,19632181
GSE157636,34358447
GSE157638,34736405
GSE157645,33997693
GSE157650,33692994
GSE157654,34151224
GSE157670,33275892
GSE157672,33075202
GSE157677,33410252
GSE157679,33563697
GSE157690,36203187
GSE157692,33753779
GSE157696,35347276
GSE157699,33993729
GSE157704,33268382
GSE157705,33268382
GSE157706,33268382
GSE157707,33268382
GSE157709,34365503
GSE157716,34041236
GSE157720,35425987
GSE15773,20678967
GSE157731,33176148
GSE157731,35326450
GSE157732,33176148
GSE157732,35326450
GSE157735,33176148
GSE157735,35326450
GSE157766,34970419
GSE157790,32990380
GSE157800,32820022
GSE157802,33151035
GSE157821,38402617
GSE157823,34108627
GSE157826,34112753
GSE157838,34050173
GSE157841,33826889
GSE157842,33826889
GSE157845,33462489
GSE157868,34616061
GSE157871,34534448
GSE157872,34534448
GSE15788,19536208
GSE15788,25806405
GSE157886,34616061
GSE157900,33130055
GSE157902,33186095
GSE157904,33495337
GSE157905,34290403
GSE157921,33017228
GSE157929,33017228
GSE157931,33017228
GSE157944,35567999
GSE157947,39095402
GSE157948,32960813
GSE157961,33053343
GSE157962,33053343
GSE157963,33053343
GSE157964,33053343
GSE157969,35309301
GSE157970,35309301
GSE157971,35309301
GSE157978,35309301
GSE157979,35309301
GSE157980,34616061
GSE157985,34156424
GSE157989,33274363
GSE15799,20087348
GSE157990,33301708
GSE157994,33301708
GSE157995,35389887
GSE157996,35389887
GSE157997,35389887
GSE157998,33301708
GSE157999,33301708
GSE158005,33606988
GSE158005,33691105
GSE158014,34616061
GSE158015,36805688
GSE158030,33785765
GSE158034,33785765
GSE158036,33785765
GSE158037,33785765
GSE158038,33785765
GSE158043,34616061
GSE158054,33199607
GSE158055,33657410
GSE158057,33268593
GSE158060,33382955
GSE158066,34616061
GSE158069,32991819
GSE158075,33596996
GSE158084,34678511
GSE158092,34616061
GSE158116,30998992
GSE158116,32325086
GSE158116,33627749
GSE158128,33958675
GSE158144,33148882
GSE158146,33370286
GSE158147,33370286
GSE158148,33370286
GSE158149,33370286
GSE15815,18351644
GSE158150,33370286
GSE158151,33370286
GSE158154,34616061
GSE15816,19939278
GSE158164,33773029
GSE158165,33158248
GSE158168,34572384
GSE158182,34288010
GSE158184,36526735
GSE158210,34119876
GSE158242,34290732
GSE158257,33120014
GSE158261,36870611
GSE158268,36195598
GSE158272,36805688
GSE158277,34439758
GSE158297,33388094
GSE158315,34149906
GSE158325,32986727
GSE158328,33406409
GSE158361,33942716
GSE158394,35857643
GSE158438,33877296
GSE158445,33178684
GSE158463,34013174
GSE158474,33158843
GSE158476,33158843
GSE1585,17077276
GSE15852,20097481
GSE158526,33993190
GSE158534,35129424
GSE158534,36316968
GSE158554,33408116
GSE158556,34272475
GSE15856,20858713
GSE158579,33113353
GSE158593,34312180
GSE158598,34312180
GSE158599,34312180
GSE1586,17077276
GSE158627,33150865
GSE158645,33004416
GSE158660,36195598
GSE158661,33004416
GSE158665,38026791
GSE158669,33664453
GSE158671,33004416
GSE158673,33004416
GSE158679,33763686
GSE158698,33235981
GSE158700,33367832
GSE158702,33406409
GSE158704,33406409
GSE158706,33740162
GSE158713,33408116
GSE158717,34171263
GSE15876,20596025
GSE158764,33565211
GSE158803,34548323
GSE158827,33004416
GSE158833,35019856
GSE15885,19432961
GSE158876,34139149
GSE158884,34099540
GSE158886,33158843
GSE158904,33247761
GSE158906,34411391
GSE158922,37834462
GSE158929,31178392
GSE158953,33729568
GSE158988,33956074
GSE158993,33896623
GSE159004,33795875
GSE159005,33795875
GSE159011,33557217
GSE159028,34587228
GSE15904,19805309
GSE15904,37805590
GSE159114,37587336
GSE159117,35015026
GSE159124,35210361
GSE159125,35210361
GSE159126,35210361
GSE159127,35210361
GSE159135,34059820
GSE159161,33558616
GSE159177,32191585
GSE15918,19164467
GSE159187,33773996
GSE159201,33852884
GSE159211,35771990
GSE159229,33483495
GSE159253,33158843
GSE159254,33158843
GSE159266,33764639
GSE159266,35597810
GSE159280,33188777
GSE159296,37587336
GSE159297,37587336
GSE15930,19592655
GSE159333,34523252
GSE159344,33597266
GSE159345,33176144
GSE159366,37335463
GSE159423,33060802
GSE159433,33217323
GSE159449,33471428
GSE159466,33679867
GSE159472,33385586
GSE159490,33637716
GSE159491,33290741
GSE159491,35255944
GSE159497,33147210
GSE159498,33345777
GSE15950,19495420
GSE159514,33666652
GSE159516,33495219
GSE159517,38424041
GSE159518,38424041
GSE159520,34845225
GSE159527,35136059
GSE159546,34272384
GSE159547,33177106
GSE159552,33357405
GSE159556,34081913
GSE159562,33491669
GSE159585,35998078
GSE15960,20087348
GSE159618,33841401
GSE159640,35141286
GSE159648,33602873
GSE159648,38081939
GSE15966,19671739
GSE159679,33462489
GSE159680,33462489
GSE159681,33462489
GSE159701,34181969
GSE159718,37587336
GSE159721,33257699
GSE159754,34301760
GSE159759,33665640
GSE159759,36865544
GSE159778,33257861
GSE159779,33257861
GSE159781,33257861
GSE159783,33257861
GSE159784,33257861
GSE159785,33298930
GSE159786,33257861
GSE159787,33298930
GSE159788,33298930
GSE159831,35750044
GSE159857,35676822
GSE159857,36923308
GSE159892,36367776
GSE159901,35021083
GSE159924,33743554
GSE159930,33216750
GSE159949,32786149
GSE159972,34819668
GSE159972,36253572
GSE159984,33264613
GSE159985,34819668
GSE159985,36253572
GSE159986,34819668
GSE159986,36253572
GSE159991,34778803
GSE159992,33818129
GSE160001,33980863
GSE160006,35422502
GSE160009,33219153
GSE160018,33980863
GSE16003,22087020
GSE160093,34244384
GSE160095,34244384
GSE160096,34244384
GSE160097,33296081
GSE160146,33501759
GSE160148,34819668
GSE160148,36253572
GSE16015,19429869
GSE16015,30755706
GSE160157,33431657
GSE160180,33128319
GSE160186,33507295
GSE16020,20040766
GSE160208,33375642
GSE160216,33911285
GSE160216,37085492
GSE160219,33911285
GSE160219,37085492
GSE160220,33911285
GSE160220,37085492
GSE160229,33483495
GSE160235,34166567
GSE160235,34678064
GSE160244,33712615
GSE160249,36077842
GSE160255,34669463
GSE160269,34489433
GSE160269,38097539
GSE160270,33231170
GSE160271,33231170
GSE160272,33231170
GSE16028,19500411
GSE160286,35550602
GSE160287,33613110
GSE160291,34011283
GSE160304,33184237
GSE160316,34166567
GSE160316,34678064
GSE160317,34166567
GSE160317,34678064
GSE160321,34166567
GSE160321,34678064
GSE160361,35377872
GSE160384,33198269
GSE160389,36720443
GSE160392,36720443
GSE160394,36720443
GSE160396,36720443
GSE160429,35134235
GSE160430,35678674
GSE160430,35806463
GSE160430,36613720
GSE160432,35216222
GSE160435,33905739
GSE160440,33983114
GSE160442,33983114
GSE160443,33983114
GSE160444,33983114
GSE160466,33239297
GSE160471,33335034
GSE160478,33414552
GSE160479,33414552
GSE160480,33414552
GSE160495,33593913
GSE160540,35853939
GSE160540,37446144
GSE160562,34228762
GSE160562,36536032
GSE160601,33735615
GSE160602,33735615
GSE160603,33735615
GSE160627,33441400
GSE16063,19616448
GSE160631,35440562
GSE160640,33484195
GSE160646,34801693
GSE160648,34078875
GSE160650,35123499
GSE160667,33980863
GSE160668,34278249
GSE160670,33980863
GSE160692,33415077
GSE16071,19503079
GSE160732,35347229
GSE160743,33294796
GSE160744,33294796
GSE160745,33294796
GSE160746,33294796
GSE160750,33158814
GSE160751,33158814
GSE160752,33158814
GSE160753,33158814
GSE160754,33158814
GSE160755,33158814
GSE160760,33033147
GSE16079,20685852
GSE160816,33296673
GSE160824,33469587
GSE160824,34267262
GSE160868,34696474
GSE160871,35559731
GSE160885,33436641
GSE160901,33737919
GSE160929,34116023
GSE160933,37587336
GSE160965,36511706
GSE160982,29472722
GSE160982,30480765
GSE160982,33414401
GSE160997,33558530
GSE161016,33201861
GSE161044,33203959
GSE161044,38326494
GSE161046,33951921
GSE161053,34103504
GSE161054,34103504
GSE161055,34103504
GSE161056,34103504
GSE161058,33567812
GSE161097,33257424
GSE16111,19710687
GSE161121,36471127
GSE161151,33483496
GSE161151,35851102
GSE161161,34320359
GSE161173,35260583
GSE161175,33720519
GSE161175,35563134
GSE161179,35139355
GSE16120,21266046
GSE161262,33232663
GSE161263,33232663
GSE161264,33232663
GSE161275,33720519
GSE161305,34613655
GSE161322,33493091
GSE161345,33408345
GSE161351,33436641
GSE161353,33436641
GSE16136,19965430
GSE16136,19965432
GSE161376,33497014
GSE161377,33497014
GSE161378,33497014
GSE161381,33164753
GSE161382,33164753
GSE161383,33164753
GSE161386,33497014
GSE161389,33473324
GSE161398,34494546
GSE161426,33976194
GSE161427,33473324
GSE161434,33625469
GSE161436,33720519
GSE161436,35563134
GSE161437,33720519
GSE161437,35563134
GSE161438,33720519
GSE161438,35563134
GSE161440,33720519
GSE161440,35563134
GSE161446,33625469
GSE161447,33257475
GSE161448,33625469
GSE161451,34937926
GSE161457,34937926
GSE161458,34937926
GSE161459,34937926
GSE161461,34937926
GSE161462,33266321
GSE161463,34937926
GSE161467,34846534
GSE161467,36936920
GSE161467,37898628
GSE161471,33469030
GSE16148,19796622
GSE161496,33589527
GSE161506,33462245
GSE161508,34535011
GSE161532,30480765
GSE161532,31817495
GSE161532,32793492
GSE161532,34150648
GSE161570,35449309
GSE161575,33707237
GSE161600,35172134
GSE161615,33691139
GSE161619,34599103
GSE161651,33397444
GSE161678,33296687
GSE161679,33741710
GSE161693,35228746
GSE161696,38155938
GSE161719,22547424
GSE161719,26338460
GSE161719,33639916
GSE161720,20739510
GSE161720,33639916
GSE161721,20739510
GSE161721,22547424
GSE161721,26338460
GSE161721,33639916
GSE161722,33968139
GSE161731,33597532
GSE161731,34001247
GSE161743,33980863
GSE161772,33420329
GSE161777,33296687
GSE161778,33296687
GSE161801,34845188
GSE161802,34006221
GSE161808,34637754
GSE161811,35965840
GSE161828,34338635
GSE161878,33660333
GSE161878,34621188
GSE161881,33723254
GSE161899,35857500
GSE161900,35857500
GSE161902,35857500
GSE161908,35181787
GSE161909,35181787
GSE161910,35181787
GSE161918,33713619
GSE161921,34130702
GSE161921,35055131
GSE161921,35338173
GSE161921,36237479
GSE161921,37628806
GSE161949,33731701
GSE161950,33731701
GSE161951,33731701
GSE161957,33857287
GSE161961,34010296
GSE161961,37682902
GSE161967,33996965
GSE161967,36613828
GSE161986,33332381
GSE161997,33332381
GSE161999,33332381
GSE162000,33876209
GSE162025,33531485
GSE162032,34824279
GSE162034,34824279
GSE162038,33382968
GSE162039,33357464
GSE162040,33338421
GSE162041,34824279
GSE162051,34054852
GSE162072,33297959
GSE162080,36219398
GSE162086,33296686
GSE162091,33719314
GSE162093,34025359
GSE162093,35789154
GSE162098,33616528
GSE1621,15292486
GSE16214,19525953
GSE16214,23019656
GSE16214,23522783
GSE162165,34418597
GSE162166,34923751
GSE162170,34390642
GSE162185,35025731
GSE162202,35857500
GSE162205,33406420
GSE16221,20123895
GSE162232,33357405
GSE162280,33876209
GSE162282,33876209
GSE162283,33876209
GSE162287,34546071
GSE162296,34893587
GSE162300,34216539
GSE162305,35191504
GSE162326,35061545
GSE162328,36350314
GSE162351,36350314
GSE162354,36350314
GSE162355,36350314
GSE162367,33536616
GSE162368,33536616
GSE162382,34216539
GSE162392,33913170
GSE162415,37709752
GSE162422,33747015
GSE162436,33303685
GSE162454,34367994
GSE162454,36507075
GSE162454,38755647
GSE162473,33542077
GSE162496,36602025
GSE162505,33484110
GSE162506,34764253
GSE162515,34593797
GSE162522,33318036
GSE162523,33318036
GSE162525,33318036
GSE162551,35577813
GSE162554,35354948
GSE162556,33899734
GSE162559,35354948
GSE16256,19829295
GSE16256,20452322
GSE16256,20944595
GSE16256,21289626
GSE16256,23526891
GSE16256,26030523
GSE16256,28637928
GSE162560,35354948
GSE162561,34408135
GSE162564,33431496
GSE162570,35577813
GSE162571,33722937
GSE162588,35587837
GSE16259,20584882
GSE162591,34079898
GSE162592,34079898
GSE162593,34079898
GSE162607,35577813
GSE162610,34132743
GSE162644,33852834
GSE162647,33755662
GSE162659,35577813
GSE162660,33772096
GSE162662,35577813
GSE16267,19556463
GSE162690,33633365
GSE162696,33682796
GSE162709,34935415
GSE162720,33478577
GSE162735,35810502
GSE162746,33510868
GSE162746,34095887
GSE162760,33793565
GSE162760,38709823
GSE162761,35704598
GSE162806,33320841
GSE162821,33718266
GSE162829,35294889
GSE162842,35294889
GSE162843,35294889
GSE162850,34781022
GSE162851,33688010
GSE162853,34061778
GSE162882,33545081
GSE162883,33545081
GSE162884,33545081
GSE162894,33593877
GSE162944,33552051
GSE162945,33552051
GSE162946,33552051
GSE162969,33602869
GSE162974,35618883
GSE162986,33923454
GSE162996,35440562
GSE163022,33722704
GSE163028,33413690
GSE163034,28215825
GSE163046,34299315
GSE163050,34242617
GSE163051,34242617
GSE163052,34242617
GSE163054,34652942
GSE163055,35360677
GSE163055,36797287
GSE163059,34358448
GSE163089,33495472
GSE163108,33592174
GSE163120,33782623
GSE163120,34917090
GSE163144,34668757
GSE163152,35028612
GSE163155,29066557
GSE163155,33535052
GSE163198,34242617
GSE163213,34012031
GSE163214,33445503
GSE163227,35091682
GSE163228,35091682
GSE163229,35091682
GSE163272,35912104
GSE163278,31013254
GSE163281,38168040
GSE163285,33712578
GSE163286,39071312
GSE163318,33445503
GSE16333,19619162
GSE163332,35705030
GSE163333,35705030
GSE163334,35705030
GSE163335,35705030
GSE163347,34211474
GSE163363,34845392
GSE163364,34845392
GSE163365,34845392
GSE163370,33451349
GSE163372,31426508
GSE163379,33869230
GSE163380,33869230
GSE163381,33869230
GSE163382,33924042
GSE163387,33184237
GSE163388,33184237
GSE163389,33184237
GSE163390,33184237
GSE163391,33184237
GSE163392,33184237
GSE163393,33184237
GSE163415,33828448
GSE163420,33892077
GSE163426,34446707
GSE163428,33767450
GSE163429,33767450
GSE163430,33767450
GSE163431,33767450
GSE163434,33870722
GSE163453,33986176
GSE163454,33986176
GSE163472,34060910
GSE163472,38131671
GSE163473,34060910
GSE163474,33910563
GSE163475,34060910
GSE163475,38131671
GSE16348,19706692
GSE163483,33986176
GSE163493,33538776
GSE163501,35294889
GSE163527,33322625
GSE163527,34830054
GSE163531,33936070
GSE163538,34686187
GSE163549,36383655
GSE163560,34409288
GSE163576,38598837
GSE163602,33538776
GSE163603,33568476
GSE163603,35675394
GSE163604,33538776
GSE163614,33796004
GSE163622,36001732
GSE163625,34045355
GSE163626,34045355
GSE163635,33975917
GSE163640,34045355
GSE163641,34045355
GSE163657,33327742
GSE163657,38841495
GSE163668,33494096
GSE163675,38167338
GSE16368,20944595
GSE16368,25690954
GSE163688,34035246
GSE163693,34376651
GSE163693,37175668
GSE163706,33627870
GSE163720,33540554
GSE163721,33540554
GSE163722,33540554
GSE163729,35410381
GSE163733,34774811
GSE163736,37494060
GSE16375,19796622
GSE163756,35393420
GSE163775,34494546
GSE163813,34274947
GSE163814,34274947
GSE163815,34274947
GSE163817,34654425
GSE163824,33561015
GSE163831,33561015
GSE163832,33561015
GSE163838,34449440
GSE163853,35469026
GSE163856,33609440
GSE163862,37107275
GSE163875,32277121
GSE163908,34418430
GSE163911,35115407
GSE163928,34983631
GSE163929,34983631
GSE163931,34983631
GSE163937,33670495
GSE163972,34031592
GSE163984,33836143
GSE163989,36958335
GSE164004,35393420
GSE164015,33682796
GSE164016,34320364
GSE164031,34320364
GSE164043,34320364
GSE164045,34320364
GSE164047,34145242
GSE164056,33542190
GSE164058,33619282
GSE164060,34320364
GSE164071,34320364
GSE164072,34320364
GSE164093,33574265
GSE164106,33692482
GSE164106,37611663
GSE164119,33682796
GSE164120,34257378
GSE164127,33712580
GSE164127,35145108
GSE164127,37563227
GSE164127,38848365
GSE164128,33892503
GSE164144,35614107
GSE164150,33889540
GSE164158,33552118
GSE164174,33743111
GSE164176,33923085
GSE164199,36511116
GSE164200,34184765
GSE164208,33509158
GSE164212,33597588
GSE164213,33597588
GSE164214,33597588
GSE164215,33597588
GSE164220,38097562
GSE164250,33511777
GSE164256,34429546
GSE164257,36217821
GSE164300,34108617
GSE16431,19801397
GSE164345,34623332
GSE164347,34642184
GSE164375,35584084
GSE164378,34062119
GSE164403,33730555
GSE164430,33883145
GSE164432,38167338
GSE164433,38167338
GSE164447,33883138
GSE164448,33682796
GSE164449,34168655
GSE164457,33883687
GSE16446,20098429
GSE16446,20189874
GSE16446,21422418
GSE16446,26484051
GSE164463,33730555
GSE16447,19559397
GSE164485,34281603
GSE164486,33636112
GSE164489,28746305
GSE164495,34610961
GSE164504,34788094
GSE164505,34788094
GSE164506,34788094
GSE164507,33831349
GSE164517,33495342
GSE164522,35303421
GSE164522,36911291
GSE164522,38007237
GSE164531,33632899
GSE16454,20016602
GSE16455,20124476
GSE164551,33558511
GSE164554,33572851
GSE164564,35803227
GSE164579,33613525
GSE164580,33613525
GSE164581,33613525
GSE164593,33735607
GSE164594,33735607
GSE164595,33735607
GSE164596,33735607
GSE1646,15317747
GSE16461,21216829
GSE164636,34128467
GSE164636,37735685
GSE164639,33476303
GSE16465,20005572
GSE16466,19470782
GSE164665,33547202
GSE164674,34133945
GSE164675,34133945
GSE164676,34133945
GSE164701,35357885
GSE164703,35357885
GSE164706,35357885
GSE164709,33668084
GSE164722,34016524
GSE164722,34846534
GSE164723,34016524
GSE164723,34846534
GSE164723,36936920
GSE164723,37898628
GSE164746,34931081
GSE164780,33601339
GSE164781,33601339
GSE164791,33951416
GSE164792,33951416
GSE164793,33951416
GSE164796,34961960
GSE164800,35013473
GSE164811,34510716
GSE16483,20055812
GSE164830,35357885
GSE164831,35013473
GSE164833,35013473
GSE164847,35357885
GSE164849,33627658
GSE164899,35704759
GSE164900,34068249
GSE164901,35863348
GSE164904,35863348
GSE164906,35863348
GSE164908,35127377
GSE164943,33609461
GSE164944,33609461
GSE164945,33609461
GSE164946,33795428
GSE164947,33795428
GSE164949,33795428
GSE164950,33795428
GSE164999,34216539
GSE165019,34001994
GSE165020,33684179
GSE165021,34936223
GSE165021,35281792
GSE16507,20305017
GSE165080,35281000
GSE165080,35716403
GSE165080,36055412
GSE165088,34216539
GSE16510,20189714
GSE165122,33510216
GSE165128,35863348
GSE165129,35863348
GSE165130,35863348
GSE165133,36598988
GSE165135,35863348
GSE165136,35863348
GSE165137,33761896
GSE165202,34389722
GSE165202,34880236
GSE165219,33937236
GSE16522,19805141
GSE165238,34162860
GSE165250,33875594
GSE165257,33627871
GSE165258,33627871
GSE165259,33627871
GSE165266,35524742
GSE165276,34001893
GSE165286,33911148
GSE16529,19675170
GSE165290,34310651
GSE165310,34056657
GSE165311,33888612
GSE165313,33888612
GSE165316,34466226
GSE165324,33959635
GSE165325,34739170
GSE165336,34412669
GSE165373,34063463
GSE165374,38167338
GSE165382,35752626
GSE165416,34162733
GSE165417,34162733
GSE165418,34162733
GSE165471,35654045
GSE165490,34408147
GSE165491,34408147
GSE165492,34408147
GSE165494,34408147
GSE165495,34408147
GSE165515,36306369
GSE165570,34535185
GSE165571,34535185
GSE165572,34535185
GSE165615,35294501
GSE165621,35788181
GSE165640,34369094
GSE165641,34369094
GSE165643,35392965
GSE165687,33674273
GSE165688,33674273
GSE165748,36138189
GSE165749,36138189
GSE165750,36138189
GSE165761,34408147
GSE165764,33674273
GSE165788,33852831
GSE165789,33852831
GSE165792,33852831
GSE165797,33771887
GSE165797,37595589
GSE165823,35831322
GSE165828,33807742
GSE165834,34653464
GSE165845,33536225
GSE165854,34149804
GSE165870,33763704
GSE165891,35883107
GSE165897,35196078
GSE165897,38168227
GSE165937,33911148
GSE165946,35568393
GSE165947,35568393
GSE165948,35568393
GSE165949,35568393
GSE165950,35568393
GSE165960,35835937
GSE16598,19846608
GSE16598,19903760
GSE16599,19846608
GSE16599,19903760
GSE165997,35392965
GSE165998,35392965
GSE165999,35392965
GSE16600,19846608
GSE16600,19903760
GSE16601,19846608
GSE16601,19903760
GSE166017,33545713
GSE16602,19846608
GSE16602,19903760
GSE166028,34645812
GSE16603,19846608
GSE16603,19903760
GSE16604,19846608
GSE16604,19903760
GSE16605,19846608
GSE16605,19903760
GSE16606,19846608
GSE16606,19903760
GSE166067,34466226
GSE166068,34466226
GSE16607,19846608
GSE16607,19903760
GSE166074,35093191
GSE166075,35093191
GSE16608,19846608
GSE16608,19903760
GSE16609,19846608
GSE16609,19903760
GSE16610,19846608
GSE16610,19903760
GSE166100,35392965
GSE16611,19846608
GSE16611,19903760
GSE166110,33660785
GSE166111,35417530
GSE166137,34956138
GSE166141,36518247
GSE166145,35148843
GSE166146,35148843
GSE166147,35148843
GSE166156,33878189
GSE166158,34611656
GSE166158,37142773
GSE166159,33627871
GSE166160,35502319
GSE166165,33962950
GSE166169,35920020
GSE166170,34611656
GSE166170,37142773
GSE166172,34611656
GSE166172,37142773
GSE166177,35093191
GSE166179,35093191
GSE166188,34083792
GSE16619,19706770
GSE166190,34587479
GSE166191,34083792
GSE166197,36134690
GSE166207,35094644
GSE166209,34010142
GSE166229,33837425
GSE166241,35971133
GSE166255,34547430
GSE166262,33833454
GSE166268,35284622
GSE166275,33989522
GSE166298,33667385
GSE16631,20305017
GSE166321,35201318
GSE166345,35860547
GSE166356,34586646
GSE166370,34093224
GSE166395,34318329
GSE166428,33658347
GSE166428,35297672
GSE166446,33878189
GSE166447,33878189
GSE166459,33878189
GSE166467,33893273
GSE166481,33730567
GSE166482,33730567
GSE166484,33730567
GSE166485,33730567
GSE166486,33730567
GSE166491,34591974
GSE166500,37184765
GSE166502,33893273
GSE16658,22003392
GSE166587,33893273
GSE166609,33785524
GSE166612,35494237
GSE166612,36841178
GSE16663,19846608
GSE16663,19903760
GSE16664,19846608
GSE16664,19903760
GSE16665,19846608
GSE16665,19903760
GSE166652,33893273
GSE16667,19846608
GSE16667,19903760
GSE16668,19846608
GSE16668,19903760
GSE16669,19846608
GSE16669,19903760
GSE166709,37225862
GSE166712,33677640
GSE16672,19846608
GSE16672,19903760
GSE16673,20685815
GSE16673,22718977
GSE16673,23935120
GSE16673,28369650
GSE16674,19584398
GSE166763,33765443
GSE166787,33893273
GSE166797,33827925
GSE166813,38091997
GSE166814,34093224
GSE166821,39070537
GSE166840,33869219
GSE166841,35532173
GSE166845,34122346
GSE166847,34122346
GSE166848,34122346
GSE166872,34623332
GSE166873,34623332
GSE166875,37329888
GSE166877,35563635
GSE166879,35027454
GSE166879,37980416
GSE166880,35027454
GSE166880,37980416
GSE166881,35027454
GSE166881,37980416
GSE166882,35027454
GSE166882,37980416
GSE166883,35027454
GSE166883,37980416
GSE166884,35027454
GSE166884,37980416
GSE166885,35027454
GSE166885,37980416
GSE166886,35027454
GSE166886,37980416
GSE166887,35027454
GSE166887,37980416
GSE166888,35027454
GSE166888,37980416
GSE166890,35027454
GSE166890,37980416
GSE166891,35027454
GSE166891,37980416
GSE166892,35027454
GSE166892,37980416
GSE166893,35027454
GSE166893,37980416
GSE166894,35027454
GSE166894,37980416
GSE166896,35027454
GSE166896,37980416
GSE166897,35027454
GSE166897,37980416
GSE166918,34298922
GSE166924,34675383
GSE166925,34675383
GSE166927,34675383
GSE166928,34675383
GSE166933,34686187
GSE166941,34463254
GSE166942,34463254
GSE166943,34463254
GSE166985,34155583
GSE166988,34004356
GSE166991,34766154
GSE167002,34995096
GSE167009,39070537
GSE167010,39070537
GSE167017,34734806
GSE167019,34734806
GSE167020,34734806
GSE167025,34766154
GSE167035,33912565
GSE167080,35640155
GSE167080,35801629
GSE167083,33842376
GSE167084,33748146
GSE167113,33742099
GSE167117,33924559
GSE167117,36030268
GSE167118,33622974
GSE16712,20069569
GSE167121,35536645
GSE167121,37960344
GSE167122,35536645
GSE167122,37960344
GSE167123,35536645
GSE167123,37960344
GSE16716,20064235
GSE16716,20676074
GSE16716,27363682
GSE16717,22247756
GSE167174,34375004
GSE167185,34623332
GSE167246,34909713
GSE167275,34941867
GSE167276,33952672
GSE167279,33952672
GSE167293,34875226
GSE167310,34098567
GSE167319,33895780
GSE16732,19607694
GSE167334,33743211
GSE167336,33743211
GSE167341,33743211
GSE167344,34218273
GSE167382,34954109
GSE167395,34714577
GSE1674,15166183
GSE1674,15882546
GSE167419,38320485
GSE167421,34029205
GSE167422,38320485
GSE167423,38320485
GSE167436,33718351
GSE167473,33941777
GSE167473,36722641
GSE167479,35149708
GSE167480,33742149
GSE167498,33979605
GSE167506,35849143
GSE167522,33993729
GSE167537,37200088
GSE167538,34588995
GSE167538,37978295
GSE167553,33931637
GSE167573,34489456
GSE167598,35212163
GSE1676,15892871
GSE167747,35032430
GSE167749,34775384
GSE167786,36656933
GSE167847,37744107
GSE167863,33785758
GSE167867,34560105
GSE167872,34799588
GSE167877,34597584
GSE167893,33868267
GSE167905,34084133
GSE167909,34084133
GSE16791,23660628
GSE167911,34103504
GSE167912,34084133
GSE167932,34338296
GSE167932,36104564
GSE167943,34285131
GSE167943,38802512
GSE167946,35494227
GSE167948,34541869
GSE16795,19593635
GSE16797,19680167
GSE167979,34446700
GSE167988,34446700
GSE168000,34446700
GSE168002,34446700
GSE168004,34087162
GSE168012,33838111
GSE168015,34404410
GSE16803,19712482
GSE168042,33785758
GSE168046,33996909
GSE168048,33996909
GSE168049,33996909
GSE168054,36104564
GSE168070,33826403
GSE168095,34083527
GSE168095,34127431
GSE168096,38987588
GSE168098,34518653
GSE168122,33826782
GSE168124,33826782
GSE168125,34301937
GSE168143,36063138
GSE16816,21992792
GSE168163,34730257
GSE168182,37223244
GSE168195,33707236
GSE168227,33790326
GSE168231,34775600
GSE168246,35953673
GSE168262,34663973
GSE168269,35508139
GSE168272,35508139
GSE168273,35508139
GSE168274,35508139
GSE168279,36947594
GSE168297,33765443
GSE168338,36947594
GSE168341,34177845
GSE168344,36071173
GSE168349,36932186
GSE168387,33606988
GSE168387,37250773
GSE168395,36947594
GSE168397,34326198
GSE168400,35060899
GSE16842,21430154
GSE168457,34545083
GSE168465,34610266
GSE168484,34964438
GSE168487,34321484
GSE168489,34648590
GSE168490,36653361
GSE168498,33808696
GSE168499,34887328
GSE1685,16424807
GSE168508,34582557
GSE168508,35241665
GSE168508,37790936
GSE168509,35943291
GSE168510,35943291
GSE168526,33795352
GSE168535,34877495
GSE168588,33887198
GSE168598,34609965
GSE168598,34867983
GSE168610,34587756
GSE168656,35037038
GSE168660,34031589
GSE16868,19965430
GSE168706,34839571
GSE168735,34174113
GSE168757,37058270
GSE168774,37504562
GSE168774,38139143
GSE168774,39195240
GSE168777,34003795
GSE168786,34278746
GSE168786,36711148
GSE168792,33879231
GSE168797,33758843
GSE168800,35654861
GSE168808,34091929
GSE168809,35075279
GSE168835,34718356
GSE168859,35411048
GSE16888,20354195
GSE168880,34285077
GSE168881,34285077
GSE168882,34285077
GSE168899,34404410
GSE168905,33764154
GSE168908,34434927
GSE168919,34404410
GSE16893,20211137
GSE168937,33851458
GSE168939,34638328
GSE168952,35037038
GSE168953,35037038
GSE168954,35037038
GSE168961,35864190
GSE168967,34301753
GSE168976,34145279
GSE168977,34871442
GSE168977,35869369
GSE168990,34031618
GSE169033,33976164
GSE169033,39043808
GSE169059,33795748
GSE169084,34535664
GSE169088,34045355
GSE169109,34879244
GSE169112,34003795
GSE16913,19892832
GSE169132,35849143
GSE169133,35849143
GSE169134,35849143
GSE169136,37160121
GSE169136,38409190
GSE169145,33889575
GSE169156,33823916
GSE169156,35313970
GSE169156,36256508
GSE16916,19965430
GSE169161,35661831
GSE169169,35661831
GSE169184,35243267
GSE169191,33872990
GSE169192,35243267
GSE169193,35243267
GSE169201,35603814
GSE169206,35577813
GSE16921,20856902
GSE16921,22019781
GSE16922,20969775
GSE169241,33853355
GSE169245,34686499
GSE169246,34653365
GSE169265,33755803
GSE169278,35089096
GSE169281,34551807
GSE169292,34637435
GSE169295,37924814
GSE169306,34077752
GSE169321,34580113
GSE169322,34206917
GSE169332,34095155
GSE169339,35232997
GSE16936,19602709
GSE169363,34043949
GSE169365,34043949
GSE169367,34043949
GSE169377,33868323
GSE169392,37684234
GSE169436,34220851
GSE169449,34220851
GSE169457,36482253
GSE169475,33830083
GSE169481,33910599
GSE169485,33910599
GSE169504,35233546
GSE169538,37156995
GSE16954,19891975
GSE16955,19891975
GSE169568,35022690
GSE169569,35022690
GSE169570,35022690
GSE169572,34220851
GSE16960,20440302
GSE16960,22019781
GSE169618,35646902
GSE169621,36482253
GSE169655,33854495
GSE169671,36001968
GSE169673,36001968
GSE169675,36001968
GSE169678,36001968
GSE169681,35348112
GSE169683,34064989
GSE169709,34824242
GSE169712,34750386
GSE169722,33898319
GSE16973,20118358
GSE169760,34108684
GSE16978,19891975
GSE17007,20211620
GSE17018,19903850
GSE17018,23694699
GSE17029,19730695
GSE17032,19727395
GSE17046,20130591
GSE17053,20375147
GSE17053,20410135
GSE17055,21266361
GSE17056,21266361
GSE17057,21266361
GSE17087,19935881
GSE171012,35757784
GSE171037,34312385
GSE171037,38956082
GSE171042,34108684
GSE171043,34324523
GSE171046,34108684
GSE171050,38345344
GSE171053,35995769
GSE171053,37024521
GSE171057,35288651
GSE171061,35797243
GSE171068,34869336
GSE171097,34015256
GSE171100,34741035
GSE171102,34015256
GSE171115,36461076
GSE171116,36461076
GSE171119,33811806
GSE171123,34687147
GSE171124,34995096
GSE171128,34111580
GSE171130,36057605
GSE171144,34368865
GSE171147,35618311
GSE171155,34475432
GSE171163,33863814
GSE171168,34289986
GSE171169,34015256
GSE171171,34015256
GSE171194,34102100
GSE171204,36869101
GSE171212,36417870
GSE171216,34555356
GSE171217,34555356
GSE171218,34555356
GSE171220,34824242
GSE171221,33929324
GSE171245,34161266
GSE171245,36732424
GSE171246,36368988
GSE171247,37084418
GSE171249,37084418
GSE171253,37084418
GSE171265,34480152
GSE171335,34260918
GSE171337,37386251
GSE171339,34088671
GSE171340,34088671
GSE171341,34088671
GSE171381,33969332
GSE171407,35438764
GSE171408,35438764
GSE171409,35438764
GSE171410,35438764
GSE171416,34936466
GSE171439,35837332
GSE171459,37296662
GSE171464,34965936
GSE171465,35866148
GSE171466,34096575
GSE171479,35866148
GSE171480,35866148
GSE171507,34381107
GSE171513,34063609
GSE171514,34063609
GSE171515,34063609
GSE171516,34063609
GSE171523,34912114
GSE171523,34937944
GSE171524,33915568
GSE171555,33870241
GSE171557,36724291
GSE17156,19664979
GSE171582,38409190
GSE171584,34912114
GSE171584,34937944
GSE171589,34912114
GSE171589,34937944
GSE171591,34912114
GSE171591,34937944
GSE171592,34912114
GSE171592,34937944
GSE171620,34309190
GSE171640,34609966
GSE17165,19641190
GSE171758,34534335
GSE171760,33899080
GSE171774,34480152
GSE171777,35066875
GSE171779,34166567
GSE171780,34166567
GSE171781,34166567
GSE171782,34166567
GSE17182,20215508
GSE17183,20739080
GSE171837,34568832
GSE17187,20386750
GSE171896,34055876
GSE171920,36976175
GSE171927,36427317
GSE171930,36427317
GSE171932,36427317
GSE171933,36427317
GSE171934,36427317
GSE171944,34517816
GSE171946,34150759
GSE171953,34543624
GSE171962,37085898
GSE171975,34968386
GSE171995,33969332
GSE172004,34385462
GSE172020,34661369
GSE172021,34687652
GSE172026,34661369
GSE172040,34970543
GSE172095,34638231
GSE172095,35806108
GSE172104,33985562
GSE172105,33985562
GSE172106,33985562
GSE172112,34103518
GSE172115,34812843
GSE172115,37267946
GSE172130,34544495
GSE172130,36698077
GSE172146,35179319
GSE172168,34642112
GSE172169,34036317
GSE172169,35790103
GSE172190,35066875
GSE172191,35066875
GSE172241,35523141
GSE172252,34060483
GSE172253,35418676
GSE172255,35418676
GSE172256,35418676
GSE172257,35418676
GSE172270,36526599
GSE172288,34185380
GSE172301,34173975
GSE172315,34281396
GSE172316,34173975
GSE172325,35879361
GSE172347,34173975
GSE172352,34173975
GSE172357,34173975
GSE172374,34782454
GSE172401,36995326
GSE172402,34033742
GSE172418,35377459
GSE172422,37430246
GSE172471,33910993
GSE172478,34502527
GSE172488,35838828
GSE172489,38849354
GSE172494,35278276
GSE172515,34173975
GSE172557,34237254
GSE172577,34044317
GSE17266,19812364
GSE17269,19666505
GSE17306,20385818
GSE173096,34173975
GSE17312,20944595
GSE173175,34161584
GSE173177,34161584
GSE173178,34161584
GSE173182,35093191
GSE173187,35093191
GSE173189,35093191
GSE17319,19584108
GSE17319,26115953
GSE173223,36928661
GSE173250,34229732
GSE173263,34632572
GSE173277,34520261
GSE173284,32047912
GSE173284,32358605
GSE173284,33722956
GSE173299,34165176
GSE173317,34675930
GSE173330,34059764
GSE173330,37563227
GSE173330,38848365
GSE173332,34378323
GSE173364,35589715
GSE17339,18815367
GSE17339,19936048
GSE173395,34272310
GSE173420,34162871
GSE173456,34367261
GSE17346,19712457
GSE173462,35739109
GSE173465,35503251
GSE17348,19796718
GSE173494,35390280
GSE173523,36625483
GSE173531,34289383
GSE173544,34819339
GSE173554,35411077
GSE173557,35093191
GSE173602,34605600
GSE173610,33984509
GSE173610,34485650
GSE173611,34133934
GSE173628,34559986
GSE173629,34559986
GSE173631,34559986
GSE173639,35150283
GSE173649,34570762
GSE173650,34616068
GSE173671,34535664
GSE173683,34163009
GSE173683,39148099
GSE173706,35862195
GSE173706,38051587
GSE173713,34819339
GSE173714,34819339
GSE173715,34819339
GSE173728,34188173
GSE173731,35158371
GSE173740,34197620
GSE173741,34197620
GSE173742,34197620
GSE173743,34197620
GSE173794,35013188
GSE173795,35013188
GSE173796,35013188
GSE173797,35013188
GSE173823,35013188
GSE173841,35182476
GSE173842,35182476
GSE173843,35182476
GSE173846,35182476
GSE173847,35182476
GSE173848,37147291
GSE17385,19652203
GSE173851,36002648
GSE173855,34965946
GSE173857,35177031
GSE173862,35182476
GSE173863,35182476
GSE173864,35182476
GSE173866,35182476
GSE173867,35182476
GSE173868,35182476
GSE173869,35182476
GSE173870,35182476
GSE173871,35182476
GSE173872,35182476
GSE173888,34162555
GSE173923,36525505
GSE173930,37386249
GSE173931,37386249
GSE173932,37386249
GSE173933,37386249
GSE173934,37386249
GSE173935,37386249
GSE173936,37386249
GSE173945,34132490
GSE173955,34970419
GSE173959,34458885
GSE173961,34367261
GSE173962,34367261
GSE173964,34965946
GSE173966,34153031
GSE173967,34919438
GSE173985,34471121
GSE173985,35141505
GSE173986,35868533
GSE173993,34240701
GSE1740,15467722
GSE174006,34261657
GSE174010,34921111
GSE174013,34921111
GSE174014,34921111
GSE174023,34298684
GSE174028,34153031
GSE174049,36868238
GSE17405,19939273
GSE174066,37749075
GSE174067,37749075
GSE174069,37749075
GSE17407,19800576
GSE17407,31462737
GSE174072,34128959
GSE174072,38578283
GSE174073,37749075
GSE174076,34142063
GSE174076,38538785
GSE174077,34820606
GSE174079,37749075
GSE174086,37749075
GSE174090,37749075
GSE174105,34320364
GSE174113,37749075
GSE174119,34490258
GSE174119,35464065
GSE174155,35704759
GSE174175,36171606
GSE174177,34228644
GSE174188,35389781
GSE174188,36171194
GSE174208,35364013
GSE174232,35523177
GSE174252,35246475
GSE174279,36356142
GSE174281,36356142
GSE174282,36356142
GSE17429,19755855
GSE174299,34512013
GSE174309,35061545
GSE174342,34435466
GSE174395,35007555
GSE174399,36209198
GSE17440,20436668
GSE174401,34035069
GSE174401,38030596
GSE174403,36070798
GSE174405,36070798
GSE174430,34440226
GSE174430,35950162
GSE174432,38649367
GSE174444,34457045
GSE174462,34155349
GSE174494,34379512
GSE17453,19667135
GSE17453,19740431
GSE174534,35298243
GSE174544,35256811
GSE174544,37563227
GSE174544,38848365
GSE174569,34471112
GSE174571,37402719
GSE174572,37402719
GSE174573,35236848
GSE174575,34936433
GSE174588,36914836
GSE174602,35244538
GSE174604,35739109
GSE174605,34957478
GSE174615,34737197
GSE174627,35710836
GSE174628,35710836
GSE174640,34609279
GSE174691,35055131
GSE174691,35338173
GSE174691,37628806
GSE174697,34613756
GSE174708,37402719
GSE174730,34272228
GSE174732,34276703
GSE174745,38237586
GSE174748,36198802
GSE174758,37563227
GSE174758,38848365
GSE174767,35013267
GSE174767,35145108
GSE174767,37563227
GSE174767,38848365
GSE174777,37563227
GSE174777,38848365
GSE174778,37563227
GSE174778,38848365
GSE17478,22108299
GSE174805,34168651
GSE174806,34168651
GSE174807,34168651
GSE174809,35511484
GSE174810,35511484
GSE174810,38039135
GSE17483,20233708
GSE174849,34516780
GSE17486,20436668
GSE17491,20436668
GSE174923,35849143
GSE17496,20097869
GSE17515,20664639
GSE17516,20511191
GSE175312,34782454
GSE175364,34105306
GSE175410,34932867
GSE175416,34254999
GSE175451,34819668
GSE175451,36253572
GSE175452,34819668
GSE175452,36253572
GSE175501,34413292
GSE175506,37715981
GSE175528,36522426
GSE175529,36522426
GSE175530,36522426
GSE175531,36522426
GSE175532,36522426
GSE175534,36522426
GSE175569,34326534
GSE175587,34724238
GSE175592,39294368
GSE175616,35740559
GSE175621,35590109
GSE175621,35714152
GSE175621,37770635
GSE175623,37584665
GSE175626,34248943
GSE175639,34439480
GSE175660,34268123
GSE175668,34890398
GSE175686,35773409
GSE175718,35526671
GSE175725,34377368
GSE175757,37807875
GSE175766,36266581
GSE175768,34751128
GSE175777,34658910
GSE17579,20843318
GSE175821,34378534
GSE175825,34556860
GSE175843,34825137
GSE175881,35446112
GSE175885,34732726
GSE175886,34732726
GSE175899,34534448
GSE175901,35871303
GSE175902,34433046
GSE175903,34433046
GSE175904,34433046
GSE175905,34433046
GSE175919,35041939
GSE175926,35446112
GSE175931,34365503
GSE175933,35446112
GSE17595,19843862
GSE17595,30518749
GSE175996,34335981
GSE17601,19843862
GSE17601,30518749
GSE17602,19843862
GSE17602,30518749
GSE176023,37705071
GSE176033,35396276
GSE176039,34623903
GSE176045,34732726
GSE176060,34732726
GSE176065,35511484
GSE176065,38039135
GSE176071,35668135
GSE176072,35668135
GSE176103,35668135
GSE176104,35668135
GSE176122,36407766
GSE176133,34248943
GSE17614,21736778
GSE176177,34585448
GSE176183,34548404
GSE1762,15308663
GSE176204,37527036
GSE176209,34300226
GSE176214,37547760
GSE176216,36042203
GSE176229,37169737
GSE176232,34799401
GSE17624,20170705
GSE176246,34572872
GSE176260,34225776
GSE176261,34225776
GSE176262,34225776
GSE176263,34626548
GSE176269,34618691
GSE17627,19696147
GSE176275,34802521
GSE176284,34166567
GSE176284,34678064
GSE176285,34166567
GSE176285,34678064
GSE17629,19223442
GSE17629,19696147
GSE17630,21153051
GSE176311,35660135
GSE176313,35477960
GSE176325,30777123
GSE176351,34992422
GSE176367,35427178
GSE176379,35754713
GSE176383,35583996
GSE176389,35150568
GSE17639,19939273
GSE176393,34545347
GSE176421,34799401
GSE176427,36303224
GSE176452,34315861
GSE176454,35524156
GSE176465,35155868
GSE176465,36644347
GSE176469,35064153
GSE176478,35665306
GSE176480,34538015
GSE176500,34731001
GSE176500,35390162
GSE176501,34731001
GSE176501,35390162
GSE176502,34731001
GSE176502,35390162
GSE176503,34731001
GSE176503,35390162
GSE176513,35589753
GSE176515,34750474
GSE176522,37904045
GSE176523,37904045
GSE176524,37904045
GSE176536,34459501
GSE176537,34459501
GSE176538,34459501
GSE176544,34278264
GSE176557,35754713
GSE176559,34543389
GSE177025,35060899
GSE177029,35372436
GSE177029,35701843
GSE177042,34921145
GSE177044,38304234
GSE177046,34799401
GSE177055,35879310
GSE177057,34403363
GSE17712,19748469
GSE17723,19833766
GSE17725,20509979
GSE17725,22357259
GSE17725,27752524
GSE177484,35624089
GSE177520,36123354
GSE17753,20696062
GSE17753,21062371
GSE177624,35241097
GSE177635,34489438
GSE17765,19801979
GSE17780,20419146
GSE177862,35396513
GSE17794,19812364
GSE17796,19812364
GSE178085,34479995
GSE178086,36282915
GSE178090,36868238
GSE178091,36868238
GSE178092,36868238
GSE178106,35115943
GSE178131,34799401
GSE178140,36282915
GSE178141,36282915
GSE178148,35169122
GSE178158,36656789
GSE178177,35121645
GSE178180,33979654
GSE178181,33979654
GSE178182,33979654
GSE178208,34662377
GSE178209,34331874
GSE178212,34208581
GSE178216,34208581
GSE178218,34208581
GSE178219,34208581
GSE178222,34067117
GSE178236,34320350
GSE178245,34739845
GSE178263,35105870
GSE178266,35396513
GSE17828,19748357
GSE178292,34676048
GSE178295,37258678
GSE178296,37258678
GSE178303,35642432
GSE178304,37258678
GSE17831,19581361
GSE178336,34440425
GSE178341,34450029
GSE178342,35017529
GSE178344,35726060
GSE178346,35726060
GSE178347,35726060
GSE178354,34782770
GSE178366,34453052
GSE178368,35642432
GSE178373,35642432
GSE178382,35396513
GSE178385,34516780
GSE178385,38594380
GSE178388,34381049
GSE178414,35192733
GSE17844,24366545
GSE17844,26928278
GSE178469,34399580
GSE178469,37183820
GSE17850,20620947
GSE17850,24349258
GSE17851,20620947
GSE17851,24349258
GSE178557,35733354
GSE178562,34516825
GSE178574,34556885
GSE17858,20353591
GSE178598,34930827
GSE178610,36047377
GSE178657,34707135
GSE178660,35013097
GSE178671,34485158
GSE178683,34409038
GSE178687,34776864
GSE178687,37234859
GSE178701,35389778
GSE178703,34675338
GSE178707,35501385
GSE178712,34849795
GSE178718,34437836
GSE178723,36071975
GSE178724,35733354
GSE178728,37612319
GSE17873,20530215
GSE178757,35697804
GSE178758,34620713
GSE178766,34426691
GSE178767,34426691
GSE178768,34426691
GSE178769,34426691
GSE178779,37587336
GSE178781,34393780
GSE17880,19812364
GSE178818,34910907
GSE178819,34910907
GSE178820,34910907
GSE178826,34643097
GSE178826,37884859
GSE178835,35976266
GSE178837,34852222
GSE178839,35013311
GSE178840,35241842
GSE178845,37443031
GSE17886,20107036
GSE1789,17683628
GSE178902,35212000
GSE178923,34272396
GSE178929,36843845
GSE17893,16368969
GSE17893,20430814
GSE178934,34928497
GSE178944,35705813
GSE178946,36945110
GSE178967,35132407
GSE178967,36239699
GSE178992,36149942
GSE179006,34986190
GSE17901,21712436
GSE179038,35568393
GSE17905,21034448
GSE179057,36043458
GSE179059,36043458
GSE179064,36043458
GSE179066,34531575
GSE179083,34732703
GSE179084,34732703
GSE179085,35177605
GSE179098,36214691
GSE1791,15585845
GSE179132,34718550
GSE179133,34910907
GSE179148,35179487
GSE179156,34233672
GSE179162,34905516
GSE179162,35358091
GSE179162,36928117
GSE17917,19829295
GSE17917,23526891
GSE179174,35179487
GSE179185,34631277
GSE179191,36241617
GSE17923,19883615
GSE17926,20007534
GSE179267,34513313
GSE179270,35322228
GSE179272,35322228
GSE179273,35022194
GSE179274,35322228
GSE179275,35322228
GSE179277,34462739
GSE179277,35803954
GSE179347,34582792
GSE179347,35292083
GSE179351,35122060
GSE179382,34502358
GSE179384,36720500
GSE17941,20385360
GSE179412,34388375
GSE179413,34388375
GSE179414,34581788
GSE179415,34388375
GSE179416,35301011
GSE179438,34407456
GSE179439,34496239
GSE179448,34433692
GSE179454,34741033
GSE179467,35230972
GSE179472,35230972
GSE179473,36447645
GSE179474,35211032
GSE179475,36447645
GSE179476,36447645
GSE179478,37758738
GSE179484,35119366
GSE179487,35902637
GSE179507,34881794
GSE179515,34986190
GSE179524,34650971
GSE179536,35197051
GSE179546,34408322
GSE179551,34408322
GSE179553,34408322
GSE179556,36810573
GSE179570,36564025
GSE179574,34462284
GSE17958,19801978
GSE179582,35789380
GSE179585,35789380
GSE179586,35789380
GSE179587,35789380
GSE179627,34394120
GSE179670,34810198
GSE179676,34439819
GSE179681,37106386
GSE179700,35043960
GSE179709,36618412
GSE17972,21085693
GSE17974,20620947
GSE17974,24349258
GSE179745,34851663
GSE179746,34340996
GSE179748,35041461
GSE179749,35041461
GSE17975,20015095
GSE179750,35041461
GSE179751,35041461
GSE179752,35041461
GSE179753,34868026
GSE179755,34799401
GSE179759,34484198
GSE179770,34293216
GSE179795,34340996
GSE179795,35833139
GSE1798,15575969
GSE179856,37584250
GSE179857,34383559
GSE179861,35667685
GSE179885,35840558
GSE179923,35063125
GSE179947,34301992
GSE179950,34867955
GSE179973,34748230
GSE179986,35739109
GSE179994,35121991
GSE180042,34853721
GSE180060,35802677
GSE180061,34433969
GSE18009,19813261
GSE180115,35096633
GSE180122,34675437
GSE180124,35584631
GSE180124,36149794
GSE180129,35263585
GSE180138,34764281
GSE180154,34970970
GSE18017,20620947
GSE18017,24349258
GSE180189,35096633
GSE180192,34529467
GSE180199,34529467
GSE180206,37257918
GSE180209,35298627
GSE180211,34529467
GSE180212,34529467
GSE180217,37257918
GSE180218,37257918
GSE180222,34560002
GSE180223,34560002
GSE180223,38092754
GSE180224,34560002
GSE180224,38092754
GSE180259,33357405
GSE180270,34301759
GSE180272,35637194
GSE180298,36629404
GSE180299,36371602
GSE1803,15896347
GSE180313,34672721
GSE180318,34893754
GSE180319,34893754
GSE180322,35230915
GSE180323,35230915
GSE180324,35230915
GSE180344,34758338
GSE180345,34758338
GSE180372,34910907
GSE180373,34910907
GSE180393,36331122
GSE180394,36331122
GSE180395,36331122
GSE180400,34774131
GSE180417,35133984
GSE180423,34512724
GSE180473,34483940
GSE180475,35715442
GSE180477,34845225
GSE180485,35092277
GSE180507,35023164
GSE180521,35787684
GSE180522,34845225
GSE180536,37021532
GSE180581,34849385
GSE180581,35430316
GSE180583,36066968
GSE180584,36066968
GSE180586,36066968
GSE180622,36064543
GSE180640,34663976
GSE180641,36326727
GSE180654,34872593
GSE180655,34872593
GSE180656,34872593
GSE180661,36517593
GSE180672,38365772
GSE180677,34556879
GSE180697,35513850
GSE180714,34478631
GSE180747,34556879
GSE180749,34556879
GSE180813,36459087
GSE180814,36459087
GSE180815,36459087
GSE180859,34376576
GSE180864,34707603
GSE180897,34670213
GSE180925,35359606
GSE180945,34536354
GSE180960,34864742
GSE180967,35787684
GSE180968,34502030
GSE180984,34675436
GSE181005,35710943
GSE181020,36765091
GSE181021,35245111
GSE181024,35245111
GSE181025,35245111
GSE181026,36765091
GSE181027,35245111
GSE181029,35242938
GSE181044,35137157
GSE18105,20162577
GSE181059,35490198
GSE181068,34644150
GSE181070,36246269
GSE18108,21264947
GSE181095,36459087
GSE181101,35559667
GSE181106,35346019
GSE18111,19881528
GSE181115,34722532
GSE181136,35263585
GSE181137,35263585
GSE181138,35263585
GSE181139,35263585
GSE181140,35263585
GSE181143,37173394
GSE181143,38380250
GSE181175,35319724
GSE18118,20444105
GSE181202,34997317
GSE181222,35222366
GSE181243,36443301
GSE181249,37040733
GSE181250,34670213
GSE181254,35314812
GSE181257,37013908
GSE181261,35613844
GSE181276,34529467
GSE181291,36005555
GSE1813,15562247
GSE181301,35108511
GSE181313,35280993
GSE181313,36930354
GSE181316,35278628
GSE181316,36333467
GSE181321,35260552
GSE181336,34978355
GSE181363,34616072
GSE181374,25201530
GSE181374,34417459
GSE181383,34711654
GSE181384,34711654
GSE181385,34711654
GSE181386,34711654
GSE181387,34711654
GSE181392,34650237
GSE181398,35167486
GSE181401,36841868
GSE181407,34650237
GSE181412,35787684
GSE181413,34556881
GSE181413,38052795
GSE181415,34650237
GSE181416,34650237
GSE18145,20132558
GSE18145,21619581
GSE181457,34371081
GSE181458,35379068
GSE181472,36227799
GSE181478,35787684
GSE181480,35787684
GSE181483,34613814
GSE181508,35879310
GSE18154,19962670
GSE181546,37349299
GSE181561,37402719
GSE181562,37402719
GSE181563,37402719
GSE18157,20798549
GSE181574,34741023
GSE181585,34712237
GSE181596,35193410
GSE181597,35087175
GSE181619,34867850
GSE181629,36069770
GSE181641,38822028
GSE181642,38822028
GSE181643,38822028
GSE181706,35320727
GSE181713,36365352
GSE181732,34556881
GSE181733,34556881
GSE181733,38052795
GSE181735,34593606
GSE181737,36331259
GSE181739,34623902
GSE181740,36329447
GSE181787,34413140
GSE181795,34555354
GSE181805,34830760
GSE181864,35831503
GSE181865,35831503
GSE181867,36732631
GSE18188,20401492
GSE181949,36912927
GSE181950,36912927
GSE181951,36912927
GSE181960,35995769
GSE181962,36033544
GSE182001,36509106
GSE182008,37948524
GSE182012,37291192
GSE182013,37291192
GSE182014,37291192
GSE182015,37291192
GSE182017,37291192
GSE182024,36227799
GSE182045,35413480
GSE182062,35552618
GSE182082,34873805
GSE182102,35296659
GSE182153,34593606
GSE182154,34593606
GSE182159,35361683
GSE182162,34608333
GSE182178,34280472
GSE182185,34983546
GSE182204,37731000
GSE182211,34473054
GSE182224,34624206
GSE182227,37012457
GSE182229,37607954
GSE182231,37607954
GSE182232,34474592
GSE18226,19881528
GSE18227,19881528
GSE18227,20976876
GSE182288,34944934
GSE182291,34696890
GSE182323,36153311
GSE182340,36463230
GSE182345,36184650
GSE182353,34599932
GSE182376,36206731
GSE182392,33002291
GSE182394,34581622
GSE182403,35658900
GSE182414,35666176
GSE182423,37426531
GSE182455,34846534
GSE182463,35947077
GSE182479,34678208
GSE182482,36288280
GSE182487,34569598
GSE182491,34845392
GSE182508,34798067
GSE182508,38425500
GSE182529,35672415
GSE182552,35320755
GSE182553,35575026
GSE182555,35575026
GSE182560,34611130
GSE182561,34611612
GSE182561,34831448
GSE182566,34671010
GSE182572,36083891
GSE182575,36074819
GSE182579,34403557
GSE182592,34715055
GSE182611,35875866
GSE182617,36945593
GSE182671,35013188
GSE182675,34917657
GSE182680,36490346
GSE182681,36490346
GSE182682,36490346
GSE182683,36490346
GSE182696,35348006
GSE182700,35440644
GSE182701,35440644
GSE182761,36172600
GSE182762,36172600
GSE182764,36172600
GSE182765,36172600
GSE182779,35608297
GSE182813,34616737
GSE182816,34815405
GSE182829,34688032
GSE182832,35294891
GSE182837,36463230
GSE182839,36463230
GSE182840,35294891
GSE182841,36463230
GSE182844,35294891
GSE182845,36463230
GSE182863,34743552
GSE182868,34876587
GSE182869,34876587
GSE182877,34601385
GSE182888,35764091
GSE182897,37044069
GSE182911,34876587
GSE18292,19829295
GSE18292,23526891
GSE182922,36210597
GSE182923,34783015
GSE182979,35159152
GSE183004,37169842
GSE183005,26057463
GSE183005,30700987
GSE183006,34818547
GSE18302,20010803
GSE183062,35241678
GSE183064,35803545
GSE183067,35729093
GSE183071,35202626
GSE183092,35065713
GSE183093,35065713
GSE18311,21097896
GSE183119,34546377
GSE18313,20190191
GSE18315,20436463
GSE183195,34818547
GSE183197,34529715
GSE183232,36801171
GSE183235,36801171
GSE183236,36801171
GSE183254,34343136
GSE183257,35576187
GSE183266,34815405
GSE183267,34815405
GSE183268,34815405
GSE183273,37468583
GSE183274,37468583
GSE183276,37468583
GSE183277,37468583
GSE183279,37468583
GSE183300,34873160
GSE183321,34687652
GSE18333,20516122
GSE183341,36131044
GSE183398,34697315
GSE183421,34411378
GSE183423,37824216
GSE183425,36609611
GSE183426,36609611
GSE183427,36609611
GSE183429,36609611
GSE183432,36609611
GSE183433,36777184
GSE183435,34669442
GSE183443,36323778
GSE18345,19948795
GSE183456,37468583
GSE183468,36348017
GSE183468,36471401
GSE183480,34698806
GSE183485,34986349
GSE183486,34986349
GSE183488,34715039
GSE183489,34715039
GSE183489,35427180
GSE183510,35918147
GSE183511,35918147
GSE183512,35918147
GSE183516,35857848
GSE18352,20044575
GSE183533,35438176
GSE183534,35485993
GSE183548,35857848
GSE183549,35857848
GSE183552,35440644
GSE183553,34572841
GSE183574,34818547
GSE18358,19797313
GSE183635,36055228
GSE183635,37291189
GSE183642,35323972
GSE183644,36417881
GSE183667,34758300
GSE183668,34639134
GSE183678,34707642
GSE183693,35969234
GSE183696,36323778
GSE183707,34733307
GSE183714,34879241
GSE183716,34632327
GSE183721,34986349
GSE18373,19962670
GSE183751,34663432
GSE183790,34750386
GSE183802,35726356
GSE183802,37853001
GSE183804,35739197
GSE183805,35739197
GSE183808,35739197
GSE183821,35303419
GSE183847,34980917
GSE18385,20705797
GSE183858,36525966
GSE18388,20213684
GSE183891,34796552
GSE18392,19922656
GSE183921,35834333
GSE18397,19828696
GSE183976,35666812
GSE183980,35440133
GSE184021,35468731
GSE184023,35468731
GSE184038,35432468
GSE184048,35440133
GSE184056,35710867
GSE184064,35136065
GSE184068,34817551
GSE184102,35701597
GSE184107,34711820
GSE184120,34905696
GSE184130,37106060
GSE184131,37106060
GSE184132,37106060
GSE184133,37106060
GSE184134,37106060
GSE184135,37106060
GSE184136,37106060
GSE184137,37106060
GSE184140,35762231
GSE184141,35380306
GSE184145,34819671
GSE184154,37954242
GSE184165,35701597
GSE184175,36071169
GSE184182,37006253
GSE184198,36372898
GSE184209,35482917
GSE184211,35411474
GSE184211,37563227
GSE184211,38848365
GSE184213,37493860
GSE184213,37563227
GSE184213,38848365
GSE184215,29746298
GSE184215,37563227
GSE184215,38848365
GSE184216,34665921
GSE184216,37563227
GSE184216,38848365
GSE184218,37493860
GSE184218,37563227
GSE184218,38848365
GSE184220,37563227
GSE184220,38848365
GSE184221,37493860
GSE184221,37563227
GSE184221,38848365
GSE184222,35013267
GSE184222,37563227
GSE184222,38848365
GSE184223,34921240
GSE184223,35013267
GSE184223,37563227
GSE184223,38848365
GSE184224,37493860
GSE184224,37563227
GSE184224,38848365
GSE18423,20953355
GSE184237,35576187
GSE184238,35576187
GSE18424,19843227
GSE184246,35042235
GSE18428,19843227
GSE184282,35995769
GSE184291,36071169
GSE184301,35576187
GSE184303,37712426
GSE184306,36167073
GSE184319,35058881
GSE184319,36093576
GSE184324,35995769
GSE184329,34695836
GSE18433,19962984
GSE184330,34914824
GSE184346,36507562
GSE184347,36525966
GSE184351,35500226
GSE184351,38838231
GSE184362,34663816
GSE184362,36523593
GSE184362,38609408
GSE184384,37726288
GSE184396,35619099
GSE184398,34963056
GSE184400,35189026
GSE184413,35434632
GSE184413,36895061
GSE184426,35594906
GSE184428,35464952
GSE184437,38378993
GSE184450,37740230
GSE184498,34941867
GSE184499,34941867
GSE18450,19843227
GSE184507,35800778
GSE184509,37208336
GSE184511,35666176
GSE184516,35022400
GSE184516,35260802
GSE18452,19843227
GSE184523,36891903
GSE184536,34523966
GSE18454,19997593
GSE184553,35297980
GSE184554,34579774
GSE184558,35297980
GSE184563,35413274
GSE184566,34819668
GSE184566,36253572
GSE184568,34788079
GSE184573,34874913
GSE184582,34706228
GSE184586,37729919
GSE184595,35061545
GSE184596,35863348
GSE184598,35863348
GSE184600,34579774
GSE184602,34579774
GSE184605,35297980
GSE184606,35297980
GSE184644,35029669
GSE184645,35288749
GSE184650,35029669
GSE184651,35029669
GSE184656,34615655
GSE184658,35288749
GSE184659,35288749
GSE184678,35588457
GSE184730,36966228
GSE184734,36309522
GSE184738,35298257
GSE184740,35094010
GSE184746,35776660
GSE184747,35776660
GSE184748,35776660
GSE184749,36540608
GSE184749,38259324
GSE184762,35603967
GSE184771,36922585
GSE184795,35326375
GSE184797,35290436
GSE184797,35603967
GSE184797,36008383
GSE184798,35603967
GSE184819,35180225
GSE184821,35584694
GSE184826,36229481
GSE184833,34654826
GSE184842,36634204
GSE184857,34638443
GSE184869,35082299
GSE184875,34937930
GSE184876,34937930
GSE184877,34937930
GSE184885,36050398
GSE184886,36050398
GSE184887,36050398
GSE184888,36050398
GSE18489,20053288
GSE18489,20338070
GSE184891,34750374
GSE184902,35015730
GSE184902,38636661
GSE184929,35736224
GSE184932,35049501
GSE184949,34691074
GSE184953,36897941
GSE184957,35015830
GSE184957,36417521
GSE184958,35015830
GSE184958,36417521
GSE184959,35015830
GSE184959,36417521
GSE184961,35015830
GSE184961,36417521
GSE18497,20072147
GSE185041,34661724
GSE185043,34707603
GSE185044,34707603
GSE185045,34707603
GSE185046,34985961
GSE185056,34795238
GSE185062,35072021
GSE185069,35570408
GSE185069,37270717
GSE185078,36810234
GSE185118,35402083
GSE185122,34712656
GSE185124,35017658
GSE185154,37395281
GSE185166,35614043
GSE185167,35614043
GSE185168,35614043
GSE18517,20962885
GSE185171,35904241
GSE18518,20962885
GSE185199,36777184
GSE18520,19962670
GSE185200,36777184
GSE185201,36777184
GSE185202,36777184
GSE18521,19962670
GSE185212,38378993
GSE185215,38378993
GSE185218,35857512
GSE185221,36046622
GSE185245,36823193
GSE185251,35614043
GSE185259,34702952
GSE185268,34769061
GSE185289,35666813
GSE185289,35860330
GSE185289,37100826
GSE185289,38288246
GSE185289,38587452
GSE185305,35008777
GSE185313,34995096
GSE185315,35318461
GSE185323,36056002
GSE185328,36332029
GSE185329,36332029
GSE185330,36332029
GSE185355,35833127
GSE185386,35803246
GSE1854,15557180
GSE185431,37217469
GSE185432,36583990
GSE185440,38071204
GSE185442,38459109
GSE185445,35552703
GSE18545,20124485
GSE185465,36056002
GSE185467,34782617
GSE185477,34792289
GSE185481,34730111
GSE185482,34730111
GSE185483,34730111
GSE185484,34730111
GSE185493,35788760
GSE185507,35759853
GSE185518,37647896
GSE185519,36112677
GSE185525,34931082
GSE185526,36088459
GSE185527,36088459
GSE185528,36088459
GSE185529,36088459
GSE18553,20423997
GSE185530,35850762
GSE185564,34899694
GSE185573,36918927
GSE185574,36918927
GSE18558,20940306
GSE185592,36878908
GSE185603,34991687
GSE185605,38378993
GSE185608,34579774
GSE185623,37647896
GSE185633,37002649
GSE185638,28759029
GSE185640,35672452
GSE185642,37925638
GSE185648,36747093
GSE185649,36747093
GSE185678,35228746
GSE185685,34831239
GSE185685,38628442
GSE185687,35017523
GSE185688,35017523
GSE185689,35017523
GSE185690,35017523
GSE185709,34570834
GSE185726,36640327
GSE18573,20699414
GSE18575,20305657
GSE185823,35050301
GSE185830,35487953
GSE185837,36102738
GSE185838,37739936
GSE185839,37739936
GSE185840,37739936
GSE185842,37739936
GSE185844,37739936
GSE185862,34004146
GSE185864,35266829
GSE185865,35910766
GSE185872,36380627
GSE185885,35395767
GSE185886,35395767
GSE185888,35395767
GSE185896,37379316
GSE18592,20392875
GSE185943,34657245
GSE185982,34615655
GSE185983,34615655
GSE185989,35196021
GSE186003,37146152
GSE186047,35694846
GSE186053,35111157
GSE186055,35388001
GSE186068,35288709
GSE186068,38355799
GSE186069,35288709
GSE186069,37066300
GSE186069,38355799
GSE186070,35288709
GSE186070,37066300
GSE186070,38355799
GSE186095,35833127
GSE186096,35833127
GSE186104,38684886
GSE186122,35857500
GSE186137,36468984
GSE186143,35027754
GSE186144,35027754
GSE186151,36380627
GSE186160,36240286
GSE186200,37543610
GSE186201,36894709
GSE186220,36456835
GSE186235,34853070
GSE186238,35565298
GSE186260,36921016
GSE186274,34845392
GSE186316,34943123
GSE186331,36851842
GSE186332,34728525
GSE186340,35788760
GSE186358,35004673
GSE186368,34805176
GSE186373,36959757
GSE186374,36959757
GSE186375,36959757
GSE186384,35914530
GSE186385,35914530
GSE186386,35914530
GSE186387,35914530
GSE186388,35914530
GSE186389,35914530
GSE18642,20537301
GSE186428,35501486
GSE186433,34741068
GSE186438,35179955
GSE186445,36631435
GSE186447,36631435
GSE186448,36631435
GSE186452,36130016
GSE186453,36130016
GSE186461,34965946
GSE18647,20214815
GSE18648,20214815
GSE186482,36675181
GSE186483,31102768
GSE186483,34914695
GSE186486,35652295
GSE18649,20214815
GSE186492,36918927
GSE18650,20644729
GSE186501,34824542
GSE186502,37092320
GSE186527,35077667
GSE186528,37117763
GSE186535,35148649
GSE186538,34798047
GSE186557,35028604
GSE186559,34914695
GSE18656,23796154
GSE186568,38136560
GSE186581,34900689
GSE186582,35143619
GSE186586,37651534
GSE186597,34743196
GSE18663,20537301
GSE18664,20921137
GSE186647,37156909
GSE186650,34969849
GSE186650,36839614
GSE186692,34819374
GSE186705,34874923
GSE18672,20799965
GSE186738,35701597
GSE186776,36323259
GSE186777,36323259
GSE186778,36323259
GSE186785,36151093
GSE186794,35483404
GSE186799,36282598
GSE186824,36261634
GSE186825,35671108
GSE18684,21602788
GSE18684,21724752
GSE18684,30237440
GSE18685,21571948
GSE186855,36894681
GSE186856,36894681
GSE186857,36894681
GSE186860,35984304
GSE18687,21334429
GSE186875,35717025
GSE18688,21334429
GSE18691,20436676
GSE186947,36742369
GSE18696,19922771
GSE186964,34943873
GSE18701,20537301
GSE187011,35371477
GSE187011,35898856
GSE187027,35389887
GSE187285,35410412
GSE187285,36980623
GSE187291,36980623
GSE187293,35410412
GSE187293,36980623
GSE18732,20353613
GSE18733,21334429
GSE187333,35879310
GSE187403,36028574
GSE187464,35140221
GSE187496,35140221
GSE187571,35134856
GSE18759,20193684
GSE187633,35850385
GSE18776,20064375
GSE18780,25211214
GSE18784,20023657
GSE187875,34912114
GSE188170,35546538
GSE188172,36941461
GSE188202,35443793
GSE188206,37314413
GSE188238,34988410
GSE188249,35671108
GSE188250,35671108
GSE188266,35418676
GSE188268,37370129
GSE188278,35280993
GSE188278,37298590
GSE188283,36352225
GSE188284,36352225
GSE188285,36352225
GSE188296,34709113
GSE188297,34709113
GSE188298,34709113
GSE188306,35295992
GSE188309,36830965
GSE188324,34827715
GSE188345,35612714
GSE188355,37406716
GSE188364,35145080
GSE188364,37709752
GSE188374,38580675
GSE188375,38580675
GSE188379,34910930
GSE18838,20161708
GSE188392,35410412
GSE188392,36980623
GSE188393,35858579
GSE188394,34916498
GSE188398,36742369
GSE188401,36742369
GSE188403,36742369
GSE188405,36742369
GSE188421,36934083
GSE188423,35398222
GSE188434,35835117
GSE188435,35835117
GSE188436,35835117
GSE188438,35835117
GSE188465,37039367
GSE188466,37039367
GSE188467,37039367
GSE188484,36301822
GSE188490,37146239
GSE188496,37145142
GSE188499,37558878
GSE188500,37558878
GSE188502,37558878
GSE188503,37558878
GSE188504,37558878
GSE188509,34867944
GSE188526,35978192
GSE188530,38580675
GSE188531,38580675
GSE188536,37023372
GSE188600,34956864
GSE188604,35359829
GSE188607,36459087
GSE188610,35236848
GSE188611,35236848
GSE188635,34813980
GSE18864,20098429
GSE18864,20100965
GSE18864,20189874
GSE188659,34910106
GSE188665,34873156
GSE188666,36289450
GSE188669,36289450
GSE188670,36289450
GSE188684,34994962
GSE188711,34793335
GSE188737,36973261
GSE188738,36037374
GSE188742,36934083
GSE188744,36434141
GSE188747,36934083
GSE188748,35038375
GSE188754,36951889
GSE188755,36951889
GSE188756,36951889
GSE188757,36951889
GSE188761,36261019
GSE188768,36934083
GSE18877,19997486
GSE188779,35737787
GSE18878,20226095
GSE188797,35478247
GSE188800,36648392
GSE188806,35800779
GSE188813,38115140
GSE188841,35127549
GSE188875,34793334
GSE188876,34793334
GSE188877,34793334
GSE188881,35293598
GSE188882,35093590
GSE188894,35411591
GSE188917,35371065
GSE188929,34899662
GSE18893,20181891
GSE188954,34936223
GSE188954,35281792
GSE188958,34949839
GSE188971,35950162
GSE188982,36543959
GSE189000,36153349
GSE189024,35411077
GSE189027,35081338
GSE18906,20890043
GSE189061,35149688
GSE189065,35571680
GSE189079,36416142
GSE189094,34905516
GSE189095,34905516
GSE189096,34905516
GSE189106,35585236
GSE189109,35174906
GSE189110,36598943
GSE189111,36598943
GSE189112,34975749
GSE189113,36598943
GSE189114,36598943
GSE189115,36598943
GSE189116,36598943
GSE189117,36598943
GSE189118,36598943
GSE189119,36598943
GSE189125,35027754
GSE189126,35027754
GSE189135,36008405
GSE189143,35576187
GSE189145,35322228
GSE189146,35322228
GSE189147,35301236
GSE189148,36433861
GSE189157,37875486
GSE18919,19965718
GSE189199,34966385
GSE189219,35081371
GSE189229,35165388
GSE189238,36131014
GSE189238,39025928
GSE189245,35081338
GSE189247,35267534
GSE189268,34943871
GSE189269,34943871
GSE18927,20944595
GSE18927,22955618
GSE18927,22955828
GSE18927,23576721
GSE18927,24336318
GSE18927,25693567
GSE18927,26030523
GSE18927,26502339
GSE189270,34943871
GSE189275,35141286
GSE189278,37263996
GSE189281,35393414
GSE189289,34943821
GSE189291,36766726
GSE189306,35858543
GSE189318,35788719
GSE18932,20479065
GSE189322,35589967
GSE189326,35196497
GSE189359,35256819
GSE189387,35196497
GSE189397,35681201
GSE189407,35235782
GSE189420,35379995
GSE189424,35631574
GSE189425,36007540
GSE189457,35917517
GSE189458,35917517
GSE189459,35917517
GSE18948,20152045
GSE189488,35757538
GSE189556,35780132
GSE189556,35992681
GSE18956,21821917
GSE189593,35155564
GSE189628,36397155
GSE189629,36397155
GSE18963,20937776
GSE189630,36397155
GSE189631,36397155
GSE189642,35834269
GSE189643,36267874
GSE189657,35712781
GSE18967,19965678
GSE189686,35154188
GSE189706,37772822
GSE189711,34885140
GSE189713,36717741
GSE189724,35657348
GSE189740,36380627
GSE189755,36332029
GSE18976,24501001
GSE189778,36443295
GSE189786,36121125
GSE189807,36384102
GSE189837,36800432
GSE189838,36800432
GSE189839,36800432
GSE189840,36800432
GSE189841,36800432
GSE189842,36800432
GSE189867,35443279
GSE189889,35247927
GSE189897,35464065
GSE189901,35176137
GSE189919,35209946
GSE189921,35483745
GSE189922,37562294
GSE189928,35618797
GSE189930,35163149
GSE189954,38598837
GSE189958,34893914
GSE189972,35116043
GSE189986,37339634
GSE190004,37597510
GSE19001,20525278
GSE190011,36104564
GSE190029,36123433
GSE190053,35186010
GSE190068,36351769
GSE190074,36001732
GSE190105,35256819
GSE19011,20622869
GSE190117,35676475
GSE190125,37277650
GSE190125,37379383
GSE190125,38942750
GSE190125,38946973
GSE190139,35090594
GSE19014,20097852
GSE190141,35090594
GSE190192,35180231
GSE190204,37224925
GSE190262,35413274
GSE190269,35176137
GSE190271,38089590
GSE190283,36763532
GSE190284,36747093
GSE190289,35135958
GSE190317,35879829
GSE190318,35274380
GSE190355,35030322
GSE190366,36467040
GSE190377,37353110
GSE190394,35051358
GSE190401,37388539
GSE19041,20525278
GSE190412,36001732
GSE190413,36001732
GSE190417,35110421
GSE190419,35577813
GSE190420,35577813
GSE190422,35577813
GSE190424,35577813
GSE190434,35418124
GSE190447,37339634
GSE190460,35024609
GSE190473,31637814
GSE190480,35274380
GSE190482,35613844
GSE190498,36050398
GSE190544,37903791
GSE190547,37903791
GSE190548,37903791
GSE190549,36153585
GSE190550,36153585
GSE190551,36153585
GSE190552,36153585
GSE190553,36153585
GSE190554,36153585
GSE190555,36153585
GSE190556,36153585
GSE190557,36153585
GSE190566,36074606
GSE190567,35484250
GSE190572,35508495
GSE190573,35508495
GSE190574,35508495
GSE190582,35265620
GSE190587,35078860
GSE190589,37917179
GSE190594,36099324
GSE190602,36947594
GSE190608,36947594
GSE190616,35179487
GSE190624,35110421
GSE190641,36352089
GSE190649,36178121
GSE190660,34487267
GSE190660,37563227
GSE190660,38848365
GSE190661,37493860
GSE190661,37563227
GSE190661,38848365
GSE190662,37493860
GSE190662,37563227
GSE190662,38848365
GSE190663,34482522
GSE190663,37563227
GSE190663,38848365
GSE190664,34487267
GSE190664,37563227
GSE190664,38848365
GSE190665,37563227
GSE190665,38848365
GSE190684,35799782
GSE19069,19965671
GSE19069,25873174
GSE190690,35192684
GSE1907,15127969
GSE1907,16191195
GSE1907,16933469
GSE190702,36070682
GSE190703,35575504
GSE190725,36289205
GSE190726,36289205
GSE190727,36289205
GSE190728,36289205
GSE190740,35418124
GSE190742,38934864
GSE190756,35580607
GSE190756,38052795
GSE190785,36976323
GSE190841,36138187
GSE190842,36138187
GSE190843,36138187
GSE190844,36138187
GSE190845,36578038
GSE190845,36831670
GSE190863,34935134
GSE19087,19952713
GSE190871,36163326
GSE190873,36163326
GSE190874,36163326
GSE190878,35995769
GSE190882,36001968
GSE19090,19966280
GSE19090,22955617
GSE19091,21896780
GSE190977,37058558
GSE191007,36138187
GSE191016,38858386
GSE191027,38198571
GSE191029,37209097
GSE191034,35101444
GSE191055,37001502
GSE191059,34974159
GSE191081,36072583
GSE191082,36072583
GSE191082,36248819
GSE191083,36072583
GSE191083,36248819
GSE191086,35087040
GSE19109,21097712
GSE191091,35058367
GSE191147,36074606
GSE191152,35108537
GSE191164,35239439
GSE191170,35927451
GSE191173,35179309
GSE191185,35022314
GSE191187,35881476
GSE191201,35074876
GSE191216,36649084
GSE191220,35534923
GSE191225,36822494
GSE191225,37028598
GSE191232,35750043
GSE191238,36001732
GSE191247,36467040
GSE191254,38242120
GSE191255,36414711
GSE191258,35881476
GSE191274,35094088
GSE191276,35094088
GSE191277,35094088
GSE191297,36153599
GSE191306,34970966
GSE191318,35130721
GSE191328,36153599
GSE191328,38022524
GSE191331,36153599
GSE191331,38022524
GSE19198,20064451
GSE192348,36916921
GSE192397,36029179
GSE192398,36029179
GSE192442,36197994
GSE192448,35245124
GSE192449,35245124
GSE192455,35395675
GSE192456,36750099
GSE192460,36750099
GSE192461,36750099
GSE192472,35104835
GSE192474,35216965
GSE192492,35111748
GSE1925,16148108
GSE192505,35977543
GSE192506,35977543
GSE192507,35977543
GSE192508,35977543
GSE192509,35977543
GSE192551,37722727
GSE192551,38703368
GSE192558,37195197
GSE192559,35015732
GSE192576,35281039
GSE192587,35807851
GSE192597,38712036
GSE192613,35440644
GSE192630,38079220
GSE192649,37737027
GSE192653,35279203
GSE192665,37221451
GSE192672,35230972
GSE192679,36195635
GSE192707,35784283
GSE192707,37966347
GSE192707,38571958
GSE192727,36206732
GSE192729,36206732
GSE192735,36206732
GSE192738,36206732
GSE19274,21289283
GSE192752,36206732
GSE192770,36206732
GSE192787,36206732
GSE192788,36206732
GSE192800,36400769
GSE192838,37322115
GSE192850,35664000
GSE192851,36289911
GSE192854,36304110
GSE192854,37731623
GSE192855,36304110
GSE192855,37731623
GSE192856,36304110
GSE192856,37731623
GSE192857,36304110
GSE192857,37731623
GSE192858,36304110
GSE192858,37731623
GSE192885,35281512
GSE192887,36800907
GSE192890,36514779
GSE192890,37563136
GSE192920,38365970
GSE192976,35484422
GSE1930,15616568
GSE193005,38833303
GSE19301,21779351
GSE193025,38779483
GSE193042,35913163
GSE19305,20178741
GSE193075,35333354
GSE19308,20221447
GSE193090,36049539
GSE193102,35332307
GSE193115,35961752
GSE193117,35168946
GSE193120,36115064
GSE193124,37414763
GSE193133,35913115
GSE193135,34780106
GSE193136,36309699
GSE193148,35332307
GSE193149,35332307
GSE193150,34850543
GSE193162,35572125
GSE193166,36490332
GSE193168,35092356
GSE193169,35821981
GSE193178,35732128
GSE193179,35732128
GSE193180,35732128
GSE193183,38822080
GSE193224,36370708
GSE193236,35093191
GSE193237,35093191
GSE193238,35093191
GSE193240,35093191
GSE193249,36750850
GSE193256,35351890
GSE193256,36575215
GSE193256,36969743
GSE193257,35351890
GSE193257,36575215
GSE193257,36969743
GSE193258,35351890
GSE193258,36575215
GSE193258,36969743
GSE193259,35351890
GSE193259,36575215
GSE193259,36969743
GSE193273,35058920
GSE193275,35537780
GSE193288,35468973
GSE193356,36289911
GSE193357,36289911
GSE193389,35119792
GSE193394,36949076
GSE19340,20974999
GSE193416,35216965
GSE19342,15166183
GSE193421,35895513
GSE193456,36274943
GSE193461,36636818
GSE193465,36636818
GSE193466,38266090
GSE193468,35604506
GSE193469,35537780
GSE193480,36543805
GSE193491,35664000
GSE193500,35082166
GSE193582,36544159
GSE19367,20228804
GSE19367,20729844
GSE193682,35438006
GSE193683,35438006
GSE193684,35438006
GSE193708,35197461
GSE193718,36868189
GSE193720,35413095
GSE193722,35255712
GSE193723,35255712
GSE193724,35255712
GSE193726,36008383
GSE193729,35199647
GSE193740,36868189
GSE193741,36868189
GSE193766,35613277
GSE193799,35157910
GSE193825,36868189
GSE193875,35216340
GSE193885,35994477
GSE19391,20233874
GSE193913,36650150
GSE193914,36650150
GSE193918,38822080
GSE193969,36072977
GSE193975,35750885
GSE194004,35235783
GSE194028,37537502
GSE194038,36440760
GSE194043,36624638
GSE194051,37414763
GSE194062,36880581
GSE19407,21490961
GSE194109,35715427
GSE194110,35715427
GSE194111,35715427
GSE194112,35715427
GSE194113,35715427
GSE194114,35715427
GSE194130,36530252
GSE194136,35401557
GSE194148,37742191
GSE194149,35369338
GSE194176,35816041
GSE19418,20133333
GSE194190,35627218
GSE194201,37963469
GSE194213,36849558
GSE194215,36849558
GSE194216,36849558
GSE194217,36849558
GSE194220,35851726
GSE194221,35851726
GSE194222,35851726
GSE194234,35854322
GSE194237,36436489
GSE194241,36303071
GSE194242,36303071
GSE194243,36303071
GSE194244,38097562
GSE194246,38822080
GSE194250,35831497
GSE194263,37916875
GSE194297,36035984
GSE194301,36599933
GSE194310,35658596
GSE194315,35309349
GSE194327,37558707
GSE194329,36823172
GSE194330,36644347
GSE194331,35426393
GSE194334,36879169
GSE194336,36644347
GSE194337,36644347
GSE194341,37558707
GSE194379,35344764
GSE194382,35636967
GSE194407,36266581
GSE194408,36266581
GSE194409,36266581
GSE194411,36266581
GSE194412,36266581
GSE194420,36291932
GSE19465,20944595
GSE19508,20395270
GSE19508,21054499
GSE19509,20395270
GSE19509,21054499
GSE19521,20395270
GSE19536,21364938
GSE19536,24577056
GSE19536,26321095
GSE19542,20211137
GSE19545,20139302
GSE195455,37708272
GSE195456,36964140
GSE195457,37708272
GSE195458,37708272
GSE19546,20139302
GSE19547,20139302
GSE19548,20139302
GSE195480,35949298
GSE19549,20139302
GSE195496,36076188
GSE19550,20139302
GSE195502,38262672
GSE195503,35326450
GSE19551,20139302
GSE195561,35914133
GSE195562,35914133
GSE195563,35914133
GSE195565,35914133
GSE195566,35914133
GSE195575,37414763
GSE195615,35618311
GSE195616,35618311
GSE195619,36193535
GSE195620,35303483
GSE195620,35524551
GSE195624,36291932
GSE195632,36291932
GSE195635,35363516
GSE195640,35331339
GSE195665,37380767
GSE195666,35289477
GSE195684,35331339
GSE195717,35803227
GSE195726,37891516
GSE195727,35471950
GSE195728,35624894
GSE195737,35482762
GSE195739,35482762
GSE195740,35482762
GSE195760,37558707
GSE195762,37558707
GSE195811,36450981
GSE195843,36690626
GSE195868,35193942
GSE195869,36646694
GSE195872,35962298
GSE195889,35084807
GSE195897,37011193
GSE195914,38262672
GSE195939,35952673
GSE195948,36897957
GSE19595,32759958
GSE195950,35710938
GSE195978,36335128
GSE196008,35867177
GSE19601,20548029
GSE196010,32839537
GSE196019,38332738
GSE196045,36572750
GSE196052,37586319
GSE196055,35750885
GSE196060,35581202
GSE196091,35426377
GSE196105,35932893
GSE19612,20385361
GSE196128,36346110
GSE196130,36456784
GSE196135,38052854
GSE196142,38052854
GSE196143,38052854
GSE196170,35585070
GSE196177,35263585
GSE1962,15672449
GSE196209,37209997
GSE196210,37209997
GSE196212,37209997
GSE196219,36653804
GSE196221,37307441
GSE196222,37307441
GSE196223,37307441
GSE196224,37307441
GSE196227,36443295
GSE196228,36443295
GSE196235,36277849
GSE196258,35656547
GSE196292,35669782
GSE196294,37967106
GSE196305,36332606
GSE196306,36332606
GSE196308,36332606
GSE196309,36332606
GSE196310,36332606
GSE196368,35294889
GSE196395,36718802
GSE196410,36631247
GSE196411,36631247
GSE196421,35235759
GSE196422,35706367
GSE196424,35706367
GSE196425,35706367
GSE196437,35357563
GSE196438,35357563
GSE196439,35357563
GSE196464,35020534
GSE196475,35947961
GSE196481,36631247
GSE196486,36897957
GSE196489,35682747
GSE196494,35294884
GSE196499,35294884
GSE196508,35438764
GSE196526,35617427
GSE196540,35608905
GSE196541,35608905
GSE196542,35608905
GSE196557,36581993
GSE196573,35347276
GSE196574,35675771
GSE196586,38822080
GSE196596,36607777
GSE196597,36607777
GSE196620,38580899
GSE196622,35654045
GSE196645,36130301
GSE196649,35568035
GSE196651,37861314
GSE196656,35235759
GSE19667,20693378
GSE196676,36202780
GSE19668,20824097
GSE19668,28594911
GSE196700,36047744
GSE196709,36433934
GSE196710,36433934
GSE196712,36433934
GSE196728,35977481
GSE196731,37316562
GSE196739,38768217
GSE196750,36277068
GSE196765,35301425
GSE196791,35831300
GSE196792,35831300
GSE196794,35831300
GSE196797,36757889
GSE196797,36913595
GSE196821,35481783
GSE196843,38015828
GSE196889,36330771
GSE196900,35267590
GSE196924,37164016
GSE196943,35430876
GSE196955,36522426
GSE196956,36522426
GSE196957,36522426
GSE196958,36522426
GSE196960,36522426
GSE196979,35908287
GSE196987,37597510
GSE196988,37597510
GSE196989,37597510
GSE196990,37597510
GSE197023,37312623
GSE197045,35774589
GSE197068,35385746
GSE197069,35385746
GSE197087,36610028
GSE197107,27324164
GSE197136,35664466
GSE197161,35614218
GSE197166,35801870
GSE19717,21304530
GSE19717,22089643
GSE197177,37612267
GSE197181,36384856
GSE19719,20574523
GSE197204,36104291
GSE197216,35385746
GSE197217,36636818
GSE19722,23857717
GSE197226,36471076
GSE19723,21054499
GSE197231,36471076
GSE197234,36471076
GSE197237,36471076
GSE197238,36471076
GSE197250,35879302
GSE197255,35951767
GSE197255,36574685
GSE197258,36104291
GSE197259,36104291
GSE197261,35413480
GSE197271,35393414
GSE197289,35349784
GSE19729,20152025
GSE197291,35634291
GSE197293,38927910
GSE197299,36502939
GSE197305,35995800
GSE197305,36153390
GSE197306,35985530
GSE197359,36945893
GSE197361,36945893
GSE197362,36945893
GSE197365,36455589
GSE197375,35306440
GSE197381,36455589
GSE197402,36323321
GSE19741,19407241
GSE19741,20854825
GSE197425,38427718
GSE197441,35950218
GSE197457,35874897
GSE197457,35999496
GSE197460,36008159
GSE19747,21054499
GSE197471,36347867
GSE197479,35471600
GSE197480,35471600
GSE197482,35471600
GSE197486,36780189
GSE197487,36780189
GSE197492,36780189
GSE197512,36347867
GSE197513,37532691
GSE197513,38167838
GSE197522,36713435
GSE197523,36417539
GSE197524,36417539
GSE197525,36417539
GSE197526,36417539
GSE197527,36417539
GSE19753,20173739
GSE197545,36347867
GSE197550,37452493
GSE197551,37452493
GSE197552,37452493
GSE197559,36883630
GSE197569,38499326
GSE19758,21054499
GSE19759,21054499
GSE197623,38383439
GSE197658,35984904
GSE197665,35975552
GSE19767,21663663
GSE197674,35313970
GSE197675,35313970
GSE197676,35313970
GSE197678,35313970
GSE197686,36435834
GSE197687,36435834
GSE197688,36435834
GSE197696,38091391
GSE197698,36356046
GSE197703,38081939
GSE197729,38568091
GSE19773,20410135
GSE197749,36435834
GSE197755,35798053
GSE197771,35768511
GSE197774,35754340
GSE197776,35754340
GSE197780,35754340
GSE197781,35754340
GSE197806,35771919
GSE197812,36443310
GSE197813,36443310
GSE197814,36443310
GSE197815,36443310
GSE19783,21364938
GSE19783,23382830
GSE19783,26321095
GSE19784,20574050
GSE19784,26714877
GSE19784,27363682
GSE19784,30054467
GSE19784,30213928
GSE19784,30602759
GSE19784,30854481
GSE19784,38928138
GSE197842,38427718
GSE197853,35950218
GSE197879,36309495
GSE197881,35851422
GSE197889,36563688
GSE197893,36102736
GSE197914,35508139
GSE197920,35508139
GSE197921,36403512
GSE19794,20410135
GSE197947,36114329
GSE197949,36008580
GSE19795,20410135
GSE197960,36698077
GSE197970,36459434
GSE197987,36009444
GSE197999,35495145
GSE198008,35545674
GSE198016,38091391
GSE198034,38416842
GSE198035,38416842
GSE198036,38416842
GSE198038,38416842
GSE198039,38416842
GSE198040,38416842
GSE198041,38416842
GSE198052,34663807
GSE198052,38418394
GSE198054,35767650
GSE198055,35767650
GSE198057,35767650
GSE19806,20699157
GSE19806,21306619
GSE198096,36029799
GSE198105,35999496
GSE198110,37903887
GSE198120,36786566
GSE19814,21306619
GSE19815,20404171
GSE198151,36438452
GSE198231,36265687
GSE198255,35380990
GSE198256,35380990
GSE198257,35380990
GSE198275,37337125
GSE198287,35404079
GSE19829,20547991
GSE198304,36071055
GSE198308,36620874
GSE198309,36620874
GSE198313,36620874
GSE198341,37223353
GSE198341,37861314
GSE198346,37733872
GSE198347,37733872
GSE198348,37733872
GSE198353,36593397
GSE198370,38427718
GSE198374,38427718
GSE19839,21054499
GSE198444,38927910
GSE198449,35479098
GSE198449,36323307
GSE198449,36936082
GSE198481,37337125
GSE198482,37337125
GSE198486,36806740
GSE198548,35354792
GSE198609,35733868
GSE198623,36113773
GSE198648,35853939
GSE198648,37446144
GSE198650,35301407
GSE198650,35688802
GSE198652,35774589
GSE198669,36905126
GSE19873,18023262
GSE198752,35857643
GSE198753,35857643
GSE198754,35857643
GSE198755,35857643
GSE198787,35416977
GSE198799,38206869
GSE198808,36001732
GSE198815,35348629
GSE19882,20176801
GSE19886,20220049
GSE198861,37235660
GSE198862,37235660
GSE198871,37235660
GSE198909,36057257
GSE198957,35884472
GSE198958,35884472
GSE198959,35884472
GSE198981,37462077
GSE198982,37462077
GSE198985,37462077
GSE198986,37462077
GSE198988,37816864
GSE198989,37816864
GSE198990,37816864
GSE199018,35510953
GSE199019,35510953
GSE199020,35510953
GSE199021,35510953
GSE199022,35510953
GSE199023,35510953
GSE199027,35714196
GSE199030,35563134
GSE199031,35563134
GSE199032,35563134
GSE199033,35563134
GSE199036,35430298
GSE199070,37626054
GSE199081,35758064
GSE199089,35534729
GSE199102,35902743
GSE19911,20228791
GSE19912,20520714
GSE199133,36882410
GSE199142,35224628
GSE199145,35495953
GSE199174,35491423
GSE1992,16643655
GSE199213,35491423
GSE199214,35491423
GSE199215,35430298
GSE199216,35430298
GSE199221,35655748
GSE199223,36134447
GSE199240,35579943
GSE199250,35550916
GSE19926,23042816
GSE199272,35483404
GSE199274,37347559
GSE199293,35491423
GSE199301,35430298
GSE199319,37171959
GSE199321,36049643
GSE199367,35896748
GSE199371,37145142
GSE199387,37473757
GSE199410,35863348
GSE199412,37732504
GSE199421,38587411
GSE199422,37462076
GSE199430,35863348
GSE199432,35863348
GSE199433,35847555
GSE199434,35491423
GSE199443,35502615
GSE199471,35503263
GSE199510,38174321
GSE199511,38174321
GSE199512,38174321
GSE199514,38174321
GSE199516,35863348
GSE199546,35573776
GSE199582,35857848
GSE199601,37674079
GSE199602,37674079
GSE199603,37674079
GSE199604,37674079
GSE199607,37438531
GSE199616,35503263
GSE199617,35503263
GSE199618,35503263
GSE199624,35499391
GSE199626,36088459
GSE199654,35536873
GSE199661,35595980
GSE199669,37558705
GSE199687,36091043
GSE199711,37468583
GSE199725,35764708
GSE199744,36638333
GSE199754,37016431
GSE199769,35439023
GSE19978,20802224
GSE199828,38849928
GSE199829,38849928
GSE199830,38849928
GSE199831,38849928
GSE199832,35999210
GSE199839,35978192
GSE19984,20364123
GSE199842,36502574
GSE199851,37160119
GSE199852,35903272
GSE199854,35900258
GSE199857,35446923
GSE199863,37225988
GSE199880,36875325
GSE199938,35977482
GSE199958,35906240
GSE199971,36261024
GSE199974,36048943
GSE2000,15918878
GSE200026,36181640
GSE200039,37453060
GSE200040,35723626
GSE200074,37146076
GSE200075,39048815
GSE200080,36658614
GSE200083,36055241
GSE200084,36055241
GSE200085,36055241
GSE200092,37318863
GSE200093,37318863
GSE200094,37318863
GSE200095,37318863
GSE200099,35645831
GSE200104,36055241
GSE200111,35494066
GSE200129,37399271
GSE200130,37399271
GSE200131,37399271
GSE200133,37399271
GSE200141,36107478
GSE200156,35536645
GSE200156,37960344
GSE20016,19723875
GSE200185,37318863
GSE200187,37318863
GSE200215,35803246
GSE200217,35803246
GSE200218,35803246
GSE200262,35650286
GSE200278,35803246
GSE20028,22089643
GSE200280,35534224
GSE200281,35534224
GSE200296,35902861
GSE200300,36469363
GSE200326,35740984
GSE200329,35878796
GSE200332,35878796
GSE200333,37296483
GSE200336,35878796
GSE200338,35878796
GSE200352,36629912
GSE200358,36797499
GSE200359,36797499
GSE200360,36797499
GSE200371,37080971
GSE200372,37493250
GSE20039,23319655
GSE20039,25684030
GSE200435,36469363
GSE200441,36427571
GSE200449,37076494
GSE200456,36572750
GSE200457,36893254
GSE200476,35589753
GSE200477,35697798
GSE20048,20975942
GSE200488,36797499
GSE200506,37624910
GSE20055,20335527
GSE200562,35483404
GSE200566,38200005
GSE200567,38200005
GSE200568,38200005
GSE200580,37386214
GSE200581,37386214
GSE200582,37386214
GSE200586,37386214
GSE200628,37258521
GSE200643,36801171
GSE200645,36801171
GSE200685,37257918
GSE200686,36764520
GSE200687,36764520
GSE200688,36764520
GSE200692,36610750
GSE200700,36427571
GSE200707,37258531
GSE200725,37605008
GSE200734,37605008
GSE200746,36827974
GSE200751,37605008
GSE200765,36963728
GSE200773,36449519
GSE20079,20445634
GSE200791,36131014
GSE200792,36310139
GSE200793,36310139
GSE200794,36310139
GSE200823,36555730
GSE200824,36555730
GSE200825,36555730
GSE200826,36555730
GSE200827,36555730
GSE200880,36921033
GSE200900,36791099
GSE200903,36596776
GSE200916,37488117
GSE200940,36949106
GSE200972,37488117
GSE200973,38649367
GSE200974,36503150
GSE200975,36503150
GSE200976,36503150
GSE200988,35446789
GSE200989,35563008
GSE200996,35803260
GSE200996,38655196
GSE200999,36949106
GSE20102,20430781
GSE201022,36949106
GSE201041,37291118
GSE201054,35912857
GSE201058,36264161
GSE201071,35623342
GSE201072,35623342
GSE201073,35623342
GSE201074,35623342
GSE201080,37286545
GSE201087,38152893
GSE201160,37733447
GSE20117,20404162
GSE20118,20404162
GSE201190,36726756
GSE201205,35805969
GSE201224,35857643
GSE201231,35742976
GSE201232,36310139
GSE201251,37783352
GSE201256,37200193
GSE201257,35815410
GSE201259,35610334
GSE201259,38853891
GSE201282,38494844
GSE201300,36565788
GSE201320,36823310
GSE201333,35549404
GSE201336,35726067
GSE201343,37333095
GSE201343,38335962
GSE201348,35726067
GSE201349,35726067
GSE201357,36869028
GSE20136,21177966
GSE20136,22019781
GSE201401,35899427
GSE201409,37783352
GSE20141,20926834
GSE20142,20190752
GSE20142,21425313
GSE20142,21829388
GSE20142,22275870
GSE20142,24013639
GSE201425,35982235
GSE201447,35785521
GSE20145,20974003
GSE20146,20926834
GSE201468,36395757
GSE201470,37470704
GSE201471,35711419
GSE201490,35563269
GSE201493,37396509
GSE20153,20926834
GSE201533,35637788
GSE201533,36172132
GSE201534,35637788
GSE201534,36172132
GSE201535,35637788
GSE201535,36172132
GSE201536,38354248
GSE201537,37114537
GSE201549,36309484
GSE201555,36050707
GSE201568,35536649
GSE201580,38051102
GSE201581,36579891
GSE201582,36579891
GSE20159,20926834
GSE20160,20659173
GSE20161,19996289
GSE20163,20926834
GSE201638,35664466
GSE20164,20926834
GSE201642,36172132
GSE201645,37043428
GSE201647,37652986
GSE201655,38969762
GSE20168,15965975
GSE20168,20926834
GSE201683,36179046
GSE201686,35015830
GSE201704,35776908
GSE201738,36036571
GSE201752,35705375
GSE201753,35705375
GSE201754,35705375
GSE201769,37663929
GSE201770,37663929
GSE201771,37663929
GSE20178,22253262
GSE201807,36171283
GSE201812,36171283
GSE201813,36171283
GSE201814,36171283
GSE201815,36171283
GSE201816,36171283
GSE201817,36171283
GSE201826,36507874
GSE201845,37306301
GSE201851,37343664
GSE20186,20926834
GSE201861,37604829
GSE201863,37604829
GSE201864,37604829
GSE201865,37604829
GSE201866,37604829
GSE201867,37604829
GSE201868,36059442
GSE201873,36579891
GSE201887,37625403
GSE201891,35767654
GSE201895,35767654
GSE201897,35767654
GSE201898,35767654
GSE201899,36442297
GSE201900,35683981
GSE201906,36200916
GSE20191,20479888
GSE20191,20835239
GSE20191,23396134
GSE201925,35678717
GSE20193,20479123
GSE20194,20064235
GSE20194,20676074
GSE201947,37183820
GSE20196,20975339
GSE201970,35728062
GSE201989,36415827
GSE20199,20975942
GSE201992,36269833
GSE201995,35988690
GSE201999,35817517
GSE202011,37267384
GSE202031,36349594
GSE202034,37082140
GSE202051,35902743
GSE202051,36185212
GSE202055,36680774
GSE202056,36680774
GSE202057,36680774
GSE202058,36680774
GSE202059,36680774
GSE202060,36680774
GSE202089,35988690
GSE202090,35988690
GSE202093,36475797
GSE202106,37807875
GSE202107,37807875
GSE202130,36475797
GSE202158,37339952
GSE202158,38228612
GSE202161,37339952
GSE202161,38228612
GSE20217,23959719
GSE202173,36719797
GSE202223,36641754
GSE202238,35142342
GSE202263,37148882
GSE202291,36471127
GSE202335,35584120
GSE20234,20360852
GSE202364,36104080
GSE202368,36104080
GSE202369,36104080
GSE202377,36759154
GSE20244,20720541
GSE202447,37626123
GSE202448,37626123
GSE202449,37626123
GSE202450,37626123
GSE202451,37626123
GSE202454,35844581
GSE202454,38153787
GSE202471,36207300
GSE202471,38048222
GSE202474,36207300
GSE202474,38048222
GSE202476,36267574
GSE20250,21349909
GSE202504,36175407
GSE202505,36175407
GSE202506,36175407
GSE202544,37111549
GSE202564,37403796
GSE202566,37626123
GSE202568,37626123
GSE202569,37626123
GSE20257,20820852
GSE202581,37626123
GSE202587,36638333
GSE202643,36470976
GSE202672,36480501
GSE202672,37647592
GSE202682,35617030
GSE20270,20448184
GSE202716,37816864
GSE202723,37697435
GSE202755,37815914
GSE202757,37452018
GSE202758,37452018
GSE202759,37452018
GSE202788,36513773
GSE202821,35982897
GSE202823,35871303
GSE202852,36103539
GSE202853,35657344
GSE202853,38830975
GSE202857,37541244
GSE202859,37541244
GSE202863,37541244
GSE202864,37541244
GSE202885,37815914
GSE202897,37815914
GSE202900,38096059
GSE20291,15965975
GSE20291,20926834
GSE20292,15965975
GSE20292,20926834
GSE202928,37084418
GSE20295,15965975
GSE20295,20926834
GSE202963,36918693
GSE202964,36918693
GSE202965,36918693
GSE202966,36918693
GSE202967,36918693
GSE20299,20801882
GSE203028,36658732
GSE203052,35879545
GSE203056,36269833
GSE203057,36269833
GSE203072,37080962
GSE203111,35857628
GSE203112,36958335
GSE203128,35789859
GSE20314,20926834
GSE20317,21177791
GSE203189,35614060
GSE203194,38096290
GSE203204,38580899
GSE203218,35844531
GSE203218,38650939
GSE203220,36736301
GSE203254,36077904
GSE203284,36463298
GSE20329,20444096
GSE203290,35735979
GSE20332,20190752
GSE20332,21425313
GSE20332,21829388
GSE20332,24013639
GSE203330,37148871
GSE203332,35995800
GSE203340,36362052
GSE203362,37075701
GSE203364,38462574
GSE203365,38462574
GSE203366,38462574
GSE203367,35740984
GSE203368,38462574
GSE203369,35740984
GSE203372,35740984
GSE203375,37159667
GSE203384,36103539
GSE203385,36103539
GSE203399,35717949
GSE203399,36180927
GSE203401,36206731
GSE203413,35596083
GSE203430,36103539
GSE203433,35858559
GSE203446,37071673
GSE203480,37941041
GSE203484,36869028
GSE203488,35657352
GSE203488,37735685
GSE203489,35657352
GSE203494,37003585
GSE203494,37427387
GSE203508,35729111
GSE203516,35657352
GSE203516,37735685
GSE203568,38844464
GSE203569,38844464
GSE203570,38844464
GSE203571,38844464
GSE203572,35806779
GSE203575,35978192
GSE203609,35732814
GSE20361,20711236
GSE203611,36222710
GSE203624,37058270
GSE203651,36323783
GSE203656,35958610
GSE20369,20351773
GSE20369,22247430
GSE20372,20376365
GSE20392,20566846
GSE20396,20478254
GSE20415,21041446
GSE20420,20847055
GSE20431,20628641
GSE20435,20393566
GSE20453,20577782
GSE204715,35833708
GSE204775,35888078
GSE20478,20508144
GSE204780,36081509
GSE204795,35700056
GSE204796,35700056
GSE204798,31022154
GSE204803,38015629
GSE204821,37421620
GSE204825,36077757
GSE204836,38036593
GSE204847,37337125
GSE204848,37337125
GSE204862,36002574
GSE204882,36038904
GSE204923,37452037
GSE204943,37245006
GSE204956,37160121
GSE204982,35768279
GSE204983,35768279
GSE204985,35768279
GSE204987,35768279
GSE205001,38200558
GSE20501,20562274
GSE20503,22535492
GSE205031,36169218
GSE205033,35803246
GSE205035,38289962
GSE205037,37148871
GSE205038,37148871
GSE20504,20497237
GSE205049,37263303
GSE20506,20937273
GSE20506,22355166
GSE205065,36070798
GSE205066,36070798
GSE205078,37243592
GSE205114,35704755
GSE205138,37123538
GSE205157,35749158
GSE205158,35749158
GSE205162,35749158
GSE205188,35916406
GSE2052,16128620
GSE2052,17178917
GSE2052,18245812
GSE205215,36583686
GSE205265,35974102
GSE205266,35974102
GSE205269,35974102
GSE205270,35974102
GSE205277,36512424
GSE205278,36512424
GSE205279,36512424
GSE205281,37904244
GSE205282,36512424
GSE205284,36512424
GSE205286,37904244
GSE205287,36512424
GSE205288,37904244
GSE205289,37904244
GSE205293,37904244
GSE205301,37644220
GSE205303,36261423
GSE205313,35802021
GSE205354,37263303
GSE205405,36250966
GSE205416,35980024
GSE205417,36464714
GSE205427,38356058
GSE205447,36928817
GSE205468,35886026
GSE205498,35801824
GSE205498,38622362
GSE205500,38824179
GSE205503,35915142
GSE205507,37063248
GSE205509,35961968
GSE205510,35833123
GSE205517,37159667
GSE205523,35857823
GSE205525,35857823
GSE205527,35857823
GSE205538,37386564
GSE205608,35978192
GSE205634,35988542
GSE205644,36928817
GSE20565,20492709
GSE20565,37163587
GSE205653,35675522
GSE205667,35802021
GSE205668,36097183
GSE20569,21363891
GSE205692,37082139
GSE205701,35727638
GSE205704,36609611
GSE205719,37040733
GSE205720,35857588
GSE205721,35727638
GSE205724,36650133
GSE205724,36777346
GSE205740,36097183
GSE205741,36097183
GSE205750,36472361
GSE205771,37883975
GSE205778,37322110
GSE205779,37322110
GSE205780,37322110
GSE205781,37322110
GSE205783,37322110
GSE205791,36650133
GSE205791,36777346
GSE205792,36650133
GSE205792,36777346
GSE205800,36262047
GSE205802,36400926
GSE205818,35935956
GSE205826,37723279
GSE205832,37723279
GSE205833,37723279
GSE205834,38500966
GSE205835,38500966
GSE205836,38500966
GSE205837,38500966
GSE205838,38500966
GSE20586,20952636
GSE205863,36323780
GSE205864,36323780
GSE205865,36323780
GSE205866,36323780
GSE205898,37082139
GSE205919,35767735
GSE205923,35857578
GSE205925,38215738
GSE205926,38215738
GSE205929,37060905
GSE205930,37060905
GSE205931,37060905
GSE205936,37146607
GSE205966,37369201
GSE205967,37369201
GSE205968,37369201
GSE20599,21123943
GSE2060,15753290
GSE206001,35760883
GSE206017,36516770
GSE206019,36516770
GSE206020,36516770
GSE206021,36516770
GSE206032,36216505
GSE206051,36948186
GSE206068,36333737
GSE206092,36899442
GSE206093,36899442
GSE206094,36899442
GSE206114,36352225
GSE206115,36352225
GSE206125,38987605
GSE206135,36963497
GSE20617,20363980
GSE206170,37080958
GSE206196,36583047
GSE206218,36198801
GSE206225,35852875
GSE206258,36212452
GSE206263,35810186
GSE206264,36104291
GSE206266,35810186
GSE20628,20547848
GSE206283,35810186
GSE206284,35810186
GSE206298,38724705
GSE206299,38724705
GSE206300,38724705
GSE206301,38724705
GSE206337,37286550
GSE20634,20440878
GSE206351,36715552
GSE206352,36715552
GSE206353,36715552
GSE206354,36715552
GSE206399,36071032
GSE206400,37724723
GSE206402,37082139
GSE206409,36198802
GSE206412,37352860
GSE20643,21292554
GSE206443,36151395
GSE206455,35810186
GSE206471,36267418
GSE206481,35802025
GSE206482,35802025
GSE206483,35802025
GSE206484,35802025
GSE206493,37082139
GSE206496,37082139
GSE206508,37017529
GSE206529,35974011
GSE20654,20407027
GSE206553,36269840
GSE206557,36800428
GSE206558,36800428
GSE206559,36800428
GSE206594,36038602
GSE20660,20407027
GSE206613,36119118
GSE20662,20407027
GSE206627,36269840
GSE206634,36641456
GSE206647,38416702
GSE206651,36858042
GSE206654,36858042
GSE206659,36858042
GSE20666,20432501
GSE206662,37102148
GSE206668,36151395
GSE206694,36995326
GSE206695,36995326
GSE206698,36342127
GSE206699,36342127
GSE206701,36342127
GSE206702,36342127
GSE206706,36879437
GSE206746,38016475
GSE206747,38016475
GSE206755,38016475
GSE206765,37250301
GSE206777,36183832
GSE206779,35730579
GSE206785,36550535
GSE20680,21443790
GSE20680,23210427
GSE20681,21443790
GSE20681,23210427
GSE206811,35947675
GSE206830,36232439
GSE206843,36241617
GSE206856,37296155
GSE20686,21443790
GSE20686,23210427
GSE206874,36232439
GSE206926,36732631
GSE206994,36007006
GSE207003,36040155
GSE207008,35798383
GSE207016,37083536
GSE207018,37083536
GSE207019,37083536
GSE207042,37648857
GSE207043,37648857
GSE207044,37648857
GSE207057,35963521
GSE20706,21411736
GSE207075,36113897
GSE207077,35901960
GSE207105,37294749
GSE207117,37814815
GSE207122,36738487
GSE207149,37993455
GSE207157,36001668
GSE207158,36795578
GSE207179,36121125
GSE207201,36916958
GSE207202,36916958
GSE207203,36916958
GSE207209,36066972
GSE207260,37036425
GSE207261,37036425
GSE207266,36131015
GSE207268,38649617
GSE207269,38649617
GSE207274,36765586
GSE207276,37036425
GSE207281,37138676
GSE207293,36732631
GSE207320,37528066
GSE207321,38876109
GSE207323,35915142
GSE207327,35931682
GSE207334,36007006
GSE207345,36983764
GSE207347,35891396
GSE207349,36066972
GSE207350,36066972
GSE207362,37198149
GSE20737,20393566
GSE207373,36681667
GSE207397,37591949
GSE207405,37794493
GSE207431,36001968
GSE207452,37503329
GSE207461,36276964
GSE207462,36276964
GSE207463,36276964
GSE207467,37884859
GSE207470,37932847
GSE207482,37131809
GSE207482,38593809
GSE207491,38974097
GSE207492,38974097
GSE207522,36967761
GSE207525,36447645
GSE207528,38974097
GSE207529,38974097
GSE207533,35948563
GSE207569,38037844
GSE207584,35840631
GSE207586,37291189
GSE207595,37131809
GSE207595,38593809
GSE207601,36171294
GSE207602,36171294
GSE207603,36171294
GSE207607,36043458
GSE207611,36043458
GSE207612,36043458
GSE207619,35920794
GSE207646,36945837
GSE207670,37739936
GSE207671,37739936
GSE207672,37739936
GSE207673,37739936
GSE207690,37131809
GSE207690,38593809
GSE207720,39058769
GSE207753,36694264
GSE207760,36394953
GSE207765,35972072
GSE207766,35972072
GSE207767,37131809
GSE207767,38593809
GSE207768,35972072
GSE207769,37131809
GSE207769,38593809
GSE207771,37131809
GSE207771,38593809
GSE207772,37131809
GSE207772,38593809
GSE207773,37131809
GSE207773,38593809
GSE207800,36862513
GSE207801,36732631
GSE207810,37528066
GSE207812,37528066
GSE207813,37528066
GSE207817,38844821
GSE207840,37917179
GSE207850,37819786
GSE207860,35968152
GSE207862,37537841
GSE207868,36350314
GSE207871,36683218
GSE207934,36136607
GSE207935,36136607
GSE207936,36136607
GSE207937,36504388
GSE207979,37164016
GSE207980,37164016
GSE207984,36270985
GSE207985,36270985
GSE207986,36270985
GSE208014,36371333
GSE208034,36137009
GSE208040,36195603
GSE208042,36195603
GSE208043,36195603
GSE208044,36195603
GSE208045,36195603
GSE208046,36195603
GSE208097,36332011
GSE208110,33053343
GSE208131,36515553
GSE208147,36744866
GSE208152,36777346
GSE208176,36240264
GSE208224,37884859
GSE208226,37591949
GSE208227,37591949
GSE208240,37803001
GSE208247,36206577
GSE208248,37102148
GSE208250,36289626
GSE208293,37353497
GSE208310,37849446
GSE208323,37503329
GSE208354,36120562
GSE208372,36131013
GSE208398,36382086
GSE208399,35984904
GSE20842,20725992
GSE208438,36373384
GSE20850,20368579
GSE208537,32948671
GSE208549,36747096
GSE208560,36515553
GSE208561,36515553
GSE208579,38765135
GSE208586,36424602
GSE208616,37198486
GSE208617,37198486
GSE208618,37198486
GSE208621,36807140
GSE208627,37429525
GSE208628,37429525
GSE208630,37429525
GSE208636,36778348
GSE208648,36042203
GSE208655,36170207
GSE208663,36230857
GSE208667,36042203
GSE20867,20622869
GSE208680,35988542
GSE208681,35988542
GSE208683,37258678
GSE208690,37819759
GSE208691,37819759
GSE208692,37819759
GSE208703,37106060
GSE208722,37092553
GSE208765,37192170
GSE208767,37192170
GSE208771,37192170
GSE208772,38407952
GSE20900,20395270
GSE20900,21054499
GSE20920,20817122
GSE20924,33552094
GSE20930,21330608
GSE20937,20471072
GSE20943,20637622
GSE20950,20678967
GSE20950,27900258
GSE20950,28687077
GSE209521,37038094
GSE209535,36862005
GSE209546,36400788
GSE209565,37212045
GSE209591,37018379
GSE2096,15692568
GSE209617,36048960
GSE209628,37729615
GSE209664,36537711
GSE209669,36263780
GSE209678,36781848
GSE209684,36781848
GSE209686,36781848
GSE209694,36278683
GSE209707,38253560
GSE209721,38001542
GSE209722,38001542
GSE209723,38001542
GSE209733,36148239
GSE209737,34523259
GSE209738,35294950
GSE209739,37907652
GSE209746,35970919
GSE20975,20484246
GSE209750,36032971
GSE209750,38168026
GSE209786,35871105
GSE209787,35871105
GSE209788,35871105
GSE209789,35871105
GSE209792,36007540
GSE209818,38607915
GSE209838,37014813
GSE209841,37148871
GSE209860,36311783
GSE209880,36939205
GSE209903,36504388
GSE209913,36131015
GSE209915,36131015
GSE209916,36131015
GSE209917,36131015
GSE209919,36131015
GSE209946,37442131
GSE209956,37684044
GSE209958,37651203
GSE209964,36456881
GSE209964,39025846
GSE209975,36864754
GSE209976,36864754
GSE209977,36864754
GSE209992,36262047
GSE21,10725359
GSE210065,36130508
GSE210066,36130508
GSE210067,36130508
GSE210074,37386941
GSE210111,38091995
GSE210139,37460718
GSE210171,36450256
GSE210182,37147330
GSE210183,37147330
GSE210190,38066546
GSE210199,36689623
GSE210199,37350578
GSE210201,36153585
GSE210202,37847647
GSE210203,37329887
GSE210218,37620896
GSE210219,37620896
GSE210220,37620896
GSE210227,38458195
GSE210228,38458195
GSE210229,38458195
GSE210231,38458195
GSE210237,36271049
GSE210248,36099047
GSE210250,38561804
GSE210261,37537159
GSE210267,36271049
GSE210271,36307504
GSE210272,36307504
GSE210273,37217832
GSE210274,37217832
GSE210275,37217832
GSE210276,37217832
GSE210277,37217832
GSE210284,36897912
GSE210378,36223740
GSE210381,36057693
GSE210398,38813868
GSE210402,36107780
GSE210410,36683218
GSE210439,36795892
GSE210460,39087348
GSE210465,37433783
GSE210489,38326615
GSE210491,38326615
GSE2105,16000714
GSE210522,38326615
GSE210523,38326615
GSE210544,36316087
GSE210556,37311769
GSE210556,37821590
GSE210557,37311769
GSE210557,37821590
GSE21062,20621050
GSE21064,20621050
GSE210656,37354902
GSE210658,37354902
GSE210659,36307504
GSE210660,36307504
GSE210661,36307504
GSE21067,20621050
GSE210681,38326615
GSE210685,36206732
GSE210694,36307504
GSE210695,36307504
GSE210709,35881538
GSE210710,35881538
GSE210713,35881538
GSE210714,36271073
GSE210717,37582760
GSE21072,21619626
GSE210721,36271073
GSE210748,36729831
GSE210748,37831606
GSE210751,37821954
GSE210756,36305367
GSE210757,36305367
GSE210759,36305367
GSE210760,36305367
GSE210763,36271073
GSE210764,36882772
GSE210771,36722855
GSE210824,36590168
GSE210860,36891158
GSE210861,36323259
GSE210875,36603581
GSE21089,22935140
GSE21090,21712401
GSE210905,36112601
GSE210959,36202854
GSE210960,36202854
GSE210987,37147730
GSE210996,37214956
GSE211027,36077707
GSE211076,37452367
GSE211109,36997670
GSE211110,36085302
GSE211132,37014697
GSE211137,37014697
GSE211151,36968081
GSE211158,36918038
GSE211161,36439639
GSE211166,37314125
GSE211197,35993785
GSE2112,16306063
GSE211208,36346347
GSE211209,36346347
GSE211211,36346347
GSE21122,20601955
GSE21123,20601955
GSE21124,20601955
GSE21125,21731613
GSE211310,36656641
GSE211345,37146715
GSE211348,38262672
GSE211359,36341374
GSE211371,36990046
GSE211378,36510222
GSE211390,37405912
GSE211394,36510222
GSE21141,20471072
GSE211425,37171793
GSE211431,37821590
GSE211432,37311769
GSE211432,37821590
GSE211440,36869665
GSE211442,37452367
GSE211466,36413415
GSE211482,36795001
GSE211483,36795001
GSE211485,36795001
GSE211486,36795001
GSE211498,36131042
GSE211499,36131042
GSE211555,36196602
GSE211565,38319732
GSE211567,38110534
GSE211580,25462860
GSE211592,37311462
GSE211595,36131042
GSE211596,36131042
GSE211603,36543959
GSE211604,36543959
GSE211605,38503727
GSE211606,38503727
GSE211607,38503727
GSE211608,38503727
GSE211609,38503727
GSE211610,38503727
GSE211611,36882486
GSE211627,36130508
GSE211637,36986706
GSE211638,36408179
GSE211639,36408179
GSE21164,20459731
GSE211641,36408179
GSE211644,35849783
GSE21167,21573164
GSE211681,36475881
GSE211681,37856482
GSE211682,36475881
GSE21169,21573164
GSE211692,36426871
GSE211696,38204971
GSE21170,21573164
GSE211704,24510342
GSE211708,36266324
GSE21171,20525001
GSE21171,25895923
GSE211731,36515099
GSE211735,36323781
GSE211788,36731066
GSE211789,36731066
GSE211790,36731066
GSE2118,16314843
GSE21183,21054499
GSE211837,37120619
GSE21184,21054499
GSE21185,21054499
GSE21186,21054499
GSE211878,36202854
GSE211885,36237168
GSE211914,38663691
GSE211944,36727462
GSE211945,36727462
GSE211946,36727462
GSE21195,21054499
GSE211956,38570491
GSE21196,21054499
GSE21197,21054499
GSE21198,21054499
GSE21199,21054499
GSE211993,36572121
GSE211993,36875643
GSE212014,36256477
GSE212039,36198802
GSE212041,36208629
GSE212042,36198802
GSE212045,36198802
GSE212046,36198802
GSE212047,36198802
GSE212072,37228617
GSE212082,37689751
GSE212083,37689751
GSE212084,37689751
GSE212096,36276299
GSE212123,36266324
GSE212125,36266324
GSE212131,38162899
GSE212133,38162899
GSE212134,38162899
GSE212139,36199571
GSE212186,36397653
GSE212187,36397653
GSE212188,36397653
GSE212189,36397653
GSE212192,38561334
GSE21221,18433489
GSE212224,36809789
GSE212229,36598924
GSE212238,36828918
GSE212239,36828918
GSE212241,36828918
GSE212242,36828918
GSE212243,36828918
GSE212291,38448424
GSE21231,20941359
GSE212317,36871219
GSE21232,22293752
GSE212323,36871219
GSE212334,36922568
GSE212343,36871219
GSE212371,36279473
GSE212372,36279473
GSE212373,36279473
GSE212396,38326615
GSE212458,37393374
GSE212459,37393374
GSE212460,37393374
GSE212461,36270275
GSE212468,36490343
GSE212469,36490343
GSE212470,36490343
GSE212482,36270275
GSE21249,20550935
GSE212509,36747621
GSE212509,36994871
GSE212532,37009900
GSE212534,36947858
GSE212558,27814298
GSE212584,36597549
GSE212588,36536150
GSE212600,38347148
GSE212608,38347148
GSE212611,38347148
GSE212621,36437415
GSE212623,30689565
GSE212626,36934083
GSE212628,36934083
GSE21266,21805474
GSE212796,37038186
GSE212811,37435029
GSE212835,37838732
GSE212838,36584682
GSE212871,34312544
GSE21288,21054499
GSE21289,21054499
GSE212896,37339216
GSE21290,21054499
GSE21290,22753056
GSE212925,38987588
GSE21296,20519630
GSE212984,36516854
GSE212996,36516854
GSE212998,36516854
GSE213015,36356142
GSE213019,37801396
GSE213021,38077137
GSE213024,36459970
GSE213026,38168932
GSE213030,36442540
GSE213030,38838223
GSE213057,37801396
GSE213062,36503893
GSE213141,36980717
GSE213142,38200130
GSE213145,36248850
GSE213186,38330097
GSE213189,36940535
GSE213192,37133746
GSE213194,38330097
GSE213198,38330097
GSE213215,36224648
GSE213221,37131654
GSE213234,37592014
GSE213236,37592014
GSE213238,37592014
GSE213251,36435834
GSE21326,20505148
GSE213262,37131654
GSE213299,37351176
GSE213318,37399593
GSE21338,20596025
GSE213391,36871219
GSE213399,37029425
GSE213402,37378317
GSE213406,36150502
GSE213407,38305985
GSE213438,36161905
GSE213453,36319622
GSE213465,37329887
GSE213468,36322628
GSE213482,36302761
GSE213488,37006485
GSE213506,37580596
GSE213507,37580596
GSE213511,37580596
GSE213513,37580596
GSE213526,36443310
GSE213557,38200311
GSE213580,36198031
GSE213607,37731001
GSE213611,36620547
GSE21362,21298008
GSE213697,36384095
GSE213698,36384095
GSE213706,36384095
GSE213734,35750512
GSE213735,36579645
GSE213742,37478846
GSE213754,37239473
GSE213778,36302761
GSE213786,37406085
GSE213787,37406085
GSE213789,37406085
GSE213791,38457494
GSE213793,37478846
GSE213795,37478846
GSE213797,36427020
GSE213799,36359855
GSE213862,37392167
GSE213901,36698218
GSE213901,38643244
GSE213912,36810872
GSE213954,36263021
GSE213957,36550277
GSE21396,21226959
GSE21396,23180784
GSE213964,38355560
GSE21397,21226959
GSE21397,23180784
GSE213972,37580326
GSE213977,38760444
GSE21398,21226959
GSE21398,23180784
GSE213997,37310920
GSE213998,37310920
GSE213999,37310920
GSE214019,37749225
GSE214028,36359732
GSE214028,39273396
GSE214033,36375250
GSE214033,38622664
GSE214051,39097412
GSE214065,37031257
GSE214070,38662826
GSE214082,36579645
GSE214082,37555319
GSE214093,38760444
GSE214094,38760444
GSE214095,36421680
GSE214118,36950383
GSE214118,37682716
GSE214128,36178457
GSE21415,21569359
GSE214151,38987588
GSE214265,36861964
GSE2143,15942018
GSE21430,21054499
GSE21432,21054499
GSE21433,21054499
GSE214337,36477539
GSE21434,21054499
GSE214349,36825001
GSE21435,21054499
GSE214355,37463203
GSE214357,38191550
GSE21436,21054499
GSE214378,36260981
GSE21438,20482586
GSE214397,37851822
GSE214397,38709823
GSE21441,20482586
GSE214423,36792607
GSE214471,36808651
GSE214471,38965605
GSE214490,36922640
GSE214506,37526084
GSE214515,36587899
GSE214529,37526084
GSE21453,21054499
GSE21456,21054499
GSE21457,21054499
GSE214586,36453940
GSE21459,21054499
GSE21460,21054499
GSE21461,21054499
GSE21462,21054499
GSE214632,36386908
GSE214639,36744963
GSE21464,21054499
GSE214645,36847866
GSE21466,21054499
GSE214666,36215509
GSE214695,37495570
GSE21470,21054499
GSE214708,37369201
GSE21471,21054499
GSE214711,36346347
GSE214712,36346347
GSE214713,36346347
GSE214715,37748191
GSE21472,21054499
GSE21473,21054499
GSE21474,21054499
GSE214741,37279110
GSE214755,37369201
GSE214761,37463203
GSE214813,34611612
GSE214828,37021585
GSE214829,37021585
GSE21483,20856931
GSE21483,27650546
GSE214830,37021585
GSE214844,37021585
GSE214845,37021585
GSE214867,36433992
GSE214870,38965223
GSE214887,37565511
GSE214905,37077887
GSE214909,36569291
GSE21491,23084923
GSE21494,21226959
GSE21494,23180784
GSE214964,37985771
GSE21499,20609354
GSE214990,38811530
GSE21501,20644708
GSE21501,28380042
GSE215018,36477533
GSE215047,36384106
GSE215048,36384106
GSE215049,36384106
GSE215050,36384106
GSE21507,21084727
GSE215087,36585416
GSE215118,38355776
GSE215134,36982476
GSE215136,36240286
GSE215137,36240286
GSE215155,36967990
GSE215160,37738977
GSE215163,37738977
GSE215164,37526084
GSE215166,37526084
GSE215214,37400936
GSE215214,38678957
GSE215217,36408416
GSE215226,37735685
GSE215231,38307723
GSE215233,36436489
GSE215240,36928815
GSE215241,37543250
GSE215257,37170094
GSE215258,37170094
GSE215259,37170094
GSE215260,37170094
GSE215287,37882527
GSE215301,36674797
GSE215302,36674797
GSE215303,36674797
GSE215307,36810872
GSE215353,37824674
GSE215365,36517594
GSE215401,36805688
GSE215410,36437988
GSE215413,36969081
GSE215421,30611556
GSE215421,39152463
GSE215433,37738983
GSE215440,36517604
GSE215444,36798317
GSE215444,36871219
GSE215445,36798317
GSE215446,36798317
GSE215447,36798317
GSE215447,36871219
GSE21545,22371308
GSE21545,27437576
GSE21545,30175270
GSE21545,30444878
GSE21545,31312755
GSE21545,33959644
GSE21545,35494231
GSE21546,20554967
GSE21551,21169565
GSE215786,37178919
GSE215790,36750366
GSE215791,36750366
GSE215796,37267903
GSE215801,36526599
GSE215802,36536106
GSE215813,37459895
GSE215816,36463230
GSE215817,36516268
GSE215818,36516268
GSE215819,36516268
GSE215820,36516268
GSE215830,38462819
GSE215843,37045950
GSE215865,36482101
GSE215873,36817432
GSE215899,36768797
GSE215914,37068114
GSE215915,38179063
GSE215929,36893735
GSE215930,36893735
GSE215931,36893735
GSE215944,36581694
GSE215950,36766843
GSE215950,39056803
GSE215952,36766843
GSE215952,39056803
GSE215953,36766843
GSE215953,39056803
GSE215956,37709752
GSE21597,20823134
GSE215990,36640322
GSE215997,36646721
GSE2160,16497717
GSE216012,37267903
GSE216029,37311769
GSE216033,37311769
GSE216034,37311769
GSE216049,37205380
GSE216066,37816712
GSE216082,37152125
GSE216125,37234859
GSE216127,37931099
GSE216132,36415827
GSE21614,22036565
GSE21614,33531476
GSE21617,21054499
GSE21621,22036565
GSE21621,33531476
GSE216213,36769164
GSE216237,37057595
GSE216239,37057595
GSE216241,37057595
GSE216256,38243114
GSE216281,37347276
GSE216281,37671566
GSE216304,36819665
GSE216312,35880727
GSE216314,36594467
GSE216328,38561497
GSE216356,38172382
GSE216392,33441767
GSE216414,36451814
GSE216442,36414721
GSE216457,36608654
GSE216458,36819665
GSE216463,36608654
GSE216477,36608654
GSE216479,36608654
GSE216481,36608654
GSE216486,36736301
GSE216488,36736301
GSE216489,36736301
GSE21651,29785071
GSE216532,36712090
GSE216532,37796127
GSE216540,37423299
GSE216547,36792604
GSE216548,38291039
GSE216556,38203541
GSE216574,36375118
GSE216595,36608654
GSE21660,21730190
GSE216601,36608654
GSE216602,36608654
GSE216617,37996952
GSE216620,38713722
GSE216687,36899402
GSE216701,36459994
GSE216704,36459994
GSE216705,36459994
GSE216711,36222846
GSE216814,36449602
GSE216835,37749100
GSE216846,36938886
GSE21685,20870966
GSE216868,36516757
GSE21687,20639864
GSE21687,22322993
GSE216881,37741451
GSE216890,36793737
GSE216891,37508475
GSE21695,21239580
GSE216962,36516757
GSE21699,21663663
GSE216996,36516757
GSE217060,37681909
GSE217066,36608654
GSE21710,20655471
GSE217102,36516754
GSE217103,38481808
GSE217105,36976637
GSE217132,36476868
GSE217140,36528616
GSE217200,36999023
GSE217213,37864255
GSE217215,36608654
GSE217222,37673898
GSE217225,37011211
GSE217235,36625344
GSE217277,36618671
GSE217278,36618671
GSE217279,36618671
GSE217319,36450752
GSE21732,21575938
GSE217327,36750787
GSE217335,37824674
GSE217363,37018971
GSE217368,36995340
GSE217369,36561310
GSE217378,37898598
GSE217405,36657561
GSE217420,38996019
GSE217422,37045841
GSE217448,37386249
GSE217449,37386249
GSE217450,37386249
GSE21746,21663663
GSE217460,36608654
GSE217486,37083955
GSE217508,36355429
GSE217511,36509746
GSE217558,36700539
GSE21756,22623957
GSE21757,20621051
GSE217574,37853001
GSE217574,38048326
GSE217575,37853001
GSE217575,38048326
GSE217576,37853001
GSE217576,38048326
GSE217577,37853001
GSE217577,38048326
GSE217587,36848231
GSE217608,36507874
GSE217611,38253560
GSE217612,38253560
GSE217614,38253560
GSE217633,36640455
GSE217656,36741385
GSE217671,38345319
GSE217685,38657611
GSE217687,38657611
GSE217709,36949528
GSE217710,36369338
GSE217711,36949528
GSE217712,36949528
GSE217713,36369338
GSE217714,36369338
GSE217722,33382972
GSE21774,19265543
GSE21774,20505160
GSE217802,37106060
GSE217808,37903887
GSE217810,36650715
GSE217812,37486064
GSE217828,38510108
GSE217830,37923722
GSE217835,37977411
GSE217836,37977411
GSE217849,36776784
GSE21787,21098123
GSE217908,37303951
GSE217911,36373432
GSE217917,34242700
GSE217920,37548590
GSE217923,37548590
GSE217928,38424446
GSE217929,38424446
GSE217945,36801005
GSE217978,36670412
GSE218001,38713722
GSE21802,20840779
GSE218022,36635388
GSE218025,36682412
GSE218029,36869735
GSE218033,36736301
GSE21804,20431086
GSE218079,36736291
GSE218086,36627643
GSE218090,38048351
GSE218101,36561048
GSE218103,36620222
GSE218139,34242700
GSE218145,37854702
GSE21816,21162720
GSE218162,37977411
GSE218180,38503283
GSE218200,38448424
GSE218252,37555357
GSE218276,37397079
GSE218276,37750583
GSE218283,36577402
GSE218290,36690642
GSE218301,36577402
GSE218302,36577402
GSE218346,37436901
GSE218352,37436901
GSE218355,36911660
GSE218360,37436901
GSE218361,37436901
GSE218367,37042686
GSE218394,36755096
GSE218395,36755096
GSE218396,36755096
GSE218398,37737027
GSE218413,36627643
GSE218479,38360902
GSE218480,38360902
GSE218482,38360902
GSE218493,37301319
GSE218506,36608654
GSE218542,36973520
GSE218562,36608654
GSE218563,36627643
GSE218574,36854930
GSE218577,36854930
GSE218578,36854930
GSE218579,36854930
GSE218581,36854930
GSE218584,39060269
GSE218602,37263996
GSE218604,36799338
GSE218625,38030596
GSE218630,37563136
GSE218646,37563136
GSE218663,36781848
GSE218664,36611026
GSE218674,38134876
GSE218675,38134876
GSE218676,38134876
GSE218677,38134876
GSE218678,38134876
GSE218679,38134876
GSE218680,38134876
GSE218693,37280220
GSE218730,37647218
GSE21875,21054499
GSE218751,37270643
GSE218753,37270643
GSE218754,37270643
GSE218758,36497479
GSE218774,36525288
GSE218789,36608654
GSE218794,37973845
GSE218795,37973845
GSE218796,37973845
GSE218798,37973845
GSE218816,36759154
GSE218818,36550137
GSE218860,38684700
GSE218881,36792372
GSE218883,37277650
GSE218885,37277650
GSE218887,37277650
GSE218888,37277650
GSE218889,37277650
GSE21889,20702727
GSE218890,37277650
GSE2189,15867382
GSE218945,37352852
GSE218945,38409161
GSE218960,37409632
GSE218997,37411041
GSE218998,36788578
GSE219000,36608654
GSE219014,38253266
GSE219015,38253266
GSE219033,37726478
GSE219039,37277650
GSE219048,37223244
GSE219057,38253266
GSE219058,36608654
GSE219092,37127714
GSE219096,37127714
GSE219099,36620222
GSE219100,36620222
GSE219106,38253266
GSE219109,37963469
GSE21911,23959719
GSE219110,37963469
GSE219124,31001473
GSE219124,38418883
GSE219155,38618957
GSE219167,38253266
GSE219185,36442540
GSE219185,38838223
GSE219197,36795805
GSE2192,16106032
GSE219200,36617658
GSE219215,37126720
GSE219233,37735685
GSE219234,37735685
GSE219235,37735685
GSE219237,37481725
GSE219248,38253266
GSE219259,38347920
GSE219265,36690626
GSE219271,38078651
GSE21949,21695229
GSE21949,22357756
GSE2195,15598610
GSE21950,21695229
GSE21950,22357756
GSE21953,21695229
GSE21953,22357756
GSE220023,37731623
GSE220024,37731623
GSE220025,37731623
GSE220026,37731623
GSE220027,37731623
GSE220041,38446877
GSE220042,38446877
GSE220043,38446877
GSE220048,36891292
GSE220049,36891292
GSE220050,36891292
GSE220075,38026201
GSE220081,36578958
GSE220081,38063857
GSE220094,37421943
GSE220141,38780213
GSE220170,38834613
GSE220175,38153787
GSE220178,38039374
GSE220188,37974651
GSE220189,37974651
GSE220190,37974651
GSE220218,36602878
GSE220219,38097707
GSE220226,37863933
GSE220227,37863933
GSE220228,37863933
GSE220229,37863933
GSE220236,35984907
GSE220263,37889967
GSE220268,36971776
GSE220270,37967174
GSE220272,37595039
GSE220273,37595039
GSE220274,37595039
GSE220323,38174321
GSE22038,21603610
GSE220446,37225988
GSE220447,38516885
GSE220457,36738733
GSE220502,37070173
GSE220506,38153787
GSE220507,38153787
GSE220520,36520060
GSE220522,37604818
GSE220558,38174321
GSE220560,38174321
GSE220561,38174321
GSE22059,22429691
GSE220596,36530127
GSE220598,36632886
GSE22060,21725004
GSE220612,37974970
GSE220613,37080995
GSE220615,36795469
GSE220622,37339167
GSE220642,38324474
GSE220676,38281188
GSE220677,38281188
GSE220678,38281188
GSE220687,36802267
GSE22069,20888037
GSE220692,37214927
GSE220692,38063424
GSE220747,36939204
GSE220748,37183219
GSE220792,37479765
GSE220805,37671016
GSE22081,20620946
GSE22082,21305641
GSE22083,21848663
GSE220833,37463913
GSE220848,38182037
GSE220883,36738733
GSE220884,36738733
GSE220899,36980239
GSE220899,37841321
GSE220900,37384771
GSE220918,37852796
GSE220919,37852796
GSE220920,37852796
GSE220928,36672198
GSE220928,36980239
GSE22093,21191116
GSE22093,23185353
GSE220933,38683993
GSE220940,36646721
GSE220942,36725887
GSE220943,36830716
GSE220947,36823373
GSE220957,36945593
GSE220967,37260601
GSE220973,38271119
GSE220974,38760566
GSE220975,38760566
GSE220976,38760566
GSE220977,38096824
GSE220994,38438734
GSE220997,36928817
GSE221015,36754049
GSE221016,36754049
GSE221017,36754049
GSE221020,38049604
GSE221021,38049604
GSE221022,38049604
GSE221023,38049604
GSE221027,36552881
GSE22104,20620946
GSE22104,23555662
GSE22105,20620946
GSE221073,37967174
GSE221074,37967174
GSE221077,36653345
GSE22109,20676099
GSE221096,36898377
GSE221137,38687617
GSE221140,38687617
GSE221141,38687617
GSE221142,38687617
GSE221147,36542664
GSE221157,37824524
GSE221196,38308117
GSE221200,38308117
GSE221201,38308117
GSE221202,38308117
GSE221225,37352852
GSE221225,38409161
GSE221232,37001502
GSE221268,36845191
GSE221290,36974749
GSE221293,38723194
GSE22131,20616232
GSE22131,20616234
GSE22131,22019781
GSE221357,37863068
GSE221359,37863068
GSE221360,37863068
GSE221376,36753564
GSE221407,37783352
GSE22141,21602795
GSE22142,21602795
GSE221420,37658791
GSE22143,21602795
GSE221430,36576405
GSE221432,37639608
GSE22144,21602795
GSE221441,38723194
GSE221442,38049604
GSE22145,21602795
GSE221450,36596993
GSE22146,21602795
GSE22147,21602795
GSE221506,38794880
GSE22151,21306619
GSE221511,37180827
GSE22152,21092265
GSE221524,37601821
GSE221527,37820724
GSE221543,36732514
GSE221561,37563120
GSE221565,37479880
GSE221571,36720873
GSE221581,37738562
GSE221592,36933556
GSE221594,36679067
GSE221598,36394951
GSE221615,37339167
GSE221618,36808431
GSE221619,36808431
GSE221620,36808431
GSE221633,36690785
GSE22165,20594294
GSE22165,20723761
GSE221667,37629141
GSE221681,36859544
GSE221710,37488355
GSE22173,22429691
GSE221755,36897957
GSE221761,36912618
GSE221804,37347298
GSE221804,38139463
GSE221815,38060615
GSE221815,38470479
GSE221827,37291192
GSE221841,38360659
GSE221842,38360659
GSE221849,37872450
GSE221851,36690785
GSE221863,38174321
GSE221911,37303712
GSE221911,38978787
GSE221913,36924499
GSE221914,37070193
GSE221915,37070193
GSE221916,37070193
GSE221917,37070193
GSE221938,38509096
GSE221942,38142439
GSE221943,38142439
GSE221944,38142439
GSE221947,36922568
GSE221971,36792756
GSE221971,39043634
GSE221988,37974010
GSE221994,37566909
GSE221996,36750366
GSE221999,37807017
GSE222002,38609488
GSE222006,37516964
GSE222041,37662558
GSE222044,36869033
GSE222048,36968212
GSE222063,37386131
GSE222083,36639926
GSE222092,37682722
GSE222117,37732778
GSE222131,37152987
GSE222147,36989344
GSE222193,38658752
GSE222202,37146911
GSE222223,37398248
GSE222223,38378697
GSE222224,37398248
GSE222224,38378697
GSE222225,37398248
GSE222225,38378697
GSE222244,37095322
GSE222245,37095322
GSE222249,37907741
GSE222251,37907741
GSE222252,37907741
GSE222259,37082147
GSE22226,22198468
GSE22226,36997615
GSE222279,37903887
GSE22229,20501946
GSE222300,37146911
GSE222315,38428409
GSE222318,37992083
GSE222327,37043533
GSE222351,37542720
GSE222356,37429856
GSE222359,36839265
GSE222360,36839265
GSE222361,36839265
GSE222376,36657447
GSE222382,37992083
GSE222397,37626123
GSE222404,37500667
GSE222405,37500667
GSE222406,37500667
GSE22245,20679207
GSE222474,36958335
GSE222476,36958335
GSE222477,38169284
GSE22248,21576504
GSE22248,25685830
GSE222510,37118429
GSE222511,37711550
GSE222524,37254190
GSE22253,22768093
GSE222530,37396347
GSE222531,38243310
GSE22254,24752897
GSE222548,37974651
GSE222554,38971151
GSE222555,38971151
GSE222556,38971151
GSE222557,38971151
GSE222561,37244975
GSE222597,36988391
GSE22261,21684349
GSE222634,37339952
GSE222634,38228612
GSE222635,37339952
GSE222635,38228612
GSE222636,37339952
GSE222636,38228612
GSE222640,38167059
GSE222649,37922365
GSE222662,38489263
GSE222663,38489263
GSE222664,38489263
GSE222665,38489263
GSE222667,37347298
GSE222667,38139463
GSE222668,37347298
GSE222668,38139463
GSE222699,39025928
GSE222728,37902007
GSE222734,37649077
GSE222749,36617688
GSE22277,20689833
GSE222788,36749873
GSE222798,37902007
GSE222799,37902007
GSE222808,38385073
GSE22284,21836138
GSE222850,37500667
GSE222858,38489263
GSE222874,38198573
GSE222878,36848289
GSE222880,36848289
GSE222881,36848289
GSE222882,36848289
GSE222888,36958335
GSE222901,38418883
GSE22294,22139505
GSE222971,36758549
GSE222990,38247878
GSE222990,38280869
GSE222991,38247878
GSE222991,38280869
GSE223012,36888663
GSE223027,37591859
GSE223039,38809976
GSE223060,36779841
GSE223061,36779841
GSE22307,20923862
GSE223101,37081976
GSE223103,37402719
GSE223104,37402719
GSE223105,37402719
GSE223107,36913357
GSE22311,20976218
GSE223149,36816948
GSE223150,37738652
GSE223153,38247878
GSE223153,38280869
GSE223177,37120813
GSE223178,37120813
GSE223179,37120813
GSE223180,37120813
GSE223184,37878651
GSE22319,20957181
GSE22319,21651802
GSE223193,37609485
GSE223205,37643024
GSE223219,38215759
GSE223244,36868189
GSE223251,37565264
GSE223271,37386251
GSE223274,37386251
GSE223292,37248224
GSE223310,37416876
GSE223316,37443176
GSE223336,37667913
GSE223347,37263310
GSE223359,37661576
GSE223360,36988391
GSE223377,38179939
GSE22338,20576849
GSE223381,37667913
GSE22339,20920356
GSE22339,21249121
GSE223400,37294749
GSE223404,37855606
GSE223429,37266426
GSE22343,20616235
GSE223437,37604829
GSE223438,37604829
GSE22344,20616235
GSE223440,37604829
GSE223441,37604829
GSE223444,37730682
GSE22345,20616235
GSE22348,21552516
GSE22349,21552516
GSE223498,37268690
GSE22350,21552516
GSE223514,37149697
GSE22352,22429691
GSE223521,37668551
GSE22353,21151985
GSE223534,37367205
GSE223539,37880182
GSE223543,37013819
GSE223554,37207275
GSE22358,21373875
GSE223594,36756948
GSE223595,36756948
GSE223596,36756948
GSE223597,36756948
GSE223628,37268690
GSE223646,37460638
GSE223647,38741011
GSE223649,38740087
GSE223670,36857347
GSE223689,37414763
GSE223707,37714160
GSE223708,37714160
GSE223709,37714160
GSE223710,37714160
GSE223711,37714160
GSE223719,34488832
GSE223742,38383062
GSE223748,37561875
GSE223748,37563227
GSE223748,38848365
GSE223758,37823778
GSE223773,37894498
GSE223782,36942484
GSE22380,21138856
GSE223806,36928415
GSE223808,36928415
GSE223809,36928415
GSE22381,21227998
GSE223815,37971144
GSE223817,37587191
GSE223868,36808555
GSE223886,38059556
GSE223903,36800432
GSE223904,36800432
GSE22393,20811459
GSE223943,37563227
GSE223943,38848365
GSE223944,37563227
GSE223944,38848365
GSE223965,37003985
GSE223966,37134161
GSE223967,36800432
GSE223972,37069359
GSE223987,38226976
GSE223988,38226976
GSE223989,38226976
GSE22402,20709297
GSE224020,37350973
GSE224021,37350973
GSE224024,37350973
GSE224025,37350973
GSE22403,20958245
GSE224058,36948185
GSE224059,36948185
GSE224060,36948185
GSE224061,36948185
GSE224062,36865165
GSE224066,36792599
GSE22407,20958245
GSE224077,37650637
GSE22408,20958245
GSE2241,15757903
GSE22410,21177965
GSE22410,25220461
GSE22412,20958245
GSE224127,38191855
GSE22413,20958245
GSE224131,37917179
GSE224135,36979867
GSE22414,20958245
GSE224142,38528182
GSE224145,38191855
GSE224146,38191855
GSE22419,20958245
GSE224195,36923414
GSE224197,37726321
GSE22421,21123456
GSE224215,36876119
GSE22422,20958245
GSE224235,37057593
GSE22424,20958245
GSE224241,36882421
GSE224242,36882421
GSE224244,36882421
GSE224245,36882421
GSE22425,20958245
GSE224251,37308586
GSE224254,37817932
GSE224257,37308586
GSE224262,37308586
GSE224265,37308586
GSE224266,38036539
GSE224277,38049085
GSE224278,38049085
GSE224279,38049085
GSE224281,38049085
GSE224294,36875753
GSE2243,16953217
GSE224309,36902377
GSE224359,37542143
GSE224384,37232378
GSE224399,37001504
GSE224400,37001504
GSE22442,21062371
GSE224425,37828611
GSE224446,36988391
GSE224465,38570506
GSE224500,38468866
GSE224512,38570506
GSE224513,38570506
GSE224539,38329875
GSE22458,20958245
GSE224589,37407816
GSE224597,37341054
GSE224598,37037399
GSE224624,37339167
GSE224628,37339952
GSE224628,38228612
GSE224647,37075128
GSE224648,37452018
GSE224660,37442376
GSE224664,37768825
GSE224665,37768825
GSE224666,37768825
GSE224667,37768825
GSE224668,37768825
GSE224690,37311905
GSE224697,38701780
GSE224698,38701780
GSE224699,38701780
GSE22470,21487109
GSE22470,22238326
GSE22470,23143595
GSE224700,38701780
GSE224731,37442376
GSE224732,37442376
GSE224743,38143800
GSE224753,37528066
GSE224754,37528066
GSE224773,38190710
GSE224778,38190710
GSE224779,38190710
GSE224781,38570506
GSE224782,38570506
GSE224813,37624915
GSE224815,37624915
GSE224816,37624915
GSE224845,37917179
GSE224850,38701780
GSE224905,37322110
GSE224916,38143800
GSE224917,38143800
GSE224985,38224094
GSE22499,20682450
GSE22499,22819920
GSE22506,20668691
GSE225063,39121849
GSE225065,37036005
GSE225068,37663929
GSE225083,37161053
GSE225099,37162929
GSE225117,37108716
GSE225157,38014075
GSE225170,36973261
GSE225176,37591949
GSE225236,37667913
GSE225253,37949939
GSE225256,37324585
GSE22528,19913588
GSE225295,39025525
GSE225302,36941703
GSE225331,36973261
GSE225338,36865165
GSE225370,37418299
GSE225382,38009950
GSE225406,37042701
GSE225412,36926045
GSE225436,36948185
GSE225462,32948671
GSE225487,38051727
GSE225488,38051727
GSE225489,38051727
GSE225549,37887346
GSE225568,38233416
GSE225588,37663298
GSE225588,39134603
GSE225593,37418531
GSE225601,37520727
GSE225602,37520727
GSE225603,37520727
GSE22565,21455274
GSE225652,38344825
GSE22567,21552516
GSE225683,36900235
GSE225700,36922516
GSE225709,37242247
GSE225721,38260431
GSE225721,38598053
GSE225721,38902234
GSE225730,37729412
GSE225740,36927865
GSE225762,37953789
GSE225810,38637626
GSE225849,38070726
GSE225876,37225696
GSE22589,20829794
GSE225947,38446667
GSE225964,37322153
GSE225967,37322153
GSE22597,21153052
GSE225971,37322153
GSE225972,38969721
GSE225973,37322153
GSE225975,37322153
GSE22601,15928199
GSE226038,39273396
GSE226054,38719621
GSE226060,37823593
GSE226063,37652913
GSE226066,36949050
GSE226111,37823593
GSE226159,37280224
GSE226164,37117181
GSE226165,37117181
GSE226167,37117181
GSE226180,38427557
GSE226182,38427557
GSE226183,38427557
GSE226184,38427557
GSE22619,21621540
GSE22619,22826509
GSE226210,37823593
GSE226234,38110397
GSE226264,37117181
GSE226268,37117181
GSE226270,38012636
GSE226282,37445678
GSE226283,37445678
GSE226284,37445678
GSE226297,38489263
GSE226303,38098488
GSE226316,38605224
GSE22638,21098654
GSE226386,37228089
GSE226388,37228089
GSE226390,37228089
GSE226435,38803235
GSE226436,38803235
GSE226437,38803235
GSE226467,39214079
GSE226478,38110397
GSE226480,38110397
GSE226484,37422456
GSE2265,16275909
GSE226503,37037941
GSE226525,37463454
GSE226526,37463454
GSE226527,37463454
GSE226529,37587197
GSE22663,21152434
GSE226675,37794587
GSE226697,37794587
GSE226701,37286550
GSE226719,37815732
GSE226754,37171962
GSE226755,37468555
GSE226789,38386110
GSE226812,37691541
GSE226857,37233348
GSE22687,22554051
GSE22687,23390613
GSE226874,38167721
GSE226907,37705115
GSE226911,36865221
GSE226911,37075753
GSE226956,38242888
GSE226963,38806647
GSE226964,38806647
GSE226966,38806647
GSE226976,37188783
GSE226994,38806647
GSE227014,37433783
GSE227016,37433783
GSE227044,38360882
GSE227045,38360882
GSE227046,38360882
GSE227057,38101397
GSE227102,37258566
GSE227103,38926583
GSE227104,38926583
GSE227105,38926583
GSE227116,36943669
GSE227131,37579636
GSE227149,38733583
GSE227176,37317894
GSE227193,38326859
GSE227194,38326859
GSE227196,38326859
GSE227199,37516964
GSE227221,37774678
GSE227222,37774678
GSE227223,37774678
GSE227231,37021585
GSE227233,37021585
GSE227236,37021585
GSE227253,38130748
GSE227264,38101397
GSE227276,37090516
GSE227312,37352396
GSE227334,36977781
GSE227342,37354902
GSE227369,37198482
GSE227382,37354902
GSE227387,37264282
GSE227388,37264282
GSE227391,37264282
GSE227392,37264282
GSE227393,38453961
GSE227437,37746718
GSE227483,37354697
GSE227493,38091996
GSE227566,37235474
GSE227568,37235474
GSE227569,37235474
GSE227570,37235474
GSE227573,39283487
GSE22762,21625232
GSE22762,23189934
GSE227634,37315534
GSE227638,37749331
GSE227643,37965134
GSE227671,38636522
GSE227690,37286599
GSE227696,38600061
GSE227712,37063885
GSE227779,37090516
GSE22779,21092265
GSE227806,38600061
GSE227807,38600061
GSE22782,21850204
GSE227847,37286550
GSE227850,37515158
GSE227898,36973268
GSE227905,38182591
GSE227911,38730241
GSE227942,37291161
GSE22796,21479552
GSE227976,38554704
GSE227999,37541244
GSE228010,37258666
GSE228011,37853316
GSE228032,37558705
GSE228067,38662543
GSE228068,38662543
GSE228076,38662543
GSE228086,38638443
GSE228087,38638443
GSE228088,38638443
GSE228091,37450044
GSE228096,37849042
GSE228100,37075810
GSE228101,37450044
GSE228103,37450044
GSE228105,38636522
GSE228106,38163893
GSE228123,37094136
GSE228140,38662543
GSE228142,38662543
GSE228149,37996709
GSE228150,37996709
GSE228151,37996709
GSE228157,37121509
GSE228162,37406115
GSE228171,37315534
GSE228175,37939712
GSE228177,37939712
GSE228193,37315534
GSE228264,37522872
GSE228268,37310920
GSE228283,37796107
GSE22830,21555364
GSE22830,23676078
GSE22830,24586560
GSE228320,36058144
GSE228355,38242126
GSE228367,38238903
GSE228372,37670779
GSE228380,37315534
GSE228381,37315534
GSE228405,38851302
GSE228406,37526602
GSE228417,37192973
GSE22846,23959719
GSE22847,23959719
GSE22848,23959719
GSE228489,37611581
GSE22849,23959719
GSE228502,37625401
GSE22851,20644535
GSE22853,20932482
GSE228546,37315534
GSE228549,37721967
GSE22855,21235737
GSE22857,20943749
GSE228586,37344588
GSE228590,38355799
GSE228599,39068192
GSE228627,38014168
GSE228644,36099047
GSE228649,37445621
GSE228669,37895219
GSE228672,37749075
GSE228673,37749075
GSE228674,37749075
GSE228685,37370820
GSE228695,37925424
GSE228702,37181876
GSE228711,38037844
GSE228757,37807875
GSE228771,38355622
GSE22885,21418656
GSE22886,15789058
GSE228899,39091296
GSE22890,21124930
GSE228912,38903123
GSE228912,38914562
GSE228914,37370820
GSE228999,37831068
GSE229016,38663691
GSE229020,37457712
GSE22903,22058113
GSE229032,38170742
GSE229033,38014168
GSE229034,38014168
GSE229038,37605829
GSE229042,37322036
GSE229047,38851302
GSE229059,37809058
GSE229063,38182585
GSE229071,37277530
GSE229073,34947998
GSE229073,38750585
GSE229083,37345802
GSE229090,37870650
GSE229121,38903123
GSE229121,38914562
GSE229122,38903123
GSE229122,38914562
GSE229123,38903123
GSE229123,38914562
GSE229134,36971422
GSE229144,37014697
GSE229169,38092918
GSE229208,38776917
GSE229232,37384622
GSE229248,37559721
GSE229253,37938580
GSE229279,37344588
GSE229292,37667913
GSE229367,38426493
GSE229368,38426493
GSE229369,38426493
GSE229370,38426493
GSE229386,37209681
GSE229447,37591949
GSE229448,37886564
GSE229472,38839969
GSE229513,37209681
GSE229524,37816736
GSE229530,37605008
GSE229531,37605008
GSE229532,37605008
GSE229533,38508141
GSE229534,38508141
GSE22954,21533028
GSE229543,37352852
GSE229575,37873380
GSE229576,37365684
GSE229578,37673118
GSE22962,20655297
GSE22962,21531768
GSE22965,21235737
GSE229663,37890156
GSE229664,37890156
GSE229666,37890156
GSE22967,23749191
GSE229670,37074930
GSE229681,38048222
GSE229682,38048222
GSE229683,38048222
GSE229699,37052506
GSE229705,37938580
GSE229706,37938580
GSE229708,37380764
GSE229709,37441495
GSE229713,37306101
GSE229740,37935903
GSE229750,37509414
GSE229771,37848452
GSE229774,37848452
GSE229791,37461466
GSE229794,37380764
GSE229795,37883227
GSE229822,38776917
GSE229824,38776917
GSE22984,21235737
GSE229856,38168677
GSE229887,37126714
GSE22989,22123828
GSE229905,37822767
GSE229908,38942020
GSE229957,38172260
GSE229970,38172260
GSE229975,38198277
GSE229976,38867048
GSE22999,21258753
GSE230002,37365374
GSE230005,37838725
GSE230019,37257918
GSE23006,20704739
GSE23006,32340108
GSE230073,38340319
GSE230081,37452013
GSE230102,37178122
GSE230116,37143090
GSE230152,37981423
GSE230178,37304762
GSE230181,37938972
GSE23019,21448905
GSE230192,37162929
GSE230194,37679035
GSE230195,37679035
GSE230208,37380764
GSE230257,37710960
GSE230300,37701444
GSE230333,37250784
GSE23035,20805357
GSE230357,37938972
GSE230358,37938972
GSE230398,37205380
GSE230440,37414931
GSE230447,38626772
GSE230450,38626772
GSE230495,37962303
GSE230505,38609365
GSE230519,38626772
GSE230520,38626772
GSE230543,39095703
GSE230549,39060233
GSE230550,39060233
GSE230551,39060233
GSE230578,37330071
GSE230596,39028828
GSE230597,39028828
GSE230599,39028828
GSE230636,38057643
GSE230656,38553499
GSE230678,37175530
GSE230707,38692273
GSE230708,38019905
GSE230714,38697112
GSE230715,38697112
GSE230716,38697112
GSE230724,37704733
GSE230736,38019905
GSE230737,38019905
GSE23077,20937782
GSE230782,38092919
GSE230788,38091578
GSE230789,38141063
GSE230791,37740239
GSE230799,37740239
GSE230799,37946204
GSE230803,38891081
GSE230804,38251863
GSE230806,37740239
GSE230807,37740239
GSE230807,37946204
GSE230817,38378993
GSE23085,21784468
GSE230852,37704733
GSE230868,38749447
GSE23093,20340164
GSE23093,23183685
GSE231023,37462077
GSE23110,20720541
GSE23120,18757419
GSE23120,19572260
GSE23120,19898621
GSE23120,20525348
GSE23120,20876420
GSE23120,20923822
GSE23120,21775533
GSE23120,26503816
GSE23120,27749787
GSE23120,28173075
GSE23120,29593529
GSE23120,36128656
GSE231318,39294368
GSE231319,39294368
GSE231320,39294368
GSE231322,37640929
GSE231343,37292918
GSE231344,37292918
GSE231345,37292918
GSE231353,37981423
GSE231391,38528952
GSE231399,37425353
GSE231422,37595278
GSE231425,37595278
GSE231426,37595278
GSE231427,37193769
GSE23143,21505102
GSE231444,37523551
GSE231452,38416644
GSE231485,37595278
GSE231486,37595278
GSE23152,21372301
GSE23153,21372301
GSE231560,38365970
GSE231563,37643610
GSE231564,37643610
GSE231565,37643610
GSE231568,37334609
GSE231577,37697045
GSE231597,37694285
GSE231598,38378993
GSE231621,37849808
GSE231638,38918213
GSE231639,38918213
GSE231640,38918213
GSE231686,37456846
GSE231719,37963886
GSE231725,37963886
GSE231726,37429863
GSE231730,37369201
GSE23174,21209930
GSE231743,37334382
GSE231763,37471539
GSE231764,37471539
GSE231766,37471539
GSE231767,37471539
GSE231794,38077333
GSE23182,21572034
GSE23183,21108336
GSE231853,38322248
GSE231882,38280852
GSE231915,37756565
GSE231952,38057310
GSE231952,38605010
GSE231953,38057310
GSE231953,38605010
GSE231954,38057310
GSE231954,38605010
GSE231993,37344477
GSE231995,39236183
GSE231996,39236183
GSE231997,39236183
GSE231998,39236183
GSE232022,38402617
GSE23204,26150418
GSE232067,37919659
GSE232079,39009280
GSE232094,38228917
GSE232108,37194236
GSE232117,38042809
GSE232136,38136364
GSE232137,38136364
GSE232138,38136364
GSE232148,37783879
GSE232149,39198632
GSE232168,38868181
GSE232189,37513270
GSE232195,38862786
GSE232196,38862786
GSE232197,38862786
GSE232198,38862786
GSE232199,38862786
GSE232203,37625789
GSE232215,37963886
GSE232216,37963886
GSE232226,39156641
GSE232285,38622115
GSE2323,15834410
GSE232309,38200272
GSE232342,39143206
GSE232365,39198632
GSE232373,37252932
GSE232377,38938681
GSE232378,38938681
GSE232379,38938681
GSE232399,38740822
GSE232400,38326615
GSE232422,38622115
GSE232423,38458195
GSE232472,37965353
GSE232539,37751522
GSE232552,38851846
GSE232553,38851846
GSE232554,38851846
GSE232555,38851846
GSE232559,37358260
GSE232567,37169743
GSE232594,37908335
GSE232609,38321568
GSE232609,38897995
GSE232630,38499720
GSE232651,38424273
GSE232661,37487081
GSE232689,37837383
GSE232695,37775438
GSE232698,37679064
GSE232698,38637896
GSE232703,37333182
GSE232704,37999506
GSE232712,38413582
GSE232751,37908721
GSE232764,38297352
GSE232767,37333155
GSE232769,38854072
GSE232797,38198571
GSE232799,38198571
GSE232804,36098762
GSE232805,37932341
GSE232815,37714135
GSE232816,37714135
GSE232817,37714135
GSE232818,37714135
GSE232821,37714135
GSE232822,37714135
GSE232824,37714135
GSE232830,37679064
GSE232830,38637896
GSE232840,37981650
GSE232853,38459052
GSE232855,38308117
GSE232860,37976347
GSE232895,37614064
GSE232941,38742875
GSE232951,37563650
GSE232959,37730682
GSE232994,36534518
GSE232995,38058213
GSE23307,20956346
GSE233080,38144457
GSE233081,38144457
GSE233082,38144457
GSE233083,38144457
GSE233084,38144457
GSE233085,38144457
GSE23309,21627854
GSE23309,22499666
GSE233112,38373953
GSE233155,37353755
GSE233156,38349790
GSE233171,37976347
GSE233175,37976347
GSE2332,15834136
GSE233206,37643174
GSE233223,37471539
GSE233257,37555319
GSE233262,37346371
GSE233275,37996443
GSE233276,37996443
GSE233277,37996443
GSE233280,38246584
GSE233287,37580380
GSE233304,39085419
GSE23332,21778340
GSE23332,22889700
GSE233342,38580899
GSE233351,38886396
GSE233389,38033053
GSE233397,37494476
GSE233398,37494476
GSE233399,37494476
GSE233400,37587511
GSE233400,38058312
GSE23342,21665939
GSE233423,37453057
GSE233460,38000033
GSE23351,21346809
GSE23351,26376630
GSE23352,22659451
GSE23352,25182044
GSE23352,25187487
GSE23352,26404118
GSE23352,27995131
GSE23352,28464818
GSE23352,30845926
GSE23352,33318519
GSE23352,33605487
GSE23352,33667223
GSE233533,39117959
GSE233548,37438530
GSE233597,37679820
GSE233608,38307028
GSE233622,37468627
GSE233625,37555319
GSE233642,37369668
GSE233645,37813896
GSE233661,38987588
GSE233718,37675124
GSE233765,38658612
GSE233766,37468627
GSE233766,38925122
GSE233776,37349576
GSE233806,37586322
GSE233807,37586322
GSE233808,37586322
GSE233810,37890156
GSE233827,38600112
GSE233831,38758782
GSE233842,38678011
GSE233843,38130748
GSE233854,37270516
GSE23387,21569788
GSE233883,37208779
GSE233893,38509504
GSE23394,21364752
GSE233943,38838469
GSE233946,37851578
GSE233996,37377453
GSE234002,37810211
GSE23402,20682450
GSE234025,38327665
GSE234026,38327665
GSE234027,38327665
GSE234070,37925520
GSE234115,37673914
GSE234154,37612507
GSE234155,37316562
GSE234171,38527495
GSE234173,38527495
GSE234174,38527495
GSE234177,37434394
GSE234178,37434394
GSE234179,37434394
GSE234181,38527495
GSE234185,38527495
GSE234200,37478862
GSE234236,38849411
GSE234242,38849411
GSE234262,38115217
GSE234286,37612507
GSE23432,21642420
GSE234329,38632339
GSE234330,38632339
GSE234331,38632339
GSE234332,37399395
GSE234400,38109538
GSE234401,38109538
GSE234404,38263873
GSE234406,37748648
GSE234414,38614091
GSE234423,37434394
GSE234448,38175751
GSE234500,38512984
GSE234517,37682902
GSE23455,20682450
GSE23455,22819920
GSE234560,37988981
GSE234563,37612507
GSE234565,38109538
GSE234588,38328142
GSE234588,38678237
GSE234614,37676378
GSE234628,37988981
GSE234629,37988981
GSE234647,37746265
GSE234704,38213620
GSE234709,39188951
GSE234713,37495570
GSE234719,37949939
GSE234725,37682902
GSE234728,37682902
GSE234743,37433297
GSE234760,37363990
GSE234776,37458356
GSE234802,38172382
GSE234804,38153787
GSE234814,37380767
GSE234817,37380767
GSE234832,37479733
GSE234865,37516843
GSE234868,38203617
GSE234878,39039212
GSE234881,38356412
GSE23492,20950698
GSE234927,37363990
GSE234930,37441604
GSE234933,37535729
GSE234939,37597510
GSE23495,20833363
GSE23499,22510163
GSE235019,37429857
GSE235032,37660780
GSE235052,38172915
GSE235078,38839956
GSE235079,37869071
GSE235079,38102487
GSE235114,37724373
GSE235126,37816712
GSE235182,37534988
GSE235186,37542720
GSE235199,37838776
GSE2352,16288008
GSE235201,38441406
GSE235229,37874295
GSE235231,38569548
GSE235236,37495570
GSE23524,22952647
GSE235280,37459514
GSE23529,22659451
GSE23529,25182044
GSE23529,25187487
GSE23529,26404118
GSE23529,27995131
GSE23529,28464818
GSE23529,30845926
GSE23529,33318519
GSE23529,33605487
GSE23529,33667223
GSE235310,37680639
GSE235311,37733872
GSE235312,37384409
GSE235318,37816712
GSE235321,37723297
GSE235322,37723297
GSE235323,37723297
GSE235324,37723297
GSE235326,37380767
GSE235329,38383551
GSE235351,37478857
GSE235356,37386588
GSE235367,37844464
GSE235395,39147780
GSE235396,37843554
GSE235397,37843554
GSE235398,37843554
GSE235400,37490914
GSE235419,38428421
GSE235420,38356058
GSE235421,38356058
GSE235425,38502704
GSE235426,38502704
GSE235427,38502704
GSE235428,38502704
GSE235429,38502704
GSE235434,37769108
GSE23545,22659451
GSE23545,25182044
GSE23545,25187487
GSE23545,26404118
GSE23545,27995131
GSE23545,28464818
GSE23545,30845926
GSE23545,33318519
GSE23545,33605487
GSE23545,33667223
GSE23546,22659451
GSE23546,25182044
GSE23546,25187487
GSE23546,26404118
GSE23546,27995131
GSE23546,28464818
GSE23546,30845926
GSE23546,33318519
GSE23546,33605487
GSE23546,33667223
GSE235475,37389981
GSE235482,37429857
GSE235485,37429857
GSE235487,37429857
GSE235488,37429857
GSE235491,37429857
GSE235525,37935712
GSE23553,21849418
GSE235530,37527035
GSE23554,21849418
GSE235572,37915575
GSE23558,22072328
GSE23558,28433800
GSE23558,37245006
GSE235629,37866662
GSE235634,37925421
GSE235661,38531971
GSE235680,38566207
GSE235682,38253523
GSE235700,38060659
GSE235755,37938576
GSE235770,37591243
GSE235771,37591243
GSE235772,37591243
GSE235779,38580631
GSE235783,37390336
GSE235785,37460898
GSE235830,38340716
GSE235857,37615858
GSE235868,38459032
GSE235879,38870309
GSE235923,37798266
GSE235928,38489358
GSE23601,22865454
GSE236012,37403161
GSE236026,38580649
GSE23603,21849418
GSE236030,38942804
GSE236043,38870309
GSE236045,37626055
GSE236053,38066332
GSE236078,37604687
GSE236114,37913832
GSE236257,38472198
GSE236331,38316463
GSE236341,38781213
GSE236342,38781213
GSE236343,38781213
GSE236344,38781213
GSE236351,37845689
GSE236366,38867004
GSE236368,38867004
GSE236369,38867004
GSE23640,21152022
GSE236435,37127185
GSE236435,38186738
GSE236487,37486206
GSE236503,38321024
GSE236504,38321024
GSE236505,38321024
GSE236516,37592014
GSE236529,38264262
GSE236535,38632316
GSE236559,37689751
GSE236573,38049604
GSE236658,37923722
GSE236662,37626123
GSE236663,37626123
GSE236664,37626123
GSE236679,37816864
GSE236713,38332914
GSE236724,38544573
GSE236733,38544573
GSE236749,38172915
GSE236750,38172915
GSE23682,21658582
GSE23682,21658583
GSE23682,22207624
GSE236847,38373993
GSE236849,38272206
GSE236853,38066332
GSE236909,37683603
GSE236911,37545495
GSE236919,37830622
GSE236920,37648864
GSE236924,37490914
GSE236928,37490914
GSE236951,38022530
GSE236966,37671834
GSE236998,37640701
GSE236999,37640701
GSE237000,37640701
GSE237001,38958280
GSE237005,38510129
GSE237018,37889753
GSE237028,37487070
GSE237031,38452765
GSE237032,38099494
GSE237036,37550304
GSE237068,38101397
GSE237070,38755647
GSE237080,38101397
GSE23710,21365003
GSE237103,37494539
GSE237109,38942804
GSE23712,21084631
GSE237166,38010945
GSE237180,38942804
GSE237194,37535424
GSE237216,37647592
GSE237221,37434394
GSE237222,37434394
GSE2373,16288008
GSE237359,37693487
GSE237371,37794185
GSE237374,37794185
GSE237375,37794185
GSE237376,37794185
GSE237377,37794185
GSE237378,37794185
GSE237386,37957324
GSE23739,21415212
GSE237395,38339863
GSE237403,38360757
GSE237554,39107881
GSE237558,38509377
GSE237595,38481391
GSE237741,38055802
GSE23776,20835245
GSE23778,20921369
GSE237787,37721002
GSE237817,37749325
GSE237835,38356058
GSE237884,38746443
GSE237885,38746443
GSE237919,38368420
GSE237920,28890086
GSE237925,38746443
GSE237935,38662435
GSE237945,37764281
GSE237953,37070193
GSE237987,38458187
GSE237990,38458187
GSE238005,37590144
GSE23806,18037961
GSE23806,21294158
GSE23806,25543125
GSE238072,37937441
GSE238073,37937441
GSE238074,37937441
GSE238075,37937441
GSE238091,38228679
GSE238102,37865090
GSE238117,38051727
GSE238125,38713438
GSE238163,37751306
GSE238164,37752791
GSE238219,39190705
GSE238249,37648857
GSE238250,38196311
GSE238251,38196311
GSE238252,38196311
GSE238253,38196311
GSE238254,38196311
GSE238255,38196311
GSE238256,38196311
GSE238257,39048817
GSE238262,38478620
GSE23831,21386901
GSE23831,28433800
GSE23831,37245006
GSE23834,21109226
GSE23842,20807887
GSE23844,21266406
GSE23846,21406103
GSE23924,23685278
GSE23929,20174553
GSE239293,37648857
GSE239307,38228679
GSE23931,20966047
GSE239346,37752791
GSE239349,38481391
GSE239350,37624915
GSE239376,37670087
GSE239377,38478620
GSE239378,38478620
GSE239384,37849753
GSE239386,38065081
GSE239410,38123561
GSE239468,38655899
GSE239469,38655899
GSE239470,38655899
GSE239474,38478683
GSE239475,38679799
GSE23948,20581290
GSE239500,38438896
GSE239534,37944526
GSE239535,37944526
GSE239536,37944526
GSE239541,37657440
GSE239579,37587336
GSE239581,37917586
GSE239582,37917586
GSE239583,37917586
GSE239589,38302740
GSE239612,37735474
GSE239664,38980870
GSE239666,37748191
GSE239671,37671834
GSE239673,37671834
GSE239676,39097198
GSE23969,21203463
GSE239693,38162643
GSE239695,38181427
GSE239721,38418394
GSE239721,38418901
GSE239749,35092726
GSE239799,37776858
GSE239807,38839949
GSE239808,38839949
GSE239810,38839949
GSE239814,38839949
GSE239815,38839949
GSE239835,37737611
GSE239844,37727007
GSE239844,37748191
GSE239853,38191550
GSE239854,38191550
GSE23988,21191116
GSE239893,38838469
GSE239894,37788061
GSE239897,37915582
GSE239907,38308367
GSE239912,37961903
GSE239920,37919293
GSE239931,37673118
GSE239932,37673118
GSE239937,38458188
GSE239944,37914731
GSE240007,38471819
GSE240008,38471819
GSE240010,38471819
GSE240011,38471819
GSE240013,38471819
GSE240052,37750721
GSE240056,37995683
GSE240057,37995683
GSE240058,37995683
GSE240091,38296184
GSE24012,20946983
GSE240167,38546787
GSE240185,38438896
GSE240282,38969721
GSE240284,38969721
GSE240285,38969721
GSE240297,38092918
GSE240307,38030596
GSE240309,37823593
GSE240322,38424603
GSE240323,38451736
GSE240342,38195860
GSE240344,37880368
GSE24035,21170712
GSE240361,38626769
GSE240368,38762882
GSE240369,38546787
GSE240370,38546787
GSE240402,37999377
GSE240406,37729871
GSE240409,37729871
GSE240410,37945900
GSE240418,39095594
GSE240424,37729871
GSE240429,38199298
GSE240432,38028432
GSE240439,37714156
GSE240452,38984877
GSE240544,38115140
GSE240570,37714156
GSE24061,20064235
GSE24061,20676074
GSE24068,21188144
GSE240716,38200130
GSE240717,38200130
GSE240770,37662218
GSE240772,37645788
GSE240772,38194449
GSE240773,37645788
GSE240773,38194449
GSE240774,37645788
GSE240774,38194449
GSE24080,20064235
GSE24080,20676074
GSE24080,27363682
GSE240813,38698087
GSE240823,37945900
GSE240830,37945900
GSE24084,22251860
GSE240852,38196272
GSE240855,38584493
GSE240858,38848342
GSE240864,38152039
GSE240866,38152039
GSE240867,38152039
GSE240902,38347148
GSE24092,21472139
GSE240927,38315443
GSE240969,38579685
GSE240973,37673118
GSE240984,37945900
GSE240985,37945900
GSE240988,38003603
GSE240997,39060501
GSE241021,38196272
GSE241065,37673856
GSE241066,38317006
GSE241075,37961903
GSE241116,37864206
GSE241127,37914940
GSE241139,38165930
GSE241222,39198433
GSE241226,37802055
GSE241233,37802055
GSE241339,34616062
GSE241346,37646165
GSE241348,37673118
GSE241369,37808628
GSE241369,37961185
GSE241370,37808628
GSE241370,37961185
GSE241371,37808628
GSE241371,37961185
GSE241386,38091996
GSE241387,37858472
GSE241409,38477771
GSE241430,38066314
GSE24146,20944086
GSE241460,38000387
GSE241474,37819236
GSE241476,37819236
GSE241477,37819236
GSE241492,37837188
GSE241492,38761287
GSE241526,38003603
GSE241547,38935789
GSE241552,37060905
GSE241556,37984408
GSE241563,37657757
GSE241621,38293053
GSE241621,38811945
GSE241629,38984877
GSE241630,38984877
GSE241673,38278149
GSE241683,37794590
GSE24171,20935156
GSE241786,38548742
GSE241794,36354073
GSE241803,38589879
GSE241830,38851747
GSE241832,38092736
GSE241838,37794590
GSE241839,37794590
GSE24184,21349973
GSE241870,37823268
GSE241873,38458428
GSE241882,37794590
GSE241908,38898005
GSE241909,38898005
GSE241910,38898005
GSE241912,38898005
GSE241913,38898005
GSE241914,38898005
GSE241948,38510131
GSE241957,37686626
GSE241958,37815869
GSE241989,38838225
GSE242045,38179044
GSE242085,38014192
GSE242086,38014192
GSE242087,38014192
GSE242108,38431383
GSE24212,21854586
GSE24212,29563966
GSE242152,38321013
GSE242157,38905335
GSE24216,21294127
GSE242161,38171360
GSE242179,38366138
GSE242245,37864798
GSE242270,38605083
GSE242298,39265577
GSE242316,38274743
GSE242354,38693320
GSE242354,38693412
GSE242354,38697122
GSE242355,38693320
GSE242355,38693412
GSE242355,38697122
GSE242357,38693320
GSE242357,38693412
GSE242357,38697122
GSE242358,38693320
GSE242358,38693412
GSE242358,38697122
GSE242361,37952157
GSE242362,37952157
GSE242363,37952157
GSE242382,38215738
GSE24240,21821793
GSE24242,21799842
GSE242488,37868811
GSE242499,37824524
GSE242509,38020967
GSE242519,37958523
GSE24252,20838637
GSE242520,37958523
GSE242521,37958523
GSE242522,37958523
GSE242546,38432633
GSE242559,38280896
GSE24264,21270393
GSE242688,38996918
GSE242717,38388710
GSE24277,18757419
GSE24277,19572260
GSE24277,19898621
GSE24277,20525348
GSE24277,20876420
GSE24277,20923822
GSE24277,21775533
GSE24277,26503816
GSE24277,27749787
GSE24277,28173075
GSE24277,29593529
GSE24282,21261984
GSE24283,21261984
GSE24284,21261984
GSE242860,38557498
GSE242872,38627393
GSE242889,37972953
GSE242894,37914940
GSE242908,38565140
GSE242915,37776595
GSE242916,37776595
GSE242917,37776595
GSE242943,38750021
GSE242944,38750021
GSE242945,38750021
GSE242965,38969660
GSE242972,38157855
GSE242973,38344273
GSE242996,37989873
GSE243000,38034389
GSE243052,38110059
GSE24310,21135122
GSE24310,21177969
GSE243102,38830870
GSE243103,38830870
GSE243104,38830870
GSE243105,38830870
GSE243106,38830870
GSE243107,38830870
GSE243112,38575728
GSE243168,38114474
GSE243179,37881937
GSE24321,21853268
GSE243217,39160575
GSE243218,39160575
GSE243219,39160575
GSE24323,21266501
GSE243246,39138169
GSE243251,38482753
GSE243257,38427718
GSE243275,38114474
GSE243280,38114474
GSE243293,38175729
GSE243294,38175729
GSE243295,38175729
GSE243329,38311010
GSE243448,37864798
GSE243449,37944512
GSE243466,38207030
GSE243536,38092806
GSE243545,39128904
GSE243576,37782439
GSE24363,20064235
GSE24363,20676074
GSE24364,21536901
GSE243673,39090568
GSE243675,38554115
GSE24368,21359198
GSE24368,25878248
GSE243722,38849358
GSE243737,37952849
GSE24375,21185829
GSE243751,37868997
GSE243777,37856482
GSE24378,20926834
GSE243818,38528148
GSE243865,38717161
GSE243882,39003349
GSE243883,39003349
GSE243884,39003349
GSE243927,38422122
GSE243974,38696257
GSE243977,38199298
GSE243981,38199298
GSE243988,38900797
GSE243989,39021294
GSE243997,37858465
GSE244016,37774892
GSE244061,37944511
GSE244065,38459511
GSE244083,38383062
GSE244087,38383062
GSE244088,38383062
GSE244153,38020974
GSE244164,38684783
GSE24417,20064235
GSE24417,20676074
GSE24418,22581446
GSE244197,38352301
GSE244198,38352301
GSE244199,38352301
GSE244200,38352301
GSE244304,37929582
GSE244322,38646531
GSE244328,37989315
GSE24437,19265543
GSE24437,21061432
GSE244380,37871123
GSE244386,38889724
GSE244390,38099492
GSE2444,16103062
GSE244435,38518837
GSE244494,33666644
GSE244495,30478249
GSE244513,38020969
GSE244531,38207030
GSE244534,38207030
GSE244536,38207030
GSE24455,21253009
GSE24457,21253009
GSE244578,37922907
GSE244592,38546197
GSE244618,37824643
GSE244626,38344207
GSE24466,21062375
GSE244755,38657611
GSE244778,37846809
GSE244820,38860845
GSE244840,38719469
GSE244844,38719469
GSE244845,38719469
GSE244852,38020969
GSE244878,38365636
GSE24489,21747053
GSE244893,38365636
GSE244894,38365636
GSE244906,38655201
GSE244957,37558130
GSE244962,38678564
GSE244986,37980406
GSE244987,37980406
GSE244988,37980406
GSE245016,38297127
GSE245019,37901245
GSE245034,38409164
GSE245035,38453894
GSE245040,38096903
GSE245060,38246514
GSE245063,37980406
GSE245121,38388531
GSE245171,38781032
GSE245235,36528616
GSE245235,38136568
GSE245292,38709823
GSE245293,38259467
GSE245323,38755290
GSE245324,38755290
GSE245325,38755290
GSE245330,37977120
GSE24534,21092286
GSE245358,38129572
GSE245359,38129572
GSE245372,38228729
GSE245379,37653039
GSE245380,38597673
GSE245391,37977120
GSE245397,38877170
GSE245413,38519468
GSE245428,38003720
GSE245430,38963038
GSE245453,37863068
GSE245477,38349111
GSE245488,38053639
GSE245515,38597673
GSE245517,38168996
GSE245557,38806480
GSE245575,38951159
GSE245578,39199549
GSE245589,38020894
GSE245592,38020894
GSE245620,38199298
GSE24565,22955620
GSE24565,22955974
GSE24565,22955988
GSE245661,38383456
GSE245708,37831068
GSE245715,38020067
GSE245738,38849358
GSE24574,21636294
GSE2458,15846362
GSE245823,39172838
GSE245839,38194275
GSE245870,38692412
GSE245924,38383483
GSE245936,38949179
GSE245954,38902843
GSE245995,38246920
GSE246057,38319732
GSE246067,37971875
GSE246078,38354738
GSE246079,38354738
GSE246080,38354738
GSE246081,38354738
GSE246100,38094743
GSE246101,38094743
GSE246102,38094743
GSE246103,37587336
GSE246135,37962958
GSE246136,37962958
GSE246137,37962958
GSE246153,38433440
GSE246169,38039971
GSE246169,39117640
GSE246183,38016472
GSE24625,21797868
GSE246335,38355749
GSE246342,38574299
GSE246383,38035793
GSE246426,37934799
GSE246429,37934799
GSE246431,38055613
GSE246435,37934799
GSE246436,37934799
GSE24644,21257907
GSE246452,38168026
GSE24646,21487388
GSE24647,21487388
GSE24648,21487388
GSE246488,38662826
GSE24649,21487388
GSE246492,38917002
GSE246493,38917002
GSE246494,38917002
GSE24650,21487388
GSE24651,21487388
GSE24652,21487388
GSE24653,21487388
GSE24654,21487388
GSE246547,38637896
GSE24655,21487388
GSE246554,38293053
GSE246554,38811945
GSE24656,21487388
GSE24657,21487388
GSE24658,21487388
GSE24659,21487388
GSE24660,21487388
GSE24661,21487388
GSE24662,21487388
GSE246628,38847231
GSE24663,21487388
GSE246633,38834912
GSE246634,38834912
GSE246638,38834912
GSE24664,21487388
GSE246640,38834912
GSE246641,38834912
GSE246642,38834912
GSE246643,38834912
GSE24665,21487388
GSE246651,38039364
GSE246674,39058769
GSE246685,38063857
GSE246709,38671495
GSE246717,38092916
GSE246727,37986910
GSE246740,38426339
GSE246741,38426339
GSE246742,38426339
GSE246743,38426339
GSE246744,38426339
GSE246760,38092918
GSE246766,38169468
GSE246786,37986910
GSE246787,37986910
GSE246791,38092917
GSE246805,38063857
GSE246806,38063857
GSE246807,38063857
GSE246837,37548590
GSE246846,38730056
GSE246888,38868202
GSE246892,38082211
GSE2469,16270623
GSE246911,38313292
GSE246912,38313292
GSE246913,38313292
GSE246981,38319104
GSE24706,21366908
GSE247071,38697112
GSE247080,38419111
GSE2471,16910979
GSE24710,21487388
GSE247111,38092041
GSE247113,38167721
GSE247114,38167721
GSE247119,38167721
GSE247128,38199298
GSE24713,22276102
GSE24713,22393467
GSE247219,38993727
GSE247231,38037472
GSE247260,38056513
GSE24727,22728437
GSE247270,38189137
GSE247275,38161208
GSE247276,38182669
GSE247277,38182669
GSE247304,38160941
GSE24731,22020439
GSE247360,38135757
GSE247375,37952848
GSE247380,38037472
GSE247381,38037472
GSE247406,38251369
GSE247488,39122676
GSE247552,38216617
GSE24756,21134491
GSE247584,39143065
GSE2476,16043205
GSE247615,38117035
GSE247629,38428409
GSE247684,38987605
GSE247685,38987605
GSE247686,38987605
GSE247687,38987605
GSE247688,38987605
GSE247689,38987605
GSE247690,38987605
GSE247691,38987605
GSE247705,38858384
GSE247710,38858384
GSE247716,38858384
GSE247717,38858384
GSE247718,38858384
GSE247721,38858384
GSE247722,38858384
GSE247736,38191550
GSE247741,38191550
GSE247743,38048968
GSE247751,38489911
GSE247829,38002344
GSE247831,38002344
GSE247832,38002344
GSE247869,39164752
GSE24787,21637785
GSE247895,38816360
GSE247896,38816360
GSE247897,38816360
GSE247898,38816360
GSE247952,38536037
GSE24797,21505102
GSE247974,38181749
GSE248016,38155930
GSE248057,38866555
GSE248104,38536037
GSE248105,39071799
GSE24811,22771117
GSE24811,30016497
GSE248159,38632339
GSE248167,38632658
GSE248176,38118405
GSE248177,38118405
GSE248178,38118405
GSE248182,38118405
GSE248183,38118405
GSE248187,38768074
GSE24820,19881528
GSE248228,38637625
GSE248242,38982480
GSE248247,32872278
GSE248274,38684650
GSE248275,39068155
GSE248376,38145748
GSE248424,38064712
GSE248483,38212682
GSE24871,21250865
GSE248712,38776917
GSE248716,38776917
GSE248721,38255844
GSE248735,38066689
GSE248773,38092883
GSE248774,38276989
GSE248775,38092883
GSE248778,38092883
GSE24881,21115979
GSE24881,22891273
GSE248835,38233586
GSE248849,38200130
GSE248894,38976323
GSE248899,38776917
GSE248901,38748874
GSE248904,38191855
GSE248915,38282893
GSE248938,38995840
GSE248989,38237586
GSE249011,38776917
GSE24904,22771117
GSE24904,30016497
GSE249145,38609156
GSE249147,38205248
GSE249157,37046805
GSE249160,38168066
GSE249170,38311286
GSE249258,39029464
GSE249277,39025915
GSE249342,38200184
GSE249362,39029464
GSE249374,38662543
GSE24938,21253567
GSE249409,38409164
GSE249411,38409164
GSE249412,38409164
GSE249414,38409164
GSE249450,39169056
GSE249514,38327800
GSE249518,38989021
GSE24952,21253009
GSE249536,38580649
GSE249545,39093977
GSE249550,38272035
GSE249634,38127441
GSE249658,38270272
GSE249669,38147543
GSE249685,38182647
GSE249686,38182647
GSE249720,38456508
GSE249724,38815582
GSE249742,39191261
GSE24978,21325133
GSE249808,38168040
GSE249861,38180972
GSE249891,38561465
GSE249927,38183361
GSE249966,38479160
GSE25000,21179004
GSE25000,26944678
GSE250001,38242120
GSE250002,38242120
GSE250066,38354231
GSE250068,38354231
GSE250069,38354231
GSE250089,38291183
GSE25013,25971798
GSE25016,21160078
GSE250176,38643480
GSE250177,38643480
GSE250178,38643480
GSE2502,17010133
GSE250206,38489358
GSE250223,38207055
GSE250241,33682796
GSE250245,39043661
GSE250262,34922263
GSE250263,38585989
GSE250264,38585989
GSE250265,38585989
GSE250266,38585989
GSE250267,38585989
GSE250292,39303041
GSE250323,38658954
GSE250350,38866555
GSE250351,38866555
GSE250367,38585989
GSE250368,38585989
GSE250370,38194455
GSE250371,38492219
GSE2504,15890899
GSE250405,38260642
GSE250405,38920383
GSE250406,38260642
GSE250406,38920383
GSE250408,38260642
GSE250408,38920383
GSE250413,38658954
GSE250424,37406095
GSE250437,38424041
GSE25044,21810606
GSE250450,38063857
GSE250451,38908378
GSE250455,39289471
GSE250463,38481989
GSE250506,38458566
GSE250519,38262672
GSE250534,38405932
GSE250606,38505753
GSE25064,22609161
GSE25066,21558518
GSE25066,24337596
GSE25066,36293478
GSE25071,21716316
GSE25071,21909432
GSE25090,21821793
GSE25092,22609161
GSE251640,38512058
GSE251690,38338939
GSE251693,38744839
GSE251752,39012348
GSE251767,38289252
GSE251790,38383456
GSE251792,38383456
GSE251849,38388736
GSE251862,38692273
GSE251872,38383456
GSE251888,39068433
GSE25192,21569348
GSE251932,38376465
GSE251934,38376465
GSE251935,38376465
GSE251975,38296184
GSE252008,38397385
GSE252047,38386415
GSE252056,38260476
GSE252063,38412125
GSE252064,38412125
GSE252065,38412125
GSE252066,38412125
GSE252069,38236896
GSE252070,38236896
GSE252071,38236896
GSE25208,21887294
GSE252081,38416842
GSE252082,38416842
GSE25210,22308434
GSE25212,22308434
GSE25213,22308434
GSE25219,22031440
GSE25219,24267886
GSE25219,26428952
GSE252196,38418917
GSE25220,21669488
GSE252202,38614091
GSE252239,38926398
GSE252278,38418917
GSE252279,38418917
GSE25231,21172013
GSE25233,21172013
GSE25234,21172013
GSE252340,38227896
GSE252369,38986569
GSE252397,38142429
GSE25246,20944595
GSE25247,20944595
GSE252498,38509377
GSE252510,38340731
GSE252537,37548590
GSE252551,38509377
GSE25260,21219599
GSE252602,38876796
GSE252611,38683565
GSE252614,38689254
GSE252627,38934864
GSE252645,38428409
GSE252649,38410440
GSE25265,22006020
GSE252652,38410440
GSE252653,38410440
GSE252663,38289252
GSE25267,21856777
GSE25268,22006020
GSE252700,39106166
GSE25273,22233809
GSE25274,22006020
GSE252747,38540020
GSE252749,38540020
GSE252753,38410440
GSE252754,38410440
GSE252828,38176627
GSE25295,21712494
GSE252960,37548590
GSE252972,38142429
GSE252999,38414241
GSE2530,16786575
GSE253039,38519480
GSE253126,38437679
GSE253135,38509366
GSE253223,38499690
GSE253224,38499690
GSE253225,38499690
GSE253226,38499690
GSE253242,38902818
GSE253247,38637948
GSE253302,38407383
GSE253368,38937629
GSE253411,38446446
GSE253424,38570691
GSE253461,38755258
GSE253481,38371594
GSE253494,38844455
GSE2535,15820940
GSE253502,38420756
GSE253519,38366623
GSE253546,38937629
GSE253639,38937629
GSE253710,39104416
GSE25373,21177974
GSE25373,22767387
GSE253748,38454121
GSE253750,38454121
GSE253752,38454121
GSE253753,38454121
GSE253754,38538789
GSE253769,38548722
GSE253790,38542450
GSE253877,38613395
GSE253878,38613395
GSE253926,38701780
GSE253984,38012001
GSE25401,22688341
GSE25401,24379347
GSE25401,24439387
GSE25401,27346647
GSE25401,29348496
GSE25401,31383551
GSE25402,22688341
GSE25402,24379347
GSE25402,24439387
GSE25402,25831505
GSE25402,27346647
GSE25402,29348496
GSE25402,31383551
GSE254022,38375080
GSE254030,38383456
GSE254059,38937512
GSE254123,38765984
GSE254166,38652140
GSE254186,38394242
GSE254200,38904376
GSE254252,38917323
GSE254253,38917323
GSE254254,38917323
GSE254302,38730500
GSE254310,38691604
GSE254326,38994683
GSE254335,38866588
GSE254369,38821174
GSE254411,39109172
GSE254412,39109172
GSE254413,39109172
GSE254414,39109172
GSE254420,38753011
GSE254438,39106859
GSE254479,38499565
GSE254502,38389303
GSE254585,39048800
GSE254588,38458187
GSE254589,38458187
GSE254591,38458187
GSE254592,38781172
GSE254593,38458187
GSE254594,38458187
GSE254595,38458187
GSE254602,38657065
GSE254618,38378758
GSE254620,39060446
GSE254639,38740822
GSE25470,22688341
GSE25470,24379347
GSE25470,24439387
GSE25470,27346647
GSE25470,29348496
GSE25470,31383551
GSE254701,38300709
GSE254703,38300709
GSE254708,39081633
GSE254765,38678011
GSE254780,38538785
GSE254802,38489263
GSE254859,38577979
GSE254896,38458188
GSE254897,38458188
GSE254898,38458188
GSE254899,38458188
GSE2549,15920167
GSE2549,20485525
GSE254900,38458188
GSE254901,38458188
GSE254902,38458188
GSE254903,38458188
GSE254904,38458188
GSE254905,38458188
GSE254906,38458188
GSE254907,38458188
GSE254908,38458188
GSE254945,38989586
GSE255002,38502193
GSE255003,38570691
GSE255044,38769169
GSE255048,39067718
GSE255087,38673963
GSE255136,38822080
GSE255187,38469237
GSE255188,38565140
GSE255217,38582086
GSE255243,38506708
GSE255245,38582086
GSE255271,38736550
GSE255273,38736550
GSE255282,38566989
GSE2553,16230383
GSE255322,38381785
GSE255356,38718791
GSE25542,22120178
GSE25543,21257964
GSE255581,39085346
GSE255642,38475968
GSE255690,38594460
GSE25571,21500311
GSE255718,38365833
GSE255718,38600570
GSE255720,38506708
GSE25574,21070396
GSE255748,38655836
GSE255750,39143086
GSE25580,21799870
GSE255816,38586200
GSE255820,38586200
GSE255822,38586200
GSE25589,21269491
GSE255946,38871845
GSE255969,38589650
GSE256040,38834613
GSE256049,38847231
GSE256061,38847231
GSE256076,38834613
GSE256088,38871184
GSE256129,38834613
GSE256130,38834613
GSE256156,39075073
GSE256157,39075073
GSE256158,39075073
GSE256160,39075073
GSE25617,21144052
GSE256209,38609677
GSE256243,38832131
GSE256250,38969660
GSE256275,38431222
GSE256301,38589664
GSE256409,39013884
GSE256426,39294186
GSE256462,38514704
GSE256463,38623341
GSE256464,38653237
GSE256466,38653237
GSE256467,38653237
GSE256516,39000594
GSE25656,21463505
GSE25671,22301954
GSE25684,20348243
GSE25706,21057493
GSE25716,21738486
GSE25720,22002331
GSE25724,21127054
GSE25757,15028281
GSE25769,21235772
GSE25823,21292972
GSE25841,21292972
GSE25843,21292972
GSE25845,21292972
GSE25850,21292972
GSE25851,21292972
GSE25852,21292972
GSE25855,21292972
GSE25856,21292972
GSE25859,27618837
GSE25861,22264586
GSE2591,16230380
GSE25910,22688341
GSE25910,24379347
GSE25910,24439387
GSE25910,27346647
GSE25910,29348496
GSE25910,31383551
GSE25915,20716336
GSE25915,21462378
GSE259221,38834613
GSE259231,39198634
GSE259267,38623341
GSE259284,38253266
GSE259285,38253266
GSE25929,21427360
GSE259311,39164619
GSE259343,38623341
GSE25937,21393543
GSE25937,22474260
GSE25938,21447175
GSE259385,38976088
GSE25986,21368758
GSE25987,21368758
GSE25989,21368758
GSE25990,21368758
GSE26023,21317538
GSE26030,22177921
GSE26031,21186366
GSE260460,38580349
GSE260477,39040102
GSE260524,38716730
GSE260582,38758779
GSE260583,38540156
GSE260592,39259805
GSE260704,38366138
GSE26071,21697508
GSE26072,21317363
GSE260729,38709823
GSE260738,39138169
GSE260765,38573813
GSE260781,38746415
GSE260782,38746415
GSE260783,38746415
GSE260784,38746415
GSE260809,38570506
GSE260810,38570506
GSE260811,38570506
GSE26088,22233809
GSE26089,22233809
GSE260893,38625791
GSE260971,39277594
GSE260973,38734851
GSE260998,38562878
GSE261025,39190705
GSE261078,38253266
GSE26109,21317363
GSE261103,38834752
GSE26111,21738486
GSE261169,39075073
GSE26118,21317363
GSE26128,21436584
GSE26130,21436584
GSE261307,38530808
GSE261308,38530808
GSE261309,38530808
GSE26131,21436584
GSE261360,38727310
GSE261399,38602876
GSE261424,38634175
GSE261454,38697112
GSE261455,38833481
GSE261528,38745274
GSE26155,21968790
GSE26155,36188622
GSE261551,38590653
GSE26156,21551231
GSE26157,21551231
GSE26158,21551231
GSE261588,38782199
GSE261589,38624230
GSE261621,39060501
GSE261622,39060501
GSE261626,38955423
GSE261628,39086373
GSE261695,38760566
GSE261706,39176088
GSE261805,39109392
GSE261817,38664739
GSE261938,38619434
GSE261943,39070292
GSE261968,38470479
GSE261969,38470479
GSE261983,38781369
GSE261985,38628155
GSE262021,38688280
GSE262093,38458187
GSE262094,38458187
GSE262253,27955979
GSE262253,31050699
GSE262300,38781032
GSE26239,21347234
GSE262441,38904042
GSE26250,21925160
GSE262518,38585916
GSE262585,38649950
GSE26262,21741598
GSE262622,38905110
GSE26274,21840978
GSE262747,38748572
GSE262765,39062774
GSE262779,38942020
GSE26279,22561409
GSE262811,38758808
GSE26284,22019781
GSE26284,22955620
GSE262852,38821980
GSE262954,38959302
GSE26297,21357579
GSE26297,21357580
GSE26307,24039793
GSE2631,16291983
GSE2631,16614723
GSE2631,16908931
GSE263119,39034312
GSE263190,39034312
GSE263298,39095597
GSE263414,39275801
GSE26343,22312110
GSE26343,34031145
GSE26345,21393543
GSE26345,22474260
GSE26350,20628157
GSE26350,22246183
GSE263509,38754418
GSE263544,38775664
GSE263545,38775664
GSE263605,38835076
GSE263606,38835076
GSE263609,34874940
GSE263609,39133697
GSE263644,38902687
GSE263657,38675952
GSE26373,21705439
GSE26391,21364009
GSE264054,38842383
GSE264121,39014006
GSE264151,38937456
GSE264160,38761795
GSE264162,38937456
GSE264192,38959302
GSE26420,22294689
GSE264202,39043703
GSE264206,38834758
GSE264263,39022746
GSE264348,38724524
GSE264405,39056803
GSE26441,21840978
GSE264439,38722697
GSE264457,38877290
GSE26448,21894573
GSE264515,39233335
GSE264649,39048795
GSE264674,38771396
GSE264705,39110799
GSE264706,39110799
GSE264707,39110799
GSE264708,39110799
GSE264743,39233335
GSE26494,22146831
GSE26494,26304901
GSE26502,21270055
GSE26506,21698166
GSE26512,21952137
GSE26533,21562599
GSE26539,21952072
GSE26540,21423168
GSE26544,21777924
GSE2655,15987785
GSE2657,17033203
GSE2657,19172485
GSE2658,16688228
GSE2658,16728703
GSE2658,17023574
GSE2658,18337559
GSE2658,19837979
GSE2658,23456977
GSE2658,23537707
GSE2658,25753926
GSE2658,27363682
GSE2658,29980194
GSE2658,30213928
GSE2658,33572851
GSE265801,39117640
GSE265879,38948765
GSE2659,15949447
GSE265921,39090109
GSE265923,38876105
GSE26593,21467572
GSE266075,38979427
GSE266089,39048795
GSE26626,21649561
GSE266291,39011095
GSE266293,38848986
GSE266297,39195240
GSE26635,21602936
GSE26636,21901103
GSE266360,38787961
GSE266361,38787961
GSE26638,21320317
GSE266405,39011095
GSE266406,38719973
GSE266569,37523383
GSE266819,38912578
GSE26682,21300766
GSE26682,21976543
GSE26682,25342389
GSE266821,39149498
GSE266860,38782926
GSE266887,38875319
GSE266891,39022746
GSE266897,38876998
GSE266980,38480572
GSE267009,39261580
GSE267057,39282497
GSE267059,38883705
GSE267110,38969721
GSE267111,38969721
GSE26712,18593951
GSE26712,25944803
GSE26724,21325893
GSE267310,38897168
GSE267336,39143206
GSE267348,38965683
GSE267355,38826195
GSE267398,39143206
GSE267427,38838017
GSE267511,38876998
GSE267560,38897168
GSE26760,21430775
GSE267623,38961228
GSE267657,38988496
GSE26769,21778340
GSE267732,38866555
GSE267740,38875317
GSE267749,38968120
GSE26787,22025212
GSE26802,21813625
GSE26802,23874977
GSE26803,21813625
GSE26803,23874977
GSE268138,39095587
GSE268210,39072276
GSE268303,39137778
GSE2684,16501597
GSE268418,38904364
GSE26849,21430775
GSE26863,21430775
GSE268630,39117640
GSE268823,38957986
GSE268838,38866484
GSE26888,21504830
GSE268943,38866555
GSE268973,39286508
GSE26900,21295276
GSE269122,25
GSE269122,2024
GSE26916,21813625
GSE26916,23874977
GSE26919,21813625
GSE26919,23874977
GSE269239,39048801
GSE269311,39209905
GSE26943,24776933
GSE26952,21163515
GSE26954,21467267
GSE269594,38925112
GSE269595,38925112
GSE269596,38925112
GSE269600,38925112
GSE269613,39264480
GSE269666,39000139
GSE26970,21813625
GSE26970,23874977
GSE26971,21807638
GSE26971,33003293
GSE269734,39149359
GSE269792,38604387
GSE269793,38971151
GSE269818,38906711
GSE269845,38900973
GSE269922,38990725
GSE27040,22350411
GSE270437,39236183
GSE270466,39259805
GSE270467,39259805
GSE270533,32769171
GSE270560,39260063
GSE2707,17640573
GSE270901,38964327
GSE27126,21474107
GSE27132,21593215
GSE27137,23499443
GSE27138,23499443
GSE27139,23499443
GSE27145,21439053
GSE27149,21666746
GSE27152,21326234
GSE27152,25306241
GSE27155,16007166
GSE27155,16609007
GSE27157,22276141
GSE27160,21540552
GSE271848,38578073
GSE2719,15994966
GSE2719,16603191
GSE271922,39103322
GSE272005,35247891
GSE27203,22095788
GSE27212,23951361
GSE27216,21439053
GSE272234,39193905
GSE27229,21439053
GSE272311,39108749
GSE27237,23334668
GSE27240,21760907
GSE27251,21439053
GSE272591,39174739
GSE272713,39066335
GSE27290,21354599
GSE27302,22179924
GSE273053,38912733
GSE273063,22278019
GSE273063,29984403
GSE273063,30982966
GSE27314,22137762
GSE27315,21454787
GSE27364,21439053
GSE27367,21439053
GSE27375,21392396
GSE274185,38574299
GSE274187,38574299
GSE27444,21818254
GSE27476,21852250
GSE274779,39280612
GSE27491,21690406
GSE27491,29294107
GSE274928,38370646
GSE275126,39117038
GSE27516,21559450
GSE27520,21421565
GSE27528,21543273
GSE27529,22310293
GSE275337,38370646
GSE27629,21596316
GSE27642,22287715
GSE27681,22375630
GSE27692,22745804
GSE27693,21746919
GSE27706,22250092
GSE27818,21531768
GSE27830,21614566
GSE27830,25616998
GSE27830,26553136
GSE27838,22419581
GSE27842,21931769
GSE27857,21653281
GSE27858,21358717
GSE27869,22121215
GSE27870,22121215
GSE27871,22121215
GSE27873,36104445
GSE27883,21549327
GSE27899,22826509
GSE27903,21753850
GSE27908,22013162
GSE27931,20085741
GSE27940,22174824
GSE27941,21551287
GSE27943,22174824
GSE27962,22057716
GSE27965,21559371
GSE28001,22112802
GSE28013,22174824
GSE28015,22174824
GSE28037,21531336
GSE28045,21501463
GSE2806,16857587
GSE28073,21602514
GSE28094,21613409
GSE28106,22253608
GSE28124,21407816
GSE28126,21602788
GSE28126,21724752
GSE28133,22174898
GSE28149,22722849
GSE28159,22234560
GSE28161,21596310
GSE28162,21596310
GSE28207,21663663
GSE28217,21558411
GSE2824,16518402
GSE28271,22025148
GSE28275,22384323
GSE28275,25403917
GSE28287,21477297
GSE28303,22426421
GSE28342,21841135
GSE28343,23093672
GSE28348,26314709
GSE28431,21778235
GSE28440,21765057
GSE28440,28687077
GSE2845,12490681
GSE28464,21512002
GSE2847,16107481
GSE28472,22011439
GSE2848,16107481
GSE28487,22276136
GSE28489,22276136
GSE28490,22276136
GSE28491,22276136
GSE28492,22276136
GSE28494,21589891
GSE28510,22074953
GSE28526,22486499
GSE28537,21998686
GSE28564,22160566
GSE28579,22379133
GSE28585,21738489
GSE28592,21602483
GSE28592,23659661
GSE28606,22432919
GSE28608,22432919
GSE28609,22432919
GSE28621,24762537
GSE28630,21980417
GSE28631,21642992
GSE28633,21829537
GSE28638,21738489
GSE28641,21738489
GSE28644,22113448
GSE28656,21637825
GSE28658,21914192
GSE28665,21723504
GSE28681,21663795
GSE28682,21552279
GSE28703,21878675
GSE28703,22237106
GSE28719,23409004
GSE28731,22940431
GSE28737,23027924
GSE28750,21682927
GSE28780,21963537
GSE28790,22169038
GSE28851,21838877
GSE28852,21589891
GSE28853,21589891
GSE2886,16077094
GSE28862,21665894
GSE28866,22929540
GSE28873,22412841
GSE28901,24165159
GSE28906,22144094
GSE28910,22183965
GSE28911,21813623
GSE28911,24419320
GSE28911,25879486
GSE28911,27272143
GSE28913,22183965
GSE2892,16434403
GSE28975,22073229
GSE28986,23295128
GSE28999,21897848
GSE2900,15838786
GSE29014,21897848
GSE29015,21897848
GSE29022,22769017
GSE29023,22496154
GSE29060,23049694
GSE29061,21966512
GSE29069,22156296
GSE29118,22156296
GSE29119,22156296
GSE29120,22156296
GSE29127,22156296
GSE29142,21923738
GSE29188,21995607
GSE29191,23046986
GSE29204,23028523
GSE29213,22020439
GSE29251,21890681
GSE29257,22111699
GSE29258,23436528
GSE29267,24142050
GSE29268,23028523
GSE29269,23028523
GSE29283,22666492
GSE2930,16965766
GSE29302,23587162
GSE2931,16965766
GSE29311,21670738
GSE29329,21829477
GSE29341,21966443
GSE29342,21750684
GSE29352,22384141
GSE29353,21856932
GSE29365,22968441
GSE29365,37310411
GSE29392,21427231
GSE29393,21427231
GSE29394,21427231
GSE29395,21427231
GSE29405,22216762
GSE29442,22722193
GSE29489,21821917
GSE29519,23706738
GSE29519,26717982
GSE29532,23535507
GSE29536,22496797
GSE29536,23601689
GSE29536,24069364
GSE29545,25232062
GSE29569,22334418
GSE29579,21964035
GSE29585,23144842
GSE29593,22384077
GSE29621,22362069
GSE29622,22362069
GSE29623,22362069
GSE29624,23440042
GSE29632,22400915
GSE29639,22028862
GSE2964,16357179
GSE29656,21551287
GSE29659,21551287
GSE29663,23189148
GSE29683,21840489
GSE29683,22916154
GSE29684,21840489
GSE29684,22916154
GSE29685,21840489
GSE29685,22916154
GSE29686,21840489
GSE29686,22916154
GSE29692,22955617
GSE29692,22955828
GSE29692,24336318
GSE29692,26502339
GSE29710,22826236
GSE2972,17394647
GSE29751,22347364
GSE29772,21757228
GSE29773,21757228
GSE29774,21757228
GSE29782,22555458
GSE29811,21856820
GSE29818,21699683
GSE29849,21828136
GSE29859,22215263
GSE29868,21757465
GSE2988,16079154
GSE2988,17039550
GSE2988,17129787
GSE29883,21701487
GSE29903,16912112
GSE29904,21813625
GSE29904,23874977
GSE29909,21854744
GSE29953,23112155
GSE29962,21847114
GSE29962,23868065
GSE29980,21693759
GSE30025,22164259
GSE30026,23112155
GSE30037,23071754
GSE30045,22074760
GSE30056,21820164
GSE30059,23601689
GSE30063,22855713
GSE30085,23826145
GSE30090,21911366
GSE30101,23601689
GSE30102,21962918
GSE30108,23959719
GSE30109,23959719
GSE30112,21934144
GSE30116,21723509
GSE3013,16355216
GSE30136,21895812
GSE30140,22010005
GSE30154,22080454
GSE30159,19875485
GSE30159,22450549
GSE30161,22348014
GSE30169,21737788
GSE30169,23667179
GSE30177,22523386
GSE30179,21757609
GSE30181,23112155
GSE30182,23112155
GSE30183,22790872
GSE30195,22158538
GSE30219,23698379
GSE30221,21778360
GSE30237,23959719
GSE30240,21795128
GSE30281,21934144
GSE30295,25143365
GSE30306,21816364
GSE30310,22476717
GSE30321,21801763
GSE30333,23959719
GSE30336,22343889
GSE30336,27165745
GSE30338,22343889
GSE30338,27165745
GSE30339,22343889
GSE30339,27165745
GSE30342,23959719
GSE30345,23874220
GSE30369,21820099
GSE30380,23420868
GSE30380,27279541
GSE30380,28244490
GSE3040,16319822
GSE30434,21876557
GSE30442,22012066
GSE30457,23832230
GSE30459,21949838
GSE3046,15102809
GSE30475,23112155
GSE30487,22367483
GSE30499,21730287
GSE30525,21820330
GSE30543,24014597
GSE30550,21901105
GSE30555,22519555
GSE30567,22019781
GSE30567,22955974
GSE30567,22955988
GSE30567,25582907
GSE30569,22033567
GSE30570,22033567
GSE30571,22033567
GSE30588,22199357
GSE30588,31527591
GSE30595,21890660
GSE30610,21490962
GSE30615,21743474
GSE30628,21935428
GSE30663,22190591
GSE30687,21985787
GSE30689,22019781
GSE30689,23523075
GSE30689,26248554
GSE30690,22019781
GSE30690,23523075
GSE30690,26248554
GSE30700,23728299
GSE30716,22523571
GSE30717,21981800
GSE30724,21774834
GSE30751,21936662
GSE30761,22019781
GSE30761,23523075
GSE30761,25887447
GSE30761,26248554
GSE30774,22237814
GSE30780,21890681
GSE30793,21984916
GSE30806,22686199
GSE30809,27279541
GSE30809,28244490
GSE30831,19581361
GSE30833,23237666
GSE30849,22750547
GSE30870,22689993
GSE30870,26161907
GSE30874,22594392
GSE30893,21984790
GSE30903,22053107
GSE30914,22687993
GSE30917,22355682
GSE30923,22151081
GSE30924,26857846
GSE30963,22101243
GSE30965,27468690
GSE31002,21720214
GSE31012,22992520
GSE31012,25514978
GSE31014,22253732
GSE31038,25213171
GSE3104,12050664
GSE31048,24778153
GSE31052,22055187
GSE31061,22089132
GSE31061,22156213
GSE31063,21873981
GSE31068,22147733
GSE3107,14594838
GSE31093,21885019
GSE31094,21885019
GSE31102,22242153
GSE31111,25213171
GSE3113,17017123
GSE31143,21964263
GSE31147,21885019
GSE31152,22075475
GSE31160,21852222
GSE31168,22315472
GSE31168,23684942
GSE31168,25053715
GSE31176,22621902
GSE31180,22806580
GSE3119,11994154
GSE31192,23479404
GSE31195,23147403
GSE3123,11952897
GSE31245,16204010
GSE31263,22689993
GSE31274,22866913
GSE31281,22194415
GSE31308,22108796
GSE31308,25806405
GSE31310,23317700
GSE31312,22437443
GSE31312,23775435
GSE31312,23982177
GSE31312,26111978
GSE31312,26248897
GSE31312,26324762
GSE31312,26573234
GSE31312,26878872
GSE31312,26927665
GSE31312,27568520
GSE31312,27941215
GSE31312,28627414
GSE31312,28949959
GSE31312,32722783
GSE31312,39108501
GSE31332,21963238
GSE31374,22355682
GSE31381,22355682
GSE31381,25371362
GSE3141,16273092
GSE3143,16273092
GSE31432,22549178
GSE31438,22689993
GSE31463,25294106
GSE31464,21949018
GSE31468,22017872
GSE3149,16273092
GSE3151,16273092
GSE3151,20516112
GSE31519,21741824
GSE31519,21978456
GSE31519,22220191
GSE31519,26484129
GSE31553,21984258
GSE3156,16273092
GSE31568,21892151
GSE3158,12754511
GSE3158,12839964
GSE3158,16273092
GSE31598,22467474
GSE31601,22978491
GSE31601,23344998
GSE31611,21946536
GSE31613,22445337
GSE31614,21799901
GSE31616,21799901
GSE31617,21799901
GSE31622,22003205
GSE31625,17096850
GSE31633,22439693
GSE31634,22257278
GSE31636,21946536
GSE31637,21946536
GSE31654,22118467
GSE31656,22118467
GSE31658,22118467
GSE31659,22118467
GSE31665,21923909
GSE31667,22562984
GSE31704,25865501
GSE31711,21911392
GSE31714,22606356
GSE31722,22499666
GSE31723,22499666
GSE31725,22467474
GSE31732,24948953
GSE31749,22619309
GSE31757,22747986
GSE31790,21903422
GSE31812,22265415
GSE31820,22287102
GSE31836,22738990
GSE31836,22879202
GSE31853,19448673
GSE31870,21969591
GSE31872,22978491
GSE31872,23344998
GSE31901,22338035
GSE31920,22613798
GSE3193,11553815
GSE31939,22108803
GSE31942,22264274
GSE31969,22419669
GSE32017,23770079
GSE32022,22693458
GSE32035,21921042
GSE32054,22719883
GSE32062,22241791
GSE32063,22241791
GSE32072,22235097
GSE32087,22355415
GSE32095,22343897
GSE32116,23129809
GSE32124,22513257
GSE32126,22613798
GSE32145,22272305
GSE32189,22701306
GSE3219,16507785
GSE32200,22808193
GSE32208,22034628
GSE32214,22076376
GSE32239,15894264
GSE32239,20598117
GSE32239,22039435
GSE32239,22863009
GSE3225,16885540
GSE32258,22513257
GSE32259,22513257
GSE32266,22609161
GSE32301,22027593
GSE32305,22589739
GSE3231,17394647
GSE32311,22080921
GSE32316,22174314
GSE32331,22231168
GSE32357,22055504
GSE32361,21980173
GSE32364,22545247
GSE3238,16339729
GSE32407,22277938
GSE32427,22021236
GSE32427,22347997
GSE32438,22532788
GSE32442,22244331
GSE32443,22067320
GSE32444,22067320
GSE32445,22067320
GSE32485,22096101
GSE32507,22072501
GSE32512,22553379
GSE32512,23557707
GSE32516,22144909
GSE32518,20805453
GSE32518,22235097
GSE32526,23042145
GSE32561,22038610
GSE32567,22197486
GSE32575,22272346
GSE32595,22143885
GSE32603,26021444
GSE32611,21976537
GSE32645,23687122
GSE32645,26087903
GSE3265,12119387
GSE32655,24115267
GSE32663,21925322
GSE3267,12119387
GSE32674,23029419
GSE32700,21533028
GSE32701,21533028
GSE32718,22388809
GSE32727,22654675
GSE3284,16136080
GSE3284,19274080
GSE3284,20233835
GSE3284,23383223
GSE32880,22196729
GSE32887,21924794
GSE32889,22847438
GSE32896,22723936
GSE32904,22654675
GSE32905,22654675
GSE32915,22366799
GSE32915,23868451
GSE32915,24622774
GSE32915,26087903
GSE32915,28541408
GSE3292,16467079
GSE3292,16943533
GSE32931,22019781
GSE32936,22589390
GSE32941,22454234
GSE32942,22454234
GSE32943,22454234
GSE32944,22454234
GSE32967,22156612
GSE32975,22549044
GSE32977,22540040
GSE3298,16924177
GSE3298,17398174
GSE33002,22491853
GSE33019,22308401
GSE3302,16798779
GSE33053,22156612
GSE33054,22156612
GSE33058,22359547
GSE33078,22760007
GSE33103,21533028
GSE33115,27853641
GSE33128,22244332
GSE3313,15920034
GSE33131,22081562
GSE33173,28011632
GSE33178,22101243
GSE33179,22031862
GSE33184,22136931
GSE33198,22225612
GSE33202,26884679
GSE33205,24351288
GSE33205,26884679
GSE33207,28955911
GSE33229,26884679
GSE33232,26884679
GSE33233,22689993
GSE33240,23055926
GSE33267,23365422
GSE33269,19500340
GSE33304,22710432
GSE33305,22710432
GSE33307,22304924
GSE33308,23176317
GSE33315,22237106
GSE33315,23733505
GSE33316,22108827
GSE33317,22108827
GSE33321,22183966
GSE33321,24013639
GSE33321,26023781
GSE33341,23326304
GSE33347,22710432
GSE3335,16087739
GSE3335,16277751
GSE3336,17535257
GSE33389,25431115
GSE33389,26484178
GSE33389,32509599
GSE33400,18059553
GSE33419,28630873
GSE33420,22691140
GSE33432,22840769
GSE33442,22162832
GSE33446,22516259
GSE3350,16243906
GSE33502,22231558
GSE33509,22072553
GSE33517,22072553
GSE33518,22072553
GSE33526,22002519
GSE33526,22859400
GSE33527,25242146
GSE33536,22088171
GSE33561,22182843
GSE33612,23521863
GSE33613,30614183
GSE33623,22710432
GSE33636,22652128
GSE33636,26597293
GSE33637,22652128
GSE33637,26597293
GSE33638,22652128
GSE33638,26597293
GSE33647,22208362
GSE33649,22158329
GSE33650,22331678
GSE33655,22550165
GSE33663,24460498
GSE33717,22138754
GSE33717,27608497
GSE33724,22308434
GSE33733,22232210
GSE33804,22207717
GSE33824,23319804
GSE33828,23652523
GSE33828,24013639
GSE33828,24929828
GSE33828,25256095
GSE33828,25785607
GSE33828,25955312
GSE33828,26015811
GSE33828,26825526
GSE33828,27625022
GSE33828,27655681
GSE33828,33092652
GSE3383,16882883
GSE33832,25500547
GSE33833,22187364
GSE33839,22529986
GSE33842,19960335
GSE33861,22186372
GSE33892,22160482
GSE33896,23031258
GSE33896,34440035
GSE33938,22279145
GSE33970,23265908
GSE33980,22846541
GSE3399,18663586
GSE34002,23524971
GSE34008,22293752
GSE34044,17039238
GSE34046,22589288
GSE3408,16412049
GSE34103,22629382
GSE3413,16341221
GSE34157,22863022
GSE34191,22226355
GSE34207,22512782
GSE34211,22222631
GSE34211,24107449
GSE34238,22270490
GSE34252,23635305
GSE34297,23335246
GSE34298,23300986
GSE34303,23959330
GSE34308,23036268
GSE34309,23036268
GSE34363,22347404
GSE34364,22347404
GSE34365,22347404
GSE344,12805270
GSE34432,22447126
GSE34450,22676183
GSE34454,23093778
GSE34455,23093778
GSE34456,23093778
GSE34460,23111773
GSE34466,22955319
GSE34482,23093778
GSE34492,22318495
GSE34496,26884679
GSE34506,22555593
GSE34507,22320325
GSE34528,22302877
GSE34535,22540308
GSE34536,23026055
GSE3454,16258012
GSE34615,22552627
GSE34615,23467907
GSE34649,22294438
GSE34654,22540040
GSE34669,22689379
GSE34675,23065828
GSE34723,22815738
GSE34723,25418718
GSE34723,34381212
GSE34727,22138974
GSE34759,23142699
GSE34766,22302877
GSE34767,22302877
GSE34788,23289938
GSE3479,12042773
GSE34794,23201690
GSE34804,24635121
GSE34812,23459460
GSE34814,23459460
GSE34815,23459460
GSE34816,22505352
GSE34817,22266096
GSE34818,23459460
GSE34824,22286061
GSE34849,23966636
GSE3485,16311605
GSE34852,23966636
GSE34853,23966636
GSE34860,15831697
GSE3487,18028541
GSE34875,23966636
GSE34894,22955988
GSE34911,23352462
GSE34911,23426943
GSE34924,22639649
GSE34964,23001663
GSE34965,28648376
GSE3499,17051772
GSE35002,23453135
GSE35016,22609917
GSE35042,22863022
GSE35044,22341440
GSE35045,22341440
GSE35046,22341440
GSE35057,22536829
GSE35059,22536829
GSE35062,22536829
GSE35079,22495302
GSE3508,15998450
GSE3509,15998450
GSE35103,22544700
GSE35112,22312003
GSE35113,22312003
GSE35114,22312003
GSE35115,22312003
GSE35116,22312003
GSE35117,22312003
GSE35124,22586274
GSE35159,21394097
GSE35186,22722193
GSE35189,22722193
GSE35191,22722193
GSE35201,23153540
GSE35201,24458951
GSE35202,23153540
GSE35202,24458951
GSE35203,23153540
GSE35203,24458951
GSE35213,24214913
GSE35220,23021952
GSE35258,22829320
GSE35262,22158963
GSE35294,23754963
GSE35297,23912900
GSE35304,22586033
GSE35316,22720264
GSE35332,22529299
GSE3534,17311920
GSE35350,22580345
GSE35357,22438570
GSE35358,22334709
GSE35366,21423666
GSE35378,22466288
GSE35378,24717514
GSE35379,22357756
GSE35381,23013441
GSE35384,22357756
GSE35385,22357756
GSE35395,22802352
GSE35395,26465397
GSE35405,22510267
GSE35411,22648723
GSE35414,22955917
GSE35460,22550346
GSE35468,22302877
GSE35487,20976140
GSE35488,20976140
GSE35489,20976140
GSE3551,12297622
GSE3551,14737219
GSE35511,22593193
GSE35562,23839787
GSE35563,22529744
GSE35640,23715562
GSE35643,24393021
GSE35645,23648484
GSE35669,19272164
GSE35671,22050602
GSE35672,22050602
GSE35673,22050602
GSE35677,22673525
GSE35698,22445484
GSE35700,22371506
GSE35700,23578319
GSE35704,25034661
GSE35728,22718837
GSE35740,22504026
GSE35764,23275372
GSE35782,23104559
GSE35783,23372714
GSE35804,22790792
GSE35819,24236059
GSE35824,22284968
GSE35835,23063654
GSE35878,22244331
GSE35882,22244331
GSE35886,22244331
GSE35918,24038725
GSE3593,16899777
GSE3593,21366430
GSE35961,23028442
GSE36006,22553375
GSE36015,22992320
GSE36025,25413365
GSE36025,25582907
GSE3603,16459310
GSE36040,23180765
GSE36040,23180784
GSE36042,23180765
GSE36042,23180784
GSE36043,23180765
GSE36043,23180784
GSE36044,23180765
GSE36044,23180784
GSE36059,23356949
GSE36059,24700874
GSE36059,25377077
GSE36082,23741392
GSE36096,22797726
GSE36110,25081901
GSE36122,22461028
GSE36153,22829983
GSE36165,23600803
GSE36166,22961225
GSE36172,22801959
GSE36172,23536439
GSE36172,25386922
GSE36175,23438860
GSE36185,22483619
GSE36233,22770242
GSE36245,23079654
GSE36246,22484851
GSE36266,23741392
GSE36267,23741392
GSE36278,23079654
GSE3634,16434483
GSE36355,24862194
GSE36367,22465951
GSE36375,21393543
GSE36375,22474260
GSE36379,22434908
GSE36379,24759943
GSE36382,23652523
GSE36382,24013639
GSE36382,26470795
GSE36382,27655681
GSE36382,35953856
GSE36396,22782891
GSE36408,23028969
GSE36426,22738909
GSE36435,22505458
GSE36458,22751462
GSE36459,22751462
GSE36460,22751462
GSE36513,24521543
GSE36530,23496831
GSE3654,12651607
GSE36552,23934149
GSE36552,32968278
GSE36593,22660439
GSE36602,23083410
GSE36603,23083410
GSE36604,23083410
GSE36605,23083410
GSE36613,29111199
GSE36617,23083410
GSE36622,22452946
GSE36628,22429691
GSE36650,22983211
GSE36669,21266330
GSE36669,31418690
GSE36678,22612990
GSE36705,23045667
GSE36706,23045667
GSE36707,23045667
GSE36708,23045667
GSE36709,23045667
GSE36711,23045667
GSE36712,23045667
GSE36734,23045667
GSE36738,23045667
GSE36739,23045667
GSE36740,23045667
GSE36742,23045667
GSE36744,23045667
GSE36746,23045667
GSE36747,23045667
GSE36748,23045667
GSE36787,25621499
GSE36827,23696748
GSE36830,26067893
GSE36848,23077097
GSE36875,18648539
GSE36881,22753056
GSE36883,22753056
GSE36884,22753056
GSE36909,22753056
GSE36912,22753056
GSE36924,22699621
GSE36924,24004612
GSE36924,26909576
GSE36924,30504844
GSE36928,23576735
GSE36939,22986524
GSE36950,23332918
GSE36952,23029029
GSE36952,26729620
GSE36958,22575960
GSE36959,23166516
GSE36967,22722845
GSE36968,22434430
GSE36968,25410163
GSE36971,22086488
GSE36980,23595620
GSE36981,23595620
GSE37001,22575960
GSE37002,22575960
GSE37003,22575960
GSE37004,22575960
GSE37005,22575960
GSE37064,23028751
GSE37076,23374351
GSE37111,23102813
GSE37112,23102813
GSE37113,23102813
GSE37114,23102813
GSE37138,24039832
GSE37141,23332918
GSE37142,23332918
GSE37184,23651858
GSE37184,29795344
GSE37190,22829983
GSE37209,22722868
GSE37236,23972988
GSE37251,23170974
GSE37251,23651948
GSE37261,22423052
GSE37267,25723531
GSE37273,24013211
GSE37283,23388545
GSE37283,23945234
GSE37307,22529286
GSE37319,22685317
GSE37323,23576735
GSE37329,23031258
GSE37344,25241037
GSE37350,22529382
GSE37364,23155391
GSE37364,25405986
GSE37364,25723531
GSE37364,29945573
GSE37369,23646174
GSE37382,22832581
GSE37384,22832581
GSE37385,22832581
GSE37418,22722829
GSE37418,26199091
GSE37442,22860125
GSE37450,23071669
GSE37453,22722342
GSE37456,23263233
GSE37468,34117031
GSE3749,17394647
GSE37519,22549466
GSE37536,23340744
GSE37543,23142657
GSE37543,31088535
GSE37547,22748967
GSE37559,34117031
GSE37587,25124890
GSE3761,18385073
GSE37631,23079999
GSE37632,34117031
GSE37640,23389994
GSE37642,23382473
GSE37642,24923295
GSE37642,26674118
GSE37642,29242298
GSE37645,22752426
GSE37648,24303006
GSE37654,23332918
GSE37655,23597566
GSE37656,23332918
GSE37657,23332918
GSE37663,21537050
GSE37705,22718948
GSE37706,22718948
GSE37707,22718948
GSE37739,23772040
GSE37745,23032747
GSE37745,26608184
GSE37745,29112949
GSE37745,33576873
GSE37745,35574381
GSE37746,22815831
GSE3778,17620128
GSE37853,22970180
GSE3791,19284540
GSE37916,23570689
GSE37918,23580553
GSE37931,22682761
GSE37935,23018034
GSE3795,16735725
GSE37976,23094868
GSE38003,24888725
GSE38005,24945319
GSE38010,22734047
GSE38012,23601134
GSE38040,22993086
GSE38041,22810588
GSE38044,23496831
GSE38062,23601134
GSE38063,23601134
GSE3807,17052335
GSE38101,23824326
GSE38119,24270663
GSE38120,22723443
GSE38137,24270663
GSE38173,22681891
GSE38176,22823569
GSE38179,12050664
GSE38187,24270663
GSE38233,24183664
GSE38243,25724953
GSE3825,12730368
GSE38264,25252918
GSE38264,25574842
GSE38265,23910086
GSE38267,25329529
GSE38291,23251491
GSE38312,24011128
GSE3835,18568446
GSE38389,22850566
GSE38394,26240574
GSE38402,23184988
GSE3845,18055696
GSE38463,23334668
GSE38467,22810586
GSE38467,26576632
GSE38467,29707235
GSE38500,23056497
GSE38506,22777768
GSE38511,23454623
GSE38511,23831034
GSE38560,23100115
GSE38561,23100115
GSE38562,23100115
GSE38563,23100115
GSE38564,23100115
GSE38567,22730365
GSE38577,23100115
GSE38627,22855579
GSE38642,22768844
GSE38642,23707792
GSE38642,23935095
GSE38642,26742564
GSE38645,22914092
GSE38665,23155476
GSE38680,22658377
GSE38686,22981537
GSE38705,23101632
GSE38705,27558669
GSE38705,28737175
GSE38705,31568751
GSE38720,22810585
GSE3874,12963823
GSE38742,23486187
GSE38754,19036884
GSE3876,16428429
GSE38765,22723548
GSE38777,23319047
GSE3879,13679573
GSE3882,16836768
GSE38829,24886537
GSE38851,23518348
GSE38955,22753872
GSE38958,24779708
GSE38958,26286721
GSE38978,23034409
GSE38994,23314903
GSE39010,22908260
GSE39011,22885008
GSE39051,26099751
GSE39093,23270926
GSE39122,22906315
GSE39130,22912389
GSE39133,22955918
GSE39133,25232062
GSE39150,23385571
GSE39160,28190001
GSE39170,22931923
GSE39173,22923691
GSE3920,17202376
GSE3920,19553003
GSE39213,23959426
GSE39224,23469192
GSE39230,23437348
GSE39232,23739895
GSE39254,23034409
GSE39255,23034409
GSE39258,23034409
GSE39264,23990205
GSE39277,22944139
GSE3928,16413123
GSE39287,23637631
GSE39304,22990623
GSE39305,23371912
GSE3933,14711987
GSE3933,21629784
GSE39335,22869147
GSE39338,22869147
GSE39339,22869147
GSE39342,22999881
GSE39345,23451142
GSE39382,23248261
GSE39384,18419781
GSE39385,18419781
GSE39389,24286825
GSE39393,24286825
GSE39404,22907751
GSE39417,23576735
GSE39418,23576735
GSE39420,23369545
GSE39423,23180765
GSE39423,23180784
GSE39424,23180765
GSE39424,23180784
GSE39425,23180765
GSE39425,23180784
GSE39426,23180765
GSE39426,23180784
GSE39427,23180765
GSE39427,23180784
GSE39429,23180765
GSE39429,23180784
GSE39432,23180765
GSE39432,23180784
GSE39439,22923406
GSE39441,23364521
GSE3945,14737219
GSE39454,23171592
GSE39477,23272198
GSE39481,33306674
GSE39482,33306674
GSE39483,33306674
GSE39525,23112805
GSE39531,22319597
GSE39534,22863618
GSE39539,23843613
GSE39555,23084923
GSE39556,23084923
GSE39569,23045686
GSE39569,24074284
GSE39571,23454749
GSE39572,18256240
GSE3960,16778177
GSE3960,20233875
GSE3960,21124317
GSE39620,23374343
GSE39640,22956915
GSE39642,22863620
GSE39643,22863620
GSE39644,22863620
GSE39675,23575373
GSE39680,22981864
GSE39685,24327544
GSE39691,27991928
GSE39693,27991928
GSE39694,27991928
GSE39697,24154525
GSE39704,26318045
GSE39717,17332290
GSE39717,23313955
GSE39745,23430108
GSE39746,22961379
GSE39748,22961379
GSE39749,22961379
GSE39752,24291365
GSE39752,27284107
GSE39754,22975377
GSE39754,24032635
GSE39754,28581522
GSE3977,14981237
GSE3978,14981237
GSE3978,16452179
GSE39803,23809164
GSE39807,23809164
GSE39816,23735857
GSE3982,16474395
GSE39827,23570531
GSE39828,23570531
GSE39829,23570531
GSE39850,23112805
GSE39851,23377542
GSE39852,23377542
GSE39853,23377542
GSE39875,23112805
GSE39881,22999937
GSE39888,24525840
GSE39908,22922464
GSE39908,27105113
GSE39910,22922464
GSE39910,27105113
GSE39915,23000963
GSE39955,25330770
GSE39966,23000141
GSE40008,23166671
GSE40011,24398052
GSE40048,25733852
GSE40048,26484266
GSE40054,23825566
GSE40074,25733852
GSE40074,26484266
GSE40080,23372733
GSE40089,25733852
GSE40089,26484266
GSE40095,23291655
GSE40110,23295673
GSE40121,23201690
GSE40122,23201690
GSE40123,23201690
GSE4014,16474395
GSE40151,23565148
GSE40156,26084025
GSE40156,26445797
GSE40160,22955914
GSE40160,24376854
GSE40160,29889102
GSE4018,15367214
GSE40197,24152552
GSE40215,23595228
GSE40228,23063654
GSE40236,23063654
GSE40256,23023169
GSE40258,23023169
GSE40259,23023169
GSE40260,23463007
GSE40286,22972934
GSE40286,26330467
GSE40299,23226320
GSE40303,23042129
GSE40313,23661089
GSE40326,23344526
GSE40364,24307700
GSE40365,26173605
GSE40369,22972934
GSE40396,23858444
GSE40412,23241950
GSE40425,25573029
GSE40425,31608026
GSE40442,23297133
GSE40447,23630447
GSE4048,12534465
GSE4048,16707699
GSE4050,16444260
GSE40509,23162540
GSE40532,23319565
GSE4054,16788005
GSE40566,23469939
GSE40566,24421904
GSE40604,23189148
GSE40611,23116360
GSE40613,23175708
GSE40617,24330401
GSE40618,23451206
GSE40619,23451206
GSE40624,23451206
GSE40627,23189148
GSE40629,23676078
GSE40668,24670763
GSE40690,24638100
GSE40692,23136297
GSE40692,25320077
GSE40705,23685885
GSE40716,23042295
GSE40730,23805307
GSE40748,23727218
GSE40749,23406356
GSE40750,23406356
GSE40751,23406356
GSE40798,24570141
GSE40856,23447577
GSE40870,23297133
GSE40871,23297133
GSE40922,23118859
GSE40923,23118859
GSE40924,23118859
GSE40926,23118859
GSE40960,23018639
GSE40989,22036564
GSE40989,24913233
GSE40989,27693350
GSE40989,28659443
GSE40996,23491407
GSE41019,24022401
GSE41037,23034122
GSE41037,25424713
GSE41037,26949191
GSE41044,23898205
GSE41089,23966627
GSE41092,23983221
GSE41104,24226770
GSE41120,23041623
GSE41120,25415046
GSE4115,17334370
GSE4115,20375364
GSE41162,24068942
GSE41164,23991050
GSE41169,23034122
GSE41169,25969563
GSE41170,24157873
GSE41188,24589457
GSE41188,25544761
GSE41188,25859291
GSE41192,24589457
GSE41192,25544761
GSE41192,25859291
GSE41193,24356420
GSE41193,24589457
GSE41193,25544761
GSE41193,25859291
GSE41193,29544736
GSE41229,23241743
GSE41229,24574339
GSE41258,19359472
GSE41258,28958617
GSE41263,23578105
GSE41265,23685454
GSE41284,23260145
GSE4131,17868463
GSE41313,23601657
GSE41313,26801902
GSE41313,31527768
GSE4132,17868463
GSE4133,17868463
GSE41368,24120476
GSE41369,24120476
GSE41372,24120476
GSE41386,23284171
GSE41391,26409189
GSE4144,16857587
GSE41469,23181063
GSE41484,22626843
GSE41484,24243796
GSE41484,25329823
GSE41484,31822585
GSE4151,17018611
GSE41524,23554969
GSE41549,23490254
GSE41599,16741228
GSE41600,23350733
GSE41613,23319825
GSE41613,35464860
GSE41689,24812666
GSE41726,23755224
GSE41726,27897403
GSE41726,31307124
GSE41726,31521204
GSE41753,23739894
GSE41762,23140642
GSE41762,25298321
GSE41797,23324257
GSE41798,23544090
GSE41804,23426277
GSE41822,24025607
GSE4183,18776587
GSE4183,19461970
GSE4183,23155391
GSE41844,23902260
GSE41879,23972988
GSE41903,23233547
GSE41920,24764292
GSE41920,24891508
GSE41951,23357978
GSE41954,24764292
GSE41954,24891508
GSE41955,24764292
GSE41955,24891508
GSE41957,23320978
GSE41970,23405235
GSE41970,24505496
GSE41970,24616504
GSE41970,24632568
GSE41980,24145120
GSE41992,24369304
GSE42013,23823498
GSE42019,23362327
GSE42020,23362327
GSE4204,19965618
GSE42065,23530204
GSE42075,23352661
GSE42101,23219392
GSE42113,23516362
GSE42133,25739104
GSE42133,26668231
GSE42145,23362327
GSE42150,23362327
GSE42151,23776209
GSE42163,23362327
GSE42175,23362327
GSE42176,23362327
GSE42179,23362327
GSE42184,23362327
GSE42190,24337578
GSE42198,24293385
GSE42218,23877693
GSE42245,23145933
GSE42247,23620402
GSE42248,23791529
GSE42249,23648484
GSE4226,16979800
GSE4226,19366883
GSE42266,25192463
GSE4227,18423940
GSE4227,19366883
GSE4229,19366883
GSE42290,23487796
GSE42292,23874706
GSE42306,25192463
GSE42309,25192463
GSE42314,25208476
GSE42343,23263626
GSE4235,16580993
GSE42363,23525077
GSE42376,23392257
GSE42392,23671674
GSE42406,23777634
GSE42432,23958793
GSE42437,23212521
GSE42440,23212521
GSE42441,23212521
GSE42510,23341106
GSE42579,23632417
GSE42580,23333148
GSE42593,23259597
GSE42595,25386922
GSE42596,23357369
GSE426,12840040
GSE42605,24277834
GSE42606,23299892
GSE42613,23259597
GSE42614,23259597
GSE42616,23333148
GSE42630,23299892
GSE42642,23487432
GSE42648,23723424
GSE42672,23520160
GSE42682,23840896
GSE42699,23924028
GSE427,12840040
GSE4271,16530701
GSE4271,20068170
GSE4271,21559523
GSE42732,24192833
GSE42738,17332290
GSE42739,17332290
GSE42740,17332290
GSE42760,23812098
GSE42788,23303785
GSE428,12840040
GSE42802,23263557
GSE42803,23263557
GSE42816,25963861
GSE4285,18590051
GSE42861,23334450
GSE42861,29921915
GSE42864,23354101
GSE42869,23585473
GSE42880,23260135
GSE42880,28847947
GSE42890,23312289
GSE42895,23948639
GSE42896,22885787
GSE42897,26042473
GSE42898,23352666
GSE429,12840040
GSE42912,23341612
GSE42936,23354439
GSE42954,22904677
GSE42954,25109687
GSE42958,23563267
GSE42968,23275579
GSE42970,23360399
GSE42972,24516597
GSE42977,23493352
GSE42977,33540554
GSE42986,23894440
GSE42997,23616592
GSE43017,24569712
GSE43036,24012417
GSE43041,23390196
GSE43042,23390196
GSE43044,23390196
GSE43046,24469038
GSE4307,16547197
GSE43079,23842454
GSE4308,16547197
GSE43082,24109236
GSE43082,29117186
GSE4309,16547197
GSE43098,23658224
GSE43106,24327959
GSE43128,24281154
GSE43133,23591719
GSE43151,23683873
GSE43159,23595148
GSE43184,23562160
GSE43219,25984722
GSE43220,23505972
GSE43226,23639479
GSE43243,23324170
GSE4327,17303130
GSE4330,16582907
GSE43309,23673632
GSE4334,16791208
GSE4334,17571346
GSE4335,12829800
GSE4336,12829800
GSE43392,23430699
GSE43403,23789112
GSE43409,23791642
GSE43425,23416462
GSE43436,24805235
GSE4344,12119387
GSE43440,23345452
GSE43456,24136200
GSE43504,23352430
GSE43509,23416462
GSE43514,23832335
GSE43547,23523777
GSE43572,23446348
GSE43573,23446348
GSE43574,23446348
GSE436,13130080
GSE43629,23804391
GSE43643,27067329
GSE43659,23524613
GSE43694,23585472
GSE43696,24518246
GSE43696,27050946
GSE43696,34591794
GSE43702,23382923
GSE43726,28126920
GSE43727,23613738
GSE43749,24569628
GSE43767,25141350
GSE43771,23449625
GSE43775,23913270
GSE4382,12829800
GSE43828,25531777
GSE43848,24748659
GSE43857,23467092
GSE43857,27419873
GSE43858,23467092
GSE43877,24591352
GSE43880,23874205
GSE43880,24403561
GSE43880,25393535
GSE43885,25531777
GSE43892,24162736
GSE43894,23817070
GSE43895,23817070
GSE43908,23874215
GSE43916,24243019
GSE43939,24465567
GSE4394,14981237
GSE43948,23467089
GSE43949,23467089
GSE43952,23540702
GSE43953,23540701
GSE43954,23540701
GSE43955,23467089
GSE43959,23540701
GSE43969,23467085
GSE43969,23467089
GSE43970,23467085
GSE43970,23467089
GSE43973,22859400
GSE43976,23422812
GSE43976,29109506
GSE43976,29921915
GSE43985,25415230
GSE43986,25415230
GSE43988,25415230
GSE43995,23706735
GSE44022,23585472
GSE44029,23576566
GSE44034,24317040
GSE44035,23707792
GSE44035,23935095
GSE44053,23977042
GSE44099,24587218
GSE441,14555471
GSE44105,23475073
GSE44106,23857252
GSE44108,24004468
GSE44164,24179151
GSE44248,23637875
GSE44251,23523075
GSE44251,26248554
GSE44252,23523075
GSE44252,26248554
GSE44254,23587301
GSE44255,23523075
GSE44255,26248554
GSE44256,23475073
GSE44261,23563690
GSE44284,24386457
GSE44318,23675471
GSE4433,16518402
GSE44335,23378344
GSE44335,27292262
GSE44430,27660325
GSE44430,32139672
GSE44448,24477198
GSE4447,16707698
GSE4452,16616336
GSE4452,17452641
GSE44560,24521861
GSE44562,25907862
GSE44567,23671131
GSE4460,18311145
GSE44609,23580255
GSE44617,25401222
GSE44619,23635779
GSE44666,24447408
GSE44666,31088535
GSE44715,23462117
GSE44719,25335753
GSE44720,25335753
GSE44721,25335753
GSE44722,25335753
GSE44723,23565148
GSE44732,23527130
GSE4474,23812355
GSE4475,16760442
GSE4475,23143595
GSE44753,23645591
GSE44765,24145441
GSE44778,23922318
GSE44783,24040119
GSE44814,23929855
GSE44815,23929855
GSE44816,23929855
GSE44835,23523075
GSE44835,26248554
GSE44921,24657575
GSE44921,26484136
GSE44926,24163065
GSE44935,24162740
GSE44946,24290880
GSE44953,23535375
GSE44955,23535375
GSE44956,24571673
GSE44957,23535375
GSE44964,24571673
GSE44966,24571673
GSE45017,23935008
GSE45034,23658530
GSE4504,16707698
GSE4510,16707698
GSE45117,24005892
GSE45131,24382465
GSE45133,23637631
GSE45137,23637631
GSE4515,16707698
GSE45158,24173718
GSE45159,23562819
GSE45161,23804423
GSE45165,24121022
GSE45165,26484095
GSE45167,23792425
GSE45171,24936790
GSE45173,25192464
GSE45178,23516208
GSE45181,23612295
GSE45197,23558169
GSE45198,23558169
GSE45199,23558169
GSE45200,23558169
GSE45238,25351956
GSE45238,31253192
GSE45238,32238162
GSE45238,32961483
GSE45251,23590298
GSE45277,23583100
GSE45278,23583100
GSE45279,23583100
GSE45280,23583100
GSE45281,23583100
GSE45282,23583100
GSE45328,23525797
GSE4535,17015706
GSE45358,23972988
GSE45359,24375455
GSE45363,24375455
GSE45364,24375455
GSE45365,23553052
GSE45390,23658530
GSE454,12865428
GSE45421,24317396
GSE45446,25813539
GSE45447,25813539
GSE45448,25813539
GSE45454,23744951
GSE45455,23744951
GSE45456,23744951
GSE45457,23744951
GSE45467,23623495
GSE45487,24252911
GSE45490,23364941
GSE45535,24431284
GSE45536,24431284
GSE45537,24431284
GSE45590,23601105
GSE45591,23601105
GSE45599,23601105
GSE45600,23601105
GSE45602,23915008
GSE45632,24505488
GSE45633,24505488
GSE45634,24505488
GSE45638,23637875
GSE4564,16628213
GSE45640,23637875
GSE45663,24304929
GSE45664,24744442
GSE45674,23682854
GSE45691,23941360
GSE45703,28883427
GSE4571,16836768
GSE45728,23578319
GSE45731,23682854
GSE45733,23682854
GSE45760,24481529
GSE45805,27601670
GSE45807,24496616
GSE45808,24496616
GSE45809,24496616
GSE45836,23810559
GSE45839,26684414
GSE45841,24744442
GSE45844,24744442
GSE45845,24744442
GSE45875,23942234
GSE45875,26484078
GSE45888,24732378
GSE45891,24048704
GSE45892,24194394
GSE45915,23884607
GSE45918,24465555
GSE45919,24465555
GSE45924,24465555
GSE45935,24027283
GSE45952,23921131
GSE45980,26707063
GSE45980,31316728
GSE45982,23680150
GSE45982,26521025
GSE45988,24612392
GSE45988,25806405
GSE45988,36912639
GSE46003,23979757
GSE46003,31354649
GSE46019,24147049
GSE46019,25241740
GSE46022,23671131
GSE46032,23863881
GSE46048,23610445
GSE46056,24332853
GSE4612,16618719
GSE46128,23912222
GSE46136,23884607
GSE46137,23884607
GSE46143,23592216
GSE46200,24282287
GSE46200,26484096
GSE46202,24672749
GSE46219,25318822
GSE46225,23971877
GSE46229,24549417
GSE46230,23814041
GSE46232,25266672
GSE4624,17378698
GSE4625,17190607
GSE4625,18313399
GSE4626,17190607
GSE4626,18313399
GSE46278,25079600
GSE4628,17190607
GSE4628,18313399
GSE46302,23770013
GSE46307,23770013
GSE4631,16905537
GSE46333,24401939
GSE46341,23707429
GSE4635,19357784
GSE46355,24498016
GSE46356,23716692
GSE46383,23963175
GSE46422,23788724
GSE46423,23788724
GSE46424,23788724
GSE46430,24013502
GSE46436,23781169
GSE46452,24009147
GSE46471,23995229
GSE46493,23775793
GSE46515,24072782
GSE46537,24413916
GSE46551,24191696
GSE46566,24549417
GSE46571,24634377
GSE46582,24072782
GSE46601,23749451
GSE46604,24055055
GSE46609,24030633
GSE46623,24361012
GSE46623,26152724
GSE46641,23775793
GSE46642,23775793
GSE46648,24028770
GSE46650,23306098
GSE46691,23826159
GSE46691,25986914
GSE46691,26631616
GSE46691,29757368
GSE46699,24374825
GSE46699,24479813
GSE46704,23822863
GSE46710,24594098
GSE46711,24282287
GSE46734,31105698
GSE46743,26050039
GSE46747,25142253
GSE46754,24205244
GSE46763,23666329
GSE46764,25142253
GSE46765,25142253
GSE46819,26096065
GSE46819,27385100
GSE4682,16460773
GSE4682,16884916
GSE46834,25502837
GSE46836,24239359
GSE46854,23913270
GSE46855,23913270
GSE46869,24762440
GSE46870,23746446
GSE46873,23828858
GSE46884,24143183
GSE46890,24210110
GSE46896,24048575
GSE46903,24530056
GSE46904,24132643
GSE46916,26620638
GSE46953,23810559
GSE46954,23810559
GSE46969,24145436
GSE46969,31676012
GSE46977,23937238
GSE46996,23716604
GSE46998,24260392
GSE46999,24260392
GSE47000,24260392
GSE47007,25853862
GSE47007,26016667
GSE47014,23863942
GSE47018,25162887
GSE47025,24386225
GSE47035,25158801
GSE47036,24030951
GSE47038,24030951
GSE47048,25367915
GSE47049,24762537
GSE47049,38556087
GSE47065,23906066
GSE47072,23974142
GSE47080,24340017
GSE47080,25617893
GSE47080,27581066
GSE47080,36232634
GSE47080,38956767
GSE47112,24026811
GSE47113,24026811
GSE47116,25753424
GSE47126,28725744
GSE47183,23950145
GSE47183,24925724
GSE47184,23950145
GSE47185,23950145
GSE47188,24530056
GSE47188,26729620
GSE47189,24530056
GSE47193,23977113
GSE47204,24204606
GSE47218,25184385
GSE4726,16352711
GSE47353,24725414
GSE47355,24586676
GSE47357,24586676
GSE47358,24141779
GSE47375,25415051
GSE47376,25415051
GSE47376,26120057
GSE47377,25415051
GSE47377,26120057
GSE47377,26916619
GSE47380,24458354
GSE47381,24458354
GSE47382,24458354
GSE47383,24458354
GSE47384,24458354
GSE47385,24458354
GSE47404,26465158
GSE47441,23706735
GSE47442,23706735
GSE47443,24278325
GSE47443,25658832
GSE47443,25886176
GSE47453,24798377
GSE47453,25819795
GSE47460,26560100
GSE47460,27310652
GSE47460,27609773
GSE47460,29200204
GSE47460,29988126
GSE47476,24132643
GSE47477,24132643
GSE47488,23938295
GSE47494,23898399
GSE47506,24398325
GSE47507,24398325
GSE47508,24398325
GSE47515,23880652
GSE47523,24462518
GSE47524,24462518
GSE47525,24462518
GSE47526,24462518
GSE47539,23902751
GSE47596,26841680
GSE47626,24153179
GSE47626,27487209
GSE47626,28430982
GSE4763,17892325
GSE47630,26465158
GSE4766,17472752
GSE47661,23776204
GSE47677,23938295
GSE47678,23938295
GSE47690,24336927
GSE47695,24823806
GSE47696,27053774
GSE47708,23775127
GSE47718,24498427
GSE47722,30692258
GSE47727,24013639
GSE47728,24013639
GSE47729,24013639
GSE47732,24151430
GSE47732,24338599
GSE47753,24097267
GSE47777,23775115
GSE47799,24108661
GSE4784,16782810
GSE47852,24798377
GSE47864,23873848
GSE4794,17164403
GSE47945,23474544
GSE47966,23828890
GSE47966,26030523
GSE47970,24823806
GSE47972,24823806
GSE47997,23474544
GSE47998,23474544
GSE48004,24075995
GSE48005,24075995
GSE48007,24075995
GSE48017,24465220
GSE48026,24003136
GSE48053,24003136
GSE48069,24280387
GSE48071,24294214
GSE48101,24667639
GSE48116,23906067
GSE48116,28684624
GSE48131,24998851
GSE48148,23818637
GSE48149,21360508
GSE48149,32210969
GSE48152,21668623
GSE48152,21798870
GSE48152,24013639
GSE48152,27625022
GSE48164,23858468
GSE48164,25089258
GSE48168,24048436
GSE48181,27769163
GSE48201,23868920
GSE48206,24162740
GSE48216,24176112
GSE48216,24880487
GSE48231,23868920
GSE48237,25589068
GSE48240,24000294
GSE48240,33916875
GSE48243,23868920
GSE48245,24726324
GSE48252,23868920
GSE48253,25173174
GSE48253,27432546
GSE4829,16823376
GSE4830,16823376
GSE48301,23824412
GSE4831,16823376
GSE4832,16823376
GSE4833,16823376
GSE48337,24628956
GSE4834,16823376
GSE48343,23775123
GSE48344,23775123
GSE48345,23775123
GSE48348,24013639
GSE4835,16823376
GSE4836,16823376
GSE4837,16823376
GSE48387,24445999
GSE48388,25320077
GSE48422,25212754
GSE48430,24167554
GSE48439,24320731
GSE48444,23948298
GSE48448,23953112
GSE48498,24964229
GSE48515,24374312
GSE48516,24374312
GSE48517,24374312
GSE48518,24374312
GSE48535,25153325
GSE4854,16823376
GSE48578,24038088
GSE48615,25685688
GSE4862,16460773
GSE4862,16884916
GSE4863,16889661
GSE48678,24194914
GSE4871,16872517
GSE4871,20059772
GSE48762,23601689
GSE48764,24107994
GSE48801,24055111
GSE48813,24311694
GSE48815,24703698
GSE48826,25707580
GSE48827,23872679
GSE48834,26174091
GSE48848,24161985
GSE48874,25525793
GSE48889,24586954
GSE48889,27830782
GSE48947,25488987
GSE48949,24379380
GSE48949,32669036
GSE48968,24919153
GSE48975,24794443
GSE48998,26847345
GSE48998,32774160
GSE490,15642798
GSE490,18271548
GSE490,28289389
GSE49009,23993863
GSE49033,24218137
GSE49036,26087293
GSE49054,24101380
GSE49060,25402615
GSE49061,25402615
GSE4914,16914741
GSE49147,25192463
GSE49148,24630997
GSE49149,24500968
GSE49149,26909576
GSE49161,23993863
GSE49162,23993863
GSE49184,24465953
GSE49226,25248950
GSE49231,23940280
GSE49236,24476918
GSE49236,25645921
GSE49241,27043410
GSE49274,24054328
GSE49311,24362760
GSE49315,25664850
GSE4932,16809489
GSE49333,24476918
GSE49333,25645921
GSE49334,24476918
GSE49334,25645921
GSE49342,24448395
GSE49345,24476918
GSE49345,25645921
GSE49365,24268577
GSE4938,18034420
GSE49386,24268577
GSE49387,24268577
GSE49388,24268577
GSE4940,18034420
GSE49400,24810336
GSE49401,24810336
GSE49402,23953112
GSE49406,24003254
GSE49414,24810336
GSE49415,24810336
GSE49417,25409824
GSE49430,24055054
GSE49436,25049272
GSE49440,24056715
GSE49446,24056715
GSE49447,24056715
GSE49472,25305315
GSE4950,18034420
GSE49518,24573390
GSE49559,24145350
GSE49572,24100010
GSE49573,24100010
GSE49574,24100010
GSE49575,24100010
GSE49578,24768135
GSE49581,24381249
GSE49599,24995587
GSE49601,22431509
GSE49601,24069164
GSE49602,24037760
GSE49603,23945235
GSE49603,25897174
GSE49618,23634996
GSE49619,24226770
GSE4963,18030062
GSE49636,25171407
GSE49653,24226770
GSE49655,24226770
GSE49680,24048703
GSE49687,26284050
GSE49689,24331926
GSE49716,25119045
GSE49828,25079557
GSE49831,24417896
GSE49834,24670763
GSE49834,27455346
GSE49836,25327398
GSE49847,25409824
GSE49853,19265543
GSE49853,24643722
GSE49868,24093682
GSE49958,23536375
GSE49958,24152727
GSE49961,24089141
GSE49965,24529079
GSE49966,24065768
GSE49971,25818297
GSE49982,32161967
GSE50010,24190430
GSE50012,24116131
GSE50012,24550213
GSE50046,24458641
GSE50053,24913676
GSE50063,24363811
GSE5014,17060531
GSE50140,24141423
GSE50166,25217496
GSE50191,27540173
GSE50210,24377418
GSE50244,25015099
GSE50244,25201977
GSE50244,25489054
GSE50244,28637794
GSE50244,31550518
GSE50244,33402679
GSE50245,24166713
GSE50253,24004669
GSE50253,25873174
GSE5030,17097559
GSE50388,24363811
GSE50394,24331926
GSE50397,25015099
GSE50397,25201977
GSE50397,25489054
GSE50397,28637794
GSE50397,30762474
GSE50397,31550518
GSE50397,33402679
GSE50398,25015099
GSE50398,25201977
GSE50398,25489054
GSE50398,26993066
GSE50398,28637794
GSE50398,30567413
GSE50398,30762474
GSE50398,31550518
GSE50398,33402679
GSE50430,26763747
GSE50431,24120137
GSE50436,24529375
GSE50470,24162158
GSE50487,26198637
GSE50532,24231354
GSE50535,24670642
GSE50540,24924190
GSE50580,24407421
GSE50582,24407421
GSE50583,24407421
GSE50584,24094325
GSE50587,25053977
GSE50593,24424412
GSE50593,25419512
GSE506,11124023
GSE50660,25424692
GSE50670,32857768
GSE50671,32857768
GSE50672,32857768
GSE50673,32857768
GSE50674,24475181
GSE50676,24476892
GSE50677,19265543
GSE50677,24927527
GSE50677,30673129
GSE50691,24992598
GSE50693,24425047
GSE50694,24425047
GSE50695,24425047
GSE50712,27991928
GSE50719,24992598
GSE50720,24992598
GSE5074,16949657
GSE50759,24875834
GSE50809,25157170
GSE50809,26245956
GSE5081,18321301
GSE50826,24841271
GSE5083,17428342
GSE50879,24312190
GSE50879,25884766
GSE5089,16878134
GSE50905,27991928
GSE50914,24391219
GSE50916,24747435
GSE50931,24850902
GSE50932,24305048
GSE50937,24187091
GSE5094,16949657
GSE50948,24443618
GSE50954,24065129
GSE51009,25440058
GSE51022,24425047
GSE51033,24161946
GSE51034,24416220
GSE51045,24268577
GSE51054,24332837
GSE51068,25419740
GSE51076,24260387
GSE51092,24097067
GSE51103,24392094
GSE51105,24658156
GSE51105,29670108
GSE51132,34270823
GSE51135,24286928
GSE51137,24713300
GSE51142,23953112
GSE5121,17222352
GSE51215,24274116
GSE51226,25358394
GSE51227,25358394
GSE51228,25358394
GSE51229,25358394
GSE51234,23953112
GSE51257,24052018
GSE51265,24890018
GSE51270,24951773
GSE51286,24219331
GSE51290,23953112
GSE51299,24582499
GSE5130,16624518
GSE51300,25151616
GSE51305,25268354
GSE51305,36232951
GSE51305,36834608
GSE51307,24530056
GSE5132,16829574
GSE51331,25294882
GSE51332,24974128
GSE51355,24535843
GSE51356,24535843
GSE51357,24535843
GSE51358,24535843
GSE51366,24877726
GSE514,12697073
GSE51402,24598054
GSE51430,24603971
GSE51432,24858832
GSE51448,24185512
GSE51466,24578130
GSE51472,26203686
GSE51472,26981379
GSE515,12644598
GSE51502,24569038
GSE51505,24176123
GSE51513,24891508
GSE51514,24891508
GSE51515,24891508
GSE51536,24907942
GSE51537,24497510
GSE51541,24441423
GSE51583,24269006
GSE51587,24159173
GSE51618,32246150
GSE51667,24497530
GSE51678,25130559
GSE5172,16892062
GSE51724,25058496
GSE51727,24550240
GSE51728,24550240
GSE51729,24550240
GSE51730,25135349
GSE51730,26105134
GSE5174,16920797
GSE51761,24487590
GSE51780,24885521
GSE51780,26738725
GSE51788,24390351
GSE51789,24390351
GSE51790,24390351
GSE51792,24390351
GSE51793,24390351
GSE51794,24390351
GSE51800,24374627
GSE51800,25369933
GSE51800,25418913
GSE51828,24258346
GSE51846,24736527
GSE51859,25122152
GSE51892,24497530
GSE51935,24231659
GSE51937,24736527
GSE51939,24736527
GSE51948,29142702
GSE51977,24385936
GSE51994,25068449
GSE52005,24495909
GSE52030,24572369
GSE52042,25418724
GSE52094,25385755
GSE52112,25271306
GSE52113,25271306
GSE52114,25271306
GSE52142,24693992
GSE52158,24412311
GSE52171,24942756
GSE52185,26950238
GSE52192,23136394
GSE52192,29795344
GSE52202,24154603
GSE52210,25203321
GSE52249,24375627
GSE52250,24375627
GSE52251,24375627
GSE52252,24859338
GSE52254,24615013
GSE52257,24859338
GSE52286,24529382
GSE52286,35058367
GSE52286,38748572
GSE52300,24916103
GSE52323,24859338
GSE52340,24332851
GSE52348,24503136
GSE52356,25111050
GSE52363,24440720
GSE52369,27132469
GSE52400,25564655
GSE52400,34865162
GSE52405,24902603
GSE52405,24922324
GSE52419,24440720
GSE52428,23326326
GSE52442,24555846
GSE52442,25326100
GSE52448,24636993
GSE52457,25693564
GSE52462,25059688
GSE52462,27135165
GSE52462,32558274
GSE52478,24304937
GSE52485,24332033
GSE52492,24516585
GSE52516,25413326
GSE52555,24497530
GSE52563,24753226
GSE52600,25456834
GSE52640,26424158
GSE52657,24412311
GSE52658,24412311
GSE52662,25456834
GSE52680,25456834
GSE52681,25456834
GSE52695,25351346
GSE52718,24532576
GSE52719,24532576
GSE52720,24532576
GSE52741,24529596
GSE52743,25351346
GSE52744,25351346
GSE52747,26048561
GSE52748,24492282
GSE52753,25907862
GSE52792,24884843
GSE52809,24476825
GSE5281,17077275
GSE5281,18270320
GSE5281,18332434
GSE5281,29937276
GSE52812,24856586
GSE52849,24939058
GSE5285,17481853
GSE52860,25228644
GSE52878,25200078
GSE52878,34044851
GSE52884,24486021
GSE52886,24486021
GSE52887,24486021
GSE52901,24879114
GSE52902,24879114
GSE52903,24879114
GSE52904,24879114
GSE52906,24344318
GSE52907,24344318
GSE52908,24344318
GSE52909,24344318
GSE52914,24842994
GSE52922,25015893
GSE52925,24997521
GSE52928,24616378
GSE52939,24990743
GSE52939,27146892
GSE52962,24486021
GSE52964,24434208
GSE52991,25013123
GSE52991,26960974
GSE52991,27302164
GSE52991,27343252
GSE52994,24486028
GSE52997,25228644
GSE52999,25026212
GSE53013,25595444
GSE53013,28357255
GSE53016,21673079
GSE53020,24997788
GSE53032,24563408
GSE53035,24521543
GSE53043,24563408
GSE53055,25124817
GSE53057,24922324
GSE53060,25008523
GSE5307,18199530
GSE53079,24563408
GSE53082,24830643
GSE53083,24830643
GSE53084,24830643
GSE53084,26882475
GSE53085,24830643
GSE53085,26882475
GSE53094,25008523
GSE53096,25008523
GSE53113,25030652
GSE53137,31322220
GSE53138,25370492
GSE53141,25008523
GSE53159,24616020
GSE53175,24778019
GSE53177,25300954
GSE53191,24475181
GSE53192,24475181
GSE53193,24475181
GSE5322,17526693
GSE53224,25670083
GSE53235,24825182
GSE53236,24825182
GSE53250,24304937
GSE53251,24304937
GSE53260,24939742
GSE53266,24891615
GSE53267,24891615
GSE53268,24476825
GSE53270,24825182
GSE53276,26110809
GSE53278,25146723
GSE53279,25146723
GSE53280,25146723
GSE53281,25146723
GSE53291,25348288
GSE53294,25137043
GSE5330,17526693
GSE53310,24476825
GSE53313,24476825
GSE53320,24891615
GSE53322,25220462
GSE53322,31798605
GSE53324,25220462
GSE53324,31798605
GSE53335,24891615
GSE53348,25215497
GSE53354,24442672
GSE53354,26484059
GSE53357,26921333
GSE53380,25024434
GSE53399,24269660
GSE53401,24509510
GSE53408,24533144
GSE53408,25374487
GSE53408,26317340
GSE53427,25024434
GSE53428,25024434
GSE53429,24727659
GSE53463,25274727
GSE53475,24847068
GSE53519,25886353
GSE53522,26298234
GSE53524,24856586
GSE53528,26314709
GSE53544,24413600
GSE53544,25806405
GSE53546,24732130
GSE53588,25135299
GSE53592,24498407
GSE53604,24729470
GSE53622,24522499
GSE53622,27172796
GSE53622,29147607
GSE53622,30736860
GSE53622,32850794
GSE53624,24522499
GSE53624,27172796
GSE53624,29147607
GSE53624,30736860
GSE53624,32850794
GSE53625,24522499
GSE53625,27172796
GSE53625,29147607
GSE53625,30736860
GSE53625,32850794
GSE53626,24531965
GSE53680,25240383
GSE537,12893945
GSE53740,24603599
GSE53740,25589773
GSE53758,24516132
GSE53770,25401168
GSE53780,25320077
GSE53790,24665059
GSE53791,24665059
GSE53792,24665059
GSE538,12893945
GSE53810,24425788
GSE53815,25038515
GSE53837,25326100
GSE5387,16920797
GSE53911,24508230
GSE53915,26115953
GSE53916,24549417
GSE53919,26115953
GSE53924,25180572
GSE53933,25795740
GSE53934,24516132
GSE53935,24516132
GSE53949,24379348
GSE53955,24565511
GSE53983,24497530
GSE53983,24637361
GSE53993,24850744
GSE53994,24591637
GSE54001,24743648
GSE54005,30188895
GSE54015,25259444
GSE54016,24576422
GSE54016,34504093
GSE54025,24651077
GSE54035,25200834
GSE54035,30188895
GSE54036,30188895
GSE54057,24450762
GSE54067,21645359
GSE54067,25339465
GSE54068,21645359
GSE54068,25339465
GSE54069,21645359
GSE54069,25339465
GSE54079,24586907
GSE54084,24558479
GSE54108,24916103
GSE54114,24582499
GSE54135,24899471
GSE54146,25778702
GSE54158,24799524
GSE54193,21614566
GSE54193,25616998
GSE54193,26553136
GSE54197,24691445
GSE54216,25068449
GSE54219,21614566
GSE54219,25616998
GSE54219,26553136
GSE54228,24586062
GSE54229,24586062
GSE54247,19265543
GSE54247,24609896
GSE54252,19838192
GSE54252,25326100
GSE54253,27489776
GSE54263,26390241
GSE54279,24726385
GSE54279,27029739
GSE54288,24554440
GSE54292,25939354
GSE54312,25564655
GSE54336,24586162
GSE54342,25288727
GSE54350,24520123
GSE54351,24794706
GSE54352,24794706
GSE54353,24794706
GSE54359,24474804
GSE54365,24981863
GSE54374,25330008
GSE54395,24812666
GSE54397,25167801
GSE5445,17038565
GSE54458,25762685
GSE54480,25520755
GSE54480,36713394
GSE54505,25716682
GSE5451,17981981
GSE54520,25263553
GSE54532,24757178
GSE54558,24498897
GSE54580,26748712
GSE54585,25360868
GSE54609,26862168
GSE54612,24833660
GSE54628,24658003
GSE54633,24672774
GSE54665,26576679
GSE54666,25835000
GSE54680,25939354
GSE54691,25024180
GSE54706,25395458
GSE54733,24578530
GSE54753,24823639
GSE54782,24877565
GSE54783,24877565
GSE54784,24877565
GSE54789,24548064
GSE54789,28336910
GSE54795,26214373
GSE54810,25329394
GSE54854,25276247
GSE54917,24713655
GSE54947,24735877
GSE54961,25859288
GSE54964,25739401
GSE54966,25739401
GSE54968,25739401
GSE54969,25739401
GSE54971,25835000
GSE54972,25835000
GSE54975,25835000
GSE54993,24670651
GSE54994,24670651
GSE54995,24670651
GSE54997,25780925
GSE54997,29738307
GSE54998,25780925
GSE54998,29738307
GSE54999,25780925
GSE54999,29738307
GSE55016,25155515
GSE5502,17003113
GSE55023,25144235
GSE55030,27068475
GSE55030,27221037
GSE55031,27068475
GSE55031,27221037
GSE55032,27068475
GSE55032,27221037
GSE55036,26098215
GSE55061,24843164
GSE55119,24813609
GSE55129,24735877
GSE55140,25081480
GSE55151,24965556
GSE55189,25287330
GSE55190,25043817
GSE55197,26126853
GSE55197,29738307
GSE552,15155529
GSE55209,27169995
GSE55211,25892225
GSE55212,25892225
GSE55214,25892225
GSE55222,25081480
GSE55249,24594098
GSE55266,25340504
GSE55286,25554681
GSE55288,25280001
GSE55288,30302405
GSE55291,25575081
GSE55295,24747440
GSE55296,24599027
GSE55296,25137373
GSE55296,25884818
GSE55296,26710323
GSE55296,27041589
GSE55296,27481317
GSE55296,27936202
GSE55296,28934278
GSE55296,29320567
GSE55296,29667349
GSE55296,31009519
GSE55296,31554869
GSE55296,34829621
GSE55296,35052814
GSE55296,35453616
GSE55296,38297310
GSE55315,24680886
GSE55317,25378309
GSE55328,26915971
GSE55338,24929436
GSE55340,24661562
GSE55345,25634993
GSE55348,25164009
GSE55348,26334217
GSE55372,24814792
GSE554,15155529
GSE55430,26857846
GSE55433,25165097
GSE55464,25115389
GSE55465,25115389
GSE55466,25115389
GSE55479,28068672
GSE55479,28605401
GSE55480,24922324
GSE55488,25886253
GSE555,15155529
GSE5550,17252012
GSE5550,27281222
GSE55514,24686445
GSE55517,26214742
GSE5553,17327493
GSE55561,24947930
GSE55572,24981863
GSE55575,24981863
GSE55580,25158132
GSE55581,25006255
GSE55588,24855953
GSE55590,24855953
GSE55591,24855953
GSE55604,24705811
GSE55613,25035395
GSE55625,25266797
GSE55644,27720625
GSE55663,26055366
GSE55664,25036052
GSE55664,28192528
GSE55664,29367210
GSE55667,26728187
GSE55688,28394329
GSE55689,24835589
GSE55708,25968054
GSE55731,25192464
GSE55736,25847994
GSE55749,26196739
GSE55750,26196739
GSE55751,26196739
GSE55755,25304510
GSE55763,25853392
GSE55763,28002404
GSE55783,24930433
GSE55785,25704811
GSE55793,25147232
GSE55794,25147232
GSE55795,25147232
GSE55804,24707045
GSE55818,24788635
GSE55838,24904090
GSE55839,28428330
GSE55854,25004084
GSE55854,27507904
GSE55856,27507904
GSE55857,27507904
GSE55858,25230743
GSE5586,17416673
GSE55870,24856586
GSE55871,24856586
GSE55872,25242144
GSE55875,24758227
GSE5588,17972098
GSE55896,24707045
GSE55902,26826216
GSE5591,16895450
GSE55921,25017071
GSE55922,25017071
GSE55923,25017071
GSE55934,27492130
GSE55934,29233981
GSE55989,28394329
GSE55996,25002261
GSE55998,25354238
GSE56006,26192440
GSE56006,26881867
GSE56007,26192440
GSE56007,26881867
GSE56008,26192440
GSE56008,26881867
GSE56009,26192440
GSE56009,26881867
GSE56031,28394329
GSE56048,24674993
GSE56105,24887635
GSE56105,25249537
GSE56105,25633388
GSE56105,28855307
GSE56105,29374233
GSE56105,30514905
GSE56105,36790133
GSE56105,38548728
GSE56134,25313140
GSE56135,32340108
GSE56151,24711395
GSE56151,25170028
GSE56161,24857656
GSE56170,26417967
GSE56246,25246527
GSE56265,24828490
GSE56277,24997154
GSE56277,26305789
GSE56285,24926788
GSE56291,24814790
GSE563,15155529
GSE56300,23799049
GSE56305,25159520
GSE56381,24887064
GSE56382,24887064
GSE56387,24811312
GSE56388,25527293
GSE56443,25316818
GSE56450,24887064
GSE56452,25589773
GSE56454,24887064
GSE56487,25098168
GSE56542,24777532
GSE56543,24777532
GSE56544,24777532
GSE56560,25587357
GSE56560,28592875
GSE56566,25988972
GSE5660,19211643
GSE5661,19211643
GSE56621,25470663
GSE5665,17234781
GSE56676,24949971
GSE56689,25132549
GSE56690,25132549
GSE56691,25132549
GSE56692,25132549
GSE56693,25132549
GSE56694,25132549
GSE56696,25132549
GSE56744,25335753
GSE56748,24726324
GSE56751,24726324
GSE56785,24381249
GSE5679,16982809
GSE568,15155910
GSE56802,25470060
GSE56805,26339586
GSE56830,24770714
GSE56830,36003264
GSE56833,24995530
GSE56835,24887289
GSE56845,24807713
GSE56863,24847068
GSE56864,24847068
GSE56865,24847068
GSE56867,26996598
GSE56868,25104393
GSE56869,25437436
GSE5687,18419781
GSE5688,18419781
GSE56888,24845860
GSE56900,24812032
GSE56907,24859200
GSE56918,25066055
GSE56928,25284794
GSE56928,26862168
GSE56929,26416964
GSE56930,24936470
GSE56955,25190313
GSE56959,27434123
GSE5696,18419781
GSE5697,18419781
GSE56975,26497311
GSE56975,31319606
GSE5698,18419781
GSE5699,18419781
GSE5700,18419781
GSE5701,18419781
GSE57019,25132062
GSE57021,25132062
GSE57023,25052466
GSE57032,25825448
GSE57042,26283478
GSE57046,25434820
GSE57049,25630241
GSE57100,24952746
GSE57119,27894085
GSE57133,25753424
GSE57134,24599453
GSE57147,25079327
GSE57160,29687884
GSE57165,24916307
GSE57166,24916307
GSE57167,24916307
GSE57168,24916307
GSE57177,25753424
GSE57179,25008523
GSE57206,25258083
GSE57214,25359852
GSE57216,25192463
GSE57239,24965790
GSE57269,25068119
GSE57270,25316818
GSE57276,25316818
GSE57277,25042405
GSE57279,25316818
GSE57280,25316818
GSE57294,25874931
GSE57356,24626806
GSE57359,26784972
GSE57360,26784972
GSE57361,26784972
GSE57362,28924151
GSE57370,25670083
GSE57370,27043538
GSE57380,25625625
GSE57380,26484281
GSE57395,25019369
GSE574,12937414
GSE57401,28396539
GSE57419,25170028
GSE57422,25028470
GSE57429,25003190
GSE57446,23555746
GSE57449,25351332
GSE57467,26717982
GSE57467,27001033
GSE57467,29212533
GSE57467,34272303
GSE57475,26220939
GSE57477,25226589
GSE57479,27354408
GSE57495,26247463
GSE57545,25294912
GSE57552,27797721
GSE57554,25043012
GSE57561,25237102
GSE57561,31703090
GSE57563,25371479
GSE57563,26476451
GSE57566,30614183
GSE57566,31831715
GSE57597,25607839
GSE57602,24958709
GSE57611,25042405
GSE57612,25042405
GSE57678,25348955
GSE57686,25082815
GSE57689,25624355
GSE57700,27840027
GSE57710,25104425
GSE57722,28898250
GSE57729,25594183
GSE57733,25432921
GSE57749,26193637
GSE57750,26193637
GSE57754,26193637
GSE57758,24991957
GSE57763,23386435
GSE57795,25336632
GSE57795,26960974
GSE57795,27302164
GSE578,14665430
GSE57802,25937446
GSE57802,27240531
GSE57823,28481360
GSE57830,25083875
GSE57831,25432921
GSE57832,25432921
GSE57860,25131670
GSE57897,31209222
GSE57914,25186909
GSE57945,25003194
GSE57945,31700112
GSE57961,26051518
GSE57973,27133132
GSE5800,17041601
GSE58038,25675486
GSE5810,17284666
GSE58100,24931609
GSE58140,25857266
GSE58149,25337697
GSE58161,22302877
GSE58171,25032706
GSE58172,25213171
GSE58172,27176220
GSE5819,19772648
GSE58197,25123171
GSE58201,25742000
GSE58207,25510491
GSE58211,24916506
GSE58237,25634742
GSE58247,24762674
GSE58288,25343476
GSE58288,27401554
GSE58289,25343476
GSE58289,27401554
GSE58293,25343476
GSE58293,27401554
GSE58297,24966054
GSE58305,25443836
GSE58310,25258085
GSE58324,25321415
GSE58333,25343476
GSE58333,27401554
GSE58340,25453034
GSE58363,25296024
GSE58365,25176650
GSE58385,26674380
GSE58396,25038413
GSE58404,28179233
GSE58422,28469201
GSE58423,25380226
GSE58436,25856272
GSE58437,28481360
GSE58448,25514182
GSE58449,25514182
GSE5845,17666531
GSE58450,25514182
GSE58451,25514182
GSE58454,25501485
GSE5846,17666531
GSE58471,26110790
GSE58486,25193973
GSE58493,25002228
GSE58498,25002228
GSE58500,25002228
GSE58501,25002228
GSE58514,25891907
GSE58538,26173112
GSE58538,30739914
GSE58560,25716682
GSE58589,25352127
GSE58594,25203323
GSE58606,26056355
GSE58608,25016029
GSE58608,25484259
GSE58608,27657503
GSE58660,25216639
GSE58684,25576597
GSE58721,27043285
GSE58722,25343644
GSE58722,25516478
GSE58722,27803062
GSE58724,25434823
GSE58734,25056318
GSE58744,26755332
GSE58752,25693566
GSE58756,25681333
GSE58766,26282327
GSE58771,25849363
GSE58771,26697320
GSE58824,25145280
GSE58824,26484125
GSE58825,28190001
GSE58846,25236801
GSE58852,25799442
GSE58854,25916830
GSE58867,24986688
GSE58870,25826681
GSE589,15291962
GSE589,16894589
GSE589,17205564
GSE589,17260206
GSE58965,28152015
GSE58979,26028579
GSE58982,25033179
GSE5900,17023574
GSE5900,19965618
GSE5900,33572851
GSE59013,25420416
GSE59015,25843709
GSE59034,30332637
GSE59035,25146236
GSE59038,25472669
GSE59040,25033179
GSE59045,26028579
GSE59137,25414716
GSE59140,25155613
GSE59145,25896507
GSE59146,25896507
GSE59147,25896507
GSE59148,25698924
GSE59163,26612583
GSE59163,27172225
GSE59187,26134422
GSE59192,25108384
GSE592,15291962
GSE592,16894589
GSE592,17205564
GSE592,17260206
GSE59202,25159127
GSE59221,25496090
GSE59242,25104330
GSE59253,25092032
GSE59283,25464844
GSE59285,24993824
GSE59307,25848977
GSE59309,24934224
GSE59312,25100847
GSE59324,26322927
GSE59327,25104425
GSE59344,26465397
GSE59370,25228644
GSE594,15291962
GSE594,16894589
GSE594,17205564
GSE594,17260206
GSE59401,25406666
GSE59415,26307538
GSE59415,27600399
GSE59416,26307538
GSE59416,27600399
GSE59417,26307538
GSE59417,27600399
GSE59426,25959963
GSE59430,25090446
GSE59434,25090446
GSE59435,25090446
GSE59460,25416951
GSE59486,25416951
GSE5951,17003113
GSE59520,25382245
GSE59524,26021296
GSE59528,26612583
GSE59561,25274738
GSE59566,25136333
GSE59569,25192464
GSE59576,26400962
GSE59577,26400962
GSE59578,26400962
GSE59626,25480299
GSE59627,25480299
GSE59628,25480299
GSE59639,28452714
GSE59655,29767438
GSE59655,32054922
GSE59655,37091138
GSE59658,28452714
GSE59671,25915600
GSE59685,25129077
GSE59685,26457534
GSE59696,25192464
GSE59699,26724867
GSE59717,25989971
GSE59717,28135292
GSE59717,29579120
GSE59728,28771353
GSE59729,25892225
GSE5973,20660648
GSE59762,25639361
GSE59770,25382605
GSE59777,25785854
GSE59777,25887447
GSE59777,26248554
GSE59778,25785854
GSE59778,25887447
GSE59778,26248554
GSE59779,25785854
GSE59779,25887447
GSE59779,26248554
GSE59779,29654302
GSE59780,25203443
GSE59784,25745177
GSE59792,25745177
GSE59793,25745177
GSE59799,25355676
GSE59799,26484196
GSE5981,17351046
GSE59810,25104330
GSE59838,25689160
GSE59840,25411354
GSE59844,26022315
GSE59846,25576597
GSE5985,17060474
GSE59852,25754639
GSE59853,25754639
GSE59854,25754639
GSE59858,25576597
GSE59859,26593974
GSE59860,25576597
GSE59866,27880766
GSE59876,25384477
GSE5989,17559302
GSE59893,27322469
GSE5991,17565378
GSE59916,23975027
GSE59916,26484126
GSE59917,23975027
GSE59917,26484126
GSE59918,27322469
GSE5992,17559302
GSE59922,25674539
GSE59924,27002220
GSE5993,17188034
GSE59942,26302407
GSE59942,31467287
GSE59946,26413508
GSE59947,25551767
GSE59947,30458828
GSE59958,25901032
GSE59980,25122745
GSE59984,29757368
GSE59985,29757368
GSE59986,29757368
GSE59988,27172225
GSE59995,25663546
GSE60018,25800778
GSE60034,25799993
GSE60040,25989971
GSE60045,25184677
GSE60047,25219674
GSE60049,25195102
GSE60052,27093186
GSE60081,25670083
GSE60082,25810463
GSE601,14593172
GSE6014,17222789
GSE60141,27203113
GSE60142,27203113
GSE60143,27203113
GSE60185,21364938
GSE60185,25146004
GSE60185,35350772
GSE60192,25195102
GSE602,15148346
GSE60204,25800778
GSE60215,28335028
GSE60229,26325027
GSE60230,26026730
GSE60274,25622821
GSE60274,26482909
GSE60274,29299163
GSE60274,37491696
GSE6028,17085572
GSE60295,25856770
GSE60326,25669981
GSE60345,27364987
GSE60347,25566225
GSE60349,25213859
GSE60359,25307056
GSE604,14593172
GSE60413,25296918
GSE60414,25296918
GSE60423,25205118
GSE60434,26294212
GSE60436,25604687
GSE60438,26010865
GSE60449,25882666
GSE6048,18060089
GSE605,14593172
GSE6050,17565378
GSE6051,17565378
GSE60517,26610607
GSE6052,17565378
GSE60523,25945737
GSE60525,25882666
GSE60526,28604675
GSE60527,25307742
GSE60539,26472973
GSE60548,25403753
GSE60564,26769750
GSE60590,25484259
GSE60590,27657503
GSE60591,25484259
GSE60591,27657503
GSE6060,17157257
GSE60603,25945737
GSE60604,25945737
GSE60605,25945737
GSE6061,17157257
GSE60612,25201530
GSE6063,17374843
GSE60631,26004781
GSE60632,26004781
GSE60633,26004781
GSE60655,25484259
GSE60672,26620638
GSE60674,27694491
GSE60677,26560356
GSE60678,26560356
GSE60679,26560356
GSE60680,26560356
GSE60682,26251845
GSE60685,26236991
GSE6069,17157257
GSE60695,25705018
GSE60749,25471879
GSE60751,23995682
GSE60751,34992297
GSE60761,25333900
GSE60762,25371314
GSE60768,26040288
GSE60791,27073918
GSE60792,27073918
GSE60793,27073918
GSE60807,26908771
GSE60847,25269445
GSE60847,33844153
GSE60860,26707063
GSE60860,31316728
GSE60861,26707063
GSE60861,31316728
GSE60888,25901080
GSE60903,25443294
GSE60926,26898195
GSE60939,25242168
GSE60958,27832192
GSE60972,25993106
GSE60973,25993106
GSE60974,25993106
GSE60979,25579086
GSE60979,26590090
GSE60979,36923555
GSE60980,25579086
GSE60980,26590090
GSE60980,36923555
GSE60989,26927796
GSE60991,25429057
GSE61023,26804915
GSE61024,26804915
GSE61030,25275495
GSE61036,26804915
GSE61041,25892250
GSE61070,25415227
GSE61070,26484214
GSE61125,30487290
GSE61129,25372592
GSE61172,27149922
GSE61189,25252941
GSE61206,25578726
GSE61214,25544761
GSE61224,25968054
GSE61241,27149922
GSE61243,25759377
GSE61244,25759377
GSE61245,25759377
GSE61246,25759377
GSE61254,25326100
GSE6132,17188034
GSE61360,26437366
GSE61362,25928405
GSE61369,26020271
GSE61406,26160903
GSE61420,25280221
GSE61437,25897174
GSE61442,28105698
GSE61462,25446897
GSE61464,25622106
GSE61477,25497086
GSE61487,25294932
GSE61489,27338251
GSE61491,25294932
GSE61492,25294932
GSE61502,25719666
GSE61504,25369933
GSE61515,25873175
GSE61544,25502142
GSE61550,25533783
GSE61568,26017449
GSE61568,39025846
GSE61577,26437366
GSE61583,26121239
GSE61583,26697339
GSE61594,25545346
GSE61596,25085421
GSE61597,25655603
GSE61602,25546133
GSE61632,25607839
GSE61639,25421577
GSE61650,25655603
GSE61651,25655603
GSE61675,25922532
GSE61693,27142104
GSE61700,26078720
GSE61708,29124203
GSE61716,26034286
GSE61720,25351418
GSE61721,25351418
GSE61722,25351418
GSE61740,25351418
GSE61741,25465851
GSE61751,23727006
GSE61826,25456132
GSE61828,26565914
GSE61829,26111345
GSE6184,17111047
GSE6184,25873174
GSE61842,25418722
GSE61852,26295846
GSE6189,18594555
GSE61901,23469939
GSE61901,24421904
GSE61926,28962123
GSE61927,25595792
GSE61931,25454948
GSE61932,25621499
GSE61933,25621499
GSE61968,25602802
GSE61973,25877876
GSE6199,18032389
GSE61994,25569111
GSE61994,34893620
GSE61995,25569111
GSE61995,34893620
GSE61996,25569111
GSE61996,34893620
GSE61997,25569111
GSE61997,34893620
GSE61998,25569111
GSE61998,34893620
GSE6200,18032389
GSE62004,25439725
GSE62010,26039282
GSE62010,26613016
GSE62011,26039282
GSE62011,26613016
GSE62014,24504027
GSE62016,27571409
GSE62017,26039282
GSE62017,26613016
GSE62018,26039282
GSE62018,26613016
GSE62027,27650546
GSE62049,26153425
GSE62101,27571409
GSE6211,17201672
GSE62114,25390333
GSE62116,23770138
GSE62116,25986914
GSE62116,26246306
GSE62116,26631616
GSE62116,29757368
GSE62122,27194798
GSE62129,25706746
GSE62134,25706746
GSE62142,25419629
GSE62145,25403753
GSE62146,25403753
GSE62148,25706746
GSE62183,25435137
GSE62184,25435137
GSE62185,25435137
GSE62186,25435137
GSE62187,25435137
GSE62189,25435137
GSE62194,25440059
GSE62198,25395428
GSE62210,25305080
GSE62238,25627216
GSE62249,25358764
GSE62348,26278786
GSE62359,25368381
GSE62360,26147687
GSE6238,15960800
GSE62394,27578754
GSE62398,26057209
GSE62400,27734932
GSE62407,25460568
GSE6241,18552508
GSE62417,26412305
GSE62437,25395428
GSE62507,25742952
GSE62509,26057209
GSE62510,25502694
GSE62510,26484194
GSE62511,25476932
GSE62524,28924247
GSE62526,25502142
GSE62529,26408659
GSE62529,32911536
GSE62533,26096065
GSE62579,31027998
GSE62617,26387537
GSE62640,25517766
GSE62640,27029739
GSE62668,25480298
GSE62674,25492044
GSE62691,19265543
GSE62691,25639669
GSE62693,19265543
GSE62693,27702798
GSE62699,26381263
GSE627,15659631
GSE62748,25502694
GSE62764,26072163
GSE62795,26716013
GSE62813,23111106
GSE62813,27084430
GSE62823,26699484
GSE62824,26699484
GSE62825,26699484
GSE62846,26813254
GSE62879,25621499
GSE62885,25688064
GSE62889,26240283
GSE629,16284307
GSE62908,25793379
GSE62912,25639793
GSE62947,25993998
GSE62973,25519492
GSE62978,25460572
GSE62979,25460572
GSE62981,25460572
GSE62992,25616342
GSE62992,29374233
GSE630,15659631
GSE630,15960614
GSE63017,28011632
GSE63026,27489280
GSE63029,26621451
GSE63030,25635753
GSE63032,26395599
GSE6304,17183730
GSE63042,25538794
GSE63102,25607660
GSE63104,25607660
GSE63105,25607660
GSE63109,27034986
GSE63111,28592875
GSE63113,25635753
GSE63118,26404698
GSE63127,26771416
GSE63137,26087164
GSE63138,25643696
GSE63138,34238922
GSE63139,25643696
GSE63139,34238922
GSE63140,25643696
GSE63140,34238922
GSE63144,26404698
GSE63147,26404698
GSE63154,25695797
GSE63158,25587357
GSE63158,28592875
GSE63161,27642787
GSE63180,25855289
GSE63191,25561519
GSE63223,27138000
GSE63230,30723117
GSE63238,25819795
GSE63243,26686628
GSE63245,26229149
GSE63246,25780045
GSE63266,25722368
GSE63269,26000488
GSE63269,32888429
GSE63288,25410163
GSE63292,25492044
GSE63293,25492044
GSE63301,25497836
GSE63311,25685830
GSE63332,25681338
GSE63336,25605763
GSE63348,25557080
GSE6335,17261194
GSE63350,25619765
GSE63355,26023162
GSE63358,25436972
GSE6338,17304354
GSE6338,25873174
GSE63381,24952746
GSE6340,17508344
GSE63401,26650186
GSE63402,26650186
GSE63403,26650186
GSE63410,26516201
GSE63432,25552543
GSE63432,26697330
GSE63439,22615366
GSE63443,26602020
GSE63472,26000488
GSE63472,32888429
GSE63473,26000488
GSE63473,32888429
GSE63483,25992613
GSE6349,18622388
GSE6349,18948541
GSE63500,26718529
GSE63503,25548216
GSE63524,26239292
GSE63555,25992613
GSE63556,25992613
GSE63568,25945737
GSE63570,25896322
GSE63571,25664237
GSE63576,26691752
GSE63594,25749076
GSE636,14593172
GSE63601,26260970
GSE63607,26180042
GSE63614,25512507
GSE63629,26040697
GSE63634,26719341
GSE63639,26629322
GSE63646,25512507
GSE63656,25543145
GSE63657,26173833
GSE63667,25964533
GSE6367,19259095
GSE6367,22537114
GSE63672,25712266
GSE63672,27548260
GSE63678,26559525
GSE637,14593172
GSE6370,18762579
GSE6370,26717982
GSE63711,26039089
GSE63712,25620562
GSE63713,26039089
GSE63714,26039089
GSE63715,26039089
GSE63729,26717982
GSE63733,25732829
GSE63754,26307369
GSE63766,28317936
GSE63769,26717982
GSE63769,29598828
GSE63790,25480661
GSE638,14593172
GSE63800,25519955
GSE63806,25895662
GSE63815,26451483
GSE63818,26046443
GSE63820,25573994
GSE63850,25645298
GSE63861,26045162
GSE63868,25706625
GSE63868,28076886
GSE63868,28923004
GSE63868,29765384
GSE63877,26774386
GSE63888,26208636
GSE63889,25818647
GSE639,14593172
GSE63905,25706746
GSE63949,25749076
GSE63976,25813539
GSE63990,26791949
GSE6400,17233922
GSE64006,26717982
GSE64023,25499762
GSE64045,25322074
GSE64051,27251285
GSE64067,26253995
GSE64100,26098771
GSE64109,26243311
GSE64110,26243311
GSE64112,26243311
GSE64114,26243311
GSE64121,25749076
GSE64122,25749076
GSE64168,25799993
GSE64169,25799993
GSE64186,25639471
GSE64198,26001963
GSE64230,26669487
GSE64244,27569549
GSE64245,27097556
GSE64248,26071498
GSE64263,25950834
GSE64285,26984536
GSE64285,30988346
GSE64289,26015430
GSE64293,25762628
GSE64322,25758528
GSE64350,26413813
GSE64351,26744317
GSE64364,25653011
GSE64391,25751743
GSE64392,25957691
GSE64398,25620700
GSE64398,25981962
GSE64403,25477501
GSE64410,25561530
GSE64425,26766587
GSE64443,25664725
GSE64444,25371201
GSE64449,25371201
GSE64452,26214373
GSE64456,27552618
GSE64458,26140591
GSE64459,26140591
GSE64460,26140591
GSE64472,28559461
GSE64478,27199664
GSE64482,25979828
GSE64485,25637603
GSE64485,25986936
GSE64485,30608923
GSE64512,25908251
GSE64512,28289155
GSE64512,28361900
GSE64526,26214373
GSE64533,25664857
GSE64536,25784959
GSE64538,25589554
GSE64551,26443638
GSE64557,26769127
GSE64558,26769127
GSE64560,26769127
GSE64590,25956916
GSE64600,26400170
GSE64605,26220749
GSE64614,28345955
GSE64615,25653011
GSE64616,25653011
GSE64618,27145952
GSE64619,26005866
GSE64620,26427366
GSE64620,28025595
GSE64631,25686840
GSE64631,26484188
GSE64632,25686840
GSE64632,26484188
GSE64633,25686840
GSE64633,26484188
GSE64634,26246469
GSE64660,26452100
GSE6467,22767372
GSE64684,26412562
GSE6469,17875689
GSE64696,19265543
GSE64696,26883725
GSE64703,23966833
GSE64703,25974668
GSE64713,25992859
GSE64750,19706712
GSE64761,30418981
GSE64763,25748237
GSE64765,25758528
GSE64766,25758528
GSE64767,26476451
GSE64768,25651185
GSE64768,26260972
GSE64768,30343673
GSE64768,33417276
GSE64768,34697471
GSE64769,25651185
GSE64769,26260972
GSE64769,30343673
GSE64769,33417276
GSE64769,34697471
GSE64770,25651185
GSE64770,26260972
GSE64770,30343673
GSE64770,33417276
GSE64770,34697471
GSE64798,21896679
GSE64799,21896679
GSE64800,21896679
GSE6481,17464315
GSE64815,27322469
GSE64816,27322469
GSE64817,27322469
GSE64832,26944678
GSE64834,26912365
GSE64845,28041875
GSE64854,26288179
GSE64854,27659207
GSE64855,26075887
GSE64861,25757744
GSE64908,25651185
GSE64908,26260972
GSE64908,30343673
GSE64908,33417276
GSE64908,34697471
GSE64914,25600436
GSE64930,26426330
GSE64930,27107207
GSE64930,34903727
GSE64932,29133078
GSE64937,28041875
GSE64941,25698744
GSE65020,28870993
GSE65036,23853600
GSE65036,25739036
GSE65043,27137185
GSE65044,27137185
GSE65045,27137185
GSE65063,25738607
GSE65066,27068475
GSE65066,27221037
GSE65071,25784290
GSE65074,26851034
GSE6511,22767372
GSE65112,25693838
GSE65113,25799105
GSE6512,22767372
GSE65164,26925321
GSE65167,27044474
GSE65188,26880761
GSE65200,26687066
GSE65211,27660325
GSE65211,32139672
GSE65214,27660325
GSE65214,32139672
GSE65225,26717982
GSE65228,26717982
GSE65236,25784290
GSE65249,26307538
GSE65249,27600399
GSE65253,25957691
GSE65274,26611474
GSE65331,27442111
GSE65338,25941225
GSE65348,25882670
GSE65360,26083756
GSE65361,26642437
GSE65368,25637521
GSE65374,29780577
GSE65375,25799105
GSE65376,25799105
GSE65379,25799105
GSE65414,26184543
GSE65446,25751743
GSE65447,25751743
GSE65466,31856924
GSE65474,26302407
GSE65474,31467287
GSE65478,26412853
GSE65478,26981385
GSE65482,25788983
GSE65503,25754329
GSE65528,26343579
GSE65529,26343579
GSE65530,26343579
GSE65531,26343579
GSE65540,25938420
GSE65542,25800779
GSE65559,26267356
GSE65648,25961914
GSE65668,26343801
GSE65669,26343801
GSE65671,26343801
GSE65677,26687066
GSE65682,26121490
GSE65682,26871709
GSE65682,26950237
GSE65682,26956172
GSE65682,27267747
GSE65682,27495247
GSE65682,28864056
GSE65682,28972859
GSE65682,29349709
GSE65682,30645145
GSE65682,31221213
GSE65682,32514599
GSE65682,34594344
GSE65682,34902047
GSE65682,36514130
GSE65682,37851064
GSE65685,25939354
GSE65719,25905672
GSE65723,27385817
GSE65755,25865356
GSE65770,26900923
GSE65772,26900923
GSE65774,26900923
GSE65775,26900923
GSE65776,26900923
GSE65776,29324753
GSE65793,27133132
GSE65802,25939064
GSE65805,26507129
GSE65819,26017449
GSE65819,39025846
GSE65820,26017449
GSE65820,39025846
GSE65821,26017449
GSE65821,39025846
GSE65823,26463425
GSE65827,25853849
GSE65836,25915124
GSE65848,26657868
GSE65849,27338251
GSE65854,26483207
GSE65856,25939063
GSE65873,27548259
GSE65884,28089671
GSE65885,26687005
GSE65885,26900662
GSE65903,32888486
GSE65926,25921068
GSE65954,26026082
GSE65969,30256508
GSE65976,25934505
GSE65986,26147301
GSE65986,27659536
GSE65995,26876787
GSE66010,27356879
GSE66011,27356879
GSE66012,27356879
GSE66017,25939354
GSE66085,27480274
GSE66093,26766587
GSE66128,27720483
GSE6613,17215369
GSE6613,18669654
GSE66130,30568036
GSE66131,30568036
GSE66132,30568036
GSE66136,26540282
GSE66136,28877236
GSE66158,26621032
GSE66163,27810920
GSE66172,25887447
GSE66172,26248554
GSE66174,27241552
GSE66175,25960328
GSE66175,26484175
GSE66192,25835000
GSE66213,26145176
GSE6624,17259635
GSE6625,17259635
GSE66258,27507904
GSE66262,25887447
GSE66262,26248554
GSE6627,17259635
GSE66279,26366234
GSE66280,26683376
GSE66296,26366234
GSE66306,25938420
GSE66312,25810521
GSE66319,26229056
GSE66334,25984722
GSE6634,17259635
GSE66345,25925480
GSE66360,28947747
GSE66362,27135165
GSE6638,17461784
GSE66380,26384355
GSE66381,26384355
GSE66382,26384355
GSE66400,25938942
GSE66400,32885175
GSE6645,17761519
GSE66456,26236400
GSE66479,25961454
GSE66499,25981554
GSE66534,26659182
GSE66539,27320919
GSE66539,30286710
GSE66578,26571397
GSE66578,37012543
GSE66583,27000654
GSE66593,26729620
GSE66594,26729620
GSE66595,26729620
GSE66612,26461968
GSE6663,18253465
GSE6663,18923020
GSE66667,24398046
GSE66688,25867923
GSE66693,26000488
GSE66693,32888429
GSE66694,26000488
GSE66694,32888429
GSE66698,27546197
GSE66699,27546197
GSE66700,27546197
GSE66702,25938942
GSE66702,32885175
GSE66705,25938942
GSE66705,32885175
GSE66708,25938942
GSE66708,32885175
GSE6671,18253465
GSE6671,18923020
GSE66712,26638077
GSE66712,27135165
GSE66712,32558274
GSE6674,18025183
GSE66771,26932322
GSE66782,25876765
GSE66793,25965570
GSE66795,26694930
GSE66808,26147685
GSE66809,26147685
GSE66810,26147685
GSE66841,34535664
GSE66842,34535664
GSE66843,34535664
GSE66863,26601720
GSE66863,34625038
GSE66863,35574381
GSE66876,25985394
GSE66877,26307087
GSE66881,27705804
GSE66894,27869162
GSE66901,26229056
GSE66918,27381510
GSE66922,26305789
GSE66923,26305789
GSE66967,25874869
GSE66969,26586691
GSE6697,17405863
GSE6698,17405863
GSE66981,26560028
GSE66984,27370212
GSE66994,26258524
GSE66995,25944046
GSE67009,26531099
GSE67011,27053774
GSE67013,27053774
GSE67014,27053774
GSE6703,18253465
GSE6703,18923020
GSE67042,25938942
GSE67042,32885175
GSE67043,25938942
GSE67043,32885175
GSE67044,25938942
GSE67044,32885175
GSE67045,25938942
GSE67045,32885175
GSE67046,25938942
GSE67046,32885175
GSE67051,26490646
GSE67052,26008897
GSE67065,26142430
GSE67069,27484840
GSE67086,25225614
GSE67089,23650391
GSE67089,26251826
GSE67089,26859459
GSE67089,27698350
GSE67089,34806016
GSE67106,25991924
GSE67122,29423132
GSE67124,26599327
GSE67127,26637195
GSE67144,24981610
GSE67164,26189680
GSE67165,22652128
GSE67165,26597293
GSE67166,22652128
GSE67166,26597293
GSE67167,22652128
GSE67167,26597293
GSE67200,27677865
GSE67206,26028330
GSE67213,26553210
GSE67220,27545843
GSE67255,26972611
GSE67256,27198502
GSE67259,26189426
GSE67259,28649393
GSE67300,27641338
GSE67306,27190010
GSE67319,27189941
GSE6732,18025184
GSE67324,26935695
GSE67329,26655797
GSE67345,26727473
GSE67382,26683334
GSE67391,26305884
GSE67401,25993322
GSE67409,26059339
GSE67432,26059339
GSE67433,26059339
GSE67452,28320307
GSE67452,28413565
GSE67462,26832419
GSE67488,26391122
GSE67489,26391122
GSE67490,26391122
GSE67491,26391122
GSE67500,25946135
GSE67509,26934001
GSE67510,26934001
GSE67520,26832419
GSE67529,27576731
GSE6754,17322880
GSE67543,25931473
GSE67556,26140685
GSE67567,21706480
GSE67567,25280944
GSE67567,26134418
GSE67567,26484230
GSE67567,26498025
GSE67567,26556537
GSE67567,27542248
GSE67567,27859817
GSE67567,28341660
GSE67567,28990083
GSE67567,29199037
GSE67567,29456666
GSE67567,29901136
GSE67567,30039593
GSE67567,30904808
GSE67567,30953590
GSE67567,31124977
GSE67567,31266124
GSE67567,31271316
GSE67567,31432173
GSE67567,31621141
GSE67567,32031354
GSE67567,32585234
GSE67567,32945490
GSE67567,33083145
GSE67567,33198793
GSE67590,25916830
GSE67616,26050930
GSE67618,27349893
GSE67627,26924529
GSE67646,26145176
GSE67658,26029872
GSE67659,27401177
GSE67672,26837714
GSE67678,27261415
GSE67679,27261415
GSE67680,27261415
GSE67684,29808917
GSE67690,26400155
GSE67691,25877919
GSE67694,25877919
GSE67704,26539492
GSE67705,27105112
GSE67710,25877919
GSE67715,25877919
GSE67716,26052064
GSE67717,26052064
GSE67718,26052064
GSE67719,25877919
GSE67720,26052064
GSE67721,26052064
GSE67723,26122020
GSE67737,26424569
GSE67780,20141841
GSE67795,26004179
GSE67796,25036611
GSE67796,30283300
GSE6782,17916165
GSE67827,26551682
GSE6783,17322878
GSE6784,17322878
GSE67848,26313525
GSE67848,26702414
GSE6786,17322878
GSE67865,25916830
GSE67883,29765129
GSE67885,26940097
GSE67886,29765129
GSE67888,29765129
GSE679,14993204
GSE67905,26144554
GSE67905,26697328
GSE67918,26934227
GSE67943,24830643
GSE67962,26044300
GSE67964,26044300
GSE67967,26740045
GSE67973,26044300
GSE680,20385809
GSE68003,27226436
GSE68010,26494227
GSE68017,28242647
GSE68036,26551751
GSE68039,27058786
GSE68040,27058786
GSE68044,27058786
GSE68045,27058786
GSE68047,27058786
GSE68052,27058786
GSE68053,27058786
GSE68057,26729235
GSE68058,26135620
GSE68059,26953603
GSE68061,26729812
GSE68061,36930354
GSE68078,27335277
GSE68087,26928226
GSE68104,25804953
GSE68104,34965383
GSE68110,24830643
GSE6814,17685434
GSE68152,26288846
GSE68162,27239403
GSE68163,26701728
GSE68190,26006015
GSE68193,26724867
GSE68211,30236109
GSE68212,30236109
GSE68213,30236109
GSE68245,27525369
GSE68279,26896382
GSE68297,27320910
GSE68297,33654095
GSE68299,25957386
GSE68317,26122662
GSE68324,26167915
GSE68339,26291246
GSE68362,26023795
GSE68363,26006015
GSE68376,26163371
GSE68379,27397505
GSE68387,21455306
GSE68387,24690595
GSE68387,26882475
GSE68427,27400124
GSE68427,27548522
GSE68435,26186436
GSE68449,26002976
GSE68449,26019272
GSE68449,37942320
GSE68451,26636539
GSE68468,12801868
GSE68468,15722375
GSE68468,16489013
GSE68468,17044051
GSE68468,17699774
GSE68468,18483253
GSE68468,19359472
GSE68501,29499134
GSE68502,29499134
GSE68504,29499134
GSE68505,26400962
GSE68514,26463163
GSE68516,26463163
GSE68517,26463163
GSE68527,25998228
GSE6853,18289901
GSE68536,26628922
GSE68584,26750429
GSE68588,26392177
GSE68591,26351324
GSE68602,26073540
GSE6861,18024211
GSE6861,25601208
GSE68610,26116507
GSE68626,26672735
GSE68626,28390424
GSE68630,26749280
GSE68704,27694932
GSE6871,17407386
GSE68710,27108220
GSE68715,26253201
GSE68727,26282157
GSE6873,17407386
GSE68733,28366588
GSE68733,28746311
GSE6874,17407386
GSE68758,27207647
GSE68759,27482295
GSE68762,26857681
GSE68762,27507888
GSE68765,26095365
GSE68766,27256111
GSE68783,26740045
GSE68800,26100017
GSE68800,26303183
GSE68802,27505057
GSE68829,26265072
GSE68839,26684239
GSE68840,26684239
GSE68841,26684239
GSE68852,26442658
GSE68852,28947679
GSE68853,27398620
GSE68863,27207647
GSE68868,26071205
GSE68869,25995385
GSE6887,17488182
GSE68891,35082295
GSE68893,22223661
GSE68896,26584061
GSE68914,26540727
GSE68919,25985394
GSE68919,26524530
GSE68923,28570274
GSE68927,26269178
GSE68937,28570274
GSE68962,27070086
GSE68992,25887447
GSE68992,26248554
GSE68999,35082295
GSE69000,35082295
GSE69004,27208101
GSE69008,27208101
GSE69012,27208101
GSE69041,26845332
GSE6906,17589502
GSE69066,26319495
GSE69078,26109433
GSE69082,26556877
GSE69091,26168399
GSE69103,26319495
GSE69116,26868148
GSE69117,26584636
GSE69122,26638077
GSE69132,26095365
GSE69138,26643952
GSE69138,29515201
GSE69138,36180927
GSE69139,26878240
GSE69140,26878240
GSE69141,26878240
GSE69142,26878240
GSE69143,26878240
GSE69170,26041780
GSE69179,26041780
GSE69180,26041780
GSE69206,26133928
GSE69208,26773003
GSE69224,26646589
GSE69224,26836295
GSE69229,26237075
GSE69230,26258962
GSE69231,26258962
GSE69232,26258962
GSE69243,26646589
GSE69243,26836295
GSE69254,26146073
GSE69259,25998508
GSE69268,26646589
GSE69268,26836295
GSE69279,26646589
GSE69279,26836295
GSE69311,26718006
GSE69319,26676643
GSE69343,26825461
GSE69346,26764573
GSE69354,26278040
GSE69377,26783963
GSE69402,27150562
GSE69402,30333314
GSE69418,26178867
GSE69438,26631632
GSE6945,17320163
GSE69470,26351324
GSE6948,17761750
GSE6949,17761750
GSE69493,28977425
GSE69493,35754713
GSE69495,28977425
GSE69495,33203807
GSE69495,35754713
GSE69496,28977425
GSE69496,33203807
GSE69496,35754713
GSE69517,28421043
GSE69524,26351324
GSE69533,26637527
GSE69554,26070317
GSE69556,26677864
GSE69565,26847029
GSE69580,30602391
GSE69584,26253027
GSE69585,26253027
GSE69586,26253027
GSE69590,27288535
GSE69592,26949256
GSE69593,26949256
GSE69594,26949256
GSE69595,26236400
GSE6960,18593933
GSE69603,26475477
GSE69606,26162090
GSE69615,27105115
GSE69616,27105115
GSE69617,27105115
GSE6962,18593933
GSE69620,26847029
GSE69624,26847029
GSE6965,18426895
GSE69653,28334759
GSE69666,26190106
GSE69667,26926107
GSE69676,27288397
GSE69683,27925796
GSE69688,27479497
GSE69689,26944680
GSE69715,29538454
GSE69716,26718060
GSE6972,18593933
GSE69733,26944680
GSE69734,26944680
GSE69764,26442443
GSE69775,26256209
GSE6978,18763857
GSE69786,24616499
GSE69786,26601269
GSE69802,27724872
GSE69813,28099441
GSE6983,18818083
GSE69838,27483382
GSE69857,26209672
GSE69860,26206884
GSE69874,26394052
GSE6988,17640062
GSE69889,26542580
GSE69893,26116361
GSE69896,27276681
GSE69899,26459632
GSE69909,27388239
GSE69909,27496568
GSE69925,26625258
GSE69930,26432339
GSE69949,26206884
GSE69950,26206884
GSE69969,27815426
GSE69974,30777872
GSE69980,27177310
GSE69988,30962586
GSE69990,27041221
GSE7000,20018727
GSE70015,28991266
GSE70087,26451606
GSE7009,17586820
GSE70107,29306595
GSE70108,26675721
GSE70109,26675721
GSE70110,26675721
GSE70112,26258962
GSE70113,26268413
GSE70133,26214373
GSE70135,26888865
GSE70135,30700829
GSE70151,26000488
GSE70151,32888429
GSE70156,27044095
GSE70165,27436900
GSE70178,26549021
GSE70234,26412562
GSE70270,26207988
GSE70283,26207833
GSE70312,26459632
GSE70313,26459632
GSE70314,26459632
GSE70315,26459632
GSE70342,26207833
GSE70343,26207833
GSE70345,28057743
GSE70353,28257690
GSE70363,26328764
GSE70378,26679539
GSE70378,27318208
GSE70383,26959607
GSE70386,28345861
GSE70387,26257285
GSE70388,26257285
GSE70402,26257285
GSE70409,27436512
GSE70429,26613957
GSE70485,26863196
GSE70498,26279298
GSE70510,27237739
GSE70533,26261339
GSE70534,27353039
GSE70545,26748758
GSE70546,26748758
GSE70547,26748758
GSE70552,26416748
GSE70554,26416748
GSE70555,26416748
GSE70584,26371322
GSE70593,26207833
GSE70595,28831001
GSE70596,26411290
GSE70598,26411290
GSE70599,26411290
GSE70601,26530316
GSE70605,27462457
GSE70606,27462457
GSE70607,27462457
GSE70608,27462457
GSE70608,27626379
GSE70618,26457731
GSE70621,28030832
GSE70630,27806376
GSE70661,27026076
GSE70686,27058663
GSE70694,26344044
GSE70706,26387537
GSE70707,26387537
GSE70713,28298438
GSE70723,27026076
GSE70725,27026076
GSE70726,27026076
GSE70752,26244933
GSE70770,26501111
GSE70770,26950096
GSE70782,28078450
GSE70783,28078450
GSE70787,28078450
GSE70795,26328764
GSE70799,26365490
GSE70801,27058758
GSE70802,27058758
GSE70803,27058758
GSE70804,27058758
GSE70815,27160912
GSE70817,26322075
GSE70819,26463167
GSE70821,26441016
GSE70828,27888558
GSE70840,26687131
GSE70863,26365490
GSE70865,26365490
GSE70874,27888558
GSE70875,27888558
GSE70882,28405622
GSE70921,26748418
GSE70943,34546215
GSE70948,26356302
GSE70948,33606881
GSE70960,26542580
GSE70961,26542580
GSE70970,25738365
GSE70986,26633036
GSE71001,26276836
GSE71032,26321254
GSE71059,26537256
GSE71060,26537256
GSE71061,26537256
GSE71062,26537256
GSE71062,26996379
GSE71081,28397780
GSE71082,26353940
GSE71083,26353940
GSE71084,26353940
GSE71088,26639786
GSE71095,26876937
GSE71096,26876937
GSE71105,26537256
GSE71105,26996379
GSE71127,26272509
GSE71127,27188386
GSE71127,31712839
GSE71155,34846534
GSE71156,27437574
GSE7116,18413829
GSE71166,27533013
GSE71167,27533013
GSE71168,27533013
GSE71169,27533013
GSE71170,27533013
GSE71171,27533013
GSE71174,26411342
GSE7119,19748890
GSE71199,27146892
GSE71237,28011693
GSE71241,26442449
GSE71257,27065194
GSE71281,26411290
GSE71289,26299970
GSE71302,26248649
GSE71318,27315811
GSE71323,27058665
GSE71325,27058665
GSE71326,27058665
GSE71327,27058665
GSE71328,26322139
GSE71330,26343536
GSE71351,28057004
GSE71362,27241552
GSE71396,28180284
GSE71398,27533040
GSE71399,27533040
GSE71400,27533040
GSE71401,27533040
GSE71402,27533040
GSE71403,27533040
GSE71405,26354680
GSE71433,27112564
GSE71434,27626382
GSE7146,17472435
GSE71468,27104978
GSE71497,26071365
GSE71528,24585688
GSE71536,28092684
GSE71569,26896798
GSE71571,25927723
GSE71571,26697360
GSE71572,27043018
GSE71585,26727548
GSE71603,26387712
GSE71614,27194304
GSE71638,28192238
GSE71640,27535791
GSE71679,26935107
GSE7168,15782197
GSE71682,27374614
GSE71701,26411342
GSE71702,26365193
GSE71704,27068475
GSE71704,27221037
GSE71717,26865667
GSE71734,26411289
GSE71735,26696982
GSE71744,28504700
GSE71751,27048872
GSE71752,27048872
GSE71753,27048872
GSE71761,27109826
GSE71761,28508748
GSE71770,28725720
GSE71770,28725724
GSE71770,35141505
GSE71814,26453753
GSE7182,17485517
GSE71825,27861791
GSE71833,26935106
GSE71854,27179036
GSE71866,27027282
GSE71903,25887447
GSE71903,26248554
GSE71934,26477559
GSE71940,27027282
GSE71941,27027282
GSE71942,27027282
GSE71943,27027282
GSE71949,26387754
GSE7197,17468215
GSE71997,27079612
GSE72005,26287681
GSE72010,27959387
GSE72012,27959387
GSE72013,27959387
GSE72040,26436918
GSE72047,26703472
GSE72073,26453058
GSE72076,26733602
GSE72092,26717982
GSE72093,26281848
GSE72094,26477306
GSE72110,26884818
GSE72126,27548260
GSE72126,33006690
GSE72149,26392221
GSE72158,26583585
GSE72169,28116058
GSE72207,28317875
GSE7222,18178720
GSE72223,26875865
GSE72231,26615085
GSE72245,28714863
GSE72251,28714863
GSE72254,28714863
GSE72259,26581162
GSE72267,26510930
GSE72275,27149854
GSE72285,26504220
GSE72286,29736258
GSE72287,29736258
GSE72288,29736258
GSE72298,26944678
GSE72299,26944678
GSE72300,26944678
GSE72308,28714863
GSE72321,26411690
GSE72341,26634440
GSE72381,29114019
GSE72382,29114019
GSE72386,27486872
GSE72388,26632611
GSE72406,27373157
GSE72444,32176716
GSE72449,27869817
GSE72455,27869817
GSE72479,29114019
GSE72493,29114019
GSE72499,29114019
GSE72550,26949250
GSE72582,27876072
GSE72584,26638077
GSE72586,27876072
GSE72599,26878240
GSE72601,28091529
GSE72607,27386920
GSE72608,27386920
GSE72609,27386920
GSE72610,27386920
GSE7262,17559302
GSE72631,26743005
GSE72634,28663557
GSE72640,27167114
GSE72645,26561853
GSE72664,26782054
GSE72664,30106381
GSE72664,31534115
GSE72693,28303927
GSE72696,27386823
GSE72697,27437574
GSE72698,26566685
GSE72721,27167114
GSE72723,27012812
GSE72723,30856376
GSE72731,26507712
GSE72732,27521447
GSE72737,27841873
GSE72741,26659182
GSE72744,26659182
GSE72758,26471504
GSE72773,27511193
GSE72775,27457926
GSE72775,27511193
GSE72775,28198392
GSE72777,27511193
GSE72780,26752649
GSE72781,26752649
GSE72788,26918447
GSE72790,26565915
GSE72790,27604819
GSE72790,32211880
GSE72800,26474067
GSE72809,27552617
GSE72810,27552617
GSE72819,26522261
GSE72829,27552617
GSE72865,26884600
GSE72868,26900848
GSE72882,27841873
GSE72883,27841873
GSE72916,28329758
GSE72917,26324326
GSE72927,27521447
GSE72937,28377822
GSE72952,26490224
GSE72966,27183593
GSE72983,27221067
GSE72987,27935189
GSE72989,26969725
GSE72998,26854228
GSE73005,26608094
GSE73038,26919435
GSE73072,26801061
GSE73073,26400062
GSE73082,26969725
GSE73083,26969725
GSE73084,26969725
GSE7310,17975176
GSE73105,28320772
GSE73109,23680150
GSE73125,27412700
GSE73146,26432860
GSE73146,36449969
GSE7315,17519220
GSE7316,17519220
GSE73160,27247353
GSE73160,32586373
GSE73161,27247353
GSE73161,32586373
GSE73162,27247353
GSE73162,32586373
GSE73167,26719536
GSE7317,17519220
GSE73206,26607380
GSE73207,26607380
GSE73212,27170561
GSE73212,28947543
GSE73213,27170561
GSE73213,28947543
GSE73214,27170561
GSE73214,28947543
GSE73224,26607380
GSE73225,26525672
GSE73238,27111144
GSE73239,27111144
GSE73240,27111144
GSE73255,28561063
GSE73277,26971878
GSE7329,17519220
GSE73302,26938915
GSE73327,26724904
GSE73328,26724904
GSE73329,26724904
GSE7333,17397913
GSE73337,26545077
GSE73338,26446169
GSE73339,32883872
GSE73350,26446169
GSE73355,26669670
GSE73374,26510177
GSE73375,26510177
GSE73377,26510177
GSE73391,27113499
GSE73413,26773099
GSE7343,17397913
GSE73436,27133129
GSE73472,27524623
GSE73478,27690314
GSE73478,27899133
GSE73481,27036048
GSE73481,32723329
GSE73491,26792738
GSE73502,27690314
GSE73502,27899133
GSE73533,26324326
GSE73535,26324326
GSE73557,27126736
GSE73599,28049849
GSE73622,27075616
GSE7364,17470268
GSE73654,26460802
GSE73655,26756592
GSE73663,27221711
GSE73680,27297950
GSE73680,27731368
GSE73698,26549455
GSE73703,26603343
GSE73710,26586723
GSE73731,28779136
GSE73737,27320919
GSE73738,27320919
GSE73741,26686628
GSE73761,26655236
GSE73764,26792343
GSE73765,27690314
GSE73765,27899133
GSE73801,26919435
GSE73832,26169971
GSE73832,28049633
GSE73890,26655901
GSE73892,26584544
GSE73893,26575292
GSE73912,26675721
GSE73913,26675721
GSE73917,28412251
GSE73922,26571404
GSE73930,28591577
GSE73946,26554028
GSE73947,27105517
GSE73952,27626379
GSE73956,30118678
GSE73957,30118678
GSE73958,30118678
GSE7396,19154717
GSE73983,26526858
GSE73984,26562508
GSE73988,28591577
GSE73989,28591577
GSE73994,28412251
GSE73995,28412251
GSE74012,27100007
GSE74030,28337182
GSE74049,26658965
GSE74049,26981420
GSE7405,17651866
GSE7406,17651866
GSE74062,28239649
GSE74064,27135740
GSE74068,26879577
GSE7408,17393978
GSE74094,26586842
GSE74104,27803193
GSE74163,27381039
GSE74168,27992405
GSE74171,27992405
GSE74171,33961791
GSE74172,27992405
GSE74172,33961791
GSE74196,27015311
GSE74201,26651603
GSE74201,29459817
GSE74224,26645559
GSE74230,29334376
GSE74244,29382830
GSE74246,27526324
GSE74265,28652445
GSE74280,26700766
GSE74282,27222470
GSE74294,27825136
GSE74310,27526324
GSE74339,26611474
GSE74344,26902285
GSE74353,27180905
GSE74354,26771498
GSE74356,26871630
GSE74356,26873106
GSE74356,38678011
GSE74370,27010746
GSE7439,17635870
GSE74427,27622331
GSE74456,28439016
GSE74460,26960974
GSE74460,27302164
GSE74488,27212234
GSE74555,27034009
GSE74576,28432216
GSE74594,27089380
GSE74595,27089380
GSE74596,27089380
GSE74597,27089380
GSE74598,26893459
GSE74599,26893459
GSE7460,18024188
GSE74600,26893459
GSE7463,17505532
GSE7463,19077237
GSE74630,26804915
GSE74642,29208650
GSE74653,26731475
GSE74662,26732624
GSE74693,26756304
GSE74693,26812616
GSE7470,17416750
GSE74700,24532717
GSE74700,29208650
GSE74707,28194033
GSE74735,28413018
GSE7474,17515910
GSE74742,28194033
GSE74756,27097056
GSE74758,27298156
GSE74759,27799337
GSE74766,26671237
GSE74812,26711339
GSE74814,27110916
GSE74833,26607794
GSE74833,31197158
GSE74858,26861560
GSE74859,27067026
GSE74879,27158133
GSE74904,27084391
GSE74905,27084391
GSE74906,27084391
GSE74912,27526324
GSE74912,33686069
GSE74925,27244555
GSE74961,26853561
GSE74964,26656643
GSE74965,26656643
GSE74966,26656643
GSE74970,26636678
GSE74971,26656643
GSE74975,26755593
GSE74981,27211549
GSE74988,28045137
GSE74988,28878772
GSE74991,28943253
GSE75000,27210754
GSE75001,26989192
GSE75008,27197161
GSE75008,29974462
GSE75008,33596996
GSE75029,26517526
GSE75044,27183216
GSE75044,30814500
GSE75048,26936506
GSE75050,27165481
GSE75063,29073274
GSE75066,27723719
GSE75077,27058611
GSE75077,27340223
GSE75077,30352852
GSE75085,27479086
GSE75086,30205048
GSE75101,27311934
GSE75103,26607794
GSE75103,31197158
GSE75104,26607794
GSE75104,31197158
GSE75105,26607794
GSE75105,31197158
GSE75106,26607794
GSE75106,31197158
GSE75107,26607794
GSE75107,31197158
GSE75108,26607794
GSE75108,31197158
GSE75109,26607794
GSE75109,31197158
GSE75110,26607794
GSE75110,31197158
GSE75111,26607794
GSE75111,31197158
GSE75123,26554018
GSE75137,26613787
GSE75152,27467239
GSE75164,27034506
GSE75168,26783963
GSE75169,26783963
GSE75170,26671524
GSE75170,27432546
GSE75190,26549411
GSE75192,29382830
GSE75193,27214280
GSE75225,26813785
GSE75233,27376576
GSE75233,31076405
GSE75241,29682174
GSE75241,31901859
GSE75243,29682174
GSE75281,27010746
GSE75282,27010746
GSE753,14695408
GSE75337,29382830
GSE7536,17660535
GSE75371,27716033
GSE75373,29055049
GSE75373,33314197
GSE75384,27526324
GSE75384,33686069
GSE75387,27225130
GSE75390,31672995
GSE75393,31672995
GSE75394,31672995
GSE75395,31672995
GSE75398,26656874
GSE754,14695408
GSE75417,31672995
GSE75441,26771841
GSE75445,27151938
GSE75459,27217703
GSE75488,26863192
GSE755,14695408
GSE75522,26704449
GSE7553,18442402
GSE75532,25858458
GSE7554,17500590
GSE7557,17965775
GSE75602,26828195
GSE75602,37407818
GSE7562,17560336
GSE75654,27014207
GSE75667,27867007
GSE75679,26966136
GSE75690,27626689
GSE7570,18829985
GSE75704,30050033
GSE75711,30310934
GSE75746,28394930
GSE75747,28394930
GSE75757,26813791
GSE75770,27398095
GSE75781,26893473
GSE7579,19375645
GSE75813,26698305
GSE75819,28852211
GSE75830,26993211
GSE75841,29997117
GSE75842,29997117
GSE75866,26804915
GSE75868,27424783
GSE7587,11340181
GSE75879,27570068
GSE75882,27216180
GSE75883,26826238
GSE75914,27570068
GSE75956,27651314
GSE75971,27246191
GSE75987,27624132
GSE75987,29364907
GSE75989,26781438
GSE75996,26751771
GSE76003,27411009
GSE76005,26780092
GSE76006,27749837
GSE76033,26873985
GSE76038,31784729
GSE76038,33051686
GSE76041,31784729
GSE76041,33051686
GSE76043,31784729
GSE76043,33051686
GSE76048,31784729
GSE76048,33051686
GSE76049,31784729
GSE76049,33051686
GSE76052,27570068
GSE76053,27570068
GSE76054,27570068
GSE76055,27570068
GSE76057,26863196
GSE76058,26863196
GSE76065,26965621
GSE76086,26804913
GSE76094,28954282
GSE76094,32001675
GSE76095,26751771
GSE76096,26751771
GSE76105,26803900
GSE76121,28232469
GSE76125,26848154
GSE76146,27006494
GSE76148,26994748
GSE76150,27871362
GSE76224,28118844
GSE76225,31023846
GSE76226,31023846
GSE76227,31023846
GSE76244,27630184
GSE76245,27926879
GSE76248,29867223
GSE76250,26813360
GSE76250,26921339
GSE76250,34615706
GSE76270,27552300
GSE76270,28740209
GSE76299,28377822
GSE76300,27770432
GSE76301,27770432
GSE76302,27770432
GSE76306,27197225
GSE76314,27089514
GSE76315,27617035
GSE76319,26880110
GSE76324,28548877
GSE76326,28548877
GSE76327,28548877
GSE76342,28103240
GSE76348,27048872
GSE76350,28196601
GSE76363,28103240
GSE76400,29682406
GSE76400,39124145
GSE76402,28561063
GSE76436,27777633
GSE76437,27777633
GSE76438,27777633
GSE76445,28123869
GSE76445,32943450
GSE76468,27207528
GSE76475,27104978
GSE76476,27104978
GSE76510,26824222
GSE76538,31780728
GSE76539,27105114
GSE76545,26843653
GSE76547,26843653
GSE76551,26843653
GSE76590,27564131
GSE76637,27058665
GSE76662,27538588
GSE76701,26756417
GSE76702,27147566
GSE76703,27228113
GSE76719,27354218
GSE76740,27713410
GSE76761,29462620
GSE7677,26084333
GSE76792,28004750
GSE76798,28106309
GSE76800,27587343
GSE76802,28263189
GSE76809,21360508
GSE76809,28330499
GSE76809,32210969
GSE7681,26084333
GSE76816,27247229
GSE76837,27252083
GSE76843,26923201
GSE76859,27196599
GSE76860,27196599
GSE76861,27196599
GSE76863,26213102
GSE76878,28542170
GSE76881,26936319
GSE76892,27001825
GSE76892,27146892
GSE76892,27466807
GSE76894,29185012
GSE76894,30956117
GSE76895,29185012
GSE76895,30956117
GSE76896,29185012
GSE76896,30956117
GSE76926,27044474
GSE76927,27044474
GSE76932,27759007
GSE76935,27044474
GSE76943,29229958
GSE76950,27035792
GSE76951,27035792
GSE76952,27035792
GSE76953,27035792
GSE7696,18565887
GSE7696,21642372
GSE7696,37491696
GSE76968,28935237
GSE76970,26853856
GSE76975,28317875
GSE76978,27846391
GSE76984,28317875
GSE76990,26978262
GSE76990,36232951
GSE76990,36834608
GSE76992,26950362
GSE77005,27897969
GSE77021,26933838
GSE77029,27043410
GSE77030,27299852
GSE77051,27346680
GSE77053,28356518
GSE77057,27746044
GSE77057,29795348
GSE77062,26959607
GSE77064,26959607
GSE77065,26959607
GSE77067,27090946
GSE77080,28252645
GSE77095,27824278
GSE77098,27499199
GSE77106,27428900
GSE77109,26959186
GSE77110,26959186
GSE77111,26959186
GSE77128,28408459
GSE77132,26878873
GSE77180,28515355
GSE77182,26987697
GSE77208,27936099
GSE77209,28538184
GSE77213,27311442
GSE77224,27315779
GSE77226,27556946
GSE77240,28018369
GSE77243,26958833
GSE77271,27322257
GSE77277,27105113
GSE77284,28649425
GSE77297,27725812
GSE77309,28723571
GSE77321,27556946
GSE77339,27018577
GSE77342,27001825
GSE77342,27146892
GSE77342,27466807
GSE77346,27267856
GSE77368,27050099
GSE77378,27234258
GSE77394,27694846
GSE77395,27694846
GSE77396,27694846
GSE77428,26858304
GSE77494,27556946
GSE77495,27556946
GSE77508,27302840
GSE77523,27110916
GSE77524,27110916
GSE7753,17968951
GSE77531,27058444
GSE77547,26875865
GSE77548,26875865
GSE77555,31311844
GSE77558,27080129
GSE77576,26875865
GSE77588,28846746
GSE77622,27866876
GSE77624,27050099
GSE77629,27018577
GSE77633,27018577
GSE77634,27018577
GSE77642,30305427
GSE77644,28846746
GSE77647,27296516
GSE77647,32245946
GSE77651,29083320
GSE77653,27699576
GSE77658,26927796
GSE77659,26927796
GSE77681,26989253
GSE77685,29267140
GSE77693,27511730
GSE77705,26944679
GSE77720,26637796
GSE77722,27884981
GSE77745,27666826
GSE77745,29230965
GSE77746,28530678
GSE77772,26916849
GSE77784,27768893
GSE77787,30161141
GSE77788,28199309
GSE77798,28530678
GSE77799,28530678
GSE77814,27211104
GSE7784,17911620
GSE77843,27071537
GSE77844,27160912
GSE77845,27160912
GSE77863,27206856
GSE77900,27198226
GSE77913,26997247
GSE77914,26997247
GSE77915,26997247
GSE77917,26997247
GSE77959,28076331
GSE77965,27347756
GSE7798,17803905
GSE77983,27009811
GSE77994,27642008
GSE77995,27642008
GSE78001,27056890
GSE78004,27281795
GSE78005,27064252
GSE78046,29084509
GSE78047,27052314
GSE78069,27626179
GSE78070,27996033
GSE78071,26961242
GSE78077,27399916
GSE78077,33724958
GSE78083,26976439
GSE78118,27911772
GSE78121,27576731
GSE78122,27576731
GSE78123,27576731
GSE78124,27576731
GSE78130,29382830
GSE7814,17991715
GSE78152,27191603
GSE7816,17545284
GSE78171,27533013
GSE78176,28103240
GSE78213,28805822
GSE7823,18600498
GSE78243,27091841
GSE78244,27626663
GSE78256,28991266
GSE78257,28991266
GSE78272,26900923
GSE78273,26900923
GSE78274,26900923
GSE78284,27748765
GSE78285,27748765
GSE78286,27748765
GSE7849,18167534
GSE78498,27230657
GSE78502,27020553
GSE78507,27068461
GSE78508,27068461
GSE78509,27068461
GSE78511,27666746
GSE78512,27602759
GSE7852,19633656
GSE78688,27830782
GSE78695,28265057
GSE78696,27092172
GSE78697,28459433
GSE78724,27531910
GSE78727,27666746
GSE78736,29538454
GSE78737,29538454
GSE7879,21081659
GSE78795,29320736
GSE788,15088380
GSE78824,26037119
GSE78824,27033523
GSE78824,28976803
GSE78832,27111506
GSE78851,27233751
GSE78873,27315481
GSE78874,27511193
GSE78875,27286452
GSE78911,27618837
GSE78912,27618837
GSE78922,27629486
GSE78944,27510727
GSE78953,29679008
GSE78953,32275650
GSE78953,33425249
GSE78958,27148454
GSE7897,18922927
GSE78992,27919081
GSE78999,27919081
GSE79000,27919081
GSE79006,28495592
GSE79022,28320772
GSE79024,27149838
GSE79028,27977683
GSE79029,28046107
GSE79030,28046107
GSE79032,28046107
GSE79045,27476854
GSE79047,27476854
GSE79048,27476854
GSE79062,29067999
GSE79071,27238082
GSE79090,27160912
GSE79108,28514446
GSE79111,28389511
GSE79120,27132592
GSE79164,27002153
GSE79165,27002153
GSE79166,27002153
GSE79168,27002153
GSE79195,27594588
GSE79196,28522579
GSE79209,28533227
GSE79210,28533227
GSE79223,29789568
GSE79240,27852285
GSE79260,27198226
GSE79261,27198226
GSE79264,30064361
GSE79300,27840020
GSE79309,27840020
GSE79310,27840020
GSE79315,28533227
GSE79332,28807940
GSE79351,27198226
GSE79366,27749841
GSE79367,28335821
GSE79377,27802170
GSE79378,27185370
GSE79385,27153642
GSE79413,27089514
GSE79442,28088670
GSE79446,27195705
GSE79450,27666791
GSE79452,27044867
GSE79468,30145115
GSE79469,27133132
GSE79533,27634205
GSE79543,29066820
GSE79551,27623010
GSE79563,27550178
GSE79564,27550178
GSE79565,27550178
GSE79581,29067999
GSE7959,22065083
GSE79591,29067999
GSE79592,29067999
GSE79594,29067999
GSE79601,27576952
GSE79602,27576952
GSE79603,27576952
GSE79614,29067999
GSE79615,29067999
GSE79626,28344080
GSE79632,28394372
GSE79633,28394372
GSE79636,28017796
GSE79636,33362275
GSE79639,27733359
GSE79640,27733359
GSE79658,28609657
GSE79661,30397325
GSE79664,27153541
GSE79671,28420326
GSE79676,30429332
GSE79684,27733359
GSE79685,27733359
GSE79686,27733359
GSE79688,23552882
GSE79689,28609657
GSE79691,28193624
GSE79696,27991918
GSE79698,27535961
GSE79708,27243651
GSE79709,27243651
GSE79710,27243651
GSE79711,27486903
GSE79729,27750280
GSE79729,31249869
GSE79751,27920338
GSE79752,27920338
GSE79753,27920338
GSE79754,27920338
GSE79755,27920338
GSE79779,27078102
GSE79786,27456128
GSE79792,28977534
GSE79813,27402842
GSE79814,27402842
GSE79815,27402842
GSE7985,20819179
GSE7986,20819179
GSE79861,27132940
GSE79879,29768178
GSE79879,38215172
GSE79880,27997543
GSE79881,27401556
GSE79881,31074696
GSE79888,27482887
GSE79902,27174676
GSE79921,27749837
GSE79946,27653681
GSE79954,19265543
GSE79954,27636101
GSE79966,27132940
GSE79967,27132940
GSE80004,27739513
GSE80026,27194709
GSE80027,27194709
GSE80039,27018577
GSE80042,30194451
GSE80061,28346493
GSE80062,28151558
GSE80065,27189574
GSE80065,29968710
GSE80077,28412725
GSE80093,27739513
GSE80109,27739513
GSE80120,27616062
GSE80121,27616062
GSE8016,18354476
GSE8017,18354476
GSE8018,18354476
GSE80185,27485040
GSE80196,28157508
GSE80202,28157508
GSE80203,28157508
GSE80204,28157508
GSE80205,28157508
GSE80224,27616062
GSE80233,27364358
GSE80237,27223264
GSE80246,27791169
GSE80259,28112681
GSE80273,27430407
GSE80273,32213963
GSE80279,27569060
GSE80298,27272143
GSE80321,27939218
GSE80338,27312099
GSE80351,27482887
GSE80382,31024170
GSE80383,31024170
GSE80384,27909050
GSE80394,28720901
GSE80401,28424819
GSE80410,27388901
GSE80412,27552617
GSE80420,27345838
GSE80437,29110684
GSE80442,27699187
GSE80459,27478039
GSE80463,27681425
GSE80470,27935476
GSE80471,27935476
GSE80472,27935476
GSE80482,27939218
GSE80483,27939218
GSE8049,18037961
GSE80496,27552617
GSE80506,27881867
GSE80511,27939218
GSE8052,17611496
GSE8054,18059179
GSE8055,18059179
GSE80550,27350605
GSE80559,28431118
GSE80561,27939218
GSE80564,27811239
GSE80565,27811239
GSE80566,27811239
GSE80567,27811239
GSE80568,27811239
GSE80583,30456361
GSE80588,30016497
GSE80588,33047485
GSE80589,28404604
GSE80601,28747678
GSE80601,31281502
GSE80601,31695787
GSE80601,33311456
GSE80605,27659211
GSE8061,21252299
GSE80635,27356971
GSE80665,27349893
GSE80667,27650546
GSE80673,27408771
GSE80682,28199841
GSE80685,28067867
GSE80720,28365150
GSE80726,28365150
GSE80727,28365150
GSE80744,27419873
GSE80744,35440059
GSE80787,27239938
GSE80788,27239938
GSE80789,27239938
GSE80791,29529258
GSE80792,29529258
GSE80793,29529258
GSE80795,29529258
GSE80797,29529258
GSE80799,29529258
GSE80802,27663586
GSE80808,27500525
GSE80810,28134930
GSE80820,27643841
GSE80823,28071684
GSE8093,18039366
GSE80957,29287281
GSE8096,16849555
GSE80966,27775720
GSE80985,28811571
GSE81001,29073069
GSE81017,27598998
GSE81039,30287954
GSE81040,34535664
GSE81046,27768889
GSE81046,27899133
GSE81062,27325891
GSE81068,27333046
GSE81094,28193641
GSE81100,28221375
GSE81100,36561348
GSE81111,27492902
GSE81162,27612429
GSE81176,27271618
GSE81189,27430722
GSE81204,27693255
GSE81206,27693255
GSE81207,27693255
GSE81232,28397780
GSE81233,29255258
GSE81235,29930727
GSE81240,27590817
GSE81259,28582527
GSE81266,28221248
GSE81275,27939218
GSE81276,27527664
GSE81301,28607076
GSE81303,32499568
GSE81315,29233556
GSE81345,28625551
GSE81347,27730214
GSE81360,28423511
GSE81361,27446194
GSE81361,29335449
GSE81361,32765550
GSE8137,17601789
GSE81373,28585531
GSE81388,27338251
GSE81394,32499568
GSE81395,29452566
GSE81395,32499568
GSE81408,27401342
GSE81420,28213513
GSE81421,28213513
GSE81422,28213513
GSE81436,27208249
GSE81437,28487411
GSE81444,28365150
GSE81448,27799559
GSE81451,29233556
GSE81470,28292424
GSE81475,27568284
GSE81517,28424164
GSE81518,28424164
GSE81519,28424164
GSE81623,27505670
GSE81628,27545881
GSE81639,29562175
GSE81664,27747157
GSE8167,18757323
GSE81687,28538184
GSE81688,28538184
GSE81689,28538184
GSE81705,27505670
GSE81730,31068472
GSE81741,28028135
GSE81751,32671071
GSE81756,27474899
GSE8177,16791208
GSE81779,27694442
GSE81781,27694442
GSE81784,27694442
GSE81801,34535664
GSE81810,27898737
GSE81810,31710657
GSE81815,31024170
GSE81951,28967519
GSE81956,27306610
GSE8196,17545284
GSE82004,28067906
GSE82007,12096084
GSE82022,28009303
GSE82023,27454520
GSE82039,27938667
GSE82040,27938667
GSE82041,27938667
GSE82047,28108622
GSE82058,27409664
GSE82071,26460041
GSE82082,27773675
GSE82104,27987431
GSE82110,27987431
GSE82115,27760318
GSE82143,28425916
GSE82158,28694385
GSE82168,29643512
GSE82170,29643512
GSE82172,28522855
GSE82172,32230714
GSE82173,28522855
GSE82173,32230714
GSE82175,27623287
GSE82189,27659047
GSE82199,28666125
GSE82229,29026081
GSE82230,29026081
GSE82269,28181347
GSE82287,33302864
GSE82291,28440341
GSE82291,29438977
GSE82292,27681425
GSE82292,28049773
GSE82292,28440341
GSE82292,29438977
GSE82293,27987431
GSE82299,27987431
GSE8239,18283665
GSE8300,20654709
GSE83097,28545780
GSE83098,29078349
GSE83099,29078349
GSE83126,28069602
GSE83127,28069602
GSE83128,28069602
GSE83140,28981098
GSE83142,27916615
GSE83148,28328162
GSE83148,30466390
GSE83148,31282064
GSE83215,28967519
GSE83218,27806947
GSE83223,28735374
GSE83223,32296077
GSE83223,34722599
GSE83231,29269732
GSE83234,28457744
GSE83235,28457744
GSE83236,28457744
GSE83238,28457744
GSE8327,20007864
GSE83285,28967519
GSE83296,28581502
GSE83311,27733379
GSE83315,27499023
GSE83315,30643266
GSE8332,17767167
GSE83322,27345421
GSE83334,27259700
GSE83350,28052262
GSE83355,28452714
GSE83360,28855339
GSE83368,27532055
GSE83380,27591365
GSE83402,28484260
GSE83418,27539849
GSE83422,27733379
GSE83431,29162050
GSE83431,30003673
GSE83431,34332122
GSE83431,35205309
GSE83441,29889102
GSE83452,28679947
GSE83474,28920956
GSE8349,18331641
GSE8349,18927111
GSE83512,28526299
GSE83525,28264028
GSE83532,27322744
GSE83533,27322744
GSE83534,27322744
GSE83550,28892060
GSE83553,27910818
GSE83557,28452714
GSE83567,28663935
GSE83583,27545456
GSE83591,28535374
GSE83614,29269732
GSE83619,28041957
GSE83631,31723143
GSE83635,27626385
GSE83638,27487209
GSE83641,28248553
GSE83642,28870693
GSE83649,28614298
GSE83651,28614298
GSE83652,28614298
GSE83653,28614298
GSE83659,32826883
GSE83660,27498870
GSE83669,27608715
GSE83671,28076791
GSE83673,28698627
GSE83678,29269732
GSE8368,18689800
GSE83687,28892060
GSE83691,28302680
GSE83699,30446643
GSE83701,29540663
GSE83701,29706629
GSE83701,32929374
GSE83708,28031287
GSE83708,32426945
GSE83709,28031287
GSE83709,32426945
GSE83710,28031287
GSE83710,32426945
GSE83711,28031287
GSE83711,32426945
GSE83721,28944870
GSE83730,27445395
GSE83731,27445395
GSE83732,27445395
GSE83736,27926862
GSE83765,27424783
GSE83789,27445394
GSE83790,27445394
GSE83791,27445394
GSE83808,28630090
GSE83811,28588211
GSE83821,28959008
GSE83834,28390866
GSE83842,27926516
GSE83847,27912061
GSE83848,27912061
GSE83850,27912061
GSE83862,27798262
GSE83864,27809917
GSE83917,28068672
GSE83917,34716314
GSE83917,34824250
GSE83918,29398449
GSE83918,33928261
GSE83926,28614293
GSE83927,28614293
GSE83928,28614293
GSE83933,28775249
GSE83953,28137254
GSE83993,28320934
GSE83999,29742422
GSE84009,28706564
GSE84010,26124478
GSE84019,28297678
GSE84022,27637145
GSE84027,33831432
GSE84042,28068672
GSE84042,34716314
GSE84042,34824250
GSE84043,28068672
GSE84043,34716314
GSE84043,34824250
GSE84050,28953874
GSE84050,28959962
GSE84070,28970523
GSE84070,30874584
GSE84070,34685551
GSE84070,34997006
GSE84070,37759522
GSE84088,28953874
GSE84089,28953874
GSE84090,28953874
GSE84090,28959962
GSE84101,28273093
GSE84106,27698350
GSE84116,27846391
GSE84133,27667365
GSE84135,30166344
GSE84188,28331091
GSE84192,27574101
GSE84193,27574101
GSE84194,27574101
GSE84197,28147284
GSE84199,28147284
GSE84203,28147284
GSE8421,17895393
GSE84216,28193834
GSE84241,27773593
GSE84246,29771686
GSE84247,29771686
GSE84248,29771686
GSE84259,28052240
GSE84284,28076785
GSE84292,27574101
GSE84293,27574101
GSE84300,27479086
GSE84335,27677841
GSE84336,27677841
GSE84337,27677841
GSE84338,27677841
GSE84382,27424783
GSE84418,28953874
GSE84422,27799057
GSE84440,28060870
GSE8445,26084333
GSE84480,28304275
GSE84493,28605401
GSE84534,27595405
GSE84559,28181038
GSE84589,29059322
GSE84598,28415775
GSE84598,32486514
GSE84599,31417029
GSE84616,28093525
GSE84617,28093525
GSE84622,28093525
GSE84646,28112738
GSE84646,29702633
GSE84646,29731168
GSE84657,28805829
GSE8466,17510436
GSE84660,28805829
GSE84661,28805829
GSE84662,28805829
GSE84682,27807171
GSE84693,27929099
GSE84697,27855702
GSE84706,28837809
GSE84747,28668075
GSE8476,17692804
GSE84767,20582282
GSE84767,30564271
GSE8477,17692804
GSE84821,28215843
GSE84822,28215843
GSE84823,28215843
GSE84827,28935958
GSE84849,29988124
GSE8487,17692804
GSE84893,27699251
GSE84920,28135255
GSE84922,28031467
GSE84923,28031467
GSE84924,28031467
GSE8493,18154652
GSE84933,28830102
GSE84935,28012437
GSE84943,27856734
GSE84945,28669602
GSE84947,30779940
GSE84965,27656675
GSE85007,27518660
GSE85011,27980086
GSE85035,27846907
GSE85044,28197369
GSE8507,17881745
GSE85071,27525555
GSE85072,27525555
GSE85073,27525555
GSE85094,36369237
GSE85121,29754582
GSE85121,32749854
GSE85124,28366642
GSE85125,28366642
GSE85127,28366642
GSE85168,29973406
GSE85169,29973406
GSE85170,29973406
GSE85171,29973406
GSE85176,27568558
GSE85179,28385888
GSE85181,28366642
GSE85182,28366642
GSE85187,28472346
GSE85187,37468105
GSE85195,28433800
GSE85195,37245006
GSE85198,28228255
GSE85212,28609654
GSE85212,30324512
GSE85217,28609654
GSE85217,30324512
GSE85218,28609654
GSE85218,30324512
GSE85230,31767564
GSE85230,32903551
GSE85240,29507226
GSE85251,29795194
GSE85258,27993815
GSE85269,30158154
GSE85273,28325473
GSE85301,27926516
GSE85307,27841759
GSE85307,37905457
GSE85325,28577314
GSE85330,28663367
GSE85331,28663367
GSE85332,28663367
GSE85339,27958370
GSE85369,33251223
GSE85370,33251223
GSE85371,33251223
GSE85372,33251223
GSE85373,33251223
GSE85377,28687705
GSE85377,32681011
GSE85379,27773628
GSE85414,27759021
GSE85422,27641500
GSE85448,28235783
GSE8546,18676754
GSE85489,28266527
GSE85514,28433800
GSE85514,37245006
GSE85517,28480880
GSE85520,27637148
GSE85532,28754678
GSE85536,28108626
GSE85565,28481916
GSE85589,33498271
GSE85589,39090283
GSE85595,27883312
GSE85598,30962586
GSE85599,29259291
GSE85619,28457705
GSE85645,28385888
GSE8565,18598941
GSE85654,28385888
GSE85658,28385888
GSE85659,28751774
GSE85661,28385888
GSE85662,28385888
GSE85663,28385888
GSE85664,28385888
GSE85665,28385888
GSE85666,28385888
GSE85667,28385888
GSE85668,28385888
GSE85669,28385888
GSE85672,27993966
GSE85673,28297678
GSE85689,27424783
GSE85698,28073842
GSE85700,28385888
GSE85708,27424783
GSE85718,28068222
GSE85726,27591185
GSE85727,27591185
GSE85728,27591185
GSE85732,28032595
GSE85733,28032595
GSE85734,28032595
GSE85793,27720451
GSE85796,27800025
GSE85801,27991928
GSE85803,30185909
GSE85839,27668937
GSE85853,28625481
GSE85861,27829007
GSE85862,28385888
GSE85865,28385888
GSE85866,28385888
GSE85869,28385888
GSE85886,30337373
GSE85899,27703239
GSE8590,21142452
GSE85914,29584733
GSE85938,29180699
GSE85939,29180699
GSE85940,29180699
GSE85941,29180699
GSE85942,29180699
GSE85955,27608497
GSE85956,30518632
GSE8596,18212050
GSE85961,30337373
GSE85988,27856324
GSE8599,17635928
GSE85991,30337373
GSE85999,27872814
GSE8600,17635928
GSE86000,27843766
GSE86015,27819679
GSE86023,29020985
GSE86029,31040302
GSE86038,27773581
GSE86040,27773581
GSE86041,27773581
GSE86043,27773581
GSE86058,29452591
GSE86058,32126024
GSE86059,29452591
GSE86059,32126024
GSE86063,29157197
GSE86064,29581847
GSE86067,29622548
GSE86068,28035374
GSE86077,27730721
GSE86119,28385888
GSE86120,28385888
GSE86121,28385888
GSE86122,28385888
GSE86123,28385888
GSE86124,28385888
GSE86125,28385888
GSE86126,28385888
GSE86127,28385888
GSE86129,28385888
GSE8613,17785431
GSE86130,28385888
GSE86131,28385888
GSE86132,28385888
GSE86133,28385888
GSE86134,28385888
GSE86135,28385888
GSE86136,28385888
GSE86137,28385888
GSE86138,28385888
GSE86146,28457750
GSE86147,28490812
GSE86151,28191887
GSE86153,28445462
GSE86166,28629479
GSE86200,27711190
GSE86212,29179815
GSE86212,36587182
GSE86213,30953555
GSE86213,31311601
GSE86213,31358019
GSE86218,27773581
GSE86223,27773581
GSE86224,27773581
GSE86227,27773581
GSE86236,29404495
GSE86242,27799288
GSE86267,27705793
GSE86277,30115973
GSE86277,33854067
GSE86278,30115973
GSE86278,33854067
GSE86281,30115973
GSE86281,33854067
GSE86292,29404495
GSE86300,27699244
GSE86302,28054337
GSE86307,30818362
GSE86313,29474379
GSE86325,30818362
GSE86328,29875417
GSE86333,29875417
GSE86334,29875417
GSE86335,29875417
GSE86344,28498804
GSE86349,28553950
GSE86354,29057876
GSE86355,28578692
GSE86380,30559749
GSE86392,28780410
GSE86392,29098013
GSE86417,27883889
GSE8642,18025261
GSE8644,17761142
GSE86454,29428674
GSE86456,29428674
GSE86457,29428674
GSE86458,29428674
GSE86462,27773581
GSE86464,27773581
GSE86474,31161221
GSE8648,18221507
GSE8650,17724127
GSE86504,28474697
GSE86506,28123069
GSE8652,17515910
GSE86521,27875245
GSE86550,28549128
GSE86594,28640846
GSE86595,29024665
GSE86605,27655893
GSE86607,27767028
GSE86633,28615618
GSE86634,28615618
GSE86635,28615618
GSE86636,28615618
GSE86637,28615618
GSE86638,28615618
GSE86639,28615618
GSE86640,28615618
GSE8665,18212050
GSE8667,17542650
GSE86792,32614830
GSE86793,28018974
GSE86795,31101825
GSE868,15054142
GSE86827,27841873
GSE86839,28187446
GSE86846,27354116
GSE86851,28240319
GSE86871,28904384
GSE86886,29988122
GSE86887,29988122
GSE86888,29988122
GSE86894,28094016
GSE86894,28296636
GSE86897,27664237
GSE86940,27866838
GSE86945,30115973
GSE86945,30705400
GSE86945,31261762
GSE86945,33854067
GSE86946,30115973
GSE86946,30705400
GSE86946,33854067
GSE86948,30115973
GSE86948,30705400
GSE86948,31261762
GSE86948,33854067
GSE86960,28042677
GSE86960,37463905
GSE86974,28190776
GSE86984,28245863
GSE86997,27783952
GSE87019,28007902
GSE8704,17936559
GSE87048,33854067
GSE87049,33854067
GSE87050,27406984
GSE87053,28174608
GSE87068,29022589
GSE87069,28094018
GSE87082,26979051
GSE87085,29580384
GSE87090,27852626
GSE87110,28041929
GSE87111,30262994
GSE87122,28368454
GSE87124,29118979
GSE87125,29118979
GSE87136,29340039
GSE87153,27276681
GSE87175,29507348
GSE87176,28687705
GSE87178,29358650
GSE87178,34197620
GSE87179,29358650
GSE87179,34197620
GSE87180,29358650
GSE87180,34197620
GSE87181,29358650
GSE87181,34197620
GSE87182,28687705
GSE87182,32681011
GSE87183,29358650
GSE87183,34197620
GSE87184,29358650
GSE87184,34197620
GSE87185,29358650
GSE87185,34197620
GSE87198,29022589
GSE87208,27783942
GSE87211,29119627
GSE87214,28487280
GSE8725,18159241
GSE87273,27773700
GSE87289,29302039
GSE87311,28825700
GSE87329,27702693
GSE87335,28123877
GSE87341,27926879
GSE87358,30967542
GSE87372,27746097
GSE8739,17933900
GSE8741,17933900
GSE87448,27694579
GSE87449,28811555
GSE87463,28558071
GSE87467,29109286
GSE87468,28811555
GSE87468,37958999
GSE87472,28414315
GSE87483,28167789
GSE87484,28304275
GSE87485,28304275
GSE87522,28294943
GSE87523,28294943
GSE87524,28294943
GSE87527,27863245
GSE8753,18292748
GSE87530,27941241
GSE87534,29896299
GSE87541,28937961
GSE87548,28112643
GSE87568,28365779
GSE87569,28326190
GSE87570,29125598
GSE87570,32796817
GSE87577,29549331
GSE87582,27629381
GSE87622,29298422
GSE87629,28508029
GSE87633,28942919
GSE87644,28559416
GSE87645,28559416
GSE87647,28465430
GSE87695,28438259
GSE87697,27756904
GSE87735,28803729
GSE87743,28030540
GSE87744,28577314
GSE87752,28577314
GSE87769,28577314
GSE8777,18172304
GSE8778,18172304
GSE87786,28059770
GSE87796,28698620
GSE87797,28698620
GSE87798,28698620
GSE87802,28235197
GSE87838,28235197
GSE8785,17933900
GSE87855,28760966
GSE87888,27821408
GSE8789,16789837
GSE87892,27821408
GSE87900,33351127
GSE87908,33467116
GSE87909,28235197
GSE87913,28235197
GSE87915,28235197
GSE8846,20007864
GSE8854,18463634
GSE8855,17851529
GSE8857,17974019
GSE88724,30514258
GSE88725,28301469
GSE88728,27901112
GSE88733,29706544
GSE88734,29706544
GSE88735,29706544
GSE88738,29706544
GSE88741,29269732
GSE88756,29748571
GSE88757,29748571
GSE88758,29748571
GSE88759,29748571
GSE88778,28380380
GSE88779,28380380
GSE88800,27814401
GSE88804,28954282
GSE88819,32894169
GSE88826,28134926
GSE88826,32103242
GSE88835,29122925
GSE8885,17965714
GSE88858,27864467
GSE8886,18413601
GSE88860,28759650
GSE88871,28805822
GSE88872,28805822
GSE88874,25791846
GSE88874,27965039
GSE88874,30994250
GSE88913,27901112
GSE88914,27901112
GSE88915,27901112
GSE88961,29861157
GSE88963,30874579
GSE88963,31092818
GSE88963,38184695
GSE88988,28935841
GSE88997,28272465
GSE89000,28174235
GSE89008,30146161
GSE89051,28402935
GSE89051,30557328
GSE89059,28139706
GSE89065,28139706
GSE89066,28139706
GSE89082,36713383
GSE89107,28505145
GSE8912,20043233
GSE8913,20043233
GSE89147,28747678
GSE89147,36171606
GSE89162,28545102
GSE89162,30988346
GSE89169,29606099
GSE89186,29029437
GSE89186,29803224
GSE89190,28575086
GSE89232,27864467
GSE89240,29996948
GSE89249,27919753
GSE8925,20043233
GSE8926,20043233
GSE8927,20043233
GSE89271,27864379
GSE89280,31682608
GSE89285,31682608
GSE89287,28487489
GSE89306,27880765
GSE89362,31682608
GSE89393,30231850
GSE89414,28203709
GSE89420,29364875
GSE89447,29472356
GSE89465,27840109
GSE89497,30042384
GSE89521,31076479
GSE89549,28285905
GSE89555,29237780
GSE89556,34843580
GSE89559,28658622
GSE89563,28716897
GSE8957,18199530
GSE89570,28925386
GSE89571,29230367
GSE89581,27914912
GSE89582,27914912
GSE89583,27914912
GSE89584,27914912
GSE8964,18311149
GSE89658,28341772
GSE89663,29700467
GSE89663,32164155
GSE8967,18691415
GSE89700,29720215
GSE89717,27914912
GSE8972,15163632
GSE89745,28076790
GSE89747,28667006
GSE89748,28667006
GSE89749,28667006
GSE89759,28878352
GSE89760,28878352
GSE89762,27913603
GSE89764,28205547
GSE8980,17965714
GSE89803,28667006
GSE89833,28341772
GSE89834,28067246
GSE89837,28341772
GSE89843,28810146
GSE89843,30894694
GSE89843,34344933
GSE89843,37291189
GSE89852,28426876
GSE89852,32685988
GSE89856,28982115
GSE8987,18513428
GSE8988,18562560
GSE8988,20500897
GSE8988,21040584
GSE89891,29145444
GSE89895,29208628
GSE89915,29036922
GSE89918,29950719
GSE8994,17997849
GSE89953,28708019
GSE89953,32343675
GSE89953,36821369
GSE89991,27941249
GSE89997,29132146
GSE89998,28515367
GSE90016,29377931
GSE90024,28734833
GSE9004,19574439
GSE90044,28473531
GSE90057,28052262
GSE90073,29153655
GSE90074,29153655
GSE90076,29153655
GSE9012,18026104
GSE90124,27993549
GSE90142,28106918
GSE9015,18256232
GSE9015,24212793
GSE90150,28533418
GSE90156,33044766
GSE90164,28504680
GSE9017,18208606
GSE90449,27881051
GSE90449,29172152
GSE90450,28570274
GSE90496,29539639
GSE90496,36964296
GSE90497,29144460
GSE90498,29232556
GSE905,14976350
GSE90506,27903529
GSE90524,28177879
GSE90524,32355793
GSE90595,29444893
GSE90622,29131815
GSE90622,32669036
GSE90656,28190001
GSE90657,28069602
GSE90658,28581443
GSE90659,28190001
GSE90666,28190001
GSE90670,28190001
GSE90683,28740262
GSE90697,28942919
GSE90728,28628092
GSE90729,28628092
GSE90730,28628092
GSE90742,29323290
GSE90742,32025033
GSE90766,28380380
GSE90778,29205775
GSE90795,30055169
GSE90864,27996000
GSE90881,28733045
GSE90883,28890086
GSE90897,28138558
GSE90900,28600325
GSE90902,28729434
GSE90904,28415643
GSE90922,28025139
GSE90941,28843847
GSE90953,12075054
GSE90967,28211448
GSE91000,28923859
GSE91003,28592649
GSE91018,29959281
GSE91018,31061469
GSE91019,29959281
GSE91019,31061469
GSE91020,29959281
GSE91020,31061469
GSE91029,28386079
GSE91036,28167789
GSE91037,28138564
GSE91037,30703341
GSE91038,28981894
GSE91040,28981894
GSE91041,28981894
GSE91043,28497787
GSE91049,28076795
GSE91061,29033130
GSE9107,18245369
GSE91080,28337978
GSE91081,29235464
GSE9115,17981789
GSE9128,19336532
GSE91371,28615656
GSE91379,28893852
GSE9143,18252223
GSE9157,18208606
GSE9168,17993533
GSE9174,19454673
GSE918,15461792
GSE9204,18199546
GSE9205,18199546
GSE9206,18199546
GSE9211,17984176
GSE9212,19279207
GSE9213,20419146
GSE9222,18252227
GSE92249,28242755
GSE92262,28475648
GSE92287,28232602
GSE92289,30409996
GSE92292,28232602
GSE92295,28232602
GSE92308,28476045
GSE92317,27993988
GSE92328,30670627
GSE92331,27993989
GSE9234,18474670
GSE9234,19320992
GSE92340,28216144
GSE92345,28222283
GSE92352,28218627
GSE92354,28218627
GSE92356,28218627
GSE92357,28218627
GSE92391,28111276
GSE9241,17936032
GSE92415,23735746
GSE92419,28106309
GSE92439,30318337
GSE92440,29488319
GSE92444,28106309
GSE92450,30664766
GSE92451,30664766
GSE92452,30664766
GSE92494,28215825
GSE92495,28192419
GSE92496,28049151
GSE92592,28230051
GSE92623,29180726
GSE92633,30008328
GSE92634,30008328
GSE92635,30008328
GSE92640,28447618
GSE92641,29180567
GSE92661,28273093
GSE92662,28273093
GSE92680,28196884
GSE92707,28462073
GSE92709,28723565
GSE92710,28723565
GSE92711,28723565
GSE92719,30811418
GSE92740,28747644
GSE92746,29404483
GSE92748,30327348
GSE9275,18332432
GSE9276,18332432
GSE92763,34462276
GSE92764,34462276
GSE92765,34462276
GSE9277,18332432
GSE92778,29035359
GSE92852,28507805
GSE92854,28874118
GSE92860,28130500
GSE92871,28472346
GSE92884,28137280
GSE92885,28302587
GSE92893,33772001
GSE92918,28607091
GSE92918,30337542
GSE92922,27938667
GSE92926,29259249
GSE92938,28193481
GSE92968,29267318
GSE92973,28978481
GSE92977,28249905
GSE9298,18332432
GSE92986,32005248
GSE93016,29296022
GSE93017,29296022
GSE93018,29296022
GSE93034,29109123
GSE93056,28322269
GSE93079,28743869
GSE93090,28855339
GSE93092,28211508
GSE93103,28746311
GSE93126,29091993
GSE93126,30590035
GSE93134,28032673
GSE93137,29267318
GSE93169,29330205
GSE9317,18160042
GSE93173,29330205
GSE93184,28076886
GSE93190,28699889
GSE93193,28147342
GSE93196,29330205
GSE93204,28270497
GSE93243,28419088
GSE93246,30212572
GSE93247,30212572
GSE93248,30212572
GSE93291,28291392
GSE93302,29632194
GSE93311,30062672
GSE93321,28445465
GSE93372,28218758
GSE93385,28216147
GSE93395,28487543
GSE9349,18544165
GSE93505,30862719
GSE93506,28061857
GSE93510,30862719
GSE93518,28265091
GSE93533,29087293
GSE93535,29675264
GSE93543,28977666
GSE93548,28869604
GSE93566,29087293
GSE93567,29087293
GSE93580,28362325
GSE93590,28711779
GSE93593,28279351
GSE93598,29898962
GSE93599,29898962
GSE93600,29898962
GSE93602,29898962
GSE93624,28805827
GSE93629,29263300
GSE93655,28352661
GSE93657,28964717
GSE93674,29408885
GSE93711,29045899
GSE93712,29045899
GSE93719,28317875
GSE93727,29414941
GSE93735,28801231
GSE93736,28801231
GSE93737,29158441
GSE93738,28801231
GSE93739,28801231
GSE93741,28317875
GSE93749,28418038
GSE93750,28418038
GSE93751,28418038
GSE93760,30253116
GSE9377,21555702
GSE93779,28805661
GSE93780,28805661
GSE93781,28805661
GSE93789,32039538
GSE93798,28646076
GSE93801,28279351
GSE93802,28279351
GSE93803,28366642
GSE93811,28445465
GSE93818,28416284
GSE93829,28437394
GSE93847,31123029
GSE93881,30862719
GSE93916,28575289
GSE93946,28249168
GSE93975,28158851
GSE93980,28249167
GSE93982,28249167
GSE93983,31419938
GSE93988,28249167
GSE93989,28249167
GSE94004,29554113
GSE94004,30988346
GSE94013,30270106
GSE94013,33849067
GSE94027,30245844
GSE94027,32681011
GSE94060,28463231
GSE94060,32533805
GSE94061,28716713
GSE94067,30026560
GSE94070,28799781
GSE94077,28276441
GSE94081,27881051
GSE94081,29172152
GSE94098,28398475
GSE94108,28607431
GSE94111,29795225
GSE94135,28257233
GSE94135,33147458
GSE94136,28928204
GSE94137,32153537
GSE94140,29061142
GSE9423,18373683
GSE94273,28938907
GSE94274,25453034
GSE94274,28938907
GSE94274,31045574
GSE94274,34593836
GSE94297,29324782
GSE94304,28273451
GSE94330,29304333
GSE94345,28323063
GSE94349,28859336
GSE9435,18039671
GSE94366,28653111
GSE94370,28413565
GSE94370,37789352
GSE94378,28369925
GSE94396,29730990
GSE94402,29653584
GSE94415,34898002
GSE94428,29932905
GSE94429,29932905
GSE94430,29932905
GSE94431,29932905
GSE94460,29170441
GSE94461,28275008
GSE94486,29686312
GSE94505,29662071
GSE94517,28386004
GSE94528,29457796
GSE94533,29087294
GSE94543,28356390
GSE94566,29017057
GSE94578,29361088
GSE94597,28258196
GSE94602,28386004
GSE94604,28386004
GSE94608,29116249
GSE94630,29898394
GSE9465,19057703
GSE94662,30143796
GSE94679,31015297
GSE94680,31015297
GSE94681,31015297
GSE94682,28925401
GSE94682,31855178
GSE94691,30075049
GSE94699,28850249
GSE94705,28804123
GSE94710,28911331
GSE94749,28421818
GSE94749,28935638
GSE94772,29685894
GSE94795,28265091
GSE94796,28265091
GSE9481,18632618
GSE94811,30538293
GSE94820,28428369
GSE94820,30405621
GSE94837,30135430
GSE94853,29091765
GSE94897,28664171
GSE94926,28827519
GSE94927,29892061
GSE94937,28837809
GSE94941,29027900
GSE94942,29027900
GSE94944,29027900
GSE94956,29091765
GSE94961,29091765
GSE94962,29091765
GSE94969,28235773
GSE94985,28482026
GSE94987,28482026
GSE94991,30700908
GSE94999,29457796
GSE95011,29457796
GSE95013,29335468
GSE95024,32234473
GSE95024,34503222
GSE95026,29725116
GSE95028,29739946
GSE95066,30944250
GSE95066,37711550
GSE95098,28805829
GSE95102,28794184
GSE95104,26787651
GSE95109,27151745
GSE95109,28561046
GSE95109,29412457
GSE95120,29940860
GSE95134,30208973
GSE95135,30208973
GSE95136,30208973
GSE95165,31409898
GSE95189,30538293
GSE95193,30538293
GSE95195,28794184
GSE95197,28794184
GSE9520,17916801
GSE95214,29877212
GSE95222,28807940
GSE9526,18204071
GSE95275,28827520
GSE95281,28392221
GSE95288,30814537
GSE95313,28746393
GSE95318,28351917
GSE95341,28504706
GSE95345,28546545
GSE95347,28931573
GSE95351,28745585
GSE95354,29779019
GSE95361,28249716
GSE95361,29529061
GSE95370,28871148
GSE95375,28209615
GSE95386,29129908
GSE95396,29356198
GSE95412,29165587
GSE95423,29187907
GSE95428,28659437
GSE95435,30270042
GSE95446,30270042
GSE95450,30270042
GSE95459,30270042
GSE95470,28529062
GSE95473,29356198
GSE95473,30949693
GSE95481,28487409
GSE95491,29026085
GSE95511,29692408
GSE95536,29934580
GSE95565,29016997
GSE95579,29476110
GSE95583,28847947
GSE95599,28847947
GSE95600,28847947
GSE95622,28847947
GSE95627,28847947
GSE95628,28847947
GSE95648,30404791
GSE9568,18042715
GSE95682,28481224
GSE95730,28733422
GSE95736,28579394
GSE95749,28951465
GSE95750,28951465
GSE95751,28951465
GSE95770,29431743
GSE95773,28749949
GSE95783,28285017
GSE95788,30318446
GSE95816,28392221
GSE95837,28445465
GSE9584,17905992
GSE95860,28665271
GSE959,14739279
GSE9595,18282602
GSE9599,18413752
GSE9599,24739241
GSE960,14739279
GSE96045,28445465
GSE9605,15634696
GSE96093,28591582
GSE961,14739279
GSE96104,28506464
GSE96105,28506464
GSE9613,18235444
GSE962,14739279
GSE963,14739279
GSE9636,18270589
GSE964,14739279
GSE965,14739279
GSE96518,29132502
GSE96524,29129523
GSE96530,37438758
GSE96534,29666124
GSE96538,29730990
GSE96560,28515341
GSE96561,28515341
GSE96566,28515341
GSE96577,29324392
GSE96578,28397821
GSE96597,29396139
GSE96598,31662020
GSE966,14739279
GSE96607,28763796
GSE96624,30404791
GSE96625,29324392
GSE96634,29324392
GSE96635,29324392
GSE96638,29408237
GSE96642,28965766
GSE96652,28783165
GSE96672,28649985
GSE96678,28651047
GSE96684,29090078
GSE96703,29262348
GSE96713,29262348
GSE96715,29262348
GSE96719,29262348
GSE96721,28842554
GSE96734,29055049
GSE96734,33314197
GSE96743,28974560
GSE96768,28487353
GSE96769,29706549
GSE96771,29706549
GSE96772,29706549
GSE96811,29706549
GSE96815,29739946
GSE96815,29791856
GSE96830,28918900
GSE96832,28617821
GSE96844,28611763
GSE96849,28918903
GSE96870,28696309
GSE96870,37596606
GSE96879,30301579
GSE9693,19376880
GSE96933,28377514
GSE96942,28546427
GSE96949,29945882
GSE96949,33149216
GSE96952,37874309
GSE96961,29755323
GSE96961,30543522
GSE96972,28920957
GSE96990,28379442
GSE96996,28534508
GSE96998,28575669
GSE97009,29089033
GSE97037,29198913
GSE97044,35743252
GSE97048,28396406
GSE97070,29298817
GSE97080,28813672
GSE97080,30290179
GSE97081,28918900
GSE97085,28396406
GSE97096,28350298
GSE97104,29545397
GSE97143,28460090
GSE97148,28555639
GSE97163,29024986
GSE97171,29602945
GSE97174,28503769
GSE97179,28798132
GSE97179,35419551
GSE97205,29626186
GSE97214,28489570
GSE97253,29277702
GSE97261,29212799
GSE97261,29510661
GSE97269,28901330
GSE97271,28901330
GSE97272,28901330
GSE97284,28871082
GSE97287,29360169
GSE97295,29490948
GSE97296,29490948
GSE97297,29490948
GSE97309,30067966
GSE97311,30885246
GSE9732,18258921
GSE97324,28526555
GSE97355,29531064
GSE97359,28600325
GSE97363,28469078
GSE97364,29688430
GSE97365,29461643
GSE97379,28918903
GSE9738,18036227
GSE97388,28604658
GSE9739,18036227
GSE9740,18036227
GSE97402,28802272
GSE97402,39023513
GSE97405,29950724
GSE97409,30559478
GSE97423,34035282
GSE9744,18036227
GSE97469,31410392
GSE97474,35534493
GSE97475,35534493
GSE97476,35534493
GSE97478,30134177
GSE97478,37292997
GSE97478,39039043
GSE97486,29804836
GSE97486,33997809
GSE97488,28692661
GSE97494,30408466
GSE97541,29045844
GSE97560,30559478
GSE97563,33679894
GSE97583,29731168
GSE97584,29731168
GSE97585,29731168
GSE97586,29731168
GSE97587,29731168
GSE97588,29731168
GSE97594,29669940
GSE97622,28674080
GSE97642,29230965
GSE97643,29230965
GSE9765,18414000
GSE97657,30333314
GSE97661,29638227
GSE97669,29731168
GSE97672,30146161
GSE97672,34556855
GSE97679,28607484
GSE97680,28607484
GSE97681,28607484
GSE97682,28607484
GSE9771,18676811
GSE97710,28504679
GSE97750,29435166
GSE97750,30274248
GSE97751,29435166
GSE97751,30274248
GSE97766,31568691
GSE97778,29686265
GSE97791,29568956
GSE97810,35534493
GSE9782,17185464
GSE97823,30964696
GSE97824,30964696
GSE97825,30964696
GSE97826,30964696
GSE97829,30964696
GSE97832,30964696
GSE97833,30964696
GSE97834,30964696
GSE9784,18241352
GSE9784,18322534
GSE9784,24074284
GSE9784,25706625
GSE97859,29033306
GSE97898,29725373
GSE9790,18315880
GSE97905,28526333
GSE9792,19014556
GSE97924,29328911
GSE97925,29328911
GSE97926,29328911
GSE97939,28552348
GSE97948,35534493
GSE97954,28746311
GSE97965,29335486
GSE97995,28746311
GSE98010,28805822
GSE98030,28500237
GSE98051,32467755
GSE98062,28515231
GSE98078,29212954
GSE98103,28553318
GSE98104,29532865
GSE98120,29142137
GSE98121,29142137
GSE98122,29142137
GSE98123,29142137
GSE98132,28722653
GSE98149,29686265
GSE98150,29686265
GSE98151,29686265
GSE9816,18394996
GSE98177,28854172
GSE98178,28854172
GSE98194,28581502
GSE98204,31811116
GSE98228,28681838
GSE98229,28681838
GSE98230,29100359
GSE98231,28681838
GSE98235,30809231
GSE98242,29234109
GSE9825,18820685
GSE98258,29771284
GSE98278,29191809
GSE98278,34420357
GSE9829,18701503
GSE9829,25826076
GSE98295,30804514
GSE98306,30804514
GSE98309,30804514
GSE98329,28833678
GSE9833,19476540
GSE98333,28977579
GSE9834,19476540
GSE98342,28527664
GSE98342,32382723
GSE98343,30115703
GSE98380,30115703
GSE98388,28636595
GSE98411,30322406
GSE9842,18258921
GSE9843,18701503
GSE9843,21320499
GSE9843,21324318
GSE9843,25826076
GSE9845,18701503
GSE98456,29511063
GSE98457,29511063
GSE98458,29511063
GSE9848,18258921
GSE98482,28834169
GSE98485,29246973
GSE98485,33376132
GSE9849,18258921
GSE98498,29142137
GSE98501,29282201
GSE98505,28794281
GSE98523,29080089
GSE98540,28663436
GSE98540,34552595
GSE98551,28504305
GSE98552,28504305
GSE98562,28797240
GSE98562,37162982
GSE98562,38605641
GSE98572,29169319
GSE98572,30275963
GSE98572,36547648
GSE98587,28627474
GSE98588,29713087
GSE98610,29087317
GSE9862,18431496
GSE98628,28886341
GSE98638,28622514
GSE98646,32585597
GSE98648,32585597
GSE98708,31585941
GSE98731,30318339
GSE9874,18506362
GSE98771,28746311
GSE98779,30309899
GSE9878,18176567
GSE98808,28614298
GSE98809,28614298
GSE98816,29443965
GSE98816,30129931
GSE98832,29474379
GSE98833,29474379
GSE9885,18953566
GSE98877,29378633
GSE98878,29487324
GSE98878,31442074
GSE98879,29487324
GSE98879,31442074
GSE98881,29487324
GSE98881,31442074
GSE98882,29487324
GSE98882,31442074
GSE98883,29487324
GSE98883,31442074
GSE98888,28934490
GSE98890,29122925
GSE9890,18698038
GSE9891,18698038
GSE98940,29294109
GSE98965,29439024
GSE9899,18698038
GSE98998,29670091
GSE99004,28819201
GSE99014,28819201
GSE99016,28819201
GSE99056,34670213
GSE99058,29443965
GSE99058,30129931
GSE99059,28973446
GSE99059,29298432
GSE99068,28683285
GSE99070,29618661
GSE99071,28708826
GSE99076,28661483
GSE99084,35230973
GSE99095,29030335
GSE99095,30545929
GSE99095,33168060
GSE99118,28846746
GSE99119,30295850
GSE99132,29670091
GSE99160,27998933
GSE99180,29029402
GSE99204,29078349
GSE99207,28575289
GSE99210,29511234
GSE99213,29670091
GSE99215,29290627
GSE9922,18245445
GSE99235,29443965
GSE99235,30129931
GSE99247,29634432
GSE99254,29942094
GSE99275,28757253
GSE99279,29373746
GSE99284,28757253
GSE9930,19234305
GSE99301,28666119
GSE9931,19234305
GSE99310,28757253
GSE99311,28757253
GSE9932,19234305
GSE9933,19234305
GSE99333,29769727
GSE99335,29180567
GSE9934,19234305
GSE99344,28973446
GSE99344,29298432
GSE99355,29112706
GSE99367,30152752
GSE99385,28736425
GSE99389,28542576
GSE99390,29414941
GSE99391,29414941
GSE99412,28768181
GSE9944,18613964
GSE99457,28686870
GSE9946,18802101
GSE99467,29593283
GSE99475,28923959
GSE9952,18400754
GSE99539,30833784
GSE99540,30833784
GSE99541,30833784
GSE99542,30833784
GSE99544,30833784
GSE99562,28889080
GSE99563,28744267
GSE99588,29396184
GSE99593,28718507
GSE99600,30949693
GSE99600,30949699
GSE99609,29296902
GSE99614,30242258
GSE99617,30384911
GSE99619,29334995
GSE9963,18613964
GSE99632,29180415
GSE99673,29474379
GSE99679,28708456
GSE99687,28675158
GSE99702,33203843
GSE99702,33318485
GSE99724,30242258
GSE99748,31911274
GSE99759,28805801
GSE99807,28775168
GSE99813,29296789
GSE99815,28686870
GSE99869,30206180
GSE99887,29170386
GSE99890,28833283
GSE99924,29220657
GSE99943,29302027
GSE99946,29302027
GSE99950,29302027
